,	2891
the	1419
.	947
and	862
of	799
a	787
to	687
"	549
in	411
i	375
his	360
that	347
he	322
;	309
you	289
it	257
her	242
was	233
for	233
with	225
as	221
at	218
had	207
is	194
—	192
she	182
have	177
but	159
not	157
said	155
be	147
him	134
'	131
|'s|	128
by	127
so	125
who	121
your	118
my	117
*'	116
coulter	114
on	113
an	113
this	112
which	110
they	109
one	107
me	106
lord	101
all	101
morland	99
then	98
from	93
are	93
:	93
."	91
or	85
we	84
their	82
upon	81
lordship	80
them	78
would	76
now	73
cried	72
out	69
were	66
no	66
marquis	65
man	65
if	65
|arabic1digit|	62
into	59
what	57
there	57
more	56
do	56
will	54
sir	53
must	53
when	52
other	52
about	50
time	49
such	49
only	49
could	48
!	48
petitoe	47
?"	47
'*	47
than	46
most	46
just	46
before	46
after	46
himself	45
any	45
am	45
never	44
know	44
''	44
own	43
much	43
may	43
young	42
say	42
should	41
gentleman	41
without	39
though	39
well	38
some	38
shall	38
long	38
has	38
been	38
too	37
little	37
!"	37
our	36
lady	36
town	35
leander	35
hyppolita	35
up	34
therefore	34
miss	33
however	33
being	33
?	33
half	32
great	32
answered	32
**	32
(	32
thought	31
indeed	31
house	31
having	31
day	31
again	31
see	30
made	30
gentlemen	30
down	30
very	29
two	29
poor	29
how	29
good	29
street	28
mrs	28
might	28
make	28
enough	28
catson	28
weeks	27
these	27
six	27
same	27
quite	27
here	27
found	27
fool	27
every	27
|romannumeral|	26
its	26
)	26
while	25
whether	25
think	25
room	25
can	25
us	24
till	24
life	24
did	24
both	24
whole	23
replied	23
old	23
moment	23
even	23
another	22
yet	21
wife	21
tis	21
shop	21
poet	21
ladies	21
girl	21
each	21
take	20
length	20
least	20
last	20
idiot	20
hour	20
honour	20
come	20
chariot	20
bellair	20
through	19
still	19
returned	19
nothing	19
like	19
head	19
craggles	19
certain	19
because	19
also	19
already	19
way	18
those	18
people	18
off	18
nature	18
left	18
herself	18
give	18
ever	18
asked	18
world	17
waiter	17
three	17
tell	17
round	17
read	17
opinion	17
oh	17
often	17
leave	17
hand	17
exclaimed	17
called	17
back	17
where	16
thousand	16
thing	16
short	16
seen	16
once	16
new	16
morning	16
men	16
entered	16
don't	16
dear	16
whose	15
took	15
thomas	15
themselves	15
stranger	15
since	15
put	15
over	15
madam	15
let	15
go	15
friend	15
find	15
face	15
eyes	15
either	15
captain	15
came	15
between	15
almost	15
accordingly	15
*	15
|arabic2digit|	14
word	14
towards	14
subject	14
soon	14
saw	14
sat	14
perhaps	14
nor	14
night	14
niece	14
longs	14
friends	14
first	14
dress	14
cannot	14
wish	13
whom	13
valence	13
together	13
place	13
person	13
party	13
part	13
opera	13
next	13
meet	13
heart	13
hands	13
got	13
full	13
far	13
door	13
book	13
better	13
best	13
.''	13
'^	13
suppose	12
set	12
ran	12
matter	12
heard	12
gig	12
get	12
four	12
five	12
conversation	12
coach	12
character	12
began	12
beg	12
arrow	12
against	12
words	11
woman	11
went	11
vol	11
veneric	11
style	11
sort	11
small	11
probably	11
present	11
pardon	11
o'clock	11
manner	11
lunnun	11
happy	11
given	11
fair	11
fact	11
chapter	11
certainly	11
adon	11
above	11
|arabic3digit|	10
why	10
under	10
satisfaction	10
pounds	10
ought	10
myself	10
minutes	10
mind	10
milton	10
merely	10
many	10
love	10
less	10
knew	10
javelin	10
gave	10
few	10
family	10
end	10
doubt	10
done	10
does	10
country	10
bow	10
bond	10
b	10
address	10
worth	9
turned	9
try	9
thus	9
ten	9
taste	9
table	9
several	9
seeing	9
rather	9
order	9
natural	9
money	9
mistress	9
looked	9
london	9
knows	9
instantly	9
heat	9
fellow	9
entrance	9
during	9
delight	9
change	9
can't	9
call	9
box	9
beyond	9
arrived	9
«'	8
year	8
women	8
wanted	8
visit	8
turn	8
told	8
sweet	8
sufficient	8
story	8
soul	8
side	8
shot	8
sent	8
seemed	8
readers	8
reader	8
purpose	8
pray	8
pay	8
others	8
occasion	8
observed	8
neither	8
name	8
mr	8
milliner	8
look	8
laughing	8
kind	8
instead	8
hotel	8
high	8
hear	8
hat	8
happened	8
folly	8
felt	8
feel	8
father	8
dinner	8
death	8
company	8
business	8
besides	8
behind	8
beautiful	8
bad	8
aye	8
attention	8
actually	8
acquainted	8
?'*	8
wit	7
weapons	7
water	7
waited	7
usual	7
twenty	7
turning	7
talk	7
taking	7
taken	7
sure	7
suddenly	7
sudden	7
stood	7
stockings	7
star	7
send	7
sake	7
retired	7
respectable	7
resolved	7
proceeded	7
pretty	7
possible	7
pleasure	7
pit	7
parlour	7
paris	7
opportunity	7
open	7
number	7
nay	7
meeting	7
marry	7
lost	7
longer	7
lips	7
lay	7
itself	7
human	7
home	7
hey	7
h	7
going	7
girls	7
further	7
fire	7
finding	7
favour	7
fashionable	7
evening	7
elegant	7
dozen	7
died	7
considered	7
consequence	7
confess	7
coffee	7
coachman	7
charge	7
borrowed	7
begged	7
ay	7
away	7
aunt	7
assured	7
afterwards	7
^'	7
years	6
written	6
write	6
whisper	6
weapon	6
waiting	6
use	6
unless	6
uncle	6
tomorrow	6
third	6
sofa	6
silk	6
seconds	6
seated	6
seat	6
scene	6
saying	6
regard	6
recollect	6
received	6
question	6
prove	6
prodigious	6
prevent	6
poetry	6
pity	6
perfect	6
paper	6
pair	6
object	6
note	6
necessary	6
mother	6
mere	6
leaving	6
instance	6
horse	6
hope	6
heaven	6
hearing	6
grave	6
gone	6
genius	6
forward	6
former	6
form	6
fixed	6
fifty	6
farther	6
eye	6
earth	6
dying	6
duel	6
doctor	6
description	6
degree	6
cut	6
crow	6
continued	6
coat	6
chemistry	6
case	6
brought	6
boxes	6
black	6
believe	6
become	6
ask	6
appeared	6
among	6
always	6
along	6
acquaintance	6
*«	6
!'*	6
•*	5
yes	5
work	5
whispered	5
voice	5
truly	5
true	5
tongue	5
titchfield	5
things	5
syllable	5
supposed	5
streets	5
strange	5
stopped	5
state	5
spoke	5
speech	5
speak	5
soup	5
silence	5
signal	5
shown	5
sentence	5
seems	5
says	5
run	5
rising	5
right	5
return	5
retorted	5
rest	5
real	5
public	5
proved	5
proof	5
prime	5
presume	5
precisely	5
please	5
persons	5
opposite	5
opened	5
offer	5
northumberland	5
nobody	5
names	5
mutual	5
met	5
mental	5
mean	5
master	5
making	5
looking	5
led	5
laying	5
judgement	5
interrupted	5
instant	5
inquired	5
information	5
inform	5
ignorance	5
ice	5
hunt	5
hundred	5
hold	5
history	5
highly	5
held	5
hair	5
guinea	5
ground	5
glory	5
glass	5
fresh	5
french	5
forty	5
fashion	5
false	5
faces	5
experiment	5
expect	5
except	5
excellent	5
evidently	5
enter	5
england	5
eight	5
effect	5
driving	5
dresses	5
dorothy	5
difference	5
determined	5
describe	5
demanded	5
days	5
custom	5
curricle	5
curiosity	5
conductor	5
companions	5
combatants	5
cold	5
circumstances	5
choose	5
ceremony	5
broken	5
broad	5
brain	5
bowed	5
boots	5
body	5
attentions	5
athens	5
appear	5
antagonist	5
air	5
ago	5
afford	5
affair	5
accomplished	5
?*'	5
?''	5
«	4
yourself	4
wonderful	4
wonder	4
won't	4
wished	4
white	4
whatever	4
welcome	4
week	4
wearing	4
want	4
vehicle	4
various	4
utterly	4
twice	4
tutor	4
travelled	4
tobacco	4
thoughts	4
thither	4
talking	4
t	4
surprise	4
sufficiently	4
stepped	4
starting	4
stare	4
stand	4
spread	4
spirit	4
spectators	4
something	4
society	4
smoke	4
singular	4
simplicity	4
silly	4
show	4
shops	4
serious	4
sense	4
seem	4
secret	4
saturday	4
s	4
rule	4
ruin	4
rival	4
rich	4
resumed	4
render	4
remaining	4
recovering	4
reason	4
purchase	4
property	4
promised	4
private	4
princess	4
price	4
prepared	4
praise	4
portion	4
polita	4
point	4
personages	4
passing	4
pass	4
none	4
naturally	4
mouth	4
modesty	4
mistake	4
miles	4
middle	4
memory	4
means	4
married	4
lunnuners	4
loss	4
lives	4
live	4
light	4
letter	4
laws	4
knowing	4
knocked	4
keep	4
inwardly	4
introduction	4
introduce	4
interesting	4
insulted	4
insult	4
informed	4
infinite	4
individual	4
ideas	4
hyp	4
humour	4
hours	4
honest	4
hit	4
hard	4
happen	4
ha	4
grecian	4
general	4
game	4
fruiterer	4
fortnight	4
fools	4
folks	4
fit	4
fine	4
female	4
favourite	4
fat	4
fast	4
f	4
extreme	4
expression	4
excuse	4
empty	4
else	4
eighty	4
echoed	4
easy	4
easily	4
drove	4
drop	4
drive	4
draw	4
divine	4
discovered	4
dinners	4
difficulty	4
die	4
devil	4
delicate	4
decide	4
deal	4
dead	4
creature	4
crackins	4
course	4
cook	4
consider	4
confessed	4
con	4
common	4
coming	4
claret	4
charming	4
challenge	4
care	4
calling	4
buy	4
bring	4
boy	4
bloods	4
beside	4
beheld	4
beaux	4
beauty	4
authority	4
author	4
aught	4
arm	4
appears	4
appearance	4
apologised	4
anything	4
angry	4
amazement	4
afforded	4
affected	4
advantage	4
addressed	4
account	4
accompanied	4
absolutely	4
.'	4
),	4
•'	3
«*	3
yesterday	3
yellow	3
yards	3
wouldn't	3
whistling	3
wealth	3
warrant	3
warm	3
walked	3
waistcoat	3
volume	3
venus	3
ventured	3
vacant	3
uttered	3
utter	3
usually	3
upstairs	3
undoubtedly	3
unalterable	3
trying	3
truth	3
travels	3
traveller	3
touch	3
tossed	3
tolerable	3
titter	3
times	3
tie	3
tickets	3
threw	3
thirty	3
thinks	3
telling	3
teeth	3
tears	3
talked	3
takes	3
surpassed	3
superior	3
suitors	3
suffered	3
suffer	3
sublime	3
strand	3
station	3
stairs	3
stage	3
sport	3
spend	3
smile	3
situation	3
sight	3
shoulders	3
shoulder	3
share	3
shame	3
shake	3
services	3
sentiment	3
sending	3
second	3
scruple	3
scott	3
scandal	3
satire	3
rushed	3
rural	3
rogue	3
risk	3
rib	3
respecting	3
repeat	3
reminds	3
remember	3
remained	3
reaching	3
reached	3
ray	3
rank	3
rage	3
quitted	3
quarrelling	3
qualifications	3
punch	3
published	3
protection	3
protect	3
pronounced	3
promise	3
process	3
proceeding	3
principals	3
principal	3
previous	3
pretend	3
preserving	3
preferred	3
possessed	3
position	3
poisoned	3
pocket	3
plot	3
places	3
placed	3
pipe	3
piece	3
phosphorus	3
personal	3
personage	3
permit	3
performed	3
perfectly	3
perfection	3
penny	3
pencil	3
pen	3
past	3
passion	3
passed	3
parties	3
particular	3
paradise	3
otherwise	3
opening	3
offered	3
odd	3
obliged	3
objection	3
o	3
notorious	3
nose	3
nobleman	3
newspapers	3
newspaper	3
nevy	3
necessity	3
near	3
naso	3
mode	3
minor	3
mentioned	3
measure	3
meanwhile	3
meantime	3
meaning	3
mankind	3
manage	3
mad	3
low	3
lovely	3
living	3
lived	3
lita	3
lesson	3
learned	3
lead	3
laughter	3
laugh	3
latter	3
lately	3
language	3
laid	3
known	3
knowledge	3
kissed	3
kept	3
join	3
j	3
invitation	3
intrigue	3
interview	3
interest	3
innocent	3
impossible	3
important	3
idiotism	3
i'm	3
i'll	3
hyppo	3
hunting	3
humphrey	3
hopes	3
honourable	3
honesty	3
hitherto	3
heroes	3
hero	3
help	3
heavens	3
hearty	3
hearts	3
hastened	3
has'nt	3
hardly	3
happily	3
happening	3
hall	3
halfpence	3
hackney	3
guineas	3
grey	3
green	3
greatest	3
greater	3
gravity	3
gratitude	3
grateful	3
gracious	3
graces	3
goodness	3
good-natured	3
goes	3
glenarvon	3
generally	3
future	3
funeral	3
frequent	3
freedom	3
free	3
francis	3
fourth	3
forth	3
forehead	3
foot	3
floor	3
flew	3
fingers	3
fight	3
fell	3
feelings	3
fancy	3
familiar	3
fall	3
express	3
exchanged	3
excessively	3
excepted	3
evident	3
evidence	3
everything	3
event	3
espied	3
escape	3
entirely	3
entering	3
english	3
enable	3
employed	3
effort	3
eat	3
ear	3
dropped	3
drew	3
dressed	3
drawn	3
drawing-room	3
dr	3
doing	3
dog	3
dispute	3
direction	3
dine	3
dignity	3
despair	3
desired	3
desire	3
descend	3
depraved	3
degrees	3
decline	3
darwin	3
darling	3
dare	3
daily	3
d	3
customs	3
crown	3
court	3
couple	3
counter	3
coulters	3
cotton	3
convinced	3
contrary	3
content	3
consult	3
constitution	3
consequently	3
consent	3
confidential	3
conducted	3
concluded	3
conceal	3
composition	3
composed	3
companion	3
commit	3
commenced	3
command	3
coloured	3
close	3
clear	3
civil	3
choice	3
changed	3
chance	3
chair	3
ceased	3
caught	3
cards	3
butler	3
bred	3
breathless	3
breath	3
borrow	3
born	3
bolt	3
bodies	3
boasted	3
blue	3
bless	3
bis	3
bent	3
begin	3
barnaby	3
awful	3
avenue	3
attracted	3
attempt	3
attain	3
assure	3
assiduity	3
asserting	3
assert	3
aside	3
art	3
arrival	3
approaching	3
appointed	3
appeal	3
apology	3
anxious	3
anxiety	3
ant	3
an't	3
amongst	3
amiable	3
ambition	3
alone	3
allow	3
agreeable	3
age	3
admitted	3
admiration	3
adjust	3
actual	3
act	3
across	3
accurate	3
accompanying	3
accepted	3
accept	3
able	3
^^	3
^*	3
^	3
'•	3
!*'	3
•"	2
zooks	2
youths	2
younger	2
wrote	2
writing	2
writers	2
worst	2
wonders	2
wondering	2
wives	2
wittiest	2
within	2
wink	2
window	2
wind	2
whistled	2
whereas	2
wheeler	2
west	2
wench	2
weather	2
wealthy	2
weak	2
waterloo	2
watch	2
warned	2
wanting	2
walks	2
walk	2
volubility	2
volley	2
virtue	2
violent	2
violence	2
victim	2
vessel	2
vain	2
unworthy	2
unusual	2
unsophisticated	2
unmeaning	2
unlimited	2
unintelligible	2
understands	2
understanding	2
unacquainted	2
twas	2
trust	2
trouble	2
troop	2
trigger	2
trifling	2
trees	2
treated	2
transatlantic	2
transaction	2
trade	2
toy	2
touching	2
torturing	2
toilet	2
tm	2
titles	2
tisa	2
tiie	2
ticket	2
thrown	2
thinking	2
thank	2
th	2
terms	2
term	2
ter	2
taught	2
task	2
symptoms	2
swift	2
surprised	2
support	2
supper	2
superiority	2
sundry	2
sunbeams	2
suited	2
success	2
succeed	2
subsequent	2
subjects	2
stuff	2
striding	2
stream	2
stories	2
stop	2
stone	2
stole	2
steps	2
step	2
stays	2
stay	2
stating	2
started	2
staring	2
stared	2
squeezed	2
sprang	2
spots	2
special	2
sorry	2
song	2
son	2
somewhat	2
sometimes	2
solicitations	2
snatched	2
smell	2
smallest	2
smaller	2
sly	2
slowly	2
slipped	2
slept	2
slaughter	2
slap	2
sky	2
sixth	2
sixteen	2
sitting	2
sits	2
sit	2
sister	2
sins	2
singing	2
sincere	2
simple	2
similar	2
signora	2
signals	2
sign	2
shrug	2
showed	2
shortly	2
shooting	2
shoot	2
shocked	2
shaking	2
shaded	2
shade	2
setting	2
service	2
served	2
sermon	2
sergeant	2
sentiments	2
sentimental	2
senses	2
self	2
seizing	2
sees	2
seeming	2
secondhand	2
season	2
scourge	2
scoundrel	2
schemes	2
scenes	2
scarcely	2
save	2
sallow	2
sadly	2
ruddy	2
rows	2
roundabout	2
rose	2
ridden	2
returning	2
result	2
restrain	2
respective	2
repeated	2
repairing	2
remarked	2
relation	2
related	2
regimentals	2
refused	2
refuse	2
recreation	2
record	2
recognised	2
recited	2
receive	2
ready	2
reads	2
reading	2
re	2
rate	2
rapidly	2
raising	2
raised	2
raillery	2
rabbit	2
r	2
quizzing	2
quick	2
questions	2
questioned	2
quarrelled	2
qualities	2
putting	2
purchasing	2
pulling	2
publishing	2
proves	2
proud	2
protested	2
proposed	2
proportion	2
project	2
profound	2
produce	2
procuress	2
procured	2
procure	2
print	2
principles	2
prince	2
pressed	2
presents	2
presently	2
prepare	2
prefers	2
precise	2
practised	2
power	2
post	2
possibly	2
possession	2
possesses	2
possess	2
portrait	2
porter	2
poring	2
pope	2
politics	2
polite	2
poison	2
pointing	2
poignant	2
poets	2
poem	2
pockets	2
pleased	2
plan	2
plain	2
pistols	2
pique	2
pipes	2
picture	2
phrases	2
philosophy	2
petrified	2
permission	2
period	2
perform	2
perceived	2
perceive	2
per	2
peering	2
peaches	2
peace	2
patroness	2
patagonian	2
passages	2
passage	2
particulars	2
parsimony	2
parallel	2
palace	2
pairs	2
painter	2
paid	2
paces	2
oyster	2
overcome	2
outside	2
original	2
oratory	2
opinions	2
ones	2
oiled	2
oi	2
officers	2
officer	2
offers	2
offensive	2
offence	2
occurrence	2
occurred	2
occupied	2
occasions	2
obliging	2
oblige	2
obey	2
oaths	2
numerous	2
novelty	2
notwithstanding	2
notoriety	2
nobility	2
nnade	2
nieces	2
ness	2
neighbourhood	2
neckcloth	2
nearest	2
nation	2
narrow	2
mysterious	2
muscle	2
murderer	2
murder	2
multitude	2
motion	2
mothers	2
months	2
month	2
modestly	2
model	2
mix	2
mischief	2
minute	2
metals	2
marriage	2
mark	2
manners	2
manly	2
maker	2
main	2
maiden	2
magnified	2
ma'am	2
m	2
lute	2
loud	2
losing	2
lordships	2
lords	2
lono	2
lonc/s	2
lodging	2
likely	2
level	2
letters	2
lest	2
legs	2
legal	2
leaves	2
learn	2
leaning	2
laughed	2
late	2
knock	2
knight	2
kindness	2
key	2
keeping	2
keepers	2
k	2
justice	2
jumped	2
judge	2
joy	2
journey	2
jockey	2
jewels	2
jenner	2
italy	2
irony	2
inventing	2
introduced	2
interval	2
intended	2
intelligence	2
intellects	2
intellect	2
instruction	2
insolence	2
inquiries	2
ingenuity	2
infernal	2
infamous	2
indulged	2
induced	2
induce	2
indignation	2
inch	2
inanity	2
implicated	2
immoderately	2
immediately	2
imitate	2
imagine	2
imagination	2
ill	2
ignorant	2
idea	2
husband	2
hurried	2
humble	2
humane	2
houses	2
hottentot	2
hostilities	2
hospitable	2
hoped	2
honours	2
height	2
heavy	2
heaved	2
heartily	2
health	2
heads	2
handsome	2
halfpenny	2
hacknied	2
guess	2
guard	2
grown	2
grow	2
group	2
greatly	2
gratifying	2
grasped	2
grand	2
goods	2
goodbye	2
gold	2
glad	2
gives	2
gigantic	2
ghastliness	2
getting	2
gentle	2
gazed	2
gay	2
gathered	2
gaming	2
gallop	2
g	2
fully	2
fruit	2
front	2
frightened	2
friendly	2
freely	2
france	2
frail	2
fracas	2
fought	2
fortune	2
fortunately	2
forgot	2
forget	2
foresaw	2
forbear	2
fop	2
follows	2
following	2
followed	2
follow	2
flattery	2
flags	2
fishmongers	2
finished	2
figures	2
fifth	2
fictitious	2
features	2
fear	2
fame	2
fallen	2
fairly	2
failed	2
extremely	2
extraordinary	2
extent	2
expressing	2
expressed	2
expended	2
expected	2
existence	2
execution	2
exclude	2
exclaiming	2
excessive	2
excel	2
exceed	2
example	2
ex	2
etiquette	2
esq	2
escaped	2
equipages	2
entertain	2
enormous	2
enjoying	2
enemies	2
endowed	2
endeavours	2
endeavouring	2
endeavour	2
encouraged	2
eminent	2
em	2
elements	2
elegance	2
eg	2
efforts	2
edging	2
east	2
ease	2
early	2
e	2
dusty	2
dropping	2
driven	2
driveller	2
drink	2
drawled	2
drawing	2
doubtful	2
dont	2
divinity	2
distress	2
distinguished	2
distance	2
dissuaded	2
dissertation	2
disputing	2
dispersed	2
dish	2
disgust	2
discretion	2
discoveries	2
discover	2
discharge	2
disappearance	2
dipping	2
dickens	2
dice	2
di	2
detail	2
despite	2
deserted	2
descriptions	2
describing	2
departure	2
demonstration	2
delighted	2
delicious	2
deficient	2
defiance	2
defer	2
dedication	2
decided	2
deceive	2
deaf	2
daughter	2
darkness	2
damages	2
curse	2
curiosities	2
culinary	2
cudgel	2
cruel	2
countenanced	2
corner	2
cordials	2
cordiality	2
conversations	2
convenient	2
contrived	2
contrast	2
contradiction	2
contempt	2
contains	2
consistency	2
considering	2
consideration	2
considerable	2
confusion	2
confound	2
conduct	2
condition	2
condescend	2
concerned	2
conceived	2
comprehended	2
complacent	2
common-sense	2
comments	2
commence	2
comes	2
collected	2
club	2
clergyman	2
children	2
child	2
cherished	2
chat	2
charity	2
characters	2
characteristics	2
changes	2
challenged	2
chaises	2
chaise	2
celebrated	2
cause	2
cauliflower	2
cast	2
carried	2
carriages	2
carpet	2
cares	2
card	2
capacity	2
burst	2
bullet	2
bucks	2
broader	2
british	2
britain	2
bringing	2
breeches	2
breakfast	2
brains	2
bowing	2
bound	2
bottom	2
bosom	2
borrows	2
bore	2
bonnets	2
bit	2
birth	2
big	2
bet	2
below	2
bell	2
bees	2
bedchamber	2
bed	2
becomes	2
beau	2
base	2
band	2
bade	2
aware	2
attendants	2
attempted	2
attained	2
attachment	2
astonished	2
assisted	2
assiduous	2
assented	2
assassins	2
ashamed	2
ascertained	2
ascend	2
arranged	2
arms	2
argument	2
appointment	2
appetite	2
apologies	2
apollo	2
anybody	2
anticipate	2
antagonists	2
answer	2
announced	2
ankles	2
angels	2
anatomy	2
analyse	2
amusement	2
altogether	2
alley	2
alighted	2
ail	2
ah	2
agreed	2
agitated	2
affinity	2
affectionate	2
advantages	2
advancing	2
advanced	2
adopt	2
ado	2
admit	2
admiring	2
adjacent	2
added	2
add	2
actor	2
acquired	2
accounts	2
accosted	2
accord	2
accents	2
abuse	2
<«	2
--	2
-	2
*^	2
'"	2
▲t	1
■	1
•he	1
•*-"	1
«•	1
««	1
£	1
|arabic5+digit|	1
|arabic4digit|	1
{	1
yourselves	1
youngsters	1
youf	1
you*ll	1
you'll	1
yot	1
yonder	1
yon	1
ye	1
ycry	1
yard	1
writings	1
writes	1
writer	1
wrinkled	1
wretches	1
wretched	1
wretch	1
wrested	1
wrens	1
wrenched	1
wrath	1
wound	1
worships	1
worse	1
worried	1
worn	1
worlds	1
works	1
wore	1
woody	1
woods	1
wondrous	1
won	1
womauj	1
womanly	1
woeful	1
wiuk	1
witnessed	1
withholds	1
withhold	1
wishing	1
wishes	1
wise	1
wisdom	1
wiping	1
winking	1
winked	1
wine	1
wilh	1
wild	1
wiieeler	1
wigified	1
wide	1
whooped	1
whither	1
whitened	1
whistles	1
whist	1
whiskers	1
whisker	1
whip	1
whimsies	1
whims	1
whim	1
whilst	1
whew	1
whereupon	1
wherein	1
whenever	1
westminster	1
wes	1
welcomed	1
weill	1
weight	1
weigh	1
weet	1
weeping	1
weekly	1
wedged	1
wears	1
weakness	1
ways	1
waved	1
waters	1
watchings	1
watching	1
wash	1
wasdechned	1
warred	1
warranted	1
wards	1
ward	1
warbling	1
wantonly	1
wandered	1
walker	1
waistcoats	1
waist	1
w^s	1
w^iom	1
w	1
vvanted	1
vulgar	1
vroodsj	1
vow	1
vote	1
votaries	1
voluptuous	1
volunteered	1
voluntary	1
volumes	1
voltaire	1
voices	1
vociferations	1
vocation	1
vm	1
vjl	1
vizer	1
vivacity	1
vital	1
visits	1
visitors	1
visiting	1
visited	1
vision	1
visible	1
vise	1
virus	1
virgin	1
vindicate	1
villainous	1
village	1
vile	1
vil	1
vice	1
viands	1
vial	1
vexed	1
vested	1
verses	1
vernal	1
vermin	1
vermilion	1
verdicts	1
verdeur	1
veracity	1
venture	1
venerable	1
vein	1
vcrj	1
vapid	1
vanity	1
valued	1
valuable	1
valet	1
vaccination	1
va	1
ushered	1
useless	1
useful	1
until	1
unsuccess	1
unqualified	1
unpor	1
unpoliteness	1
unplucked	1
unmeaningness	1
unmanly	1
unlucky	1
unlike	1
universality	1
universal	1
united	1
unique	1
unheard	1
unhappily	1
ungentlemanly	1
ungallant	1
unfortunately	1
unfold	1
unfeigned	1
unexpectedly	1
unexpected	1
uneasiness	1
unearthed	1
undoubted	1
undiminished	1
undertakers	1
undefinable	1
uncouth	1
unconsciousness	1
unconquerable	1
uncompromising	1
uncles	1
unclassified	1
unbridled	1
unbosoming	1
unavailing	1
unalterability	1
unaccountable	1
unable	1
ulter	1
ua	1
tyre	1
types	1
twould	1
twisting	1
twere	1
twelve	1
tutored	1
turtle	1
turf	1
turbot	1
turban	1
tuns	1
tuneful	1
tumbling	1
tumbled	1
trusts	1
trundling	1
troy	1
troughs	1
tropes	1
trodden	1
triumphant	1
tripping	1
tripped	1
trip	1
trimmed	1
tried	1
tribes	1
tribe	1
trial	1
trepidation	1
tremendous	1
tree	1
travellers	1
transport	1
transit	1
transfixed	1
transferring	1
tranquil	1
traits	1
traducing	1
traduced	1
tracts	1
tracted	1
touched	1
total	1
tossing	1
tormentress	1
torment	1
tore	1
tor	1
topic	1
toothpick	1
tonne	1
tong	1
tone	1
toilets	1
toe	1
today	1
tnyconversalions	1
tni	1
tnemory	1
titoe	1
title	1
tired	1
tip	1
tioned	1
tioa«	1
tinued	1
tints	1
tins	1
tinned	1
tinged	1
tin	1
tiger	1
tied	1
tickled	1
tickefts	1
thy	1
thwart	1
thursday	1
thunderstruck	1
thumbs	1
ths	1
throw	1
throughout	1
thronged	1
throbs	1
thrilling	1
threat	1
thread	1
thousands	1
thou	1
thost	1
thofie	1
thisv	1
thinly	1
thickly	1
they'll	1
thevenusdemedicis	1
therefrom	1
theological	1
thenij	1
thence	1
theifi	1
thebes	1
theatric	1
theatres	1
theatre	1
thanks	1
thanking	1
thanked	1
thames	1
thai	1
terror	1
terminate	1
tenfold	1
tenderness	1
tend	1
tempered	1
temper	1
teemed	1
tea	1
tbii	1
taxed	1
taxation	1
tax	1
tawdriness	1
tatoe	1
tastings	1
tastes	1
tasted	1
tassel	1
tar	1
tapped	1
tandem	1
tan	1
tampered	1
tall	1
talent	1
tale	1
tailors	1
tailor	1
tables	1
ta	1
system	1
synonymes	1
symmetry	1
sycamore	1
sworn	1
switch	1
swindle	1
sweets	1
swarmed	1
swarm	1
swallowing	1
swaggering	1
suspicions	1
suspense	1
suspects	1
suspected	1
suspect	1
susceptible	1
surviving	1
survey	1
surrounded	1
surprising	1
surpass	1
surgeons	1
sural	1
suppress	1
supply	1
supped	1
superfluity	1
superannuated	1
sunshine	1
sumnium	1
summoned	1
summer	1
sum	1
sultry	1
suitable	1
suggested	1
sugared	1
sufter	1
suflferings	1
sufficed	1
suffice	1
sucked	1
succeeding	1
succeeded	1
substituted	1
substantives	1
substances	1
substance	1
subside	1
sublimity	1
stupor	1
stunned	1
stung	1
studied	1
stuck	1
strung	1
struggling	1
struggled	1
stronger	1
stroke	1
strings	1
string	1
striking	1
strike	1
strides	1
strict	1
stretching	1
strenuously	1
strength	1
strangers	1
strait	1
strain	1
storm	1
store	1
stops	1
stopping	1
stooping	1
stolen	1
stipulates	1
stipulate	1
stilt	1
stiick	1
stewed	1
stentorian	1
steers	1
steel	1
steed	1
steady	1
statue	1
stationed	1
statement	1
stated	1
stars	1
stark	1
standing	1
stamped	1
stamp	1
stake	1
sreat	1
squirrel	1
squealing	1
squeaked	1
squallers	1
sprung	1
springtime	1
spot	1
spokesman	1
spokeji	1
spoiling	1
spoiled	1
spoil	1
splinter	1
splendid	1
spite	1
spirited	1
spent	1
spendthrifts	1
spencer	1
spelled	1
speeds	1
speeches	1
specimen	1
specify	1
specific	1
spear	1
spattered	1
sparkle	1
spark	1
spare	1
spanking	1
spanish	1
spacious	1
sovereign	1
soundest	1
sought	1
sorrow	1
soothed	1
somewhere	1
solution	1
soliloquy	1
soliciting	1
solemnity	1
sole	1
soils	1
soil	1
softness	1
softly	1
soft	1
sofamiharly	1
socket	1
snore	1
sniilers	1
sneaker	1
sncli	1
snake	1
smollet	1
smoking	1
smoked	1
smiling	1
smacking	1
sm	1
slunk	1
slumbers	1
slowness	1
sloping	1
slip	1
slighted	1
slie	1
slender	1
slang	1
slander	1
skirts	1
skips	1
skill	1
sketch	1
sized	1
sixty	1
sixtieth	1
sisterhood	1
sip	1
singly	1
single	1
sing	1
similiarity	1
similes	1
simile	1
silks	1
silent	1
silenced	1
sights	1
sighed	1
sigh	1
sift	1
sidelong	1
sickness	1
sich	1
sible	1
shuffled	1
shuddering	1
shrink	1
shrieking	1
shouting	1
shouted	1
shout	1
shortness	1
shortening	1
shore	1
shopping	1
shook	1
shoes	1
sho	1
shirt	1
ships	1
ship	1
sheridan	1
sheer	1
shawl	1
sharper	1
shape	1
shamming	1
shamefully	1
shameful	1
shamed	1
shakespeare	1
shadow	1
shabby	1
severity	1
severe	1
severally	1
seventeen	1
sets	1
servant	1
serpent	1
seriously	1
series	1
separation	1
separated	1
sently	1
sensibility	1
sensfi	1
sensation	1
semptress	1
semicircle	1
selves	1
sells	1
sell	1
selected	1
seldom	1
seek	1
sediment	1
sedge	1
secure	1
secrets	1
secreted	1
secrecy	1
seats	1
seating	1
searched	1
search	1
seaport	1
scurrilous	1
scurrility	1
scrupulously	1
scribbler	1
scratched	1
scorn	1
scope	1
sconce	1
scheme	1
scattered	1
scarlet	1
scab	1
sbe/^	1
saunter	1
satisfying	1
satisfied	1
satisfactory	1
satires	1
satiated	1
sated	1
sarcasm	1
sapling	1
saluta	1
salt	1
salmon	1
sallied	1
salad	1
sailing	1
sailed	1
saidbellair	1
said.morland	1
sagacity	1
saffron	1
safety	1
safe	1
sacrifice	1
sa	1
rusty	1
rusticity	1
rustic	1
russet	1
rush	1
ruling	1
ruined	1
rudder	1
ru	1
royal	1
route	1
roue	1
rooms	1
romped	1
romance	1
rolicking	1
rob	1
roasted	1
roared	1
road	1
ro	1
rjd	1
rivals	1
riot	1
rigid	1
rigged	1
ridiculous	1
ridiculing	1
ride	1
rid	1
rice	1
ribbons	1
ribbon	1
reviewers	1
revenue	1
retreating	1
retracted	1
restless	1
respects	1
respect	1
resort	1
resolving	1
resolve	1
resist	1
resided	1
reside	1
required	1
require	1
request	1
reputation	1
repulsory	1
repulsed	1
represented	1
represent	1
repose	1
report	1
replete	1
repeats	1
repeaters	1
repartees	1
repaired	1
repair	1
rep	1
renew	1
removed	1
remounts	1
remorse	1
remembernae	1
remarks	1
remark	1
remain	1
relieve	1
reliance	1
released	1
release	1
relative	1
relations	1
relate	1
rejoined	1
regulate	1
regular	1
regretting	1
regions	1
refrain	1
reflections	1
reflection	1
refined	1
reduced	1
redounded	1
redoubled	1
redeemed	1
reddening	1
red	1
recruiting	1
recovers	1
recourse	1
recording	1
recorded	1
reconnoitred	1
reconciled	1
reconcile	1
recommendations	1
recommendation	1
recommend	1
recollections	1
recollected	1
recoil	1
reckon	1
recanted	1
reasons	1
reasonable	1
reappeared	1
readiness	1
reach	1
raven	1
rat	1
rascal	1
rapt	1
range	1
rang	1
rakes	1
raise	1
race	1
ra	1
quoth	1
quizzed	1
quiz	1
quitting	1
quit	1
quis	1
quilt	1
quills	1
quietly	1
quiet	1
questioning	1
quavering	1
quarter	1
qualification	1
quaker	1
quaint	1
quack	1
qoulter	1
puzzled	1
pursuing	1
purses	1
purse	1
purposely	1
purchaser	1
purchased	1
puncii/	1
pull	1
puffed	1
publicity	1
publication	1
prudent	1
provoking	1
provincial	1
provided	1
protracted	1
protest	1
protector	1
prospect	1
prosecution	1
prosecuting	1
proposition	1
propose	1
proposal	1
properly	1
propensities	1
promotes	1
promising	1
promises	1
promiscuous	1
profusion	1
profit	1
proffered	1
profession	1
professed	1
productive	1
productions	1
production	1
produces	1
prodigy	1
prodfgi/	1
procures	1
procession	1
proceed	1
probable	1
pro	1
privately	1
printer	1
priest	1
pride	1
pridcipal	1
previously	1
prevented	1
prevaricated	1
prevaricate	1
prevalent	1
prevailed	1
prevail	1
pretensions	1
pretended	1
pressly	1
pressing	1
preserved	1
presenting	1
prepossession	1
preparing	1
preparation	1
prehending	1
preferring	1
prefer	1
preface	1
precluded	1
preceding	1
precedent	1
precaution	1
preamble	1
pre	1
prattle	1
prank	1
praises	1
praised	1
practitioner	1
prabably	1
powers	1
pouting	1
poured	1
pour	1
potency	1
potatoe?*	1
potatoe	1
posture	1
postscript	1
postboy	1
post-chaise	1
possibility	1
portray	1
portraiture	1
porters	1
pores	1
populous	1
popping	1
popped	1
pop	1
pond	1
pompey	1
polity	1
politeness	1
polishing	1
polished	1
polina	1
poisonous	1
poised	1
pointed	1
poetically	1
poetic	1
po	1
pm	1
plyppolita	1
pluck	1
plots	1
pli	1
pledged	1
pleasing	1
pleases	1
pleads	1
plaything	1
playing	1
playful	1
played	1
play	1
plausible	1
plans	1
plait	1
plains	1
plainly	1
plaice	1
plaguing	1
plague	1
plagiary	1
pitiable	1
piti	1
pistol	1
piqued	1
pings	1
pinching	1
pinches	1
pinched	1
pilloried	1
pillar	1
pilfered	1
piinus	1
pieces	1
pidly	1
pickpockets	1
pick	1
piccadilly	1
pi	1
physiognomy	1
physics	1
physician	1
phraseology	1
phrase	1
philosophise	1
philosophical	1
philosopher	1
phillippic	1
petticoat	1
petitoe.'*	1
peti	1
perverse	1
peruse	1
perspiring	1
perspiration	1
perspective	1
personality	1
persecuted	1
perpetrators	1
permits	1
peril	1
performing	1
perfidy	1
perdue	1
perching	1
perched	1
peration	1
pensive	1
penknife	1
penetration	1
pencils	1
peep	1
peculiarly	1
peculiarities	1
pecking	1
pebbles	1
peak	1
peaceably	1
pe	1
payment	1
paying	1
paw	1
paused	1
paulina	1
patting	1
pattering	1
patronising	1
patronage	1
patrol	1
patriots	1
pathetic	1
paternal	1
pata	1
pastry	1
passport	1
passes	1
pasquinade	1
pasha	1
parts	1
partnership	1
partner	1
parting	1
particularly	1
partiality	1
parrot	1
park	1
pariicula	1
parentage	1
pardons	1
paragraphs	1
parading	1
paraded	1
papa	1
pap	1
panting	1
pant	1
panegyric	1
pandemonium	1
pandarus	1
palpable	1
palms	1
palates	1
palaces	1
painters	1
painted	1
pain	1
pailing	1
pack	1
pace	1
p	1
oxter	1
owners	1
owner	1
owned	1
ow	1
overturned	1
overplus	1
overloaded	1
overcharged	1
oven	1
outward	1
outright	1
outlet	1
outlandish	1
ouskim	1
ous	1
ouf	1
oti	1
ostrich	1
ostensible	1
orth	1
ornament	1
originally	1
ordinary	1
orders	1
ordering	1
ordered	1
orchestra	1
orator	1
oration	1
onlyother*s	1
onli/	1
ome	1
oligarchy	1
ojice	1
oiiration	1
ogled	1
ofshade	1
ofiis	1
office	1
offender	1
offa	1
odsbad	1
odds	1
oddly	1
ocean	1
occur	1
occupy	1
occasioned	1
obviously	1
obstinate	1
obstacles	1
observer	1
observe	1
observations	1
obscure	1
obliges	1
objects	1
objections	1
oa	1
nymphs	1
nutritious	1
numskull	1
numbered	1
numbejs	1
nowadays	1
novels	1
novelists	1
novel	1
nounced	1
notifies	1
notes	1
notable	1
noses	1
nosegay	1
northeast	1
north	1
nonnatural	1
nondescript	1
nodding	1
nod	1
nocturnal	1
noblemen	1
noble	1
noah	1
nimble	1
nigher	1
nie	1
nicety	1
newly	1
newlj^	1
nevertheless	1
nerves	1
neglected	1
need	1
neck	1
neatness	1
neat	1
naturedly	1
natured	1
naturcb	1
natives	1
native	1
natire	1
national	1
nately	1
namely	1
nail	1
mystery	1
muslins	1
musical	1
muse	1
mus'n't	1
murdered	1
multitudes	1
moving	1
moved	1
move	1
mounted	1
mountain	1
motto	1
mortification	1
mortals	1
mortality	1
mortal	1
morlandjustas	1
morlandj	1
moreover	1
morea	1
morals	1
moralised	1
moral	1
mood	1
monosyllable	1
mon	1
moiiand	1
moe	1
modest	1
moderation	1
mob	1
misunderstanding	1
misty	1
mistrust	1
mistook	1
mistaken	1
missile	1
misses	1
misrepresenting	1
misinterpreted	1
misinformed	1
miserable	1
misdirected	1
mis	1
mirth	1
mire	1
minuteness	1
mint	1
minion	1
mines	1
mine	1
milliners	1
miilir>ery	1
microscopism	1
mi	1
metropolis	1
metaphysics	1
metamorphosed	1
metallic	1
metal	1
messrs	1
messenger	1
message	1
merry	1
merriment	1
merrier	1
merit	1
mercy	1
merchant	1
mentary	1
menservants	1
memorable	1
members	1
mellowness	1
meets	1
meetings	1
meekness	1
meditated	1
medicine	1
meat	1
measured	1
meant	1
maybe	1
maturity	1
matured	1
matters	1
match	1
mart	1
marshalled	1
marksman	1
marks	1
march	1
marcet	1
mar	1
manuscript	1
malleability	1
majestic	1
maids	1
mahomedan	1
magnifier	1
magnificent	1
magistrate	1
madman	1
madagascar	1
machinery	1
m'hat	1
lying	1
lusus	1
lurked	1
lunnuntown	1
lunnuner	1
lucrative	1
lucky	1
loxver	1
loxg*s	1
lowest	1
lover	1
loved	1
louvre	1
lounge	1
louisa	1
loudly	1
loudest	1
louder	1
lot	1
losings	1
lose	1
lordr	1
lordlings	1
lordling	1
loquacious	1
looks	1
londoq	1
lonc'is	1
locusts	1
locks	1
locked	1
lo	1
llyppolita	1
livelihood	1
literary	1
liquor	1
liquidity	1
link	1
lingering	1
lines	1
line	1
likenesff	1
lightning	1
lighter	1
lighted	1
ligaments	1
lier	1
lick	1
licensed	1
libraries	1
liberty	1
libertine	1
libellous	1
liar	1
liable	1
lethe	1
lessons	1
lend	1
lecting	1
leathern	1
leather	1
learns	1
leal	1
leading	1
leaden	1
lctng	1
law	1
laundalet	1
laudable	1
laucrh*	1
latterly	1
latest	1
lass	1
large	1
lard	1
lapdog	1
languor	1
languages	1
languagej	1
lane	1
landed	1
lamented	1
lame	1
lambs	1
lads	1
laboured	1
la	1
l>er	1
knovv/^	1
knights	1
knife	1
knelt	1
knack	1
kisses	1
kiss	1
kingdom	1
kindly	1
kim	1
killing	1
kill	1
kicked	1
kett	1
keeper	1
keenness	1
juvenile	1
justify	1
justified	1
jurisdiction	1
juncture	1
judged	1
jsiarquis	1
jove	1
journeys	1
jooking	1
jolly	1
joined	1
johnson	1
john	1
job	1
joannina	1
jjo	1
jicking	1
jester	1
jest	1
jealous	1
jane	1
jadies/	1
jaded	1
ivdon	1
iu	1
italian	1
it's	1
issues	1
issued	1
iso	1
islington	1
iscertainlya	1
irruption	1
irresistible	1
iron	1
irish	1
ipe	1
ip	1
involved	1
involuntarily	1
invoking	1
inviters	1
invited	1
invisible	1
inviolable	1
invincible	1
investigation	1
investigate	1
inventress	1
inventive	1
invented	1
invent	1
inusn't	1
intruders	1
intruder	1
intimate	1
interrupting	1
interrupt	1
interposed	1
interference	1
interfere	1
interested	1
interchange	1
inter	1
intention	1
intent	1
intend	1
intelligent	1
insulting	1
institutions	1
institution	1
institute	1
inspired	1
inspire	1
inspiration	1
insist	1
insinuating	1
insinuated	1
insinuate	1
inside	1
insensibility	1
insects	1
inquiry	1
inquire	1
innocently	1
innocence	1
inner	1
ink	1
injury	1
injuring	1
injunctions	1
inirs	1
iniorland	1
inimitable	1
inimical	1
inhuman	1
inher	1
ingeniously	1
ing	1
infused	1
informant	1
influence	1
inflicted	1
inflict	1
infinitely	1
infantry	1
inexorable	1
inexhaustible	1
industry	1
indulgence	1
individuals	1
indistinct	1
indiscretion	1
indignant	1
indifferent	1
indies	1
indians	1
indian	1
independent	1
indecisioi	1
ind	1
increase	1
inconvenient	1
inconsistent	1
inconsistency	1
incapable	1
imputations	1
imprudence	1
improves	1
improvement	1
improved	1
impropriety	1
improper	1
impromptus	1
imprinting	1
impression	1
impoverished	1
impostor	1
imposed	1
impos	1
importation	1
importance	1
implore	1
impassioned	1
impairing	1
immortality	1
immortalised	1
immersion	1
immerse	1
imhecille	1
imbecility	1
imagines	1
imaginable	1
ilyppolita	1
illustrious	1
illusion	1
ilium	1
iier	1
iieat	1
iialf	1
ihe	1
ig	1
iff	1
idolatress	1
idiotical	1
idiotic	1
idiocy	1
ides	1
identify	1
ices	1
iced	1
ia	1
i^j	1
hyde	1
husbands	1
hurry	1
hurls	1
hunted	1
hun	1
humoured	1
humming	1
humility	1
humanity	1
huffed	1
huff	1
huddled	1
howsomever	1
housewife	1
hourly	1
houhsiow	1
hotels	1
hot	1
hosts	1
hostile	1
hose	1
horses	1
horrid	1
horrible	1
horace	1
hopeless	1
hopefuls	1
hookham	1
hooked	1
honoured	1
honeyed	1
honey	1
homicide	1
hollowed	1
hollo	1
holes	1
hoisc	1
hoiouskim^	1
hoiouskim	1
hoious	1
hoi	1
hjs	1
hither	1
histories	1
hissing	1
hired	1
hire	1
hira	1
hilly	1
highest	1
hiew	1
hide	1
hi	1
hesitation	1
hesitated	1
heron	1
heroism	1
heroine	1
heroic	1
heretofore	1
hem	1
helpless	1
helped	1
hell	1
heliogabalus	1
heiress	1
heightened	1
heeled	1
heavenly	1
heating	1
hearted	1
hearse	1
heaped	1
headed	1
headaches	1
hccc	1
hazel	1
hazard	1
haymarket	1
havins	1
havino	1
havingalready	1
haunts	1
hauntress	1
haughty	1
hasty	1
hastily	1
hasten	1
haste	1
harness	1
harmless	1
harm	1
hare	1
harder	1
hardened	1
happens	1
hant	1
hanging	1
hanged	1
hang	1
handkerchief	1
handicraft	1
hander	1
hallicarnass*	1
halfayard	1
hairs	1
habits	1
habit	1
guns	1
gulped	1
guessing	1
guards	1
guardianship	1
guardians	1
guarded	1
grossest	1
gross	1
grocer	1
grinders	1
grass	1
grasping	1
grapes	1
granting	1
grant	1
grandees	1
graduating	1
gradually	1
grace	1
governess	1
gory	1
good-humoured	1
good-humour	1
gonically	1
goldsmith	1
golds	1
golden	1
goeslunnun	1
god	1
glorious	1
glimmering	1
glibly	1
gles	1
glert^	1
gleans	1
glasses	1
glanqing	1
glances	1
glance	1
giving	1
gingerbread	1
gilt	1
gifts	1
ghosts	1
gesticulations	1
germany	1
german	1
gentry	1
gentlemans	1
genteelest	1
geniuses	1
generation	1
gemini	1
gaze	1
garden	1
gang	1
gamester	1
galloping	1
gallants	1
gallantry	1
gallant	1
gala	1
gaining	1
gad	1
furnishing	1
furnished	1
fumbling	1
fuli	1
fruitless	1
froth	1
froiti	1
frock	1
fringes	1
frightful	1
friendship	1
frequently	1
fraud	1
frankness	1
frame	1
fragility	1
fourpence	1
founded	1
foundation	1
fouacj	1
forwarded	1
fortu	1
fortitude	1
forsaking	1
formidable	1
formal	1
forgave	1
forestall	1
foreign	1
foreground	1
forcibly	1
forces	1
forced	1
force	1
forbid	1
footpaths	1
footmen	1
fond	1
follies	1
fold	1
foibles	1
foible	1
fly	1
fluency	1
flown	1
flowers	1
flower	1
flourished	1
flourish	1
flora	1
flood	1
fll	1
flights	1
flight	1
flesh	1
flemish	1
fleeting	1
fleece	1
flavour	1
flattering	1
flattered	1
flat	1
flashing	1
flame	1
finger	1
finer	1
filling	1
filled	1
fill	1
fiist	1
fiir	1
figure	1
fifty-four	1
fifteen	1
fielding	1
fibres	1
ffit	1
fertile	1
ferret	1
ference	1
females	1
felicity	1
feeling	1
feature	1
feats	1
feat	1
fearless	1
feared	1
feading	1
favourites	1
favourable	1
fault	1
fated	1
fate	1
fatal	1
farthing	1
farewell	1
fare	1
fanciful	1
famous	1
families	1
falsely	1
falsehood	1
faithful	1
fairy	1
fairer	1
fainted	1
fain	1
fail	1
faculty	1
faculties	1
facsimiles	1
facility	1
facetious	1
faced	1
eyil	1
extrication	1
extricate	1
extremity	1
extracted	1
extract	1
extensive	1
extended	1
exquisite	1
expressions	1
exploded	1
expired	1
experimental	1
experienced	1
experience	1
expense	1
expending	1
expedient	1
expediency	1
expectation	1
expectant	1
expand	1
exists	1
exigency	1
exigencies	1
exhibition	1
exhibited	1
exhibit	1
exhaustion	1
exhausted	1
exeter	1
exertion	1
exercise	1
executing	1
execute	1
execrable	1
exclusive	1
excited	1
exchange	1
examining	1
exalted	1
exaggeration	1
exactly	1
evinces	1
evil	1
eveuiug	1
everywhere	1
events	1
evelina	1
evaporating	1
eulogy	1
eulogised	1
etna	1
estimation	1
esteemed	1
estate	1
established	1
establish	1
est	1
essenced	1
escorted	1
errands	1
errand	1
eren	1
erect	1
equipped	1
equipage	1
epitome	1
epithets	1
epithet	1
epicures	1
envy	1
enviable	1
enveloped	1
entrusted	1
entreaty	1
entrapping	1
entitle	1
enticingly	1
enthral	1
entertainers	1
entertainer	1
enters	1
enterprise	1
entail	1
ensuing	1
ensued	1
enriched	1
enjoys	1
engaging	1
engaged	1
engage	1
enforced	1
endure	1
endurance	1
ends	1
ended	1
endeavoured	1
endearments	1
endeared	1
encouraging	1
enchanting	1
enamel	1
enables	1
enabled	1
en	1
employs	1
empires	1
emotions	1
emma	1
emily	1
emergency	1
emerge	1
embonpoint	1
embellished	1
embarrassed	1
eloquence	1
elopement	1
eligible	1
eleven	1
elementary	1
element	1
elderly	1
elbows	1
elbow	1
elbapopopes	1
elapsed	1
eighth	1
eighteen	1
eider	1
egg	1
egad	1
eftect	1
edifice	1
edge	1
ed	1
economy	1
eclipse	1
eclaircissement/	1
eccentric	1
eats	1
eaten	1
earthly	1
earning	1
earnestness	1
earnest	1
earljjr	1
eaprice	1
ealen	1
eagle	1
dyrrachium	1
dyonisius	1
duty	1
dutch	1
durazzo	1
durability	1
duped	1
dumb	1
duf)licate	1
duelling	1
duct	1
duchess	1
drury-lane	1
drunkenness	1
drunk	1
drubbing	1
drub	1
drowning	1
droll	1
driver	1
dresses/	1
dred	1
dreaming	1
dreamed	1
dream	1
dreadfully	1
dreadful	1
drawl	1
drapery	1
drank	1
dragoons	1
dragged	1
downstairs	1
dowix	1
doubtless	1
doubly	1
doublless	1
doubling	1
doub^	1
dou*t	1
dote	1
doors	1
donor	1
donation	1
does*nt	1
documents	1
doc	1
diving	1
divince	1
divided	1
divert	1
diversion	1
ditch	1
disturbance	1
distributing	1
distraction	1
distorts	1
distinguishing	1
distinguish	1
distinctions	1
distinct	1
distant	1
dissolving	1
dissolved	1
dissemination	1
dissatisfied	1
disposition	1
dispose	1
disposal	1
displaying	1
displayed	1
display	1
dispenses	1
dispatch	1
disobey	1
dislike	1
dishonesty	1
disgusted	1
disdained	1
discussion	1
discussed	1
discredit	1
discovery	1
discovers	1
discomfitted	1
disclosed	1
disciple	1
discharging	1
discharged	1
discard	1
disbelief	1
dirfy	1
directions	1
dipped	1
dip	1
dines	1
dined	1
dim	1
dilemma	1
dilated	1
dignitaries	1
difficult	1
differently	1
different	1
dieu	1
did*nt	1
dictate	1
diamonds	1
dialogue	1
dh	1
dews	1
devolved	1
devices	1
deuce	1
detest	1
details	1
detailed	1
destroying	1
destitute	1
destiny	1
destined	1
dessert	1
desperation	1
desperate	1
desirous	1
designs	1
designing	1
design	1
deserves	1
deserve	1
desert	1
described	1
describable	1
des	1
derry	1
deprived	1
deposited	1
deplorably	1
deplorable	1
depends	1
depended	1
depend	1
departments	1
department	1
departing	1
departed	1
deny	1
dennanding	1
denies	1
denied	1
denial	1
demi	1
delusive	1
deluding	1
delivering	1
delightful	1
delicacy	1
deliberations	1
deliberating	1
delay	1
defraud	1
deficiency	1
deficiencies	1
defend	1
defence	1
deeper	1
dedicatory	1
dedications	1
dedicated	1
decoying	1
decoy	1
decomposition	1
decomposed	1
declined	1
declaring	1
declare	1
declamation	1
decision	1
decent	1
decamped	1
debts	1
debtor	1
debt	1
debate	1
dearer	1
deals	1
dealing	1
deadly	1
de	1
daughters	1
dashing	1
dash	1
darwin*s	1
darted	1
dart	1
dark	1
dangerous	1
danger	1
dandy	1
dancing	1
damsel	1
damns	1
damn	1
dame	1
d/c/er	1
cy	1
curtsy	1
curtain	1
curls	1
curl	1
curbed	1
cup	1
cunning	1
cultivate	1
cuffed	1
cuckooes	1
crying	1
cry	1
crush	1
cruelty	1
crowded	1
crowd	1
crooked	1
croesus	1
critics	1
critic	1
criminal	1
cries	1
creditor	1
credit	1
credibly	1
creates	1
create	1
crater	1
cranes	1
crammed	1
cragglcs	1
craggiest	1
crag	1
cradle	1
cracked	1
cow	1
cover	1
courts	1
courtesy	1
courtesan	1
courted	1
courageous	1
courage	1
countryseat	1
countrymen	1
countless	1
counteract	1
countenance	1
count	1
coultejp	1
couldn^t	1
cottager	1
costumes	1
cost	1
corrupts	1
correct	1
corporations	1
corporation	1
corned	1
cordova	1
copper	1
copious	1
cooks	1
cooking	1
convincingproof	1
convince	1
conviction	1
convicted	1
converse	1
conveniences	1
convenience	1
controversy	1
contraband	1
contest	1
contents	1
contend	1
contemptible	1
contained	1
consumed	1
consulted	1
consultations	1
consultation	1
constitutes	1
constitute	1
constituents	1
constantly	1
constantinople	1
constancy	1
constables	1
conspiracy	1
consonants	1
consisted	1
considerably	1
considera	1
consented	1
consciousness	1
consciences	1
conscience	1
conquests	1
conqueror	1
conning	1
conjunction	1
conjectured	1
conjecture	1
confused	1
confront	1
confoundedly	1
confounded	1
conflagration	1
confined	1
confidently	1
confident	1
confidence	1
confided	1
confession	1
confectioner	1
conductors	1
condescending	1
condem	1
concur	1
concludes	1
conciliate	1
concerted	1
concert	1
concern	1
comprehensive	1
comprehending	1
comprehend	1
composure	1
composer	1
component	1
compliment	1
complexion	1
completely	1
complaint	1
competition	1
compelled	1
comparison	1
compares	1
compared	1
community	1
communicative	1
communicated	1
commonplace	1
commixture	1
commissioned	1
commission	1
commendation	1
commences	1
commeiicing	1
commands	1
comfortably	1
combating	1
combat	1
com	1
colouring	1
colloquy	1
colloquial	1
collection	1
collect	1
collars	1
collar	1
coldness	1
coldest	1
colder	1
col	1
cogging	1
coffeepots	1
cock	1
cochrane	1
coaxed	1
co	1
clutches	1
clusters	1
clumsy	1
cloud	1
closer	1
closed	1
clerical	1
clatter	1
clasped	1
clarkg	1
clapping	1
claiming	1
claimed	1
claim	1
civilly	1
civic	1
citizen	1
circumstance	1
circumlocution	1
circuitous	1
circles	1
church	1
chuckling	1
chubby	1
chronicle	1
christians	1
christendom	1
chorus	1
choosing	1
chivalry	1
chitterlings	1
china	1
chin	1
chimney	1
childish	1
chief	1
chicken	1
chestnut	1
chest	1
chesapeak	1
chesa	1
cherokee	1
cherishing	1
chemistry^how	1
chef-d'oeuvre	1
cheeses	1
cheesemaking	1
cheeks	1
check	1
cheat	1
chastising	1
chastisement	1
chastised	1
chased	1
chase	1
charms	1
chariots	1
chap	1
changing	1
champaign	1
chairs	1
chagrined	1
chagrin	1
chafed	1
cfkilter	1
certainty	1
cerebrum	1
cerebellum	1
centrifugal	1
centre	1
census	1
celestial	1
ceilings	1
ceiling	1
cecilia	1
cease	1
cbaise	1
cavalierly	1
cautious	1
caution	1
caused	1
catson^s	1
catson.'^	1
catsod	1
castro	1
cashiered	1
cases	1
carved	1
carriage	1
caroline	1
caricaturing	1
caressed	1
carelessly	1
careless	1
career	1
cared	1
carcase	1
captivations	1
caps	1
capillary	1
capable	1
canvas	1
canst	1
canister	1
candour	1
candid	1
cancies	1
caloric	1
calculates	1
calculated	1
calculate	1
calamity	1
cakes	1
cake	1
bye	1
buzz	1
butt	1
butdon't	1
butchers	1
butcher	1
bustle	1
buses	1
bursts	1
bursting	1
burn	1
burke	1
burdett	1
bunch	1
bully	1
budge	1
bud	1
bubbling	1
brow	1
brogue	1
briskly	1
brings	1
brimstone	1
brimmed	1
brilliant	1
brightness	1
brighter	1
bridge	1
breeding	1
breatt>	1
breaths	1
breakfasted	1
breadth	1
breadbasket	1
brave	1
brats	1
boys	1
bout	1
bounty	1
bottle	1
borough	1
boot	1
bookseller	1
bonum	1
bonnet	1
bolted	1
bolder	1
bold	1
boded	1
boasts	1
boasting	1
boast	1
blushed	1
blow	1
blossom	1
blooming	1
bloodless	1
blind	1
blew	1
bles»	1
blessedness	1
blending	1
bleeds	1
ble	1
blanket	1
bitterly	1
bitted	1
bite	1
birds	1
bills	1
billets	1
bill	1
bhe	1
bewildered	1
betvven	1
betrayed	1
betray	1
betokening	1
bespoken	1
bespoke	1
benignity	1
bengal	1
beneficial	1
beneath	1
benches	1
bench	1
benamuckee	1
belotv	1
belonging	1
belong	1
belmore	1
bellairwas	1
believed	1
belied	1
beliair	1
beingintroduced	1
beilair	1
behalf	1
begun	1
beginning	1
begging	1
befriending	1
bee	1
bedrooms	1
bedroom	1
becoming	1
beaver	1
beautified	1
beasts	1
beast	1
bearer	1
beard	1
be^^^ed	1
bay	1
battle	1
basin	1
basilisk	1
bashfulness	1
bashful	1
barous	1
barometer	1
bard	1
bar	1
bank	1
ballet	1
balanced	1
baked	1
badge	1
bacon	1
backs	1
baby	1
axe	1
awkward	1
awfulness	1
awfully	1
awaiting	1
await	1
avritten	1
avocations	1
aversions	1
aversion	1
avenging	1
availing	1
avail	1
autumnal	1
aurcb^	1
aunts	1
auditors	1
audible	1
attributes	1
attractions	1
attraction	1
attitude	1
attending	1
attended	1
attempts	1
attainments	1
attainment	1
attack	1
atone	1
athing	1
ate	1
astonishment	1
astonishing	1
assurance	1
assortment	1
assists	1
assistance	1
assist	1
assigned	1
assignation	1
assertion	1
asserted	1
assent	1
assembled	1
assemblage	1
assailing	1
asparagus	1
asking	1
ash	1
ascribed	1
ascertain	1
arvoriy	1
arrows	1
arriving	1
arrested	1
arrest	1
arranging	1
arose	1
army	1
armoric	1
arithmetic	1
arises	1
argus	1
argue	1
arduous	1
ardour	1
archness	1
ar	1
apropos	1
approved	1
approached	1
appoint	1
applying	1
applied	1
applauding	1
applauded	1
appioached	1
appearing	1
appearancebespoke	1
appeals	1
apparently	1
apothecaries	1
apologise	1
apollonia	1
apicius	1
apartments	1
antidotes	1
anticipated	1
anti	1
answers	1
annals	1
ankle	1
animation	1
animals	1
angrily	1
angel	1
anecdotes	1
ancients	1
ancient	1
amusing	1
amour	1
amorous	1
amicable	1
america	1
amends	1
amass	1
alternately	1
alter	1
alsa	1
alorland	1
allowance	1
allen	1
alleged	1
alights	1
alight	1
alibi	1
alexander	1
albanopolis	1
alarming	1
alarmed	1
alarm	1
ait	1
airy	1
aim	1
aha	1
agreeability	1
agony	1
agirlish	1
agent	1
afternoon	1
afraid	1
aflford	1
affectionately	1
affect	1
aera	1
advocates	1
advised	1
advice	1
adventures	1
advantageous	1
advances	1
adroitness	1
adorned	1
adopts	1
adopting	1
admittance	1
admired	1
admire	1
admirably	1
administered	1
adjusted	1
adjourned	1
adjectives	1
addressing	1
addicted	1
adapted	1
ad	1
acuteness	1
acts	1
actions	1
action	1
acted	1
acquirements	1
acquainting	1
acquaint	1
acknowledgments	1
acknowledgment	1
acknowledged	1
acknowledge	1
accustomed	1
accrue	1
accounted	1
according	1
accomplishments	1
accompany	1
accommodation	1
accommodating	1
accessary	1
access	1
acceptance	1
accent	1
accelerate	1
acceding	1
absorbing	1
absorbed	1
absorb	1
absence	1
abruptly	1
abreast	1
abovementioned	1
abode	1
ably	1
ability	1
abbess/*	1
abbess	1
abashed	1
abandoning	1
aai	1
a^quart	1
a^orland	1
^«	1
^mus	1
].	1
])	1
\^	1
?*^	1
?**	1
?*	1
?'^	1
<^	1
<	1
1^	1
1	1
/^	1
/	1
..	1
.'''	1
-"	1
*■*	1
*•	1
*»	1
*'^	1
*!	1
'»	1
'«	1
'/'	1
'*,	1
"^	1
"'	1
!)	1
!''	1
