,	2481
.	1253
i	1042
to	912
the	873
of	579
a	498
;	473
my	462
and	390
in	382
he	340
her	321
me	291
you	268
not	262
is	260
that	250
his	246
for	231
it	229
have	222
but	209
'	204
be	203
:	196
with	191
so	174
|arabic1digit|	172
as	171
was	166
she	159
will	156
this	152
had	151
him	146
no	142
has	131
all	129
?	128
on	125
at	125
]	125
[	125
what	119
am	117
would	115
|romannumeral|	108
we	93
your	92
by	89
|arabic2digit|	87
if	87
now	85
very	82
may	79
an	79
do	76
|'s|	75
!	75
shall	74
are	74
which	71
from	70
more	67
who	66
then	64
can	64
one	63
know	63
let	62
been	62
most	60
dear	60
our	59
or	59
caroline	59
tis	58
they	58
lady	58
time	57
when	56
—	55
how	54
could	53
some	52
yet	50
said	50
think	49
sir	48
tell	47
should	47
make	47
too	46
lord	45
there	44
|arabic3digit|	43
j	43
give	43
did	43
us	42
them	42
must	42
harry	42
dormer	42
believe	42
their	41
any	41
were	40
ever	40
such	39
much	39
man	39
say	38
little	38
well	37
than	37
never	37
heart	37
every	37
t	36
good	36
upon	35
though	35
poor	35
see	34
might	34
being	34
myself	33
made	33
take	32
out	32
however	32
up	31
power	31
other	31
thought	30
only	30
fear	30
doubt	30
without	28
nothing	28
less	28
fellow	28
before	28
things	27
into	27
find	27
same	26
put	26
harriot	26
go	26
fortune	26
few	26
till	25
set	25
letter	25
adieu	25
present	24
own	24
mr	24
means	24
long	24
himself	24
happy	24
fancy	24
creature	24
charles	24
after	24
possible	23
love	23
heaven	23
friend	23
fair	23
day	23
since	22
mrs	22
mine	22
hand	22
even	22
done	22
days	22
certainly	22
cannot	22
why	21
two	21
sally	21
part	21
nor	21
nature	21
country	21
aunt	21
wretch	20
whole	20
still	20
soon	20
o	20
miss	20
left	20
found	20
first	20
(	20
wish	19
way	19
town	19
told	19
these	19
like	19
least	19
another	19
woman	18
thousand	18
old	18
neville	18
nay	18
moment	18
just	18
great	18
given	18
girl	18
fanny	18
case	18
better	18
..	18
perhaps	17
mother	17
met	17
many	17
leave	17
here	17
determined	17
b	17
sure	16
pretty	16
next	16
mould	16
help	16
gone	16
care	16
actually	16
world	15
wife	15
quite	15
purpose	15
off	15
manner	15
lover	15
lordship	15
life	15
hope	15
home	15
head	15
gave	15
enough	15
e	15
best	15
again	15
absolutely	15
word	14
want	14
thing	14
saw	14
s	14
party	14
matter	14
h	14
george	14
frances	14
eyes	14
either	14
delightful	14
cried	14
convinced	14
cause	14
called	14
business	14
*	14
william	13
where	13
sutton	13
stanley	13
short	13
really	13
rather	13
perfectly	13
over	13
new	13
mean	13
ladyship	13
hopes	13
going	13
far	13
f	13
certain	13
brother	13
also	13
affair	13
young	12
truth	12
trust	12
true	12
those	12
subject	12
soul	12
small	12
passion	12
often	12
having	12
fine	12
d	12
cousin	12
come	12
both	12
bid	12
begin	12
away	12
attention	12
ah	12
about	12
yours	11
vol	11
thoughts	11
scheme	11
point	11
once	11
morning	11
mind	11
looked	11
last	11
kind	11
john	11
instantly	11
honour	11
hear	11
figure	11
easy	11
charming	11
carriage	11
beau	11
"	11
yes	10
took	10
thank	10
suppose	10
smile	10
silly	10
seems	10
sake	10
reason	10
r	10
possibly	10
please	10
person	10
obliged	10
matters	10
married	10
k	10
indeed	10
house	10
hour	10
horrid	10
heard	10
half	10
forth	10
forbid	10
fly	10
father	10
fate	10
due	10
confess	10
able	10
}	9
thus	9
taken	9
success	9
story	9
state	9
spite	9
sensible	9
sense	9
rival	9
refuse	9
presume	9
pray	9
place	9
pay	9
need	9
meeting	9
masquerade	9
m	9
lovely	9
looks	9
london	9
infinitely	9
heavens	9
got	9
fully	9
friendship	9
family	9
expect	9
does	9
delighted	9
dare	9
change	9
came	9
already	9
agreeable	9
)	9
write	8
went	8
under	8
times	8
three	8
ten	8
tells	8
talk	8
step	8
stay	8
situation	8
settled	8
sandford	8
return	8
received	8
ready	8
read	8
proper	8
pair	8
order	8
occasion	8
ned	8
name	8
marry	8
mall	8
look	8
knows	8
important	8
ideas	8
idea	8
herself	8
happiness	8
forgot	8
felicity	8
favour	8
eloquence	8
during	8
down	8
civility	8
chance	8
bride	8
attend	8
answer	8
allow	8
age	8
against	8
.'	8
whom	7
wholly	7
vows	7
visit	7
vile	7
turn	7
treat	7
surely	7
stanton	7
spirit	7
soft	7
single	7
service	7
sentiments	7
sent	7
seeing	7
question	7
promised	7
prevent	7
plot	7
plan	7
ought	7
neither	7
mistress	7
men	7
meet	7
master	7
making	7
lest	7
knew	7
judge	7
honest	7
friends	7
finding	7
farewell	7
fail	7
fact	7
face	7
expected	7
estate	7
elmwood	7
elegant	7
easily	7
earth	7
company	7
character	7
bustle	7
bouverie	7
begun	7
because	7
alone	7
air	7
acquaintance	7
absent	7
'.	7
{	6
worst	6
words	6
wonderful	6
wonder	6
within	6
while	6
whether	6
vain	6
through	6
therefore	6
suffer	6
sooner	6
something	6
sober	6
show	6
share	6
seen	6
room	6
right	6
revenge	6
resolved	6
replied	6
regiment	6
regard	6
reconciled	6
preference	6
possession	6
positively	6
positive	6
play	6
plainly	6
plain	6
persuaded	6
particular	6
p	6
opportunity	6
oh	6
none	6
near	6
naturally	6
mistaken	6
mere	6
madam	6
length	6
keep	6
instead	6
indifference	6
husband	6
humour	6
hours	6
heartily	6
hardly	6
handsome	6
guess	6
gratitude	6
graces	6
gain	6
frolic	6
formed	6
finest	6
female	6
felt	6
farther	6
fancied	6
expressed	6
event	6
end	6
ed	6
don't	6
despair	6
curse	6
contrary	6
conscience	6
conduct	6
clear	6
circumstance	6
charge	6
carry	6
brought	6
bring	6
begged	6
became	6
bear	6
astonishment	6
assured	6
anything	6
angel	6
almost	6
alas	6
adventure	6
account	6
\	6
yourself	5
worthy	5
worse	5
whim	5
wait	5
twas	5
triumph	5
trip	5
treatment	5
title	5
thinks	5
themselves	5
symptoms	5
stock	5
spirits	5
spencer	5
speak	5
sine	5
sight	5
sigh	5
servants	5
servant	5
seemed	5
secret	5
second	5
saying	5
ridiculous	5
request	5
real	5
purposes	5
puppy	5
prove	5
prodigiously	5
pride	5
prevail	5
presumption	5
playing	5
piece	5
peace	5
passed	5
opinion	5
number	5
noble	5
necessary	5
miles	5
mighty	5
matrimonial	5
mask	5
makes	5
longer	5
live	5
late	5
kindly	5
kept	5
justice	5
its	5
invitation	5
inclination	5
impression	5
impossible	5
ihe	5
ia	5
i'll	5
horseback	5
hero	5
happened	5
hall	5
guard	5
giving	5
get	5
gained	5
freely	5
feel	5
favourable	5
fairly	5
expose	5
except	5
esq	5
epistle	5
envied	5
entered	5
different	5
depend	5
delicacy	5
deal	5
contrive	5
continued	5
continue	5
consequently	5
compelled	5
civil	5
child	5
bosom	5
beyond	5
between	5
behold	5
behaviour	5
bad	5
assistance	5
arrived	5
arm	5
appeared	5
animating	5
ago	5
advantage	5
adorable	5
addresses	5
»	4
£	4
yesterday	4
year	4
wrong	4
work	4
wished	4
wisdom	4
williams	4
whisk	4
weeks	4
voice	4
unless	4
trouble	4
thrown	4
thanks	4
terms	4
tender	4
tempt	4
taking	4
table	4
suspect	4
suffered	4
suddenly	4
struck	4
son	4
solemn	4
smallest	4
sincerely	4
simpson	4
sighing	4
severe	4
serve	4
scene	4
says	4
render	4
reasons	4
rate	4
prudent	4
promise	4
probably	4
prey	4
pressed	4
prefer	4
pleasure	4
places	4
pity	4
philosopher	4
persuade	4
permission	4
patience	4
palpitations	4
paid	4
owe	4
others	4
offered	4
observe	4
object	4
obedient	4
night	4
mortal	4
modern	4
misery	4
mentioned	4
melancholy	4
matrimony	4
masks	4
marriage	4
mansion	4
luckily	4
lost	4
lives	4
lively	4
lines	4
lead	4
lay	4
laugh	4
lately	4
large	4
ladies	4
known	4
joy	4
journey	4
joke	4
insignificant	4
injury	4
inform	4
infinite	4
indulge	4
inclined	4
importance	4
impertinent	4
ill	4
hurt	4
human	4
hoped	4
hard	4
hands	4
greatly	4
greatest	4
gladly	4
generous	4
gallantry	4
gallant	4
g	4
future	4
full	4
fortnight	4
forget	4
fool	4
followed	4
follow	4
flurried	4
flatter	4
finds	4
finally	4
feet	4
fears	4
eye	4
exerted	4
excite	4
exceedingly	4
everything	4
evening	4
esteem	4
esquire	4
ere	4
engaging	4
engaged	4
endeavoured	4
endeavour	4
duty	4
drove	4
dress	4
doubts	4
divine	4
disappointment	4
died	4
die	4
determine	4
deserve	4
death	4
daughter	4
danger	4
damsels	4
damsel	4
curiosity	4
cross	4
course	4
courage	4
contrived	4
consequence	4
concern	4
complete	4
command	4
choice	4
charmer	4
chaise	4
caught	4
capable	4
call	4
brain	4
body	4
bless	4
blame	4
beloved	4
beg	4
become	4
assure	4
assurance	4
ask	4
arms	4
appearance	4
amiable	4
america	4
affairs	4
adore	4
add	4
accept	4
.;	4
|arabic4digit|	3
y	3
wretches	3
wretched	3
worth	3
wood	3
witness	3
wishes	3
wiser	3
window	3
whose	3
whisper	3
west	3
wanting	3
waiting	3
w	3
vow	3
vivacity	3
visits	3
view	3
venerable	3
variety	3
uttered	3
usual	3
use	3
unaccountable	3
u	3
turning	3
try	3
truly	3
trick	3
transports	3
towards	3
tone	3
tolerable	3
together	3
tions	3
tempted	3
telling	3
teeth	3
tedious	3
tamely	3
talent	3
suspicion	3
supposed	3
study	3
striking	3
stranger	3
started	3
stars	3
splendour	3
sound	3
souls	3
sorry	3
smiled	3
six	3
similarity	3
silence	3
shine	3
sentimental	3
self	3
save	3
safely	3
safe	3
sad	3
round	3
rob	3
road	3
riot	3
riches	3
richard	3
revenged	3
returned	3
restore	3
resolution	3
residence	3
report	3
repining	3
reparation	3
remember	3
regret	3
reflection	3
red	3
reception	3
readily	3
rage	3
quit	3
puzzled	3
provide	3
proof	3
produced	3
produce	3
proceed	3
pretend	3
pretence	3
pressing	3
prepared	3
praises	3
possessed	3
politeness	3
played	3
placed	3
period	3
perfect	3
particulars	3
parents	3
pardon	3
pantheon	3
painful	3
ourselves	3
ordered	3
opera	3
opened	3
offers	3
occurred	3
occasions	3
observed	3
observation	3
oblige	3
neighbourhood	3
needless	3
n	3
mutual	3
motive	3
mortified	3
months	3
month	3
military	3
merit	3
merely	3
ment	3
measure	3
maid	3
madness	3
mad	3
lose	3
listen	3
light	3
letters	3
led	3
lawfully	3
language	3
la	3
justly	3
joyous	3
join	3
jewels	3
itself	3
interested	3
interest	3
instance	3
insensibility	3
ing	3
informed	3
infamous	3
indifferent	3
indebted	3
inattention	3
importunate	3
il	3
ignorant	3
housekeeper	3
horridly	3
hold	3
hitherto	3
highly	3
hers	3
heroine	3
hence	3
helpmate	3
hate	3
harriet	3
happily	3
happen	3
glance	3
girls	3
giddy	3
getting	3
frowns	3
fright	3
four	3
fortunate	3
form	3
folly	3
follows	3
following	3
folks	3
flight	3
flattered	3
flame	3
fixed	3
fellows	3
feelings	3
fb	3
fare	3
fan	3
faithful	3
extremely	3
extraordinary	3
expressive	3
expression	3
explicit	3
explain	3
exchange	3
example	3
especially	3
escape	3
equipage	3
equal	3
entitled	3
entirely	3
enjoy	3
england	3
enclosed	3
en	3
employed	3
emotions	3
emotion	3
effect	3
ear	3
each	3
door	3
dog	3
distress	3
distraction	3
distance	3
disposed	3
dismiss	3
discovery	3
discovered	3
disappoint	3
disagreeable	3
dine	3
devil	3
deprive	3
degree	3
declared	3
decent	3
cursed	3
cry	3
cruel	3
credit	3
coolness	3
cool	3
conversation	3
console	3
considerably	3
consent	3
condescend	3
concert	3
conceived	3
conceal	3
compliments	3
companions	3
companion	3
commands	3
coming	3
cold	3
coats	3
clearly	3
chaplain	3
chair	3
ceremony	3
castle	3
breakfast	3
break	3
bounds	3
born	3
bore	3
boast	3
blockhead	3
blessed	3
believed	3
beheld	3
bed	3
base	3
avoid	3
attractions	3
attending	3
astonished	3
asking	3
asked	3
apprehensions	3
appear	3
alarmed	3
aid	3
agreed	3
afterwards	3
afford	3
advice	3
address	3
acquired	3
acquainted	3
accomplish	3
accompany	3
accompanied	3
accident	3
^	3
?.	3
/	3
.]	3
-	3
!.	3
«	2
~	2
years	2
wrote	2
writing	2
worcester	2
wondrous	2
wives	2
witch	2
wit	2
wise	2
winter	2
wicked	2
whispered	2
weep	2
weddings	2
wedding	2
wedded	2
wear	2
walk	2
vowing	2
vowed	2
visitors	2
visiting	2
visibly	2
violent	2
villainy	2
villain	2
views	2
venture	2
vanity	2
utmost	2
used	2
unwilling	2
unlucky	2
unfortunate	2
undoubtedly	2
undone	2
understanding	2
ty	2
twill	2
twenty	2
tut	2
tune	2
trifling	2
trifle	2
tricked	2
trembled	2
tremble	2
treated	2
totally	2
tion	2
timidity	2
timents	2
tie	2
ti	2
third	2
th	2
terrified	2
tenderness	2
tears	2
tea	2
taste	2
talks	2
talents	2
takes	2
sweetly	2
swear	2
surprised	2
sufficient	2
suffice	2
succeeded	2
stupid	2
struggle	2
stroke	2
strict	2
stratagem	2
stop	2
stie	2
starve	2
start	2
stared	2
squire	2
sprung	2
spoke	2
sphere	2
speeches	2
speaks	2
sometimes	2
softened	2
society	2
smiling	2
smiles	2
sisterhood	2
sincerity	2
sighted	2
sighed	2
side	2
shun	2
shrewd	2
shift	2
shattered	2
shackled	2
sex	2
several	2
serious	2
sensibility	2
send	2
seem	2
seating	2
seat	2
scribbling	2
scribbled	2
scrape	2
scarce	2
sb	2
saved	2
satisfied	2
sarah	2
sanford	2
sage	2
run	2
rule	2
romance	2
rochforts	2
ring	2
rigid	2
rights	2
richly	2
riage	2
returns	2
returning	2
result	2
rest	2
respect	2
resolutions	2
resign	2
resentment	2
renew	2
removed	2
remove	2
reluctance	2
relieved	2
relapse	2
rejected	2
refused	2
reflections	2
reduced	2
recovery	2
recovered	2
recourse	2
receiving	2
receive	2
re	2
ray	2
rank	2
raised	2
quiet	2
quartered	2
quality	2
qualified	2
puzzles	2
pursuit	2
purling	2
purchase	2
public	2
prudence	2
providence	2
proves	2
prospects	2
propose	2
proposal	2
propos	2
promises	2
profusion	2
proceeded	2
probable	2
probability	2
prize	2
prevailed	2
presumed	2
presence	2
prepare	2
pre	2
pranced	2
powerful	2
possessing	2
pine	2
pieces	2
picture	2
philosophy	2
perverse	2
perpetually	2
perceive	2
people	2
pen	2
pedient	2
paying	2
past	2
pas	2
partiality	2
paris	2
paradise	2
overlook	2
ours	2
otherwise	2
ophelia	2
operations	2
offer	2
occur	2
occupied	2
occasioned	2
observing	2
observations	2
obliges	2
obligations	2
obligation	2
o'clock	2
npt	2
noosed	2
nonsense	2
nobly	2
niece	2
nevill	2
neglected	2
necessity	2
mounted	2
motives	2
motion	2
mothers	2
mortifying	2
mortification	2
monday	2
moments	2
mistake	2
misses	2
misfortunes	2
mischief	2
mend	2
masquerades	2
marrying	2
march	2
manage	2
lucky	2
loves	2
lovers	2
lous	2
loss	2
looking	2
list	2
lieve	2
lie	2
lessons	2
lenox	2
leaving	2
leaves	2
law	2
knowledge	2
knowing	2
kiss	2
justify	2
judgement	2
joining	2
jealousy	2
irresistible	2
ireland	2
io	2
interrupting	2
interesting	2
intended	2
intend	2
instrument	2
insensible	2
ingenuity	2
information	2
indignation	2
independent	2
inconveniency	2
impute	2
impudence	2
implored	2
impatient	2
impatience	2
immediately	2
immediate	2
imagine	2
imagination	2
imaginable	2
id	2
hypocrite	2
hurry	2
humble	2
hot	2
horse	2
horrors	2
hopeless	2
honours	2
honesty	2
ho	2
hk	2
high	2
hex	2
heroic	2
health	2
heads	2
happiest	2
happier	2
hair	2
ha	2
grove	2
ground	2
gratified	2
granted	2
grant	2
graciously	2
grace	2
governed	2
gout	2
glad	2
gives	2
gently	2
gentle	2
genteel	2
genius	2
gay	2
gathered	2
fund	2
frown	2
friendly	2
frequently	2
france	2
fox	2
founded	2
foundation	2
fortitude	2
formidable	2
formerly	2
forgive	2
footing	2
foolishly	2
fond	2
flinty	2
flew	2
fleming	2
flames	2
five	2
finish	2
fingers	2
finely	2
fight	2
fibs	2
fetters	2
females	2
fee	2
feared	2
favourite	2
fatal	2
fashion	2
fancies	2
families	2
falls	2
fall	2
facilitate	2
fa	2
extremities	2
expense	2
expectation	2
execution	2
execute	2
excuse	2
exceptionable	2
exalted	2
ex	2
estimable	2
escaped	2
equally	2
enter	2
enjoyed	2
engross	2
endued	2
empty	2
employment	2
else	2
elm	2
elect	2
elate	2
effects	2
edward	2
education	2
easier	2
earthly	2
ears	2
early	2
dying	2
drive	2
dresses	2
dreary	2
dream	2
dreadful	2
dragon	2
doing	2
distant	2
disposition	2
disinterested	2
discharge	2
devoirs	2
detain	2
despise	2
desired	2
designs	2
design	2
description	2
deprived	2
delivered	2
delicate	2
delectable	2
delayed	2
declare	2
declaration	2
decently	2
deceived	2
date	2
darling	2
dared	2
dam	2
daily	2
cut	2
cured	2
cunning	2
culous	2
cruelly	2
court-martial	2
countenance	2
cottage	2
correspondent	2
cordially	2
copy	2
convince	2
convey	2
contents	2
contempt	2
constant	2
consolation	2
considered	2
considerable	2
consequences	2
conscious	2
conquered	2
congratulations	2
congratulating	2
confusion	2
confusedly	2
condition	2
condemned	2
conclude	2
conceive	2
composed	2
compel	2
commission	2
comes	2
cockade	2
coat	2
claim	2
church	2
chose	2
cheek	2
charmed	2
ceased	2
cast	2
cared	2
card	2
calm	2
bye	2
burr	2
bundle	2
bud	2
brothers	2
brides	2
bound	2
blushing	2
blush	2
blind	2
blandford	2
bis	2
bewitching	2
betrayed	2
belonging	2
bell	2
believes	2
beings	2
behindhand	2
becoming	2
beauty	2
beautiful	2
beat	2
bears	2
bargain	2
barely	2
bare	2
banish	2
back	2
authority	2
au	2
attended	2
attempt	2
attained	2
assuring	2
assume	2
assist	2
assign	2
assiduity	2
ashton	2
articles	2
article	2
art	2
arrives	2
arrival	2
arguments	2
apply	2
appears	2
announced	2
animated	2
amusements	2
amply	2
amongst	2
ambition	2
amazing	2
altar	2
allowed	2
aflc	2
affluence	2
affection	2
adventures	2
adored	2
admirers	2
admire	2
admiration	2
added	2
acted	2
acquitted	2
accordingly	2
according	2
abundantly	2
absence	2
above	2
['	2
>	2
...	2
..'	2
.,	2
**	2
♦hem	1
▼ery	1
™	1
•	1
æon	1
»ot	1
«<&	1
«.«	1
£.'	1
~e*fc[uire	1
~,	1
|arabicprice|	1
|	1
zoo	1
z.ajy	1
z	1
yout	1
your.causer	1
youngest	1
younger	1
yoti	1
yorkshire	1
yon	1
yoal	1
yielded	1
yided	1
yeurs	1
yeu	1
yess	1
yelped	1
ye	1
ydut*	1
y<rtii	1
xfl™s*	1
wounded	1
worthless	1
worthiest	1
worship	1
worm	1
wonderfully	1
wondered	1
won	1
women	1
woeful	1
wlfjgg^	1
wl	1
witrt	1
withheld	1
withdrew	1
witfho<it	1
witfcmo	1
wishing	1
wishes.much	1
wings	1
winds	1
windows	1
win	1
wilt	1
willow	1
wilft	1
wild	1
wiih	1
wiie	1
wifely	1
whys	1
white	1
whispers	1
whispering	1
whipped	1
whe«	1
wherefores	1
whereas	1
whenever	1
whence	1
wheels	1
wheel	1
whatpunifh	1
whas	1
wept	1
wenches	1
wench	1
welt	1
well-bred	1
wejl	1
weil	1
weight	1
week	1
wed	1
weaknefe	1
weak	1
waver	1
waved	1
water	1
warning	1
warn	1
warmest	1
warmed	1
warm	1
ward	1
war	1
wants	1
walls	1
waistcoats	1
waist	1
wai	1
w<jrk	1
voluntary	1
voluntarily	1
visitor	1
visible	1
vis	1
virtue	1
violence	1
vincent	1
villainous	1
vigilance	1
vicing	1
vice	1
vhe	1
verily	1
ventured	1
vented	1
vengeance	1
vanished	1
valuable	1
vacant	1
utters	1
utterly	1
ut	1
useless	1
us'btiffdflton	1
urge	1
upstairs	1
upbraid	1
uow	1
unworthily	1
unthinking	1
unspeakable	1
unseasonable	1
unremitted	1
unpitying	1
unmercifully	1
unmeaning	1
unlikely	1
unlike	1
universe	1
universally	1
ungrateful	1
ungovernable	1
ungenerous	1
unexpected	1
uneasy	1
undqer	1
undoubted	1
undivided	1
undertook	1
understandyour	1
understand	1
uncontrolled	1
unconscionable	1
unconcern	1
uncommonly	1
uncommon	1
uncle	1
unavoidable	1
unacquainted	1
unable	1
uliptial	1
ui	1
ugly	1
ufe4ess.£	1
t~>lc*	1
typst	1
twould	1
twins	1
twice	1
tutored	1
turned	1
ture	1
tuesday	1
tts	1
ttlee	1
trying	1
trusted	1
trulyr	1
troublesome	1
troubled	1
trot	1
troop	1
trifles	1
tried	1
trial	1
tremors	1
trembling	1
treasury	1
treasure	1
travel	1
trash	1
transient	1
transaction	1
train	1
towa	1
toute	1
tout	1
tour	1
totuppose	1
totellyou	1
totaly	1
tormenting	1
tormented	1
tor	1
top	1
toothless	1
tooi	1
tonne	1
tongues	1
tome	1
tod	1
tocom«	1
to.the	1
to.deter	1
tnink	1
tmi?gi	1
tl}e	1
tjri	1
tjo	1
titje	1
tipon	1
tior	1
tincture	1
timely	1
tili	1
tiiore	1
tiful	1
tifui	1
tier	1
tiavfe	1
th£m	1
thttfness	1
thte	1
throws	1
throwing	1
throw	1
throat	1
threats	1
threatened	1
thpught	1
thousands	1
thinking	1
thi3	1
thestoryof	1
there.eer	1
theihrost	1
the.disappointment	1
the'#reteh	1
thatold	1
thanking	1
thanked	1
tha	1
tfhen	1
tfctkvk	1
tfartled	1
tetl	1
terrors	1
term^which	1
term*r*ili	1
tent	1
tenderly	1
tendant	1
tend	1
tenacious	1
tempts	1
temptation	1
temper	1
telj	1
tedy&ipv	1
te	1
task	1
talked	1
tainly	1
tain'you	1
sz	1
system	1
syllable	1
swore	1
swoon	1
swet	1
swerve	1
sweet	1
swains	1
swain	1
suspicious	1
suspense	1
suspected	1
surrounds	1
surprise	1
surfer	1
surfeit	1
supposing	1
support	1
supplied	1
superiority	1
superannuated	1
summoned	1
summit	1
suited	1
suitable	1
suit	1
suffering	1
sucked	1
sucfit	1
succeeds	1
succeed	1
subservient	1
subscribe	1
submit	1
submission	1
sublime	1
subjecting	1
style	1
stye	1
sty	1
stung	1
strongly	1
strong	1
stroles	1
stricken	1
strength	1
streams	1
stream	1
strangle	1
strange	1
strait	1
storyt	1
stories	1
stoop	1
stood	1
stolen	1
stoivs	1
stirred	1
stings	1
stifle	1
sti/j	1
stepped	1
steel	1
steeds	1
steed	1
stead	1
stateliness	1
staid	1
spurned	1
spring	1
spot	1
splendid	1
spiritj	1
spiiled	1
spent	1
spending	1
spend	1
spelling	1
speech	1
species	1
speaking	1
sparkled	1
sovereign	1
source	1
sort	1
sorrow	1
sordid	1
sooth	1
softness	1
softening	1
soberly	1
so-so	1
snuff	1
snatch	1
snares	1
snare	1
smith	1
smart	1
sly	1
slum	1
sliadow	1
sleepless	1
slaort	1
slant	1
skill	1
sixpence	1
situations	1
sits	1
sit	1
sisters	1
sister	1
sirharry	1
sired	1
sipidity	1
sink	1
sincerelyf	1
sincere	1
since''tis	1
simson	1
simply	1
simfon\	1
silks	1
siiall	1
signs	1
significant	1
sighs	1
siege	1
sida	1
sick	1
shut	1
shudderat	1
shrugging	1
shrewdly	1
shown	1
shoulders	1
shoot	1
shocked	1
shist	1
ship	1
shilling	1
shepherdess	1
shame	1
shady	1
sew	1
severely	1
sever	1
seventy	1
settling	1
settle	1
setting	1
servanjt...qameaslii^	1
seriousness	1
seriously	1
separation	1
sentiment	1
sensibfe^	1
senses	1
sen	1
self-defence	1
select	1
seldom	1
seizing	1
seized	1
seize	1
sees	1
seen'for	1
seducing	1
sedately	1
security	1
secure	1
secrets	1
secondly	1
sea	1
scrupulous	1
scruples	1
scruple	1
scribe	1
scribble	1
screwing	1
scrawls	1
scratching	1
scorns	1
scorn	1
schools	1
school	1
schemes	1
scarcely	1
sbul	1
sayj	1
saving	1
satisfaction	1
satis	1
sat	1
sarsah	1
sanguine	1
sanfbrd	1
sandy	1
saltwater	1
sallied	1
sai^	1
safety	1
sacrificing	1
sacrifices	1
sacrificed	1
sacrifice	1
sab6ut	1
s6	1
s'iwi	1
rustic	1
rural	1
running	1
rung	1
runaway	1
rules	1
ruined	1
ruin	1
ruii\s	1
rti	1
rs*	1
rrrind	1
roy	1
rosinante	1
roses	1
rooms	1
roline	1
roe	1
rode	1
rochfprt	1
rochfort	1
roch	1
robinson	1
robbed	1
roads	1
rit	1
rise	1
ringing	1
riiat	1
ridicu	1
ridi	1
ride	1
rich	1
revisit	1
retreat	1
retired	1
retire	1
retaliate	1
retaining	1
retain	1
restored	1
rested	1
respects	1
respectfulness	1
respectable	1
resource	1
resolving	1
resolve	1
resigned	1
residue	1
resent	1
resemble	1
resemblance	1
rescue	1
required	1
reputable	1
repulse	1
reproaches	1
reproach	1
represents	1
replying	1
replaced	1
repine	1
repetitions	1
repentance	1
repeatedly	1
remote	1
remorse	1
remedy	1
remaining	1
remained	1
relent	1
relating	1
related	1
reject	1
refrain	1
redoutable	1
recover	1
reconciling	1
reconcile	1
rebels	1
reality	1
reaching	1
reach	1
rave	1
rationality	1
rational	1
ran	1
ramble	1
rally	1
raise	1
railing	1
railies	1
raihei	1
race	1
r^qii	1
r^jlk>	1
quondam	1
quitted	1
quietly	1
quick	1
questions	1
questioned	1
quarter	1
qualities	1
qfesied	1
qa	1
q	1
putting	1
puts	1
purse	1
puppyism	1
punish	1
prudently	1
provoking	1
province	1
proved.to	1
proved	1
protect	1
prostrate	1
prospect	1
pror	1
propriety	1
proposals	1
prophesy	1
propagate	1
proofs	1
pronounced	1
pronounce	1
projected	1
project	1
profound	1
profited	1
profit	1
professed	1
profane	1
productive	1
procure	1
private	1
principal	1
preyed	1
prevented	1
pretensions	1
pretends	1
pretending	1
pretended	1
pressure	1
preserve	1
presentiment	1
presented	1
prescriptions	1
preparing	1
premise	1
prefers	1
preferred	1
preface	1
prays	1
prancing	1
pran	1
praised	1
praise	1
pqt	1
powet	1
powers	1
powerfully	1
powdered	1
pour	1
pounds	1
postilions	1
post	1
possibility	1
possibilities	1
portion	1
populous	1
popped	1
pope	1
pomp	1
pomised	1
politest	1
polite	1
poignancy	1
pofless	1
poetical	1
plotting	1
plight	1
plentifully	1
pleasures	1
pleasing	1
pleasant	1
pleading	1
plays	1
plaintive	1
placing	1
pitying	1
pit	1
pistols	1
pistol	1
piqued	1
pious	1
pining	1
pinch	1
pill	1
pick	1
philosophically/as	1
philosophic	1
perseverance	1
perplexity	1
permistion	1
perjury	1
perform	1
perfidy	1
perdition	1
perceived	1
penetration	1
pefi	1
peaceable	1
pays	1
paused	1
paths	1
paternal	1
pasting	1
pasted	1
pasta	1
passions	1
passionately	1
passant	1
passage	1
pass	1
pasilon	1
pasiion	1
parties	1
partial	1
parted	1
partake	1
paros	1
parlour	1
park	1
parchments	1
parade	1
pang	1
palfrey	1
palace	1
painter	1
pain	1
page	1
packet	1
packed	1
pack	1
pacify	1
pa/ty	1
owes	1
overwhelmed	1
overturned	1
overturn	1
overburdened	1
outwitted	1
outree*	1
outrageously	1
outlines	1
oufly	1
othello	1
os	1
orphan	1
original	1
orie	1
orf	1
orders	1
ordering	1
opinions	1
opi	1
operas	1
onsolatior	1
omitted	1
omission	1
old-fashioned	1
ol	1
ojje.s	1
ojiit	1
ohce	1
ofref	1
offering	1
offended	1
ofdamsels	1
odious	1
occurs	1
occasionally	1
ocasionally	1
oc	1
obtained	1
obstinate	1
observecl	1
obscurity	1
obliging	1
objects	1
objection	1
objected	1
obeying	1
obey	1
oaths	1
oaks	1
nurse	1
numberless	1
ntiw	1
npw	1
nowv	1
now^to	1
novelty	1
novels	1
nous	1
nourishment	1
notwithstanding	1
notjaut^	1
notions	1
nothjng	1
notable	1
nos	1
northeast	1
norie	1
nope	1
nojj	1
nobody	1
nobler	1
nj	1
nipped	1
nineteen	1
nine	1
nie	1
nextly	1
newspaper	1
news	1
nevertheless	1
netting	1
nephew	1
nent	1
neighbours	1
negligent	1
needful	1
nearer	1
natural	1
napkin	1
naming	1
nameless	1
myd<	1
my.ladylhip	1
my.genius	1
muttered	1
must.be	1
moyston	1
moy	1
motals	1
mortify	1
mortals	1
mort	1
morrow^	1
morrow	1
mornings	1
morals	1
moralises	1
moon	1
monopolising	1
monde	1
modest	1
moderately	1
moderate	1
mocked	1
mkt	1
mission	1
misled	1
miserly	1
miserable	1
minutes	1
miniature	1
millions	1
millener	1
milk	1
miilt	1
mightily	1
mig.hu	1
mifeh	1
midst	1
mhae	1
methodically	1
mention	1
memory	1
meifj	1
meditation	1
meditating	1
meas	1
meaning	1
mbdern	1
matterslwifh	1
match	1
masqued	1
mary	1
marries	1
marriedj	1
marksman	1
mare	1
mar	1
manners	1
mankind	1
manfully	1
managed	1
male	1
maladyso.ht	1
mal	1
maj	1
maintenance	1
magnified	1
madnesa	1
mad.f	1
ma	1
m2ir^fea»feyrs	1
ly	1
lutely	1
loye	1
loveliest	1
lovelace	1
love'at	1
lot	1
lory	1
lop	1
lodge	1
load	1
lo'keep	1
lo	1
lluy.j	1
lived	1
lists	1
listening	1
listened	1
lips	1
lingering	1
line	1
limited	1
lily	1
likely	1
liked	1
liim	1
liie	1
lightning	1
lightly	1
lifrja	1
lies	1
lide	1
library	1
liberty	1
liberal	1
lf	1
letting	1
lesson	1
lell	1
leg	1
lee	1
learned	1
leads	1
leading	1
lea	1
le	1
lazy	1
laws	1
lawful	1
laughter	1
laughs	1
laughing	1
laughed	1
laudable	1
latter	1
later	1
las	1
larry	1
lar	1
languor	1
languish	1
lamentation	1
lament	1
lam	1
laid	1
laces	1
labours	1
la.england	1
l....s	1
ksa	1
knowingly	1
knot	1
kneeled	1
kkid	1
kissing	1
kissed	1
kindness	1
killing	1
killed	1
kill	1
ki	1
ker	1
keeps	1
kast	1
kas	1
kappy	1
justification	1
judgments	1
jtt	1
jt<	1
jswear	1
jsumption	1
jstars	1
js/was	1
js	1
jr	1
jovely	1
joking	1
joj^	1
joint	1
joined	1
jockied	1
jlrong	1
jis	1
jheiv	1
jh^	1
jet	1
jespect	1
jeaye	1
james	1
j^ccasioned	1
j0.nn>	1
i©wcebi	1
iv.faund	1
itii	1
it.fliall	1
isvcast	1
issue	1
iso	1
isi	1
isay	1
is'the	1
iperhaps	1
ip	1
ionfultiitgt	1
ioj	1
io'terr^se*	1
invulnerable	1
invited	1
invite	1
invest	1
inventions	1
introduce	1
intolerably	1
intinelyat	1
intimate	1
intimacy	1
interruption	1
intentionally	1
inten	1
intelligence	1
insupportable	1
insult	1
instil	1
instantaini	1
instant	1
inspire	1
insisting	1
insisted	1
insipidity	1
insipid	1
insinuating	1
inquiry	1
inquired	1
inquire	1
innocent	1
innocence	1
ink	1
injustice	1
injurious	1
inhumanity	1
inhuman	1
inherited	1
inhabitants	1
ingredient	1
ingratiate	1
influenced	1
influence	1
infernal	1
inferior	1
infallible	1
inexpressible	1
inexperienced	1
inexhaustable	1
indulgence	1
induce	1
indissoluble	1
indents	1
indefatigable	1
incur	1
increase	1
inconsolable	1
inconsistent	1
incident	1
inch	1
imprudence	1
impropriety	1
impracticable	1
imposing	1
implore	1
impertinence	1
immortal	1
imagined	1
ilop	1
ilk	1
iis	1
iij	1
iiitimi	1
iiistbr^	1
iihall	1
ihi\/	1
ihail	1
igotrig.to	1
igavelittleatten	1
ifldo	1
ifi	1
ietter	1
ies	1
idolatry	1
idle	1
identical	1
ibid	1
ib	1
i^fhink	1
i.dbserved	1
i..madjev	1
i'shduld	1
i'ordered	1
i'amnision	1
hypocritical	1
hut	1
hunting	1
hunter	1
humili	1
humbling	1
humanity	1
hsr	1
howev&^j	1
houses	1
houri	1
hounds	1
hound	1
horror	1
horns	1
hoping	1
honourably	1
honourable	1
holy	1
hols	1
hobble	1
hit	1
history	1
hirri	1
hire	1
him*trs*faras	1
hid	1
hia	1
hi	1
hgr	1
hfti	1
hey	1
hewn	1
hewkched	1
heuisti	1
heroics	1
herat	1
her.pretty	1
her.me	1
hendj	1
heiress	1
height	1
hearted	1
hearing	1
headed	1
he'll	1
hay	1
havo	1
havirig	1
haul	1
hates	1
hat	1
harpsichord	1
harbouring	1
happens	1
hap	1
hang	1
handing	1
hady	1
habits	1
ha*j*y	1
h&rrhf	1
guine	1
guilty	1
guests	1
guessed	1
guarded	1
grum	1
grow	1
groves	1
groundless	1
grin	1
grief	1
grew	1
gravity	1
gratify.fb'at	1
gratify	1
grateful	1
grapes	1
grandison	1
grandfather	1
grandchildren	1
grand	1
gracious	1
graceful	1
gracefu^ease	1
government	1
governable	1
govd	1
gouty	1
gould	1
gothic	1
goodness	1
gold	1
goefc	1
goddess	1
glow	1
globe	1
glittering	1
glass	1
glaring	1
glare	1
gkl	1
giv©	1
gilded	1
germany	1
genuine	1
gentler	1
generously	1
generally	1
general	1
gaze	1
gate	1
gallop	1
gallantly	1
g^inis	1
fuspence	1
fury	1
furniture	1
furiously	1
furious	1
fulsome	1
fuliy	1
ftlf	1
from'my	1
freedom	1
free	1
fraud	1
frantic	1
frailty	1
frail	1
fracas	1
fqreward	1
fpmefhing	1
foul	1
forwards	1
fortunately	1
forts	1
forte	1
forsaken	1
former	1
formality	1
formal	1
forgiving	1
forgiveness	1
forgetting	1
forfeiting	1
foresee	1
force	1
fop	1
fooum	1
foolish	1
foolhardy	1
fondness	1
foil	1
foes	1
foals	1
fny	1
fluttering	1
floats	1
floating	1
flirtation	1
fleur	1
flections	1
fleam	1
flatters	1
flattering	1
fjlly	1
fjjir	1
fix	1
fitting	1
fit	1
firmly	1
firfd	1
fire	1
fir	1
finishing	1
finished	1
finecloaths	1
final	1
filly	1
fill	1
file	1
fil	1
fiitur'e	1
fifty	1
fias	1
fi<^ri.far^t.o£	1
ffee*	1
fettled	1
fettered	1
fetter	1
fetes	1
fervour	1
fertile	1
fenaiiy	1
fen	1
fellow'has	1
feljow	1
fel	1
fees'for	1
feduee	1
fectly	1
feats	1
feat	1
fe	1
fd\if	1
fcw	1
fcjr9	1
fc	1
fay	1
favourites	1
favoured	1
favourably	1
fault	1
fatigue	1
fatherly	1
fatally	1
fat	1
fastiionedceremony	1
fashionable	1
farmers	1
farewel	1
familiarity	1
faltered	1
falling	1
fallible	1
faithfully	1
faith	1
fainted	1
faint	1
fad	1
faculty	1
faces	1
fable	1
eyer	1
expressly	1
expostulate	1
exploits	1
exploit	1
explained	1
expired	1
experience	1
expects	1
expecting	1
expectations	1
existed	1
exist	1
exhibit	1
exercise	1
execrate	1
execrable	1
excused	1
excited	1
exception	1
excellent	1
exceed	1
examples	1
exactly	1
ex'pedicfon	1
evil	1
everybody	1
every'law	1
everlastingly	1
events	1
eventjhould	1
eveming	1
evej^	1
etter	1
ett	1
et	1
especi	1
error	1
erer	1
er	1
epistu	1
envious	1
entrusted.with	1
entre	1
entire	1
entertainment	1
ensue	1
enslaved	1
ensemble	1
enraptured	1
enlivening	1
enliven	1
enjoyment	1
engrossed	1
engrosied	1
energy	1
endure	1
endue	1
ends	1
endeavours	1
endeavouring	1
encreaied	1
encouraging	1
encouragement	1
encounter	1
enchanting	1
enchanted	1
enamorata	1
enabled	1
emv	1
emerges	1
embarrassed	1
eloquent	1
elegance	1
ekheryou	1
effusions	1
efforts	1
effectually	1
ee	1
edwms	1
educating	1
educated	1
ecteem	1
ecstatic	1
ecstasies	1
eclaircissement	1
ease	1
earl	1
ealldi	1
e/£k/w	1
dye	1
durst	1
durioag	1
duped	1
dull	1
dspi^^laysr	1
dry	1
drri	1
dropped	1
drop	1
driving	1
driven	1
drink	1
drew	1
dressing	1
dressed	1
dread	1
drawn	1
draw	1
drank	1
dowe	1
dover	1
doubting	1
doubted	1
double	1
dotte	1
dose	1
doomed	1
doom	1
dominos	1
domino	1
dob	1
doatingly	1
dled	1
divinities	1
divinely	1
divided	1
divest	1
diverted	1
divert	1
diversion	1
ditto	1
ditations	1
distressed	1
distracted	1
distinction	1
distanced	1
dissolved	1
dissipation	1
dissatisfied	1
dispose	1
displaying	1
dispense	1
dispatched	1
disown	1
disordter	1
disorder	1
dismission	1
dismissed	1
dismal	1
disliked	1
dislike	1
disguise	1
disgraceful	1
disgrace	1
discovers	1
discover	1
disconcerted	1
discarded	1
disasters	1
disappointed	1
dint	1
dinner	1
diligence	1
dignity	1
digestion	1
difficulties	1
difficult	1
differ	1
dialogue	1
diabolical	1
df	1
devoured	1
devoted	1
devilishly	1
devices	1
detection	1
detained	1
despised	1
despicable	1
desperation	1
desperate	1
desire	1
desirable	1
deserves	1
deserved	1
describe	1
descend	1
depends	1
depending	1
departure	1
denouement	1
denham	1
demanded	1
deliverer	1
delightfully	1
delightful'fyrtiptoms	1
delight	1
delay	1
dejection	1
deigns	1
deigned	1
degenerate	1
deficiency	1
defiance	1
defective	1
deeper	1
deem	1
deeds	1
deed	1
decoyed	1
declined	1
declaring	1
declares	1
decide	1
debt	1
dearer	1
deaf	1
de	1
dc^red	1
daylight	1
dash	1
darts	1
darted	1
dark	1
dangling	1
dangerous	1
danby	1
damp	1
damask	1
cutting	1
custom	1
curses	1
curies	1
cultivated	1
cruelty	1
crown	1
crowd	1
cries	1
crew	1
crested	1
creed	1
creaur^	1
creatures	1
cramped	1
coxcomb	1
couple	1
count	1
council	1
could.hardly	1
couid	1
coufn	1
costs	1
cost	1
correspondents	1
correspondence	1
corner	1
convienently	1
convent	1
convenient	1
conveniency	1
contrivances	1
contrivance	1
contribute	1
contrast	1
contracted	1
continuing	1
continuance	1
content	1
contemptible	1
consulting	1
consult	1
constitution	1
constantly	1
consolationis	1
considering	1
considerations	1
consider	1
consciences	1
conquest	1
connexion	1
conld	1
congratulation	1
confounded	1
confound	1
confirmed	1
confinement	1
confined	1
confine	1
confidence	1
confession	1
confessed	1
conditions	1
concluded	1
concerned	1
conceited	1
conceit	1
concealment	1
concealed	1
con	1
compulsion	1
comprehend	1
compre	1
composure	1
composition	1
compose	1
complying	1
comply	1
compliment	1
complexion	1
completely	1
complaints	1
complaint	1
complained	1
competency	1
companies	1
communicative	1
common	1
commodious	1
commit	1
commend	1
commencement	1
commenced	1
commander	1
comfortable	1
comfort	1
colours	1
coast	1
coachman	1
clutches	1
clothes	1
clog	1
clergy	1
clearer	1
cleared	1
claret	1
cisr	1
circumstances	1
circumstanced	1
circulated	1
circles	1
chough	1
choose	1
choje	1
chit	1
chisbeo	1
chifbeo	1
cheerfulness	1
cheeks	1
chatty	1
chase	1
charms	1
charges	1
chapter	1
chapron	1
changed	1
chains	1
chagrin	1
ceteras	1
certainty	1
censure	1
ceno	1
ccdnnot	1
cb	1
caution	1
catholics	1
casting	1
casion	1
casioji	1
carnage	1
cari	1
careless	1
carei	1
carefully	1
cards	1
car	1
captive	1
cap	1
cantering	1
cantered	1
cani	1
calls	1
calling	1
calculated	1
cafe	1
cacy	1
ca.rryirig	1
c'this£	1
bytshe	1
butspeak	1
buta	1
bus	1
burden	1
bungling	1
builf	1
build	1
bui	1
bthvo	1
brute	1
brood	1
broken	1
broke	1
broad	1
brings	1
brightest	1
bridies	1
bribes	1
bred	1
breathe	1
breast	1
branch	1
boy	1
bowed	1
bountiful	1
bottomless	1
bottom	1
bottle	1
bosoms	1
books	1
boggle	1
bodily	1
bo	1
blunder	1
blessings	1
ble	1
bld	1
blank	1
blameless	1
blamed	1
blameable	1
bitter	1
bids	1
biding	1
bidding	1
bhe	1
bf	1
beware	1
betraying	1
betrayer	1
bestow	1
besides	1
benson	1
benighted	1
benefit	1
benediction	1
below	1
belles	1
believing	1
bejng	1
beholds	1
behaving	1
beguile	1
begs	1
begins	1
beginning	1
beggar	1
bee	1
bedsore	1
bedford	1
beauteous	1
beaus	1
bccupied	1
bave	1
bath	1
basest	1
bark	1
banrain	1
bamboozled	1
ball	1
backgammon	1
baby	1
babilityy	1
ayer	1
ay	1
awkward	1
awe	1
awakened	1
avaricious	1
avails	1
av	1
aunti	1
audience	1
attends	1
attendants	1
attendant	1
attempting	1
attains	1
attachment	1
attached	1
astpnish	1
astonishes	1
astoniih	1
astley	1
assuming	1
assent	1
assemble	1
assail	1
ass	1
aspire	1
aslc	1
asient	1
aside	1
ashamed	1
artillery	1
artful	1
arrired	1
arose	1
army	1
arjr>s	1
arid	1
argument	1
arduous	1
arch	1
arcadian	1
arc	1
arabella	1
ara	1
ar.li.i	1
ar	1
apt	1
aproach	1
approving	1
approve	1
approbation	1
approached	1
approach	1
apprensions	1
appointed	1
apply'for	1
applauded	1
appertaining	1
appearing	1
apostate	1
apology	1
anyother	1
antiquated	1
antici	1
answers	1
answered	1
animation	1
angry	1
angelic	1
amusing	1
amusement	1
amazingly	1
amazement	1
amazed	1
amaz	1
always	1
altogether	1
alters	1
altered	1
alt	1
ally	1
alloy	1
allowing	1
all^we	1
alive	1
alike	1
ali	1
airs	1
aiothing	1
aiming	1
aim	1
aikfn	1
aiked	1
aiiyluml	1
agree	1
afternoon	1
afraid	1
afkng	1
affections	1
affected	1
affect	1
aeon	1
ady	1
advises	1
advetures	1
adorers	1
adorer	1
admittance	1
admit	1
admiring	1
admires	1
admired	1
admirably	1
administered	1
adieus	1
adds	1
addressed	1
additional	1
adding	1
adapted	1
adamant	1
ad	1
action	1
act	1
across	1
ace	1
accuse	1
accusations	1
accounting	1
accomplishing	1
accompanying	1
accompanies	1
accidents	1
accepted	1
acceptance	1
abundant	1
absurdity	1
absolute	1
absb	1
abroad	1
about7nine	1
abode	1
abigails	1
abhorence	1
abated	1
abandon	1
aad	1
aa	1
a.one	1
a.blank	1
a*hd	1
^uriious	1
^ttchsm	1
^tn.'dueftime	1
^ftaswrebughts	1
^fmore	1
>«5	1
<°	1
<bdt	1
<-	1
<	1
9*	1
7«	1
5°	1
5*	1
3°	1
3«	1
/ovyer	1
/',	1
/#	1
.»	1
.«	1
.[,	1
./*	1
..:	1
.....:	1
...*	1
.)	1
.'.	1
."'	1
--	1
*££	1
*ex#£tty	1
*;	1
*3»	1
*.	1
**°	1
**6	1
'\	1
'[	1
';	1
':	1
'..	1
',	1
'*	1
'''	1
''	1
'"'	1
%	1
"*[	1
!,	1
