,	2477
the	2368
of	1333
and	1225
to	1058
.	866
his	671
he	563
a	529
in	464
"	456
that	451
was	350
i	314
with	311
him	306
which	304
you	265
had	249
it	248
they	247
not	237
at	223
their	219
on	215
by	215
her	211
as	198
for	194
but	193
;	188
who	187
."	176
is	173
from	155
my	144
this	143
have	137
them	133
be	132
were	128
she	128
all	123
one	122
!	105
—	100
will	100
so	92
said	89
two	88
me	87
more	85
young	81
would	81
an	81
when	79
are	77
could	73
or	69
if	66
genevieve	66
your	64
we	64
do	64
should	63
no	63
made	61
himself	61
been	60
some	59
there	58
day	58
our	57
did	56
those	54
much	54
whom	53
what	53
well	53
time	53
than	53
little	53
theodore	52
never	50
most	50
marcelin	50
father	50
|'s|	49
other	48
among	48
every	47
brother	47
without	46
these	46
only	46
where	44
shall	44
old	44
|arabic2digit|	43
man	43
wife	42
sister	42
great	42
many	41
how	41
life	39
la	39
first	39
up	38
may	38
oh	37
family	37
after	37
|arabic3digit|	36
whose	36
upon	36
soon	36
same	36
out	36
make	36
has	36
george	36
three	35
see	35
into	35
heart	35
each	35
children	35
can	35
then	34
honour	34
good	34
us	33
go	33
under	32
people	32
house	32
hand	32
took	31
place	30
gave	30
down	30
?"	30
son	29
poor	29
placed	29
obliged	29
mother	29
words	28
take	28
before	28
again	28
!"	28
happy	27
give	27
am	27
about	27
received	26
now	26
must	26
like	26
felt	26
de	26
care	26
being	26
:	26
years	25
work	25
sometimes	25
passed	25
paris	25
own	25
men	25
marcel	25
know	25
humble	25
friend	25
francs	25
any	25
?	25
went	24
very	24
st	24
long	24
joy	24
bastien	24
porter	23
often	23
hands	23
girl	23
education	23
duty	23
come	23
coal	23
|arabic1digit|	22
noble	22
myself	22
came	22
while	21
wagon	21
officer	21
might	21
head	21
found	21
dear	21
told	20
put	20
least	20
happiness	20
god	20
eyes	20
bank	20
such	19
part	19
nothing	19
necessary	19
let	19
lawrence	19
joseph	19
arms	19
strength	18
stephen	18
road	18
over	18
madame	18
m	18
love	18
home	18
having	18
duhamel	18
does	18
comrade	18
carried	18
always	18
worthy	17
use	17
thought	17
side	17
morning	17
its	17
ever	17
covered	17
courage	17
cannot	17
brought	17
wished	16
six	16
seemed	16
rue	16
power	16
numerous	16
moment	16
load	16
large	16
interest	16
indeed	16
herself	16
here	16
get	16
driver	16
done	16
best	16
because	16
arrived	16
able	16
village	15
until	15
surrounded	15
soul	15
say	15
parents	15
others	15
night	15
length	15
labour	15
hyppolite	15
hope	15
five	15
find	15
far	15
face	15
economy	15
count	15
cast	15
baron	15
also	15
whole	14
think	14
robert	14
right	14
read	14
off	14
left	14
hundred	14
gratitude	14
dress	14
devotion	14
daughters	14
cried	14
clothes	14
classes	14
aid	14
accused	14
why	13
town	13
too	13
together	13
though	13
themselves	13
taking	13
still	13
reduced	13
proud	13
profession	13
police	13
perriere	13
perhaps	13
near	13
miles	13
less	13
honourable	13
heaven	13
greatest	13
girls	13
fireman	13
farm	13
experienced	13
even	13
especially	13
employed	13
during	13
days	13
capital	13
become	13
away	13
assisted	13
appeared	13
another	13
'	13
yes	12
vain	12
tell	12
taken	12
speak	12
society	12
seconds	12
savings	12
once	12
obtained	12
number	12
name	12
mutual	12
mind	12
medal	12
marc	12
making	12
lips	12
just	12
journey	12
jacket	12
innocence	12
gervais	12
effect	12
baths	12
advocate	12
want	11
saved	11
returned	11
return	11
reason	11
pieces	11
painful	11
pain	11
o'clock	11
new	11
met	11
merchant	11
means	11
known	11
heard	11
hat	11
forty	11
finished	11
feel	11
faithful	11
exposed	11
everything	11
cold	11
cause	11
called	11
boy	11
between	11
better	11
answered	11
added	11
wound	10
wish	10
voice	10
unfortunate	10
twins	10
strong	10
story	10
stop	10
stone	10
small	10
sir	10
save	10
rich	10
remain	10
regard	10
prove	10
possible	10
pleasures	10
person	10
perceived	10
pay	10
offer	10
nor	10
nieces	10
longer	10
living	10
lesson	10
kept	10
hours	10
high	10
heavy	10
habit	10
going	10
gained	10
comrades	10
carrier	10
banker	10
artenay	10
already	10
age	10
yet	9
worth	9
winter	9
wine	9
way	9
walk	9
toward	9
through	9
thousand	9
third	9
ten	9
street	9
soldier	9
situation	9
season	9
school	9
saying	9
round	9
room	9
ready	9
reached	9
proposed	9
order	9
officers	9
obtain	9
next	9
need	9
natural	9
modest	9
mean	9
lightning	9
led	9
last	9
labouring	9
honest	9
gold	9
gain	9
fire	9
excellent	9
end	9
dragged	9
drag	9
different	9
customers	9
convinced	9
conduct	9
city	9
child	9
change	9
carrying	9
carry	9
boys	9
both	9
began	9
became	9
appearance	9
although	9
accept	9
yourself	8
woman	8
virtue	8
villette	8
usual	8
useful	8
true	8
touching	8
thus	8
tender	8
task	8
surprise	8
streets	8
strap	8
stopped	8
something	8
shoes	8
saint	8
reward	8
rendered	8
remained	8
rank	8
protect	8
promise	8
pass	8
month	8
master	8
makes	8
leave	8
labours	8
knowledge	8
knew	8
hard	8
habits	8
goodness	8
godchild	8
gives	8
generous	8
gay	8
frankness	8
france	8
forget	8
flora	8
fifteen	8
few	8
feeling	8
fatigue	8
families	8
fall	8
experience	8
evening	8
enough	8
door	8
don't	8
distinguished	8
distance	8
desire	8
descarville	8
daily	8
confidence	8
coming	8
celebrated	8
cap	8
cabriolet	8
brave	8
box	8
books	8
begged	8
beausse	8
bag	8
assured	8
asked	8
against	8
afterwards	8
affection	8
zelie	7
zeal	7
word	7
week	7
water	7
turn	7
tried	7
touched	7
sun	7
success	7
student	7
sought	7
slightest	7
skill	7
sick	7
service	7
servants	7
sent	7
secret	7
second	7
search	7
saw	7
route	7
rest	7
respect	7
regret	7
public	7
privations	7
pride	7
preserve	7
presence	7
popular	7
placing	7
performed	7
orders	7
occupied	7
none	7
months	7
money	7
live	7
limbs	7
innocent	7
imagination	7
husband	7
household	7
heat	7
half	7
guard	7
given	7
fulfil	7
friends	7
force	7
foot	7
follow	7
fate	7
fatal	7
eye	7
excited	7
escape	7
entirely	7
engraver	7
emotion	7
earned	7
double	7
directed	7
deprived	7
declared	7
cry	7
crowd	7
conducted	7
church	7
charity	7
caused	7
call	7
cab	7
brain	7
body	7
blood	7
beautiful	7
bear	7
assistance	7
appear	7
alone	7
advantages	7
act	7
above	7
year	6
write	6
worked	6
wheelwright	6
wealthy	6
trade	6
toil	6
till	6
tears	6
tavern	6
suspected	6
sunday	6
succeeded	6
subjected	6
striking	6
steps	6
spasms	6
soup	6
skilful	6
sight	6
shoulder	6
severe	6
seen	6
scarcely	6
satisfaction	6
sapeurs	6
restored	6
restore	6
required	6
render	6
remarkable	6
recover	6
questions	6
provide	6
proofs	6
procured	6
prize	6
prison	6
pressing	6
pressed	6
portfolio	6
pity	6
passing	6
owe	6
ought	6
opened	6
offered	6
nature	6
misery	6
merited	6
manners	6
manner	6
loved	6
lost	6
liberty	6
legs	6
leather	6
language	6
kindness	6
keep	6
insulted	6
impossible	6
immediately	6
humanity	6
hour	6
held	6
giving	6
gentlemen	6
general	6
frightful	6
friendship	6
fortune	6
forced	6
followed	6
finish	6
filled	6
fifty	6
feet	6
feared	6
expression	6
esteem	6
endeavoured	6
early	6
drive	6
drink	6
draw	6
dragging	6
desired	6
delighted	6
degree	6
death	6
cutters	6
cure	6
cruel	6
cries	6
conversation	6
continued	6
composed	6
common	6
childhood	6
chamber	6
canal	6
business	6
bring	6
bread	6
boulogne	6
blessed	6
behind	6
bar	6
attachment	6
assist	6
ashamed	6
articles	6
arose	6
advantage	6
address	6
acknowledge	6
account	6
accident	6
*	6
|romannumeral|	5
youth	5
writing	5
world	5
workshop	5
wives	5
wishes	5
white	5
wages	5
twenty	5
twelve	5
treated	5
treasure	5
towards	5
toury	5
thirty	5
terrible	5
talk	5
table	5
suspicion	5
suffering	5
students	5
steep	5
sous	5
soldiers	5
smile	5
sleeping	5
sisters	5
silver	5
silent	5
sign	5
show	5
short	5
senses	5
saving	5
sad	5
sacred	5
royal	5
retired	5
resolved	5
reputation	5
refused	5
receive	5
rather	5
raised	5
quitted	5
qualities	5
proved	5
procure	5
price	5
present	5
precious	5
prayer	5
porters	5
pompiers	5
pleasure	5
please	5
plains	5
piece	5
peasant	5
pavements	5
paved	5
patron	5
pale	5
paid	5
owed	5
obscurity	5
neighbours	5
necessity	5
nearly	5
named	5
moments	5
model	5
memory	5
lower	5
look	5
lodged	5
lively	5
lawyer	5
kitchen	5
jury	5
insult	5
inspired	5
inhabitants	5
infirm	5
indispensable	5
humiliation	5
houses	5
horse	5
holding	5
hastened	5
guilty	5
grew	5
got	5
godfather	5
glass	5
french	5
forth	5
fields	5
fidelity	5
fellow	5
fear	5
faubourg	5
fallen	5
failed	5
expense	5
existence	5
exercise	5
established	5
entrance	5
elevated	5
eight	5
drawn	5
doubt	5
die	5
destination	5
deposit	5
daughter	5
crying	5
court	5
country	5
contained	5
constant	5
companion	5
combat	5
coat	5
coarse	5
clothing	5
clothed	5
charged	5
chapel	5
certain	5
cart	5
burden	5
brother-in-law	5
breath	5
black	5
birth	5
beloved	5
attacked	5
astonished	5
ardent	5
approves	5
apartment	5
angel	5
along	5
ah	5
affair	5
admiration	5
admirable	5
activity	5
accidents	5
accepted	5
yours	4
wounded	4
worn	4
wood	4
walked	4
uncle	4
truth	4
trees	4
treat	4
ties	4
thinking	4
thank	4
talent	4
sure	4
sur	4
suffer	4
struck	4
store	4
stock	4
state	4
standing	4
spoke	4
spirit	4
spectacle	4
slept	4
sleep	4
shops	4
shafts	4
seven	4
services	4
self	4
seems	4
seeing	4
seated	4
seat	4
scholars	4
ruin	4
resume	4
resting	4
resolution	4
resist	4
residence	4
repeated	4
repast	4
renewed	4
regained	4
redouble	4
recovered	4
purse	4
pure	4
proving	4
prosperity	4
proof	4
project	4
progress	4
produce	4
prevented	4
pretended	4
preserved	4
prepared	4
position	4
pleasing	4
pleasant	4
plate	4
piercing	4
perfection	4
per	4
path	4
party	4
ourselves	4
opinion	4
object	4
obey	4
notwithstanding	4
nine	4
neither	4
nailed	4
mine	4
meals	4
maintained	4
loss	4
leaving	4
lay	4
laws	4
latter	4
late	4
kisses	4
invited	4
insensibly	4
information	4
inform	4
influence	4
infirmity	4
independence	4
important	4
ignorance	4
ice	4
human	4
holy	4
hold	4
hills	4
hill	4
hear	4
health	4
happened	4
guilt	4
ground	4
greatness	4
greater	4
gradually	4
goods	4
glad	4
gifts	4
garret	4
gardens	4
gains	4
gaiety	4
furnisher	4
fruit	4
form	4
forgotten	4
foolish	4
following	4
flashed	4
fixed	4
fine	4
filial	4
fight	4
fers	4
fell	4
feelings	4
fast	4
fashionable	4
famous	4
fact	4
expenses	4
example	4
escaped	4
equals	4
entered	4
enjoyed	4
encourage	4
enabled	4
empty	4
effort	4
easily	4
ease	4
ears	4
duties	4
du	4
dressed	4
drank	4
divine	4
distress	4
displayed	4
discover	4
dignity	4
difficult	4
despise	4
deserved	4
demanded	4
delight	4
defend	4
dare	4
dangers	4
dance	4
crossed	4
criminal	4
crime	4
counsel	4
corner	4
conviction	4
consequences	4
congratulated	4
confided	4
condition	4
conceal	4
commenced	4
cloth	4
class	4
clad	4
character	4
case	4
caresses	4
burning	4
breast	4
born	4
blow	4
benefactor	4
believe	4
bed	4
bearing	4
barriere	4
banks	4
bale	4
back	4
awoke	4
avoid	4
aux	4
author	4
attention	4
attached	4
astonishment	4
asselin	4
art	4
arrested	4
around	4
arm	4
anxious	4
answer	4
announced	4
amused	4
allowed	4
allow	4
air	4
agreed	4
admired	4
addressed	4
acquired	4
acknowledged	4
accompanied	4
|arabic4digit|	3
yielded	3
yield	3
wrong	3
written	3
works	3
wiseacre	3
whence	3
wet	3
ward	3
visited	3
visit	3
vincennes	3
venerable	3
velvet	3
vanity	3
value	3
uttered	3
utter	3
used	3
upstart	3
unless	3
united	3
understand	3
twenty-four	3
turned	3
trunk	3
trousers	3
triumph	3
trick	3
trembled	3
travelling	3
travellers	3
trait	3
torn	3
tomorrow	3
times	3
threw	3
thoughts	3
thing	3
thefts	3
thee	3
tenderness	3
tales	3
sword	3
surround	3
surprised	3
support	3
summer	3
sum	3
sublime	3
study	3
strengthened	3
straw	3
strangers	3
strange	3
stood	3
stones	3
stolen	3
step	3
stay	3
stand	3
stalks	3
spoon	3
spectators	3
speaking	3
spare	3
softly	3
smiling	3
sitting	3
since	3
simple	3
silk	3
silence	3
shop	3
shock	3
servant	3
separated	3
send	3
sell	3
seldom	3
seek	3
security	3
satisfied	3
sarcasms	3
salutary	3
safety	3
sacrifice	3
sack	3
rushed	3
rough	3
rouge	3
rigour	3
returning	3
retreat	3
resumed	3
restoring	3
respectful	3
resource	3
reproach	3
repress	3
renounce	3
remarked	3
relate	3
reigned	3
regretting	3
regarded	3
refresh	3
recovering	3
receiving	3
real	3
reading	3
readily	3
rare	3
raise	3
quarrels	3
quarrel	3
purity	3
providence	3
proverb	3
propriety	3
propensity	3
pronounced	3
profound	3
profit	3
produced	3
prevent	3
preparing	3
prepare	3
pray	3
possessed	3
port	3
population	3
pockets	3
plunged	3
plead	3
pious	3
pilgrimage	3
physician	3
philanthropic	3
perspiration	3
perseverance	3
permit	3
peacefully	3
patched	3
pastor	3
parsimony	3
paralized	3
paper	3
original	3
opening	3
office	3
occurrence	3
occupation	3
obstacles	3
obscure	3
noticed	3
nobleness	3
neighbour	3
naturally	3
native	3
names	3
moved	3
mount	3
mode	3
minds	3
military	3
militaire	3
merry	3
merit	3
mercy	3
mer	3
married	3
marriage	3
marks	3
maintain	3
magistrates	3
magistrate	3
lose	3
looked	3
liveliest	3
lived	3
litter	3
linen	3
line	3
letting	3
leisure	3
laugh	3
laid	3
labourers	3
kobert	3
knows	3
knees	3
kind	3
keeping	3
keeper	3
justice	3
jeweller	3
jar	3
irritation	3
introduction	3
intoxicated	3
interesting	3
intended	3
insults	3
instruction	3
instant	3
instances	3
inspiration	3
injury	3
injured	3
infant	3
inexpressible	3
industry	3
indignation	3
indigent	3
increasing	3
increased	3
idle	3
hunger	3
humiliating	3
humblest	3
however	3
hospitality	3
hopes	3
highest	3
heroism	3
helping	3
haughty	3
harvest	3
hardly	3
happiest	3
gulf	3
guide	3
guardian	3
guaranty	3
grief	3
grave	3
glory	3
gathered	3
garden	3
gambling	3
future	3
furniture	3
frequent	3
fraternal	3
fourth	3
former	3
formed	3
fills	3
fifth	3
fervour	3
fears	3
fathers	3
farmer	3
faces	3
extravagance	3
express	3
exposing	3
expended	3
execute	3
except	3
examine	3
evidence	3
establishment	3
equal	3
entire	3
engraving	3
emptying	3
employs	3
employment	3
embraced	3
embrace	3
elizabeth	3
efforts	3
echo	3
earth	3
earnings	3
due	3
drunkard	3
domestic	3
disposition	3
disposed	3
died	3
developed	3
deprive	3
deposited	3
degrees	3
deep	3
deceived	3
dearest	3
deal	3
dead	3
dawn	3
dancing	3
cut	3
cured	3
crutches	3
cross	3
course	3
cotton	3
cot	3
cost	3
corps	3
cook	3
content	3
containing	3
consideration	3
consider	3
consent	3
confounded	3
confessed	3
concealed	3
completed	3
complete	3
comparison	3
commands	3
comfort	3
closer	3
climb	3
clerks	3
clerk	3
chosen	3
choose	3
choice	3
chief	3
charming	3
cents	3
cease	3
cavalry	3
carriers	3
cares	3
career	3
captain	3
bursting	3
bringing	3
brilliant	3
breathless	3
breakfast	3
brandy	3
bottle	3
bore	3
blue	3
birthday	3
beyond	3
besides	3
bench	3
beings	3
beer	3
bathing	3
barracks	3
banquet	3
bad	3
authors	3
attack	3
assize	3
asleep	3
ask	3
artisans	3
article	3
arrive	3
ancien	3
aiding	3
aided	3
agents	3
affront	3
affairs	3
adversary	3
addition	3
active	3
actions	3
across	3
accustomed	3
accusation	3
accosted	3
according	3
accomplish	3
accomplice	3
abandoned	3
...	3
.'"	3
wrote	2
writer	2
wretches	2
workman	2
wore	2
women	2
witness	2
wiped	2
wind	2
wild	2
wicked	2
whipped	2
wherever	2
whenever	2
weight	2
weeks	2
weather	2
weapons	2
wealth	2
weakened	2
waste	2
washed	2
warmth	2
wants	2
walls	2
walking	2
waiting	2
wait	2
wagoners	2
vows	2
volume	2
void	2
vocation	2
virtues	2
villains	2
vigour	2
vigorous	2
view	2
vice	2
veneration	2
veil	2
valour	2
vainly	2
uttering	2
utmost	2
unlooked-for	2
unjust	2
uniting	2
unite	2
union	2
uniform	2
undertaken	2
unable	2
twined	2
twenty-six	2
try	2
triumphal	2
treating	2
traverses	2
travel	2
translation	2
traders	2
trace	2
top	2
tongue	2
tone	2
toasts	2
thunderstorm	2
thunder	2
thrown	2
thirst	2
things	2
thick	2
therefore	2
tended	2
temperance	2
taught	2
tastes	2
taste	2
talking	2
talked	2
swords	2
sweetest	2
sweet	2
suspect	2
survive	2
supposed	2
supply	2
sums	2
sullen	2
suit	2
sufficient	2
sufficed	2
sufferings	2
suffered	2
submission	2
style	2
stupified	2
studies	2
stranger	2
storm	2
stops	2
stoppage	2
stockings	2
steel	2
steamboat	2
stealing	2
starting	2
stands	2
stagecoach	2
stack	2
square	2
spring	2
sports	2
splendid	2
spared	2
soups	2
sorry	2
sons	2
sold	2
smooth	2
smoking	2
smiled	2
slight	2
sky	2
skates	2
skaters	2
size	2
sixty	2
sixteen	2
single	2
singing	2
sincere	2
signs	2
signal	2
sigh	2
shown	2
showed	2
shivering	2
shirt	2
sheaves	2
sharpers	2
share	2
sex	2
several	2
serving	2
served	2
serve	2
serious	2
september	2
sensibility	2
senseless	2
sempstress	2
self-denial	2
seine	2
sea	2
schools	2
scholar	2
scamp	2
says	2
saucy	2
saturday	2
sat	2
safe	2
rusty	2
rule	2
ruffled	2
rooms	2
rolled	2
rogues	2
rival	2
risk	2
rising	2
rise	2
rigours	2
rigid	2
reverses	2
retire	2
resumes	2
result	2
respiration	2
respected	2
resources	2
resign	2
resembles	2
require	2
reproaches	2
reproached	2
replaced	2
replace	2
repeat	2
reparation	2
repair	2
rent	2
remove	2
remorse	2
remember	2
remains	2
related	2
regretted	2
registered	2
regaining	2
refuse	2
referred	2
redoubled	2
rectitude	2
recollected	2
recognised	2
recalled	2
reassured	2
reared	2
reappeared	2
realised	2
reach	2
rash	2
ranks	2
ran	2
rain	2
rage	2
quiet	2
quick	2
questioned	2
question	2
quarter	2
quality	2
qu*	2
putting	2
purchase	2
punctually	2
provisions	2
provided	2
proudly	2
propose	2
proportion	2
promised	2
prolonged	2
prodigality	2
procures	2
probity	2
principles	2
prey	2
pretty	2
presses	2
preserver	2
presents	2
presented	2
prefer	2
predict	2
preceded	2
powerless	2
powder	2
poured	2
poterie	2
possess	2
portray	2
porch	2
poiree	2
pointed	2
poh	2
pocket	2
plunging	2
plume	2
pleased	2
played	2
play	2
plans	2
places	2
pipe	2
piety	2
picture	2
physical	2
philanthropy	2
perusal	2
persons	2
perpetrator	2
performing	2
perfect	2
perceiving	2
perceive	2
penetrated	2
peace	2
past	2
passion	2
passer	2
particularly	2
parsimonious	2
paralytic	2
paralizes	2
pantaloons	2
palais	2
pair	2
painfully	2
pace	2
overcome	2
outfit	2
otherwise	2
orleans	2
orators	2
open	2
oldest	2
older	2
offers	2
offering	2
odeon	2
occupations	2
occasions	2
occasioned	2
occasionally	2
observer	2
obliges	2
objects	2
obeyed	2
oath	2
note	2
noon	2
noblest	2
nervous	2
neighbouring	2
neighbourhood	2
neck	2
necessaries	2
nation	2
n	2
movement	2
mouth	2
moral	2
modesty	2
mistaken	2
mission	2
misfortune	2
mingled	2
midst	2
middling	2
middle	2
mentioned	2
member	2
measure	2
meanwhile	2
mats	2
martin	2
manufacturer	2
maker	2
main	2
low	2
loving	2
lover	2
lot	2
losses	2
losing	2
lives	2
light	2
lessened	2
legion	2
leathern	2
learn	2
lead	2
le	2
lawyers	2
lavalette	2
larger	2
lancers	2
kissed	2
judges	2
judged	2
judge	2
joys	2
joyous	2
jolting	2
jolt	2
job	2
jewellery	2
jest	2
jealousy	2
j	2
irresistible	2
irreproachable	2
iron	2
invalid	2
intrepid	2
interrupted	2
intend	2
instinct	2
inspector	2
inside	2
inn	2
inhabitant	2
ingenious	2
informed	2
infancy	2
inexperience	2
industrious	2
indulgence	2
indulged	2
induce	2
index	2
independent	2
indefatigable	2
increase	2
inanimate	2
impulse	2
improvisation	2
impressions	2
imposed	2
implore	2
immense	2
ideas	2
idea	2
hussars	2
hussar	2
husbands	2
hurt	2
hurry	2
humiliated	2
hostess	2
hospitals	2
hospital	2
horses	2
hoped	2
honours	2
honoured	2
honesty	2
homage	2
hole	2
historical	2
hide	2
heroine	2
heroic	2
help	2
heavens	2
hearts	2
headstrong	2
heads	2
harvests	2
harnessed	2
handcart	2
halfway	2
hailed	2
guarde	2
grind	2
greve	2
grasps	2
grace	2
gone	2
goes	2
goal	2
gift	2
getting	2
gentleness	2
gentleman	2
gentle	2
gates	2
gate	2
garments	2
garb	2
games	2
game	2
gaining	2
fury	2
full	2
fulfilled	2
frocks	2
fringes	2
fringe	2
fright	2
freely	2
franc	2
four	2
founded	2
forms	2
forming	2
forgot	2
foreseen	2
fool	2
food	2
folly	2
follows	2
floor	2
flew	2
flashing	2
finding	2
finally	2
fill	2
fighting	2
fellowship	2
favourite	2
favourable	2
fault	2
fatigued	2
faith	2
faintness	2
fainted	2
fail	2
extravagant	2
extraordinary	2
extend	2
expressive	2
expressions	2
expressed	2
expose	2
expiration	2
experiencing	2
expecting	2
expanded	2
exists	2
exertions	2
excites	2
excessive	2
examined	2
examination	2
exalted	2
exact	2
evinced	2
everybody	2
etampes	2
errors	2
equally	2
enter	2
enjoy	2
engraved	2
energy	2
endeared	2
employ	2
empire	2
elementary	2
elegant	2
either	2
educated	2
educate	2
economical	2
easy	2
earnest	2
earliest	2
dying	2
dwelling	2
dust	2
dupes	2
drowned	2
drivers	2
dried	2
drew	2
dresses	2
dream	2
dreadful	2
drawing	2
dominoes	2
doing	2
doctor	2
dizzy	2
distributed	2
distinguishes	2
distinction	2
dissipation	2
disorder	2
discreet	2
discharged	2
discharge	2
disarmed	2
difficulty	2
determined	2
destroying	2
destroyed	2
destiny	2
destined	2
despite	2
despair	2
desirous	2
deserve	2
described	2
describe	2
descending	2
des	2
deposits	2
depositors	2
depend	2
departure	2
demeanour	2
delivered	2
delicious	2
delicacy	2
defensive	2
defender	2
deepest	2
decided	2
dashing	2
dared	2
dangerous	2
danger	2
custom	2
curate	2
crowned	2
credit	2
creatures	2
covet	2
covering	2
cover	2
courageous	2
countess	2
costume	2
corrupt	2
copperplate	2
convulsive	2
convulsions	2
convalescent	2
contribute	2
contrary	2
contracted	2
contented	2
constantly	2
considerable	2
conqueror	2
conquered	2
conquer	2
confession	2
condemned	2
concluded	2
conceived	2
concealing	2
compromise	2
compassion	2
committed	2
commission	2
commissary	2
commence	2
commanding	2
combatants	2
colonel	2
college	2
coach	2
clouds	2
citizen	2
cite	2
circuit	2
circle	2
christian	2
cherished	2
cheer	2
chat	2
charms	2
charitable	2
charge	2
characters	2
chance	2
causing	2
caught	2
cases	2
carville	2
carts	2
carelessly	2
careful	2
calm	2
cakes	2
button	2
bundle	2
brothers	2
bound	2
boulevard	2
bottles	2
bosom	2
borders	2
boat	2
blushed	2
blush	2
blind	2
blessing	2
bless	2
blame	2
bills	2
billiards	2
bertin	2
bent	2
benefit	2
benediction	2
belongs	2
belonging	2
becoming	2
beauvais	2
beaumont	2
beat	2
bathed	2
barroom	2
bargain	2
ball	2
bales	2
badly	2
badge	2
bachelor	2
aware	2
avoided	2
avenge	2
autumn	2
attracted	2
attended	2
attend	2
attacks	2
asking	2
ascend	2
appointed	2
applied	2
appearances	2
apparent	2
apart	2
anything	2
ancient	2
altar	2
alms	2
almost	2
aliment	2
agriculture	2
affectionate	2
advocates	2
adventurer	2
advances	2
advance	2
adopted	2
admitted	2
admit	2
addressing	2
add	2
action	2
acquittal	2
accuse	2
accomplishment	2
accompany	2
absent	2
abroad	2
abandon	2
)	2
(	2
"*	2
■	1
©escarville	1
|arabic5+digit|	1
zealous	1
ze	1
youths	1
yourselves	1
youngest	1
yielding	1
yeux	1
yearly	1
yawns	1
writers	1
wretchedness	1
wretch	1
workmen	1
working	1
woollen	1
wool	1
woods	1
wooden	1
wondered	1
won't	1
wolf	1
woes	1
wo	1
witty	1
witnessed	1
withered	1
withdrew	1
wishing	1
wires	1
winnings	1
winds	1
wills	1
willing	1
willed	1
widow	1
whither	1
whip	1
whining	1
wheeled	1
wheel	1
wheat	1
whatever	1
wharves	1
welcome	1
weighty	1
weeds	1
weariness	1
wearer	1
wear	1
weakness	1
weak	1
waving	1
wave	1
watched	1
watch	1
wasting	1
wasted	1
wash	1
warrant	1
warn	1
warmly	1
warmed	1
warm	1
wardrobe	1
war	1
wanting	1
wandered	1
waked	1
wager	1
vrilliere	1
voltaire	1
vivacity	1
visor	1
violets	1
violent	1
violence	1
vines	1
villages	1
villagers	1
villager	1
vie	1
victors	1
victims	1
victim	1
vicious	1
vexed	1
vest	1
versed	1
verge	1
verdure	1
verdict	1
various	1
variation	1
vam	1
valuables	1
valuable	1
valliant	1
valleys	1
vaimiliating	1
vague	1
vagabonds	1
vacations	1
vacation	1
utteted	1
utensil	1
usually	1
using	1
usefulness	1
usage	1
urged	1
urge	1
urbanity	1
unveil	1
unsocial	1
unmoved	1
unlucky	1
unlock	1
unloaded	1
unjustly	1
unites	1
unheard	1
unhealthy	1
unharmed	1
unhappy	1
unexpected	1
uneasy	1
uneasily	1
undoubtedly	1
undertook	1
undertaking	1
undertake	1
understanding	1
unclaimed	1
uncharged	1
unchanged	1
unanswered	1
unanimously	1
un	1
tyre	1
twin	1
twenty-two	1
twenty-five	1
tween	1
turns	1
turning	1
turenne	1
trust	1
truly	1
truest	1
trouble	1
trot	1
trone	1
triumphing	1
trig	1
tribute	1
trials	1
treul	1
trembling	1
tree	1
treatise	1
treasures	1
traversed	1
traveller	1
travelled	1
transports	1
transport	1
transparent	1
translator	1
translated	1
transitory	1
traits	1
track	1
traces	1
toys	1
tottering	1
torrents	1
tops	1
toilsome	1
toils	1
toes	1
today	1
tocbmaw	1
tivoli	1
titles	1
title	1
tired	1
tipsy	1
tingling	1
timidity	1
timid	1
tien	1
tie	1
tide	1
tickled	1
tickets	1
ticed	1
thy	1
thursday	1
thrust	1
throughout	1
threshhold	1
threats	1
thousands	1
thou	1
thither	1
thisnation	1
thirty-six	1
thinks	1
thin	1
thigh	1
thibautaude	1
thereby	1
thereabouts	1
thence	1
theft	1
thatched	1
thanks	1
thankful	1
thanked	1
tha	1
th	1
testify	1
test	1
terror	1
terrace	1
terms	1
term	1
ter	1
tenay	1
tempted	1
tempt	1
temporary	1
temples	1
temple	1
temerity	1
tells	1
tedious	1
tearful	1
tear	1
teacher	1
teach	1
taunted	1
taunt	1
tasted	1
tarnishes	1
taller	1
tale	1
tactics	1
t	1
system	1
symptoms	1
switzerland	1
swerve	1
sweep	1
sweat.when	1
sweat	1
swarm	1
sustaining	1
sustain	1
suspicions	1
suspension	1
suspended	1
susceptible	1
surprising	1
surmount	1
surface	1
supplicating	1
superiority	1
superintended	1
superfluity	1
sunshine	1
sunset	1
sung	1
suggestion	1
suffice	1
suddenly	1
successful	1
succeed	1
subsistence	1
submit	1
subject	1
stupi	1
studied	1
struts	1
struggles	1
struggle	1
strongly	1
stronger	1
strokes	1
strike	1
strictest	1
strict	1
stretched	1
strengthening	1
stream	1
strangely	1
stove	1
stories	1
stores	1
stopping	1
stooping	1
stool	1
stomach	1
stole	1
stocks	1
stocking	1
stirring	1
stir	1
stiffened	1
steeples	1
steamer	1
steam	1
steal	1
steady	1
steadily	1
stature	1
statue	1
stationary	1
station	1
stated	1
starving	1
start	1
star	1
stammered	1
stain	1
stagger	1
stage	1
stacks	1
sprung	1
springs	1
spreading	1
spread	1
spot	1
sportsmen	1
sport	1
splendour	1
spirits	1
sphere	1
spendthrift	1
spending	1
speedily	1
speed	1
speech	1
speculated	1
speaks	1
sparta	1
sparkling	1
space	1
sovereigns	1
south	1
soundly	1
sounded	1
souled	1
sort	1
sorrowful	1
sore	1
sooty	1
somebody	1
solid	1
solicitation	1
soles	1
soil	1
softer	1
soften	1
soever	1
snow-white	1
snow	1
snatch	1
snapping	1
smoky	1
smallest	1
slower	1
slow	1
slipped	1
slighted	1
sledges	1
slave	1
slap	1
slackens	1
sketched	1
sketch	1
skating	1
skater	1
sizes	1
situations	1
situated	1
sits	1
sit	1
sinking	1
signalise	1
sides	1
sickness	1
sickle	1
siberia	1
shut	1
shows	1
showered	1
shoulders	1
short-lived	1
shore	1
shopkeepers	1
shoots	1
shone	1
shocks	1
shines	1
shield	1
sheltered	1
shelter	1
shells	1
sheet	1
shaved	1
shared	1
shady	1
shaded	1
shade	1
sew	1
seventeen	1
settle	1
setting	1
set	1
session	1
serene	1
separating	1
separate	1
sentry	1
sentinel	1
sentiments	1
sentiment	1
sensible	1
senset	1
sense	1
sensation	1
selection	1
seizes	1
seized	1
seize	1
seem	1
seeks	1
seducing	1
securities	1
secretary	1
secrecy	1
seasons	1
searched	1
sealed	1
scrupulous	1
screened	1
screen	1
scratched	1
scion	1
science	1
schoolfellow	1
schemes	1
scene	1
scars	1
scanning	1
scaling	1
savoyards	1
savoyard	1
sauntering	1
sapeur	1
sank	1
sand	1
saluted	1
salute	1
saloons	1
salle	1
salary	1
sake	1
sage	1
safeguard	1
saddened	1
sacrificing	1
sacrifices	1
sacrificed	1
sabre	1
runs	1
running	1
run	1
ruining	1
roystering	1
rounds	1
roughness	1
roses	1
rose	1
root	1
roof	1
romping	1
rome	1
rolls	1
rogue	1
roes	1
rochefaucault	1
robust	1
robes	1
robe	1
robbery	1
robber	1
robbed	1
roads	1
river	1
rivals	1
rises	1
rim	1
rights	1
riere	1
ridiculed	1
richer	1
rewarded	1
revolting	1
revolt	1
revive	1
reverberated	1
revenged	1
revenge	1
revelation	1
revealed	1
reunion	1
retiring	1
retaining	1
retail	1
restrain	1
restitution	1
restaurant	1
respects	1
respectfully	1
respectable	1
resound	1
resort	1
resolutions	1
resistance	1
resigning	1
resignation	1
reserved	1
rescued	1
repugnant	1
reproaching	1
represent	1
report	1
replies	1
repented	1
repentance	1
repeating	1
repay	1
repaired	1
rents	1
renowned	1
renown	1
renomme	1
renel	1
rending	1
rendezvous	1
renders	1
rend	1
remuneration	1
removing	1
removed	1
remedies	1
remarks	1
remarkably	1
remaining	1
religious	1
relieved	1
relieve	1
relaxation	1
relations	1
relating	1
rejoiced	1
reinstate	1
reins	1
reine	1
regulating	1
regularly	1
regularity	1
regrets	1
regiment	1
regarding	1
refusing	1
refuses	1
reform	1
reflections	1
reflecting	1
reflected	1
reestablished	1
reestablish	1
reenter	1
reels	1
recourse	1
recount	1
recompensed	1
recompense	1
recommend	1
recommenced	1
recollect	1
recited	1
recital	1
recalling	1
reaper	1
really	1
reality	1
realise	1
reader	1
rays	1
rascals	1
rarely	1
rapture	1
rapid	1
ranking	1
ranged	1
rang	1
rancour	1
ramparts	1
rallying	1
raises	1
rainy	1
raindrops	1
quitting	1
quit	1
quickly	1
quicker	1
que	1
quarry	1
quarrelsome	1
quarrelling	1
quantity	1
puts	1
pushing	1
pursuing	1
pursued	1
pursue	1
purses	1
purifies	1
purchased	1
punishment	1
punctuality	1
pumps	1
puiseux	1
published	1
prudes	1
prudent	1
prudence	1
provoke	1
providing	1
proves	1
protested	1
protected	1
prosper	1
proprietor	1
proposal	1
properly	1
proper	1
promulgated	1
promotion	1
promoted	1
promising	1
profoundly	1
profits	1
profiting	1
product	1
proclaimed	1
probation	1
prizes	1
privileged	1
privation	1
private	1
principally	1
principal	1
priest	1
priding	1
prevents	1
pretext	1
pretensions	1
pretension	1
pretending	1
presumptive	1
preserving	1
presenting	1
preferred	1
predictions	1
precautions	1
precaution	1
praying	1
prayed	1
praiseworthy	1
praised	1
practitioner	1
powerful	1
potowski	1
pot	1
postponed	1
post-chaise	1
post	1
positions	1
portrayed	1
portrait	1
portion	1
populous	1
popping	1
poorly	1
pont	1
pompier	1
political	1
poissonniere	1
pointing	1
point	1
poets	1
plus	1
plunge	1
plumet	1
plish	1
plenty	1
pleases	1
pleasantries	1
plea	1
plants	1
planche	1
plan	1
plainly	1
pin	1
pillow	1
pile	1
pictures	1
phrase	1
philosophy	1
philosopher	1
peut	1
petersburg	1
personage	1
persisted	1
perpetrators	1
permitted	1
permission	1
perish	1
period	1
perform	1
perfectly	1
pereiere	1
perceptibly	1
penetrating	1
penetrates	1
pen	1
pellmell	1
peer	1
peasants	1
peaceful	1
peaceable	1
pays	1
payment	1
paws	1
pavement	1
patrons	1
patronised	1
patriotic	1
patience	1
pathway	1
paths	1
paternal	1
pasturage	1
passport	1
passions	1
passages	1
parts	1
parties	1
particulars	1
partaken	1
parry	1
parlour	1
parent	1
pardon	1
paralysis	1
papers	1
pantheon	1
paleness	1
palatin	1
palaces	1
palace	1
painting	1
painter	1
paint	1
paces	1
pa	1
oyster	1
owns	1
overpowered	1
overhanging	1
overflow	1
overcame	1
outward	1
outraged	1
outrage	1
outburst	1
outarville	1
ourcq	1
ouen	1
ottr	1
orphans	1
ornament	1
ordinary	1
ordered	1
ordeal	1
oracle	1
orable	1
opulence	1
oppressive	1
oppressed	1
opposite	1
opposed	1
opportunity	1
opinions	1
onhis	1
oise	1
oftenest	1
officious	1
offices	1
odore	1
odious	1
ocean	1
obstinacy	1
obstacle	1
observed	1
obscured	1
oblige	1
nuptial	1
numbered	1
nt>t	1
noxious	1
nowithstand	1
nourishment	1
nose	1
northern	1
normandy	1
nonsense	1
noise	1
noio	1
noailles	1
nineteen	1
niggard	1
nieceb	1
nicholas	1
nice	1
news	1
newly	1
nevertheless	1
neva	1
neuf	1
ness	1
neglects	1
neglecting	1
neglected	1
needle	1
necklace	1
necessities	1
neatness	1
neat	1
nay	1
navy	1
national	1
narrow	1
napkin	1
nails	1
mystery	1
mysterious	1
mutuals	1
muslin	1
muscles	1
multitude	1
muffling	1
muddied	1
mow	1
moving	1
movements	1
move	1
moustache	1
mountain	1
mothers	1
mortifying	1
mortifications	1
mortar	1
morrow	1
morose	1
morocco	1
morals	1
morality	1
moralist	1
monthly	1
montaigne	1
mont	1
monitor	1
monarch	1
mon	1
moliere	1
molest	1
moistened	1
moiselles	1
modesie	1
mistook	1
mistakes	1
mistake	1
missed	1
miser	1
miracle	1
minutes	1
minute	1
minister	1
mingle	1
milk	1
militaires	1
mile	1
mild	1
midday	1
metals	1
merriment	1
merits	1
merino	1
merilhou	1
ments	1
mental	1
mending	1
mend	1
melun	1
melancholy	1
meantime	1
meanness	1
meanly	1
meaning	1
meanest	1
matchless	1
matched	1
mastery	1
masters	1
mass	1
martial	1
marsol	1
mars	1
mark	1
marchioness	1
marble	1
manufactures	1
manufacturers	1
manufactured	1
mania	1
managed	1
manage	1
malefactors	1
malefactor	1
maine	1
magnanimous	1
maffliers	1
madness	1
mad	1
lustre	1
lungs	1
luncheon	1
loves	1
lovely	1
loveliness	1
loungers	1
lottery	1
lord	1
loose	1
longjumeau	1
loiter	1
lodgings	1
lodge	1
locked	1
locality	1
loaned	1
loan	1
loads	1
loading	1
livelihood	1
literature	1
lite	1
listeners	1
listen	1
list	1
liquor	1
lion	1
lieutenant	1
lieutenancy	1
lie	1
liberality	1
liable	1
levey	1
letter	1
lessons	1
lessen	1
lend	1
lei	1
leaves	1
leaping	1
leap	1
leagues	1
league	1
leads	1
lazy	1
lays	1
law	1
lavishing	1
lava	1
laurels	1
laughter	1
laughed	1
later	1
land	1
lamb	1
lady	1
ladies	1
lad	1
lace	1
labourer	1
laboured	1
l'eclat	1
ksaid	1
knowingly	1
knowing	1
kneeling	1
knee	1
kinds	1
kindred	1
kim	1
killed	1
keys	1
justify	1
justification	1
june	1
juine	1
judging	1
judgement	1
josephine	1
joke	1
joining	1
joined	1
jockey	1
jobs	1
jobbers	1
jewels	1
jests	1
jested	1
jeers	1
jeer	1
jealousies	1
jealous	1
jaques	1
itself	1
italien	1
irville	1
irritates	1
irritate	1
irrevocable	1
inward	1
invoked	1
invoke	1
invitation	1
invested	1
invest	1
invented	1
interposed	1
interfernce	1
interfere	1
intentions	1
intention	1
intent	1
intending	1
intemperance	1
integrity	1
insulters	1
instructor	1
instructive	1
instructed	1
institutions	1
institution	1
instanced	1
installed	1
inspiring	1
inspirations	1
inseparable	1
insensible	1
inscription	1
inquiry	1
inquired	1
inquire	1
inmates	1
initials	1
initial	1
ingenuous	1
ing	1
informing	1
inflexible	1
infamy	1
inexcusable	1
inevitable	1
inequality	1
ineffaceable	1
indulges	1
individual	1
indifference	1
indicated	1
indicate	1
indemnity	1
incurable	1
incur	1
incorruptible	1
inconvenience	1
inconsolable	1
including	1
inclined	1
incline	1
inclement	1
inclem	1
inch	1
imputation	1
imprudent	1
imprudence	1
imprinted	1
impress	1
imposing	1
imposes	1
impose	1
imperial	1
impenetrable	1
impediment	1
impatiently	1
impartially	1
impartiality	1
impartial	1
impanneled	1
impaired	1
immovable	1
imminent	1
immersion	1
immerse	1
imitated	1
imitate	1
imagined	1
illustrious	1
ignorant	1
ignominy	1
i'm	1
hyppo	1
hypocrite	1
hurtful	1
hungry	1
hung	1
humour	1
humility	1
humbled	1
humane	1
housewives	1
housekeeping	1
housekeeper	1
hot	1
horsemanship	1
horrors	1
horizon	1
hoping	1
honouring	1
honore	1
hon	1
homme	1
homes	1
homely	1
holders	1
hoarding	1
hoard	1
hive	1
history	1
historian	1
hindering	1
hillock	1
hilarity	1
high-minded	1
hidden	1
hesitation	1
hesitated	1
hesitate	1
hers	1
heros	1
heroines	1
heroes	1
helvetians	1
helper	1
heaving	1
heaviness	1
heavier	1
hearty	1
heartrending	1
heartily	1
hearing	1
heal	1
headed	1
haut	1
hasty	1
hastily	1
hast	1
harp	1
harness	1
hare	1
hardihood	1
harboured	1
harbour	1
happier	1
happi	1
hanging	1
handling	1
handkerchiefs	1
handing	1
handed	1
handcuffed	1
hance	1
hamlet	1
halted	1
halls	1
hall	1
haired	1
hair	1
hackmen	1
hack	1
guided	1
grumblers	1
grieved	1
grey	1
greatly	1
graven	1
gratified	1
gratifications	1
gratification	1
grasp	1
grapes	1
grant	1
granary	1
grain	1
gown	1
government	1
governed	1
gossips	1
gladness	1
gladly	1
gilded	1
gets	1
germain	1
genteel	1
generosity	1
generally	1
gendarme	1
gaze	1
gayest	1
gaudy	1
gather	1
garment	1
gang	1
gaming	1
gallopade	1
gallant	1
gaiters	1
gait	1
furnished	1
furnish	1
funny	1
fund	1
front	1
frock	1
friendly	1
friendless	1
freed	1
frank	1
frail	1
fountain	1
founders	1
foundation	1
fortunes	1
fortnight	1
formerly	1
forgetfulness	1
forewarn	1
forest	1
foresight	1
forehead	1
forbode	1
forbidding	1
forbearance	1
fop	1
footsteps	1
fontaine	1
follies	1
folded	1
fo	1
fly	1
flowers	1
flower	1
flattery	1
flatters	1
flattered	1
flatter	1
flashes	1
flames	1
fix	1
fists	1
firm	1
fires	1
firemen	1
finishes	1
financial	1
filling	1
figure	1
fifty-three	1
fied	1
fever	1
fetes	1
fervently	1
fervent	1
fertility	1
fertilises	1
females	1
fellows	1
felicity	1
felicitated	1
feint	1
feigned	1
feels	1
feeding	1
feature	1
feats	1
favourites	1
favoured	1
favour	1
fatigues	1
fated	1
fatality	1
fastened	1
fascinations	1
farthing	1
farther	1
farms	1
farmhouse	1
fancy	1
famishing	1
familiarities	1
falsely	1
falling	1
fainting	1
faculty	1
faculties	1
factory	1
eylau	1
eyesight	1
extremely	1
exterminate	1
exterior	1
extensive	1
extending	1
expressing	1
exposes	1
explanation	1
explained	1
explain	1
expired	1
expert	1
expenditures	1
expected	1
expect	1
exordium	1
existed	1
exiles	1
exhortation	1
exerted	1
exercised	1
execution	1
executed	1
excuse	1
excursions	1
exculpated	1
exclamations	1
exclaiming	1
excitement	1
excite	1
exchanged	1
exchange	1
excesses	1
excess	1
excellence	1
exceeded	1
examples	1
examining	1
exactness	1
exactly	1
exactitude	1
exacting	1
ex	1
evince	1
evils	1
evil	1
everywhere	1
eventually	1
europe	1
etrichy	1
et	1
estrangement	1
estranged	1
estimation	1
esteemed	1
estate	1
establishing	1
establish	1
essays	1
error	1
errands	1
errand	1
eradicated	1
equipage	1
equalled	1
equality	1
eoyal	1
eobert	1
envy	1
entrusted	1
entree	1
enticing	1
enthusiasm	1
entering	1
ennobling	1
enjoying	1
enhancing	1
engulfed	1
english	1
engaging	1
endured	1
endowed	1
endeavour	1
encroach	1
encouraging	1
encouragement	1
encouraged	1
encompass	1
encies	1
enchanted	1
enable	1
en's	1
en	1
emulation	1
emptied	1
empress	1
employers	1
employer	1
emotions	1
embroider	1
embers	1
embarrassment	1
embarrassing	1
elxcept	1
elsewhere	1
eloquent	1
elms	1
elevation	1
elevates	1
elements	1
eldest	1
eighteen	1
effusion	1
effectual	1
effaced	1
educations	1
edge	1
ecstasy	1
eclipse	1
eating	1
eat	1
easter	1
easiest	1
earthen	1
earnestly	1
earn	1
ear	1
eagerness	1
eager	1
dwellers	1
duringthisscenemarcelhad	1
dupin	1
dungeon	1
duel	1
drunkenness	1
drowsiness	1
drives	1
driven	1
dreaming	1
draws	1
dram	1
dozen	1
dowry	1
downfall	1
dowager	1
dove	1
domerville	1
dock	1
divided	1
diversion	1
diver	1
distribution	1
distributing	1
distinguishing	1
distinguish	1
dissipating	1
dissipated	1
dissipate	1
dissembling	1
dissemble	1
disregard	1
dispositions	1
dispensable	1
dislike	1
dishonoured	1
dishonourable	1
dishonour	1
dish	1
disgusting	1
disgrace	1
disease	1
disdain	1
discovery	1
discovered	1
discipline	1
disciples	1
disbandment	1
disastrous	1
disaster	1
disarm	1
disappointment	1
direction	1
dinners	1
dinner	1
dined	1
diminishing	1
digne	1
digest	1
diffuse	1
difficulties	1
differences	1
difference	1
dictation	1
devouring	1
devour	1
devoting	1
devotedness	1
devoted	1
devil	1
deviated	1
deviate	1
development	1
developes	1
develop	1
detection	1
destroy	1
despising	1
despises	1
despised	1
desk	1
desires	1
designing	1
designated	1
design	1
description	1
descended	1
descend	1
desc	1
derogation	1
derive	1
deputation	1
depth	1
depot	1
depositing	1
depicted	1
denoted	1
dennis	1
denis	1
denial	1
demonstrate	1
demands	1
demand	1
deliverer	1
deliver	1
delights	1
delicate	1
deliberate	1
delays	1
degrades	1
degraded	1
deformity	1
defending	1
defended	1
defence	1
deeds	1
dedicated	1
decrees	1
decreed	1
declare	1
decide	1
decent	1
debt	1
debates	1
dealers	1
daybreak	1
daunt	1
darkness	1
daring	1
dares	1
dances	1
dancer	1
danced	1
dampness	1
dainties	1
d'ourcq	1
d	1
cypher	1
cutting	1
customer	1
customary	1
cursed	1
curiosity	1
culpable	1
cuir	1
cuffs	1
crutch	1
crushed	1
crush	1
crumbs	1
crown	1
criticise	1
crisis	1
cripple	1
criminals	1
crest	1
credulous	1
crazy	1
crafty	1
covers	1
couvrir	1
courthouse	1
couple	1
countries	1
counter	1
countenance	1
counted	1
counsels	1
counsellors	1
cottin	1
cotillions	1
costly	1
costliest	1
correspondence	1
correctness	1
correctly	1
corneille	1
corn	1
corks	1
cordial	1
coquette	1
coquetry	1
cooks	1
convulsed	1
convince	1
conveyed	1
conveyance	1
convenient	1
control	1
contributions	1
contrast	1
contract	1
continuing	1
continue	1
continually	1
contents	1
contempt	1
contaning	1
contains	1
consulted	1
construction	1
constituted	1
consternation	1
constancy	1
consoling	1
consolation	1
consisted	1
considered	1
consequence	1
consented	1
conscious	1
conscience	1
connexion	1
connected	1
connecions	1
conjugal	1
congratulations	1
congratulate	1
confusion	1
confused	1
confronting	1
conformed	1
confirms	1
confirm	1
confined	1
confident	1
confide	1
confess	1
concourse	1
conclusion	1
concludes	1
concerning	1
conceive	1
conceited	1
concealment	1
compromises	1
compromised	1
comprehends	1
comprehend	1
compose	1
complaint	1
competence	1
compelled	1
compel	1
compare	1
compact	1
communicated	1
commonly	1
commit	1
commercial	1
command	1
comforts	1
comforted	1
comfortable	1
combustible	1
colour	1
colleges	1
collection	1
collect	1
collation	1
coffee	1
cloudy	1
closing	1
closely	1
close	1
clock	1
cloak	1
clinging	1
cling	1
climbed	1
climate	1
clichy	1
clergyman	1
clenched	1
clearly	1
clear	1
clean	1
classmates	1
clasping	1
clasped	1
clasp	1
clap	1
claimed	1
claim	1
civilization	1
civic	1
cited	1
circumstances	1
circuitous	1
chose	1
chooses	1
choked	1
chin	1
chimney	1
childless	1
cheerfulness	1
cheerful	1
checkers	1
cheap	1
characterised	1
characterise	1
charac	1
changing	1
changes	1
chances	1
champagne	1
champ	1
chair	1
chain	1
chafing	1
chafed	1
cent	1
cell	1
celebrity	1
celebrate	1
cautioning	1
catch	1
catastrophe	1
casting	1
casquetle	1
carriage	1
carelessness	1
cared	1
car	1
caprices	1
cape	1
capable	1
canvas	1
canopy	1
candour	1
calming	1
calmed	1
calls	1
calling	1
calculation	1
calculating	1
calculated	1
calais	1
cabriolets	1
cabin	1
buying	1
buy	1
bursts	1
burns	1
burgundy	1
burdens	1
bunch	1
bumper	1
buildings	1
building	1
builders	1
builder	1
bufton	1
bruise	1
brook	1
brokerage	1
broker	1
broke	1
broadcloth	1
broad	1
brings	1
brilliancy	1
brighten	1
bridges	1
brides	1
brice	1
bravely	1
brass	1
branches	1
boyhood	1
bowls	1
bourg	1
bourdonnais	1
bounty	1
bouilly	1
boughs	1
bouge	1
borrow	1
border	1
book	1
bolt	1
bologne	1
boldness	1
bold	1
bodies	1
boats	1
blushing	1
blows	1
blindly	1
blessings	1
blanc	1
blaming	1
blackened	1
bitter	1
bind	1
billet	1
bigger	1
big	1
bien	1
bid	1
beware	1
bewailing	1
bestowed	1
bestorator	1
beside	1
berville	1
bercy	1
benumbed	1
benefits	1
beneath	1
bend	1
belong	1
believed	1
belief	1
behaved	1
begun	1
begin	1
begging	1
beggary	1
beggar	1
beg	1
befall	1
bees	1
beckon	1
beauty	1
beauharnais	1
beats	1
bears	1
beaming	1
battlefield	1
battle	1
bathers	1
basti	1
basket	1
basin	1
baseness	1
base	1
bas	1
barthe	1
banknotes	1
banish	1
bandy	1
balls	1
balancing	1
balance	1
baker	1
bail	1
bah	1
backwards	1
babbling	1
axe	1
awhile	1
awarded	1
award	1
awaiting	1
avoiding	1
avidity	1
avaricious	1
available	1
auvergne	1
auvergnats	1
automaton	1
authority	1
aussi	1
auspices	1
aunt	1
augmenting	1
augmented	1
augment	1
auditory	1
audience	1
audaciously	1
attributed	1
attracts	1
attracting	1
attitudes	1
attire	1
attentive	1
attainment	1
attain	1
atmosphere	1
asunder	1
assures	1
assure	1
assume	1
assuage	1
associating	1
associate	1
assistants	1
assiduous	1
assiduity	1
assembly	1
assembled	1
aspect	1
aside	1
ashore	1
ascertained	1
ascending	1
ascended	1
arts	1
artisan	1
arrogance	1
arrival	1
arrest	1
arrayed	1
arranging	1
arrangement	1
arranged	1
arrange	1
arpajon	1
army	1
armchair	1
argument	1
argue	1
ardour	1
ardently	1
ar	1
approved	1
approve	1
apprized	1
apprentice	1
apply	1
applications	1
appetite	1
appease	1
appears	1
appearing	1
apparel	1
appalled	1
appal	1
apology	1
antiquity	1
answers	1
anne	1
annals	1
animated	1
animals	1
anguish	1
angerville	1
anciens	1
amusing	1
amusements	1
amusement	1
amounted	1
amount	1
amidst	1
amiable	1
amende	1
amassing	1
altogether	1
altered	1
alterations	1
alteration	1
allurements	1
allouette	1
alliance	1
allay	1
alienate	1
alas	1
airs	1
agrees	1
agreeable	1
agree	1
agony	1
agitated	1
aggressors	1
aggressions	1
ages	1
agent	1
aged	1
afternoon	1
affright	1
afford	1
affliction	1
afflicted	1
affections	1
advised	1
advice	1
adventure	1
advancement	1
advanced	1
adulterated	1
adoptions	1
administration	1
adjoining	1
additional	1
adding	1
addicted	1
adam	1
acquaintance	1
achieved	1
accuser	1
accord	1
accomplished	1
accomplices	1
accom	1
acclamations	1
accidentally	1
abuse	1
abundantly	1
absolutely	1
absence	1
abject	1
abetted	1
abed	1
abbeville	1
\	1
...."	1
....	1
.'	1
-	1
''	1
"'	1
!'"	1
!"....	1
!"'	1
