,	7600
the	4269
to	3935
of	3386
.	3056
i	2961
and	2051
that	1624
in	1453
;	1445
my	1429
me	1397
you	1377
a	1347
it	1127
which	1111
not	991
her	946
is	934
he	868
have	830
with	797
"	784
but	733
be	714
for	707
she	705
!	649
his	616
was	600
at	576
from	569
him	553
will	509
this	508
had	494
your	460
what	456
de	447
leonce	445
no	427
:	426
?	410
on	409
by	402
would	401
as	399
all	390
—	387
has	377
delphine	375
who	360
if	352
m	314
are	311
shall	305
an	301
when	299
more	283
am	276
so	264
life	260
do	256
should	253
they	251
myself	239
can	235
without	232
only	224
heart	222
upon	221
been	214
we	213
any	211
them	210
those	208
most	207
our	199
one	196
said	194
some	192
could	192
their	190
may	187
us	184
then	184
|arabic1digit|	181
there	181
love	179
were	177
time	177
know	173
moment	172
still	171
or	166
every	161
even	157
never	153
."	152
letter	151
must	145
into	145
mind	143
mad	139
happiness	139
valorbe	137
much	137
longer	135
before	135
such	133
whom	132
than	132
how	132
own	130
did	129
see	127
|'s|	126
now	126
man	125
friend	123
very	118
being	118
|arabic3digit|	116
madame	116
last	116
ever	115
world	113
its	113
|romannumeral|	112
these	112
death	112
dear	111
d'albemar	111
|arabic2digit|	110
made	99
day	99
wish	97
might	97
make	97
nothing	96
after	95
same	93
himself	93
yet	91
first	91
able	91
sentiments	90
matilda	90
feel	90
perhaps	89
over	89
once	89
nature	88
felt	88
situation	87
alone	87
hope	86
cannot	86
where	85
soul	84
!"	84
character	82
since	81
idea	79
having	79
thou	78
ternan	78
other	77
up	76
days	75
too	73
thy	73
mademoiselle	73
happy	73
against	73
always	72
let	70
give	70
out	68
live	68
however	68
eyes	68
order	67
necessary	67
heaven	67
find	67
everything	67
while	65
present	65
power	65
herself	65
yourself	64
well	64
ought	64
men	64
why	63
object	63
alas	63
thee	62
opinion	62
name	62
ah	62
again	62
feelings	61
words	60
voice	60
think	60
leave	60
does	60
conduct	60
take	59
long	59
few	59
about	59
wished	57
resolution	57
come	57
believe	57
speak	56
means	56
whole	55
saw	55
woman	54
towards	54
thought	54
sentiment	54
hand	54
die	54
under	53
others	53
cruel	53
unfortunate	52
place	52
painful	52
affection	52
told	51
oh	51
lebensei	51
heard	51
destiny	51
because	51
left	50
interest	50
god	50
found	50
existence	50
tell	49
tears	49
arms	49
word	48
sacrifice	48
good	48
thus	47
though	47
soon	47
replied	47
person	47
pain	47
less	47
itself	47
friends	47
suffer	46
state	46
mondeville	46
melancholy	46
least	46
convent	46
whether	45
two	45
received	45
misfortune	45
many	45
here	45
duty	45
unhappy	44
hours	44
become	44
say	43
new	43
kind	43
during	43
despair	43
taken	42
return	42
go	42
already	42
therefore	41
grief	41
follow	41
answer	41
affections	41
society	40
sister	40
pleasure	40
paris	40
going	40
france	40
fate	40
cause	40
almost	40
?"	40
'	40
whose	39
seemed	39
regret	39
reason	39
pity	39
passed	39
night	39
moments	39
informed	39
house	39
certain	39
also	39
yes	38
strength	38
presence	38
fatal	38
entirely	38
continued	38
both	38
years	37
whatever	37
vows	37
sufferings	37
loved	37
hour	37
hear	37
great	37
generous	37
emotion	37
arrived	37
fear	36
conceal	36
virtue	35
tomorrow	35
themselves	35
support	35
sufficient	35
silence	35
serbellane	35
influence	35
impossible	35
imagination	35
departure	35
away	35
anything	35
vain	34
together	34
seen	34
remain	34
possible	34
misery	34
madam	34
given	34
gave	34
friendship	34
far	34
enjoy	34
earth	33
countenance	33
child	33
attention	33
suffered	32
secret	32
near	32
lost	32
husband	32
expression	32
emotions	32
desire	32
country	32
took	31
through	31
son	31
single	31
permit	31
like	31
le	31
just	31
exclaimed	31
done	31
discover	31
account	31
yesterday	30
wishes	30
preserve	30
pardon	30
mother	30
inspired	30
indeed	30
immediately	30
each	30
courage	30
circumstances	30
write	29
way	29
respect	29
put	29
nor	29
morning	29
known	29
experienced	29
entered	29
down	29
degree	29
compassion	29
attachment	29
around	29
anxious	29
another	29
within	28
wife	28
times	28
thoughts	28
set	28
returned	28
recollection	28
real	28
read	28
part	28
often	28
mine	28
little	28
knew	28
impression	28
hopes	28
father	28
experience	28
end	28
doubt	28
design	28
children	28
between	28
appeared	28
age	28
afraid	28
till	27
save	27
refuse	27
pass	27
midst	27
greatest	27
future	27
door	27
confidence	27
adieu	27
abbey	27
youth	26
truth	26
sorrow	26
request	26
remained	26
memory	26
look	26
judge	26
feeling	26
evening	26
effect	26
dread	26
distance	26
condition	26
bosom	26
beauty	26
year	25
subject	25
prison	25
pains	25
ourselves	25
obtain	25
misfortunes	25
mankind	25
head	25
forget	25
endeavour	25
eliza	25
dreadful	25
determined	25
cerlebe	25
better	25
women	24
went	24
tenderness	24
tender	24
several	24
seeing	24
regard	24
occupied	24
loss	24
length	24
ideas	24
either	24
effort	24
calm	24
back	24
assistance	24
air	24
affected	24
tomb	23
surrounded	23
step	23
sorrows	23
render	23
rather	23
passion	23
opinions	23
old	23
none	23
manner	23
louisa	23
greater	23
goodness	23
esteem	23
cried	23
confess	23
change	23
care	23
came	23
call	23
uneasiness	22
true	22
thousand	22
repeated	22
reflection	22
prevent	22
period	22
montalte	22
honour	22
hands	22
fixed	22
beings	22
appear	22
|arabic5+digit|	21
observed	21
knees	21
formerly	21
formed	21
feet	21
expressed	21
discovered	21
conversation	21
continue	21
consequence	21
attempt	21
asked	21
anxiety	21
agitation	21
zurich	20
young	20
worthy	20
solitude	20
separate	20
sensible	20
respecting	20
reputation	20
repose	20
public	20
point	20
offer	20
obliged	20
natural	20
months	20
looks	20
liberty	20
interrupted	20
intention	20
inform	20
hearing	20
gives	20
expressions	20
expected	20
endure	20
endeavoured	20
efforts	20
different	20
criminal	20
called	20
bring	20
barton	20
among	20
visit	19
use	19
threw	19
three	19
struck	19
stop	19
room	19
require	19
rendered	19
remains	19
religious	19
quit	19
promise	19
perceived	19
paradise	19
open	19
impressions	19
ill	19
hearts	19
form	19
fell	19
duties	19
close	19
circumstance	19
behold	19
asylum	19
assured	19
adopt	19
absence	19
virtuous	18
united	18
understanding	18
souls	18
silent	18
receive	18
really	18
possess	18
persons	18
past	18
necessity	18
mode	18
looked	18
listen	18
human	18
heavens	18
guilty	18
full	18
fortune	18
force	18
expect	18
enter	18
easily	18
danger	18
consolation	18
charms	18
chamber	18
allow	18
affliction	18
zell	17
written	17
virtues	17
ties	17
terror	17
shut	17
short	17
sent	17
sensibility	17
rest	17
religion	17
profound	17
prayers	17
opened	17
o	17
noble	17
ignorant	17
frequently	17
free	17
followed	17
filled	17
favour	17
fall	17
enough	17
distress	17
disposition	17
delightful	17
convinced	17
console	17
completely	17
company	17
capable	17
brought	17
art	17
appearance	17
amiable	17
abandoned	17
war	16
violent	16
unjust	16
tranquillity	16
sight	16
seems	16
scarcely	16
rise	16
retreat	16
ready	16
reach	16
permitted	16
motive	16
makes	16
inspire	16
gratitude	16
gloomy	16
farther	16
face	16
errors	16
entertain	16
deeply	16
daughter	16
conscience	16
certainly	16
cease	16
ask	16
advanced	16
added	16
accept	16
abode	16
wound	15
weakness	15
vol	15
switzerland	15
survive	15
st	15
sort	15
sacred	15
refused	15
raised	15
produced	15
pride	15
poor	15
pleasing	15
party	15
occasion	15
motives	15
morality	15
meet	15
language	15
journey	15
incapable	15
imagine	15
hatred	15
happened	15
gone	15
empire	15
deprived	15
contempt	15
conceive	15
charm	15
carried	15
bitter	15
best	15
believed	15
began	15
advice	15
addressed	15
veil	14
tone	14
terrible	14
sufficiently	14
strong	14
speaking	14
shed	14
separated	14
saying	14
resist	14
reproach	14
reflect	14
reduced	14
placed	14
perceive	14
particularly	14
objects	14
noviciate	14
mo	14
miserable	14
loves	14
lose	14
lives	14
lead	14
laws	14
knows	14
j	14
isore	14
instantly	14
innocent	14
injustice	14
incessantly	14
get	14
fly	14
faults	14
extremely	14
express	14
events	14
escape	14
enthusiasm	14
enjoyments	14
enemies	14
doomed	14
distressing	14
contrary	14
constantly	14
condemned	14
changed	14
beyond	14
bear	14
agreeable	14
act	14
acquainted	14
*	14
yield	13
withdraw	13
wilt	13
view	13
unable	13
t	13
steps	13
sometimes	13
soldiers	13
sleep	13
serve	13
self	13
seized	13
seek	13
sake	13
remorse	13
reflections	13
recovered	13
recollections	13
purpose	13
proud	13
prevail	13
possession	13
perfect	13
nobody	13
need	13
moral	13
listened	13
led	13
justice	13
induce	13
imagined	13
hold	13
health	13
giving	13
generosity	13
fears	13
exist	13
excited	13
event	13
eternal	13
enjoyed	13
eight	13
desirous	13
d'artenas	13
consent	13
connexion	13
conjure	13
censure	13
breast	13
bottom	13
beautiful	13
attach	13
astonished	13
agitated	13
wholly	12
va	12
uttered	12
try	12
triumph	12
thinking	12
tenderest	12
taking	12
suffering	12
suddenly	12
sudden	12
submit	12
struggle	12
spent	12
slightest	12
show	12
service	12
sensations	12
seem	12
scene	12
round	12
returning	12
resumed	12
requested	12
repeat	12
renounce	12
question	12
powers	12
permission	12
paid	12
nun	12
notwithstanding	12
neither	12
necessarily	12
mean	12
marry	12
making	12
lorbe	12
leaving	12
irrevocable	12
instant	12
indulge	12
important	12
importance	12
image	12
hesitate	12
grave	12
fury	12
former	12
folly	12
equal	12
energy	12
easy	12
dying	12
dreaded	12
depart	12
delicacy	12
dead	12
dare	12
conviction	12
considerable	12
condemn	12
coldness	12
cold	12
carry	12
became	12
attempted	12
assume	12
arrival	12
apartment	12
animated	12
along	12
actions	12
acquaint	12
wounded	11
window	11
walked	11
violence	11
turned	11
tranquil	11
threatened	11
subjects	11
stopped	11
spot	11
spoken	11
soothing	11
send	11
rose	11
retired	11
restore	11
resource	11
resolved	11
reply	11
relief	11
reached	11
raise	11
r	11
quitted	11
pure	11
prove	11
pronounced	11
promised	11
produce	11
proceed	11
pray	11
possessed	11
persuade	11
perfectly	11
peace	11
opposite	11
obtained	11
nuns	11
minutes	11
lover	11
keep	11
judgement	11
join	11
innocence	11
induced	11
indignation	11
inclined	11
impulse	11
home	11
general	11
frightful	11
fond	11
fine	11
features	11
farewell	11
examine	11
enemy	11
enable	11
employed	11
doing	11
difficult	11
deep	11
cruelly	11
course	11
consider	11
conducted	11
concern	11
command	11
cast	11
besides	11
bed	11
arose	11
arise	11
approbation	11
appears	11
angel	11
amidst	11
altogether	11
affecting	11
accuse	11
yours	10
venture	10
unite	10
trouble	10
tie	10
supreme	10
something	10
solemn	10
saved	10
right	10
relieve	10
regrets	10
recalled	10
recall	10
pursue	10
prospect	10
propose	10
pressed	10
presents	10
prepared	10
prayer	10
powerful	10
please	10
persuaded	10
perform	10
overcome	10
opportunity	10
offended	10
noise	10
next	10
marked	10
march	10
looking	10
justify	10
interests	10
instead	10
injury	10
implore	10
half	10
garden	10
futurity	10
four	10
forth	10
foreign	10
fire	10
f	10
external	10
existed	10
evil	10
escaped	10
envy	10
entreat	10
endeavouring	10
embrace	10
directed	10
direct	10
dignity	10
destined	10
decided	10
deceived	10
converse	10
consented	10
concert	10
concealed	10
chance	10
blood	10
awake	10
avoid	10
attended	10
assure	10
approached	10
although	10
albe	10
above	10
abandon	10
wrote	9
wrong	9
witness	9
walk	9
value	9
utter	9
uneasy	9
turning	9
trembled	9
throwing	9
threaten	9
taste	9
task	9
sure	9
superior	9
spoke	9
sound	9
smallest	9
side	9
separation	9
sensation	9
seize	9
secure	9
ruined	9
restored	9
resignation	9
represent	9
removed	9
reflected	9
recollect	9
rank	9
principles	9
prepare	9
political	9
pleasures	9
perish	9
off	9
occasioned	9
observe	9
merely	9
married	9
light	9
letters	9
learned	9
learn	9
joy	9
insult	9
held	9
hate	9
ground	9
following	9
fix	9
female	9
feeble	9
family	9
fail	9
extreme	9
exposed	9
expose	9
explanation	9
enjoyment	9
employ	9
elevated	9
draw	9
disposed	9
died	9
destroy	9
desired	9
derived	9
depend	9
demand	9
delay	9
defend	9
dec	9
crowd	9
convince	9
conscious	9
confessor	9
conceived	9
common	9
comfort	9
city	9
church	9
chair	9
certainty	9
ceased	9
carriage	9
calumny	9
brave	9
bitterness	9
aware	9
authority	9
ascendency	9
approach	9
apprehension	9
alarmed	9
alarm	9
aid	9
ago	9
address	9
action	9
accident	9
accent	9
writing	8
whence	8
weight	8
usual	8
unknown	8
understand	8
twenty	8
truly	8
tribunal	8
trembling	8
traces	8
terrors	8
temper	8
sweet	8
suppose	8
sun	8
spite	8
spirit	8
somewhat	8
shame	8
shades	8
serious	8
ser	8
second	8
run	8
road	8
retire	8
resentment	8
resemblance	8
requires	8
reproaches	8
repeatedly	8
remove	8
remarkable	8
relations	8
relation	8
recover	8
quite	8
quarter	8
pursued	8
punish	8
proper	8
pronounce	8
promote	8
proceeded	8
previously	8
presented	8
poison	8
pleased	8
plan	8
particular	8
owe	8
overwhelmed	8
ordinary	8
oppose	8
officer	8
occurred	8
nevertheless	8
mountains	8
montpellier	8
met	8
merited	8
living	8
lively	8
lest	8
lausanne	8
knowing	8
kindness	8
involuntary	8
interesting	8
interested	8
intercourse	8
imposed	8
horror	8
hitherto	8
habitual	8
grant	8
gradually	8
glory	8
fragment	8
flattered	8
falsehood	8
extraordinary	8
exists	8
exercise	8
execution	8
excite	8
except	8
engagements	8
divine	8
distracted	8
difference	8
determination	8
details	8
desires	8
deprive	8
deepest	8
decision	8
daily	8
creature	8
content	8
consideration	8
consciousness	8
concerns	8
comprehend	8
commandant	8
coming	8
choice	8
characters	8
calmness	8
breathe	8
break	8
blame	8
bestow	8
benevolence	8
bellane	8
beg	8
ball	8
bade	8
aug	8
attend	8
assist	8
alter	8
allowed	8
afford	8
afflicted	8
advantage	8
accused	8
accompany	8
accents	8
)	8
(	8
yon	7
ye	7
wretched	7
wounds	7
wind	7
weak	7
warmth	7
want	7
various	7
used	7
unworthy	7
unexpected	7
turn	7
tremble	7
trace	7
town	7
torn	7
thrown	7
thinks	7
thank	7
ten	7
tells	7
telling	7
talk	7
talents	7
sweetness	7
suspect	7
surround	7
supernatural	7
succeeded	7
subdue	7
stranger	7
stand	7
spring	7
spectacle	7
sink	7
sense	7
satisfied	7
sacrifices	7
sacrificed	7
ring	7
resume	7
result	7
renew	7
remaining	7
rely	7
recovering	7
recognised	7
re	7
qualities	7
purest	7
providence	7
proved	7
protection	7
prospects	7
pronouncing	7
project	7
prevented	7
pretty	7
preserved	7
plunged	7
paused	7
pale	7
oppressed	7
obstacle	7
number	7
naturally	7
motion	7
measure	7
marriage	7
mark	7
low	7
lot	7
lived	7
leagues	7
late	7
ladies	7
knowledge	7
irrevocably	7
internal	7
information	7
inflexible	7
indulgence	7
inclination	7
impressed	7
humanity	7
ho	7
high	7
hers	7
hazard	7
hair	7
got	7
gentle	7
french	7
frame	7
firm	7
fever	7
exert	7
example	7
evils	7
everybody	7
entertained	7
enchanting	7
elevation	7
drew	7
doubtless	7
distant	7
disclose	7
destruction	7
deserve	7
delirium	7
degrees	7
declared	7
deceive	7
deal	7
cries	7
courageous	7
cost	7
continually	7
consequences	7
confide	7
ceremony	7
bo	7
blush	7
blessing	7
birth	7
beseech	7
bellerive	7
behind	7
beheld	7
becomes	7
bad	7
army	7
arm	7
ardour	7
approve	7
apprehensions	7
anguish	7
alternately	7
altered	7
alteration	7
alive	7
according	7
accompanied	7
abroad	7
yoke	6
waves	6
watch	6
vague	6
utmost	6
unless	6
universe	6
universal	6
understood	6
trust	6
trees	6
totally	6
thine	6
terminate	6
taught	6
sympathy	6
sweetest	6
swear	6
suspicions	6
susceptible	6
sunk	6
success	6
sublime	6
subdued	6
striking	6
story	6
spirits	6
source	6
sooner	6
soften	6
small	6
slight	6
six	6
sister-in-law	6
sir	6
sincere	6
showing	6
severity	6
setting	6
services	6
servants	6
self-love	6
security	6
secrets	6
satisfaction	6
sadness	6
sad	6
revive	6
retirement	6
restrain	6
respects	6
resolutions	6
reserve	6
required	6
repelled	6
repeating	6
remainder	6
rejoin	6
regretted	6
regiment	6
refusal	6
receiving	6
rays	6
ran	6
rage	6
quarrel	6
punished	6
proposal	6
proof	6
prejudice	6
possibly	6
positive	6
portrait	6
portion	6
picture	6
persecuted	6
performed	6
performance	6
people	6
pay	6
passions	6
passage	6
opposed	6
opening	6
offence	6
odious	6
occupations	6
nearly	6
mutual	6
mistress	6
miseries	6
mischief	6
minds	6
middle	6
mercy	6
mentioned	6
mention	6
meeting	6
malignity	6
madness	6
losing	6
listening	6
lips	6
leaned	6
intelligence	6
insupportable	6
inquire	6
informing	6
infant	6
indulged	6
indignant	6
indifferent	6
independent	6
impatience	6
impassioned	6
illusions	6
honourable	6
height	6
hastening	6
happen	6
habit	6
guide	6
fulfil	6
forward	6
fortunate	6
fortitude	6
foolish	6
finding	6
figure	6
feels	6
fancy	6
fallen	6
expressing	6
expired	6
equally	6
entrance	6
engaged	6
effects	6
ease	6
dress	6
doom	6
distressed	6
distraction	6
displayed	6
dishonour	6
disappear	6
dictates	6
devote	6
despise	6
descended	6
derive	6
deplorable	6
departed	6
delivered	6
deliver	6
delighted	6
delicate	6
declaration	6
decide	6
dark	6
cruelty	6
crime	6
create	6
cousin	6
constant	6
considered	6
consecrated	6
connexions	6
connected	6
conjured	6
confused	6
confined	6
concerned	6
complaints	6
compelled	6
communicate	6
cloud	6
claims	6
claim	6
choose	6
business	6
burst	6
buried	6
broken	6
breath	6
black	6
betrayed	6
betray	6
beloved	6
begins	6
barbarous	6
awful	6
attaches	6
attached	6
astonishment	6
approaching	6
anybody	6
amongst	6
alarms	6
alarming	6
afflictions	6
advancing	6
admiration	6
acknowledge	6
accomplished	6
abyss	6
absurd	6
absorbed	6
absent	6
-	6
wretch	5
wonderful	5
willing	5
whilst	5
weakened	5
waited	5
wait	5
verdun	5
uttering	5
unwilling	5
uniting	5
union	5
unfortunately	5
undertake	5
timidity	5
thirty	5
thing	5
theresa	5
terms	5
tear	5
takes	5
system	5
surrender	5
surprise	5
supported	5
suggest	5
succour	5
study	5
strongest	5
strike	5
stifle	5
started	5
spend	5
sorry	5
sooth	5
solitary	5
soft	5
slowly	5
situations	5
simple	5
sign	5
shuddered	5
showed	5
shot	5
share	5
shake	5
shadow	5
sex	5
servant	5
serenity	5
senses	5
selfishness	5
seizing	5
saving	5
salutary	5
rigid	5
revolution	5
resigned	5
resign	5
resembles	5
resemble	5
remembrance	5
remember	5
remarked	5
relieved	5
related	5
rejected	5
recollected	5
recognise	5
reckon	5
reciprocal	5
prosperity	5
proposed	5
prompted	5
progress	5
procure	5
principal	5
prey	5
pressure	5
pressing	5
prejudices	5
prefer	5
powerfully	5
possibility	5
possessing	5
plunge	5
phantoms	5
perturbation	5
personal	5
persisted	5
permits	5
passing	5
paper	5
pangs	5
paleness	5
painted	5
paces	5
offered	5
occurs	5
occur	5
observation	5
obscurity	5
oblivion	5
obligations	5
obey	5
music	5
movement	5
mournful	5
motionless	5
mortal	5
monk	5
mingled	5
merchant	5
matter	5
manners	5
likewise	5
lifeless	5
leaves	5
lay	5
laid	5
lady	5
labour	5
july	5
intimate	5
interview	5
interrupting	5
inspires	5
inflict	5
infancy	5
infamous	5
indebted	5
impose	5
imploring	5
hurried	5
horrible	5
homage	5
holding	5
history	5
help	5
guilt	5
gratification	5
gloom	5
germany	5
gate	5
gained	5
fully	5
forcibly	5
forced	5
flatter	5
finally	5
false	5
faint	5
fact	5
expresses	5
explain	5
expectation	5
exercises	5
excess	5
exactly	5
entreaties	5
entering	5
endured	5
enabled	5
employment	5
embraced	5
embarrassment	5
eagerly	5
driven	5
drawn	5
distinction	5
disregard	5
disordered	5
disgusted	5
disgust	5
disappeared	5
dignified	5
devotion	5
designs	5
deserved	5
deserted	5
depends	5
deign	5
dawn	5
dared	5
creatures	5
created	5
covered	5
court	5
counsels	5
correct	5
contribute	5
contest	5
contemplation	5
contemplate	5
confounded	5
comply	5
complete	5
companion	5
commit	5
comes	5
collected	5
cherish	5
celestial	5
caused	5
cart	5
calling	5
brilliant	5
bounds	5
bound	5
born	5
blessings	5
bitterly	5
bitterest	5
bis	5
betwixt	5
beside	5
ber	5
benefactor	5
belongs	5
beholding	5
begin	5
becoming	5
beat	5
barbarity	5
banished	5
aversion	5
aunt	5
attentions	5
attack	5
asunder	5
assembly	5
aside	5
answered	5
anger	5
alternative	5
allowing	5
ages	5
affectionate	5
affairs	5
affair	5
advantages	5
advance	5
adore	5
add	5
actuated	5
actually	5
acts	5
accustomed	5
accord	5
abbess	5
]	5
|arabic4digit|	4
yielding	4
wretchedness	4
worship	4
wishing	4
winter	4
willingly	4
wherever	4
welfare	4
weep	4
weapons	4
weaknesses	4
warmly	4
vivacity	4
vindicate	4
vigour	4
vernon	4
veins	4
vast	4
variety	4
utterly	4
urn	4
unnecessary	4
uniform	4
twice	4
troubles	4
tried	4
treated	4
traveller	4
transported	4
transport	4
torments	4
torment	4
tor	4
thyself	4
throw	4
threatens	4
things	4
testify	4
terrify	4
tendency	4
tend	4
talked	4
table	4
symptoms	4
suspected	4
surprised	4
supposed	4
suit	4
sufferer	4
studied	4
struggling	4
strongly	4
strict	4
stretched	4
street	4
strangers	4
storm	4
stay	4
staircase	4
splendour	4
spain	4
space	4
sought	4
solicited	4
softened	4
sincerity	4
sincerely	4
similar	4
sighs	4
sick	4
shudder	4
shown	4
severe	4
seven	4
separates	4
selfish	4
sees	4
search	4
safety	4
rival	4
rising	4
rights	4
reverses	4
reveal	4
retiring	4
restraint	4
respectable	4
resistance	4
reserved	4
reports	4
repentance	4
repent	4
repair	4
renders	4
rend	4
remind	4
reluctance	4
relapsed	4
reject	4
regular	4
refusing	4
refuge	4
reflecting	4
recovery	4
recommended	4
recesses	4
reception	4
rash	4
raising	4
quest	4
purity	4
punishment	4
prudent	4
proves	4
prostrate	4
proofs	4
projects	4
profess	4
produces	4
procured	4
proceeds	4
prisoner	4
principle	4
president	4
preserving	4
presenting	4
preceded	4
post	4
politeness	4
pointed	4
plain	4
places	4
physical	4
persist	4
persecution	4
perfidy	4
penetrated	4
penetrate	4
patience	4
path	4
passes	4
participate	4
p	4
overwhelm	4
overpowered	4
ot	4
orders	4
opposition	4
offend	4
occupy	4
occasions	4
obstinacy	4
observations	4
obeyed	4
o'clock	4
notions	4
notice	4
news	4
national	4
nation	4
names	4
mystery	4
movements	4
month	4
mere	4
meditation	4
measures	4
meant	4
master	4
marrying	4
mar	4
loud	4
lo	4
lines	4
lifted	4
level	4
leads	4
lately	4
lam	4
lake	4
june	4
judges	4
joining	4
jan	4
iu	4
introduced	4
intentions	4
insensible	4
inquired	4
inmost	4
injuries	4
injure	4
individuals	4
indescribable	4
increased	4
increase	4
inconsiderate	4
impress	4
imperious	4
impatient	4
immortality	4
hurt	4
humble	4
honours	4
hesitation	4
hesitated	4
henceforth	4
hence	4
hears	4
hastily	4
hastened	4
hasten	4
hast	4
happiest	4
habits	4
h	4
grew	4
greatly	4
grand	4
graces	4
grace	4
gladly	4
glad	4
gentlemen	4
gaoler	4
frankfurt	4
fought	4
forms	4
formidable	4
formalities	4
forgive	4
foreseen	4
forbidden	4
foot	4
fled	4
firmness	4
finish	4
fifty	4
females	4
feared	4
favourable	4
fatigue	4
faith	4
faculty	4
extinguished	4
extent	4
exertions	4
excruciating	4
excites	4
excellent	4
everywhere	4
estimation	4
esteemed	4
established	4
entrusted	4
entreated	4
entitled	4
entire	4
enjoying	4
engagement	4
endeavours	4
encourage	4
employs	4
elapsed	4
efface	4
earnestness	4
early	4
dwelling	4
doubts	4
dost	4
divorce	4
disturbed	4
distresses	4
dispose	4
display	4
dismal	4
dislike	4
dishonoured	4
discharge	4
disarmed	4
directly	4
difficulty	4
dictated	4
devour	4
devoted	4
destroyed	4
desert	4
deprives	4
dejection	4
degraded	4
defended	4
defects	4
declaring	4
debt	4
dangers	4
d'albemab	4
criminality	4
creator	4
cover	4
corner	4
cool	4
conversations	4
continual	4
contemplating	4
contain	4
constraint	4
consecrate	4
confident	4
complaint	4
companions	4
committed	4
collect	4
circulated	4
circle	4
chosen	4
childhood	4
chaumont	4
ceremonies	4
case	4
carrying	4
career	4
capricious	4
camp	4
calls	4
bustle	4
bury	4
breathed	4
breaking	4
book	4
bloom	4
blessed	4
bless	4
blamed	4
bind	4
bent	4
benevolent	4
beneath	4
bemar	4
believes	4
begun	4
begged	4
befall	4
bearing	4
base	4
bars	4
barrier	4
banks	4
banish	4
awaits	4
avail	4
august	4
attracted	4
attacked	4
assuredly	4
assurance	4
aspect	4
ashes	4
arrive	4
arrangements	4
arising	4
ardent	4
applied	4
appease	4
anxieties	4
announces	4
amusements	4
altar	4
agonising	4
agitate	4
affect	4
admired	4
adjoining	4
adds	4
additional	4
acquired	4
acquainting	4
accordingly	4
accomplishment	4
..	4
.,	4
■	3
•	3
wrapped	3
wo	3
witnesses	3
withdrew	3
wit	3
wild	3
white	3
weigh	3
water	3
wanted	3
wander	3
wall	3
waiting	3
w	3
visits	3
violate	3
ville	3
views	3
victory	3
victims	3
victim	3
vibrates	3
verge	3
verdure	3
vengeance	3
vehemence	3
vanity	3
vainly	3
usually	3
useful	3
until	3
unrestrained	3
unison	3
unhappiness	3
undoubtedly	3
undergo	3
undeceive	3
unconnected	3
uncertainty	3
unavailing	3
unacquainted	3
trial	3
tree	3
treat	3
traverse	3
transfuse	3
train	3
touch	3
total	3
torture	3
tormenting	3
topic	3
tired	3
tidings	3
threatening	3
thoughtless	3
thoroughly	3
thither	3
third	3
testimony	3
termination	3
tended	3
temporary	3
tasted	3
sworn	3
sword	3
sway	3
sustain	3
suspicion	3
suspended	3
survived	3
surrounds	3
surface	3
supremely	3
suppress	3
supporting	3
supportable	3
superiority	3
suitable	3
suggestions	3
successful	3
subsided	3
subjection	3
struggles	3
stronger	3
stripped	3
standing	3
species	3
spare	3
song	3
solicitations	3
solemnly	3
solemnity	3
snow	3
slow	3
slavery	3
sky	3
sisters	3
singing	3
signs	3
sigh	3
shudders	3
shelter	3
shape	3
shalt	3
shade	3
settling	3
settled	3
served	3
serene	3
sept	3
senseless	3
seldom	3
seated	3
seat	3
scruples	3
scruple	3
schemes	3
scenes	3
scandalous	3
satisfy	3
runs	3
rule	3
ruin	3
route	3
river	3
rises	3
reveries	3
revenge	3
retard	3
retain	3
restless	3
rested	3
respected	3
resembled	3
rescue	3
requisite	3
repugnant	3
reproached	3
repress	3
repaired	3
renewed	3
rendering	3
reminds	3
relied	3
rejoined	3
rejecting	3
region	3
regards	3
regain	3
red	3
recur	3
recourse	3
recommend	3
reclined	3
recital	3
reasons	3
reasonable	3
ray	3
ranks	3
pursuits	3
pursues	3
provoked	3
protestations	3
protestant	3
protects	3
prostrated	3
proposition	3
propagated	3
promises	3
prolong	3
profoundly	3
probably	3
private	3
priest	3
previous	3
pretext	3
pretend	3
press	3
preserves	3
preparing	3
pregnancy	3
precipitate	3
precipice	3
preceding	3
practice	3
possesses	3
plead	3
piety	3
physicians	3
perseverance	3
perpetual	3
perfidious	3
pause	3
patrol	3
passport	3
passionately	3
passionate	3
parting	3
pardoned	3
overtake	3
ours	3
operate	3
offspring	3
offers	3
offering	3
offensive	3
ocean	3
obtaining	3
obliterate	3
obliges	3
oblige	3
numberless	3
november	3
northeast	3
neighbourhood	3
native	3
narrative	3
mysterious	3
mv	3
muttered	3
multitude	3
moved	3
monde	3
mixture	3
mingle	3
messenger	3
merit	3
melted	3
mc	3
masked	3
mary	3
marks	3
malignant	3
malevolence	3
majestic	3
ma	3
lugubrious	3
loose	3
lite	3
links	3
lie	3
levity	3
letting	3
leaning	3
league	3
laying	3
law	3
latter	3
killed	3
key	3
kept	3
keeper	3
keen	3
justified	3
irritate	3
irritable	3
irreparable	3
inward	3
involve	3
invoke	3
invited	3
introduce	3
intimately	3
intimacy	3
interval	3
interrupt	3
intended	3
intend	3
insults	3
institutions	3
instance	3
inspiring	3
inspiration	3
injured	3
ingratitude	3
influenced	3
inflicted	3
infirm	3
infallible	3
ineffectual	3
individual	3
indiscriminately	3
indifference	3
indicated	3
incumbent	3
inclinations	3
incidents	3
imprudent	3
imprudence	3
imposes	3
impious	3
impart	3
immoveable	3
immolate	3
immense	3
imaginations	3
images	3
illusion	3
ihe	3
hung	3
humbled	3
horses	3
horrors	3
horrid	3
holds	3
highly	3
highest	3
hereafter	3
henry	3
henrietta	3
henceforward	3
heavenly	3
haughty	3
hardly	3
hard	3
happily	3
habitation	3
grow	3
grate	3
granted	3
graceful	3
globe	3
gifts	3
getting	3
gestures	3
gently	3
genius	3
generally	3
generality	3
gaining	3
gain	3
gaiety	3
funeral	3
frivolous	3
frantic	3
foundation	3
fortnight	3
fortify	3
forgotten	3
forgetful	3
foresee	3
foresaw	3
forehead	3
fondness	3
five	3
fir	3
fills	3
fete	3
ferocious	3
felicity	3
feb	3
fatigued	3
faltered	3
falling	3
faithful	3
fain	3
failed	3
faculties	3
extricate	3
extremity	3
exquisite	3
explained	3
expiring	3
expire	3
expiate	3
experiencing	3
expense	3
exhausted	3
exerted	3
executed	3
exciting	3
exceedingly	3
exalted	3
establishment	3
erect	3
enthusiastic	3
enters	3
ensure	3
enraged	3
encounter	3
emigrants	3
emancipated	3
eloquence	3
elise	3
education	3
earlier	3
ear	3
durst	3
duration	3
duel	3
due	3
driving	3
dreading	3
domestic	3
divest	3
diverted	3
divert	3
disturbs	3
disturb	3
dissuade	3
dissemble	3
dissatisfied	3
disregarded	3
displeased	3
displaying	3
dispensation	3
disfigured	3
disengaged	3
discussion	3
discovers	3
discovering	3
diminish	3
didst	3
detest	3
determines	3
determine	3
detain	3
detail	3
desiring	3
deserves	3
description	3
describe	3
depriving	3
deny	3
denied	3
delivering	3
delicious	3
dejected	3
decree	3
declare	3
debts	3
dated	3
d'ervins	3
d'al	3
d'aibemar	3
culpable	3
crisis	3
creditors	3
countenances	3
correspond	3
convulsive	3
contrived	3
contradictory	3
contradiction	3
continuing	3
continuance	3
contemplated	3
contained	3
consumes	3
consulted	3
consoling	3
considerations	3
conflict	3
confidant	3
condemns	3
concluded	3
concerning	3
conceives	3
conceited	3
composed	3
complied	3
complain	3
compel	3
commissioner	3
commission	3
commanded	3
comforts	3
combat	3
clouds	3
closely	3
clasping	3
chimaeras	3
chances	3
causes	3
casting	3
card	3
caprice	3
candour	3
calumnies	3
calculation	3
calculated	3
calamity	3
calamities	3
broke	3
breasts	3
braved	3
bounty	3
blow	3
binding	3
betraying	3
bestowed	3
bensei	3
benefit	3
beneficent	3
belonging	3
behalf	3
beauties	3
bears	3
barbarians	3
band	3
awhile	3
awakened	3
avoided	3
avenge	3
author	3
austrian	3
attest	3
attentive	3
attempts	3
attempting	3
assisted	3
assent	3
assembled	3
assail	3
aspire	3
asking	3
artifice	3
arranged	3
arguments	3
ardently	3
arc	3
apprehensive	3
apprehend	3
appointed	3
apparent	3
answers	3
announced	3
announce	3
angelic	3
anew	3
ancient	3
amusement	3
almighty	3
allows	3
alleviate	3
alighted	3
albemar	3
airs	3
agonies	3
aged	3
afforded	3
afflicting	3
advised	3
advise	3
adventure	3
adores	3
adored	3
adopted	3
admit	3
addresses	3
active	3
acted	3
acquitted	3
acquit	3
acquire	3
acknowledged	3
accusations	3
accounts	3
accords	3
abruptly	3
abandoning	3
.'	3
«	2
zeal	2
youthful	2
yoo	2
yielded	2
wrung	2
wrongs	2
wretches	2
wrath	2
wouldst	2
worthiest	2
worth	2
worked	2
work	2
wore	2
woods	2
witnessed	2
wither	2
withdrawn	2
winds	2
winch	2
wildness	2
whoever	2
whisper	2
whereas	2
whenever	2
weighed	2
weeping	2
weeks	2
week	2
wear	2
weapon	2
ways	2
watery	2
waters	2
warn	2
warm	2
ward	2
wandering	2
walking	2
vulgar	2
vow	2
voluntarily	2
voiture	2
void	2
voices	2
visiting	2
violently	2
violating	2
vigorous	2
ventured	2
vent	2
veils	2
vanished	2
valued	2
valorbo	2
valet	2
using	2
useless	2
urged	2
upstairs	2
upright	2
unsuccessful	2
unlucky	2
unlimited	2
universally	2
unfeeling	2
unfavourable	2
unexpectedly	2
unconscious	2
unconcern	2
uncommon	2
uncertain	2
unbounded	2
unaccountable	2
ultimate	2
tutelary	2
turns	2
tumult	2
trusting	2
troublesome	2
troubled	2
trivial	2
triumphs	2
tribute	2
trials	2
treatment	2
tread	2
traversed	2
travelled	2
transports	2
transient	2
transgressions	2
transaction	2
traits	2
touched	2
tortured	2
torrent	2
tore	2
topics	2
tome	2
today	2
title	2
tion	2
tim	2
tier	2
thrilling	2
threshold	2
thirst	2
terrified	2
tenor	2
tenderly	2
tenas	2
tempted	2
temporal	2
tedious	2
teach	2
talking	2
sympathies	2
swoon	2
swollen	2
sweat	2
suspension	2
suspense	2
suspend	2
susceptibility	2
surviving	2
surrounding	2
surrendered	2
surpassed	2
surpass	2
surely	2
supplications	2
superstition	2
summon	2
summits	2
summit	2
summer	2
suggests	2
suffrages	2
suffers	2
suckling	2
suckle	2
succession	2
succeeding	2
succeed	2
subservient	2
submission	2
struggled	2
stroke	2
strictness	2
stretching	2
strain	2
storms	2
stood	2
stir	2
sternly	2
stern	2
stepped	2
steel	2
starting	2
start	2
stands	2
standard	2
springs	2
spread	2
spouse	2
sphere	2
speaks	2
spared	2
spanish	2
sovereign	2
southeast	2
sources	2
sounds	2
sophia	2
somebody	2
sombre	2
solicitude	2
solicit	2
sole	2
sofa	2
social	2
sobs	2
snatch	2
slave	2
skill	2
sit	2
sion	2
sinking	2
singular	2
sing	2
sincerest	2
simplicity	2
simplest	2
silly	2
signifies	2
signed	2
signal	2
sighed	2
si	2
shuddering	2
shrouded	2
shouldst	2
shocking	2
shocked	2
shock	2
shine	2
shedding	2
shameful	2
shafts	2
severest	2
severely	2
settle	2
series	2
sequestered	2
september	2
sentence	2
sensibly	2
self-interest	2
self-denial	2
seeking	2
season	2
searched	2
scrupulously	2
scrupulous	2
scattered	2
scarce	2
says	2
satiety	2
sat	2
sanctuary	2
safely	2
sadly	2
s	2
rushed	2
rush	2
rules	2
roused	2
rome	2
roe	2
robe	2
rl	2
riveted	2
rigidly	2
righteous	2
rid	2
rhine	2
reward	2
revolts	2
revolting	2
revived	2
reverie	2
revered	2
revealed	2
returns	2
retains	2
retained	2
restores	2
responsible	2
respectful	2
resources	2
resolve	2
resides	2
residence	2
resided	2
repugnance	2
republican	2
repressing	2
repressed	2
reposed	2
report	2
repel	2
renouncing	2
remote	2
remarkably	2
relinquish	2
released	2
release	2
relative	2
relate	2
reigns	2
reigned	2
reign	2
regularity	2
regarded	2
refresh	2
refrain	2
reestablishment	2
redoubled	2
recurrence	2
recurred	2
reconcile	2
recompense	2
recollecting	2
reckoned	2
recalling	2
reasoning	2
reanimated	2
reanimate	2
readiness	2
readily	2
reaching	2
rapture	2
rapidly	2
rapidity	2
rancour	2
rain	2
radical	2
quitting	2
quieted	2
quiet	2
questions	2
questioned	2
quality	2
pursuit	2
provoke	2
protector	2
protected	2
protect	2
proposals	2
proportion	2
prophetic	2
pronounces	2
prone	2
profane	2
proclaim	2
proceeding	2
pro	2
priests	2
price	2
preys	2
prevails	2
prevailed	2
pretexts	2
prescribed	2
preparations	2
preferred	2
preference	2
prediction	2
precipitately	2
precipitated	2
precede	2
pre	2
praises	2
poured	2
pour	2
postoffice	2
positively	2
portray	2
poplars	2
pomp	2
polite	2
points	2
poignantly	2
poignant	2
pledge	2
pleasant	2
playing	2
play	2
plans	2
pious	2
piercing	2
pierced	2
pictures	2
physiognomy	2
physician	2
phine	2
peruse	2
perusal	2
perspective	2
persecutors	2
persecuting	2
persecute	2
perpetually	2
periods	2
perfection	2
perceiving	2
pensive	2
pensionary	2
pensionaries	2
paternal	2
pas	2
parties	2
particulars	2
particle	2
parted	2
partake	2
papers	2
palpitations	2
paint	2
pace	2
owing	2
owed	2
overwhelms	2
overspread	2
overpowers	2
overpower	2
outward	2
original	2
ordered	2
opprobrious	2
oppress	2
opens	2
openly	2
omen	2
officers	2
office	2
offends	2
offending	2
october	2
obstacles	2
observing	2
obscured	2
obscure	2
obeying	2
oaths	2
oath	2
nursing	2
nuptials	2
ntiment	2
nobly	2
nobles	2
nobility	2
niece	2
nephew	2
nearer	2
murmur	2
mt	2
moving	2
move	2
moulins	2
mortification	2
mood	2
monster	2
monotonous	2
mon	2
mitigate	2
mirror	2
mingling	2
military	2
milder	2
mightest	2
method	2
methinks	2
meriting	2
merchants	2
menacing	2
menaces	2
meditations	2
maternal	2
masters	2
marvellous	2
manifesting	2
management	2
malicious	2
malice	2
malevolent	2
magic	2
madrid	2
lurking	2
louis	2
loses	2
lofty	2
locks	2
loaded	2
liveliest	2
limits	2
likely	2
lies	2
lessons	2
legitimate	2
leben8ei	2
learning	2
lean	2
lavished	2
lasting	2
lasted	2
large	2
languor	2
languedoc	2
land	2
labouring	2
knowest	2
kindly	2
kill	2
justifying	2
justifies	2
judgments	2
jealousy	2
jealous	2
italy	2
issue	2
irritation	2
involved	2
involuntarily	2
invoking	2
invitation	2
invisible	2
inutility	2
intrust	2
intoxicating	2
intoxicated	2
intervals	2
interpreter	2
internally	2
intermingled	2
interference	2
intercept	2
intelligible	2
insurmountable	2
insuperable	2
instantaneous	2
insolent	2
insisted	2
insipid	2
insinuation	2
insight	2
insanity	2
inhuman	2
inhabitants	2
informs	2
inexpressible	2
inexorable	2
inevitable	2
indisposition	2
indisposed	2
indispensable	2
independence	2
indefinite	2
incur	2
increasing	2
inconvenience	2
inconsolable	2
inconsistencies	2
incomplete	2
incident	2
inarticulate	2
inactivity	2
impossibility	2
imposing	2
impiety	2
immersed	2
immediate	2
imitate	2
ills	2
ignorance	2
idolatry	2
idle	2
icy	2
ia	2
hut	2
hurry	2
humour	2
humiliations	2
humiliation	2
humbling	2
humane	2
hostile	2
horse	2
horizon	2
honoured	2
hitn	2
hit	2
higher	2
hide	2
hesitating	2
heighten	2
heed	2
heavy	2
heartfelt	2
hearken	2
heal	2
hazards	2
hauteur	2
haughtiness	2
hating	2
hath	2
harp	2
harmony	2
hardened	2
harassed	2
happens	2
hangs	2
habitations	2
gulf	2
guided	2
guessed	2
guard	2
grove	2
grounded	2
gripe	2
grievous	2
gratifying	2
grasp	2
government	2
goes	2
glowing	2
glorious	2
giddy	2
geneva	2
generation	2
gay	2
furnish	2
furies	2
funereal	2
ft	2
fruitless	2
frozen	2
frenzy	2
frenchmen	2
frenchman	2
freely	2
frankness	2
formal	2
forgot	2
forgiveness	2
forbid	2
fool	2
flung	2
flowing	2
flow	2
floor	2
flattering	2
flame	2
fixing	2
fittest	2
fit	2
firmly	2
fired	2
final	2
fill	2
filial	2
fidelity	2
fibre	2
fertile	2
fermentation	2
fellow	2
feelingly	2
fearful	2
fault	2
fatiguing	2
fatality	2
fashionable	2
families	2
fainted	2
failings	2
faded	2
facts	2
factitious	2
faces	2
eyed	2
eye	2
extravagant	2
extort	2
exposes	2
expelled	2
expectations	2
expand	2
exhort	2
exhibiting	2
exerting	2
excuses	2
excuse	2
exclaim	2
excepting	2
excellence	2
exasperated	2
examples	2
examining	2
ex	2
eternally	2
estranged	2
estate	2
establish	2
essential	2
especially	2
escaping	2
erected	2
ere	2
entertaining	2
enterprise	2
enslaved	2
ennui	2
enlightened	2
enlargement	2
enjoined	2
engrossed	2
engaging	2
engage	2
enfeebles	2
energies	2
endowed	2
endearing	2
endeared	2
endangering	2
encouraged	2
encircle	2
enchantment	2
enables	2
employing	2
embracing	2
embraces	2
embarrassed	2
elude	2
eleven	2
effusion	2
effaced	2
ears	2
earnestly	2
earnest	2
earliest	2
eagerness	2
dwells	2
dwell	2
dust	2
du	2
drives	2
drive	2
drink	2
dreams	2
dreads	2
draws	2
drag	2
doubted	2
doors	2
domestics	2
divinity	2
divided	2
diversity	2
distrust	2
distributed	2
distinguished	2
dissolution	2
dissipated	2
dissimulation	2
disquietude	2
dispositions	2
disposes	2
displeasure	2
dispel	2
dispatched	2
disorder	2
dismay	2
disgraceful	2
disgrace	2
disdain	2
discovery	2
discourse	2
discloses	2
disappointment	2
disagreeable	2
direction	2
diminution	2
dies	2
devoting	2
devise	2
deville	2
deterred	2
detach	2
destinies	2
desperate	2
deserving	2
described	2
descending	2
descend	2
deranged	2
deposited	2
depended	2
denominated	2
demands	2
demanded	2
delphiue	2
delivery	2
delivers	2
delirious	2
deliberating	2
delayed	2
deiphine	2
degrade	2
degradation	2
deficient	2
defiance	2
defence	2
defect	2
deemed	2
december	2
deathbed	2
dearest	2
dangerous	2
d'ar	2
d'albe	2
d	2
cut	2
cur	2
crush	2
courageously	2
correspondence	2
corpse	2
corps	2
convulsions	2
convulse	2
conveyed	2
convey	2
converted	2
conversed	2
control	2
contrast	2
contracted	2
continues	2
contents	2
contending	2
containing	2
consult	2
constrained	2
constitution	2
conspire	2
consoles	2
consoled	2
consolatory	2
consists	2
consist	2
considers	2
considerate	2
considerably	2
consents	2
connect	2
congenial	2
confusion	2
confusedly	2
confirms	2
confessed	2
confer	2
condescend	2
conclude	2
conciliate	2
conception	2
concentrated	2
conceals	2
concealing	2
con	2
comprehensive	2
compels	2
compassionate	2
comparison	2
compared	2
communicating	2
communicated	2
commiseration	2
commencement	2
comforter	2
combined	2
combinations	2
combating	2
colours	2
colleagues	2
coldest	2
coffin	2
clothes	2
closed	2
clear	2
civility	2
civil	2
chose	2
chooses	2
cherished	2
cheerfully	2
cheer	2
charming	2
charity	2
charged	2
charge	2
changing	2
champs	2
chaillot	2
chagrin	2
ceasing	2
ceases	2
caution	2
caught	2
casts	2
carefully	2
captivated	2
captivate	2
canst	2
calmed	2
callous	2
calamitous	2
bufferings	2
brink	2
bright	2
bridge	2
bowed	2
bow	2
bounties	2
boundless	2
bosoms	2
bordering	2
books	2
bonds	2
boasts	2
boast	2
blows	2
blind	2
blended	2
blemishes	2
bleeding	2
blasted	2
blast	2
blameable	2
bidding	2
bid	2
bewail	2
bench	2
behaviour	2
beginning	2
befallen	2
bedewed	2
battle	2
barbarian	2
bail	2
awoke	2
awe	2
awaked	2
await	2
avow	2
avoiding	2
averse	2
avenging	2
avenged	2
availed	2
augment	2
attributed	2
attribute	2
attract	2
attitude	2
attends	2
attending	2
attachments	2
astonishing	2
assumed	2
assuaged	2
associate	2
assigned	2
asserting	2
assert	2
assemblies	2
asperity	2
ashamed	2
ascertain	2
arrogance	2
arrested	2
arrangement	2
armies	2
armed	2
arises	2
arid	2
ardours	2
arbitrary	2
april	2
approves	2
apprized	2
apply	2
appearing	2
appeals	2
appeal	2
apparently	2
apology	2
apartments	2
anxiously	2
anticipation	2
animosity	2
animation	2
animates	2
angels	2
amour	2
amid	2
alps	2
alluring	2
alienate	2
aim	2
agree	2
agitations	2
afterwards	2
affords	2
afflicts	2
afflict	2
affirm	2
af	2
advances	2
admits	2
admire	2
admirable	2
administered	2
administer	2
addressing	2
addition	2
adapted	2
acute	2
actual	2
activity	2
across	2
accusing	2
accouchement	2
accomplish	2
accompanies	2
accidentally	2
access	2
abused	2
absolve	2
absolutely	2
absolute	2
^	2
[	2
8th	2
.'"	2
',	2
''	2
'!	2
!.	2
￼	1
♦	1
■ympathies	1
•pot	1
•loved	1
•gainst	1
•'	1
»ult	1
».	1
»	1
}	1
|	1
zens	1
yu	1
yt>u	1
youtinflict	1
youths	1
yout	1
yourselves	1
yourletter	1
younger	1
youdo	1
yoh	1
yoa	1
yjo%th	1
yist	1
yet'mentioned	1
yerdun	1
yalorbe	1
y	1
xvr	1
xlih	1
wv	1
wronged	1
writings	1
writes	1
writers	1
writer	1
wreck	1
wreak	1
wrat	1
wprd	1
wounding	1
worse	1
worldly	1
works	1
wop	1
wonted	1
wont	1
wonders	1
womb	1
woes	1
wnich	1
witty	1
witnessing	1
withhold	1
withheld	1
withers	1
withering	1
withdraws	1
wishest	1
wise	1
wiry	1
wing	1
windows	1
windings	1
wilk	1
wilderness	1
wifnout	1
widow	1
wickedness	1
wicked	1
whs	1
whq	1
whots	1
whoso	1
whore	1
whojled	1
whnt	1
whither	1
whiteness	1
whispers	1
whirlwind	1
whimsical	1
which^t	1
which"threatens	1
wherefore	1
wheiiallc	1
wheels	1
were'settled	1
weighing	1
wedlock	1
weather	1
wearied	1
weaker	1
weakening	1
watching	1
watches	1
wasting	1
wastes	1
waste	1
wash	1
wasascending	1
was'agitated	1
warned	1
warms	1
warmed	1
warlike	1
warbling	1
wanting	1
wanderer	1
wandered	1
walls	1
walks	1
waked	1
wai	1
wag	1
vu	1
voyage	1
vowed	1
vouch	1
voluntary	1
voltaire	1
volatility	1
vivid	1
visiter	1
visible	1
vinced	1
villa	1
vilest	1
vile	1
vigilant	1
viewed	1
vienna	1
victories	1
vices	1
vice	1
vibrated	1
vexed	1
vexation	1
vex	1
vestiges	1
verses	1
verse	1
vernal	1
verbal	1
venial	1
venerable	1
velope	1
vein	1
vehicle	1
vegetable	1
ve	1
vaud	1
vary	1
variously	1
varied	1
variation	1
vanquished	1
vanquish	1
vanishes	1
vanish	1
values	1
valuable	1
valais	1
vagaries	1
uttor	1
utters	1
utterance	1
utility	1
ushered	1
usefully	1
urgently	1
urge	1
upwards	1
uppermost	1
upheld	1
upbraid	1
unwonted	1
unwillingness	1
unwearied	1
unvaried	1
unutterable	1
unusual	1
untimely	1
unthinkingly	1
unsuspecting	1
unsupported	1
unsuitable	1
unsuffering	1
unstudied	1
unsparing	1
unsha	1
unruffled	1
unreluctantly	1
unravel	1
unprotected	1
unpleasant	1
unmoved	1
unmixed	1
unmeaning	1
unmasked	1
unmade	1
unlooked-for	1
unkind	1
unites	1
unirftnyself	1
unionl	1
uninterrupted	1
unintelligible	1
uninformed	1
unimpaired	1
unheard	1
unhappily	1
ungrateful	1
ungovernable	1
ungenerous	1
unfrequently	1
unfounded	1
unfold	1
unfit	1
unexampled	1
unenslaved	1
unembarrassed	1
undue	1
undone	1
undertook	1
understandings	1
undergone	1
undeceiving	1
unconsciously	1
uncivil	1
unchecked	1
unchanged	1
uncertainties	1
unbraces	1
unbosoming	1
unbolted	1
unbind	1
unbarred	1
unattended	1
unaltered	1
unalterable	1
unalloyed	1
unalleviated	1
unaccompanied	1
ulise	1
ub	1
u	1
tyrant	1
twenty-two	1
tune	1
tumultuous	1
tuesday	1
tu	1
tteat	1
trusted	1
truest	1
troop	1
trifling	1
tries	1
trick	1
tremour	1
tremor	1
treasures	1
treasured	1
treasure	1
treading	1
traversing	1
travels	1
transmitted	1
transmit	1
transgression	1
transfer	1
transcribing	1
tranquillizing	1
tranquillizes	1
trample	1
trait	1
tragedies	1
traction	1
traced	1
tpere	1
toward	1
touching	1
tottering	1
torrents	1
tormented	1
top	1
tonight	1
tones	1
tombs	1
tollies	1
tolerated	1
tolerable	1
token	1
toiler	1
toenable	1
todis	1
tocotrceal	1
tny	1
tne	1
tn	1
tmd	1
tive	1
tittle	1
tipon	1
tincture	1
timid	1
timcnt	1
tiling	1
tiking	1
tiiou	1
tiiere	1
tierville	1
ti	1
thwarting	1
thut	1
throws	1
throughout	1
throne	1
throb	1
thrice	1
threats	1
thread	1
thomson	1
thom	1
thoir	1
thocrfiot	1
thnt	1
thi»	1
thinsr	1
thinsf	1
thin	1
thib	1
thfc	1
thevocks	1
thejiver	1
theirs	1
the.countenance	1
thanks	1
thanking	1
thai	1
tf^ti'er0u8~£ihdhess	1
tetted	1
testimonies	1
tertian	1
terrific	1
terribly	1
ternao	1
terminating	1
terminates	1
terminated	1
term	1
tendernesst	1
tenderhearted	1
temptation	1
tempest	1
temerity	1
teman	1
teeth	1
teatsuwith	1
teats	1
tbrtune	1
tattered	1
tasteless	1
tarnished	1
tapers	1
talks	1
takest	1
tail	1
ta	1
systematic	1
symptom	1
sympathises	1
symbols	1
swooned	1
swiss	1
swift	1
sweets	1
sweetly	1
sweeter	1
swallowed	1
survivest	1
survives	1
survey	1
surrendering	1
surpassing	1
surpasses	1
surmount	1
surmise	1
surest	1
suppressed	1
supposition	1
supposing	1
supposes	1
supports	1
supply	1
supplies	1
supplied	1
supplicating	1
suppliant	1
supper	1
superstitions	1
supernumerary	1
sum	1
suited	1
suicide	1
suggestion	1
suggesting	1
suggested	1
suffocated	1
sufficed	1
sufferings."r	1
sufferest	1
sufferectthe	1
sueh	1
sue	1
succours	1
successively	1
successive	1
successfully	1
successes	1
succeeds	1
subsists	1
subsisted	1
subscribe	1
submitted	1
submits	1
sublimity	1
subjecting	1
subj	1
sua	1
style	1
sty	1
stupor	1
stupidity	1
stupid	1
stung	1
studying	1
studious	1
studies	1
stuart	1
structure	1
striving	1
strive	1
strips	1
stretch	1
strengthened	1
strengthen	1
streams	1
stre	1
strayed	1
strange	1
strains	1
stormy	1
stories	1
stopping	1
stoop	1
stone	1
sting	1
stifled	1
sthose	1
stes	1
sternness	1
sterility	1
stepping	1
steep	1
steels	1
steady	1
stead	1
station	1
stated	1
startled	1
stars	1
starry	1
standards	1
stamping	1
stamped	1
stamp	1
stake	1
stair	1
stain	1
stagger	1
stages	1
stage	1
square	1
sprung	1
spreads	1
spontaneously	1
splendid	1
spirited	1
spired	1
spends	1
spending	1
speeding	1
speed	1
speeches	1
speech	1
speculations	1
spectators	1
spectator	1
speciously	1
specious	1
spasmodic	1
sparks	1
sparkling	1
sow	1
sovverrai	1
sovereignly	1
souse	1
soured	1
sour	1
sorrowful	1
sooths	1
soothed	1
songs	1
somewhere	1
solicitous	1
solemnities	1
solely	1
solacement	1
solace	1
soil	1
softly	1
softer	1
sofar	1
soever	1
sod	1
sobbing	1
snnk	1
snares	1
smooth	1
smiling	1
smiled	1
smile	1
sloping	1
slipped	1
slip	1
slightly	1
slighest	1
slept	1
slenderest	1
slender	1
sleet	1
sleeps	1
sleepless	1
sleeping	1
slavish	1
slanders	1
slander	1
slackening%er	1
skilfully	1
skilful	1
sixteenth	1
situated	1
situa	1
sitting	1
sisterhood	1
sire	1
sinksunderthe	1
sinks	1
sinfile	1
similarity	1
sime	1
silver	1
silenced	1
siiould	1
siiatch	1
signified	1
sides	1
sickness	1
shutting	1
shrunk	1
shrub	1
shrinking	1
shrink	1
shrieked	1
shows	1
shower	1
shoulder	1
shots	1
shortly	1
shorter	1
shortening	1
shorten	1
shore	1
shook	1
shone	1
shocks	1
shiver	1
shipwreck	1
shielded	1
shelters	1
sheltering	1
shell	1
sheets	1
shattered	1
sharpens	1
shalj	1
shaking	1
shaken	1
shadows	1
sha	1
sh	1
sexes	1
severer	1
seventh	1
settlement	1
sets	1
servrnts	1
serving	1
serviceable	1
seriousness	1
seriously	1
serbel	1
sepulture	1
separating	1
sensitive	1
sensibilities	1
sending	1
sen	1
seiitiments	1
sei	1
seeret	1
seeming	1
seductive	1
seduction	1
seducing	1
seduced	1
secures	1
securely	1
secretaries	1
secrecy	1
secondary	1
seclusion	1
seclude	1
seasons	1
sealed	1
sea	1
scrutinised	1
scrutinise	1
scrbellane	1
scope	1
scheme	1
schaf	1
scatters	1
scandalise	1
scald	1
scaffold	1
saviour	1
saves	1
savage	1
saturday	1
satisfactory	1
satirise	1
sary	1
sarcastic	1
sanguinary	1
samo	1
salvation	1
salute	1
sally	1
sagacity	1
safe	1
sacrificing	1
sacrament	1
sa	1
s8nd	1
rushes	1
running	1
rung	1
rumour	1
ruins	1
rue	1
rt5anl"'alas	1
rsach	1
rpoor	1
royal	1
row	1
rouse	1
rounds	1
roundabout	1
root	1
roost	1
roof	1
romantic	1
romances	1
roman	1
rolling	1
robes	1
robed	1
robbing	1
robbed	1
roast	1
roaring	1
roar	1
rny	1
rnore	1
rne	1
rmjihed	1
rivet	1
rivers	1
rive	1
rit	1
risk	1
rind	1
rilled	1
rigours	1
rightly	1
rifpond	1
ridicule	1
rich	1
rewards	1
revolve	1
reviving	1
revives	1
reverse	1
revere	1
revenues	1
revenged	1
revealing	1
retrospect	1
retreats	1
retract	1
retrace	1
retires	1
retarded	1
resuming	1
resulted	1
restrains	1
restrained	1
restoring	1
resting	1
respite	1
respective	1
resorting	1
resorted	1
resort	1
resolves	1
resisting	1
resisted	1
resigns	1
reside	1
resentful	1
reseive	1
rescuest	1
rescued	1
requiring	1
requests	1
requesting	1
repulsive	1
reprobates	1
reproaching	1
represses	1
represented	1
reposes	1
reported	1
replies	1
replied'mad	1
replacing	1
repine	1
repetition	1
repents	1
repented	1
repeats	1
repays	1
reparation	1
repairing	1
reoccupying	1
rent	1
renovate	1
renounced	1
renews	1
renewing	1
renewal	1
remonstrate	1
reminding	1
reminded	1
remedy	1
remarks	1
remarking	1
remark	1
remainest	1
relying	1
reluctant	1
relish	1
relinquished	1
reliance	1
releasement	1
relatives	1
relating	1
relates	1
relapse	1
rejoicing	1
rejoiced	1
rejoice	1
rejectest	1
reins	1
regulations	1
regretting	1
regretta	1
regarding	1
refuses	1
reflects	1
reflectiont	1
refinement	1
refined	1
refer	1
reestablishing	1
reestablished	1
reestablish	1
reeolleetion	1
reenter	1
redress	1
redoubles	1
redness	1
reddened	1
rectitude	1
recreate	1
recovers	1
recounting	1
reconducted	1
reconciling	1
reconciliation	1
reconciled	1
recommending	1
recoils	1
reclining	1
reclaim	1
reciprocally	1
recent	1
receding	1
receded	1
reasonings	1
reasonably	1
reascended	1
reappear	1
reality	1
realised	1
reads	1
reading	1
rcau	1
ravages	1
rattling	1
ratest	1
rate	1
rashly	1
rarely	1
rare	1
raptures	1
rapid	1
ransack	1
range	1
raging	1
race	1
r^yes	1
quivering	1
quil	1
quieting	1
quickly	1
quicker	1
quick	1
queen	1
quarters	1
quarrelling	1
quantities	1
qualify	1
qualified	1
qreation	1
putting	1
puts	1
pusillanimous	1
push	1
purturbation	1
pursuing	1
purposes	1
purifying	1
purely	1
purchase	1
punishments	1
punishes	1
pungency	1
punctilious	1
publish	1
publicly	1
prufoundest	1
prudes	1
provoking	1
provocation	1
provides	1
provided	1
provide	1
provence	1
protestants	1
protest	1
protecting	1
protec	1
prosecutors	1
proscribed	1
propriety	1
propped	1
properly	1
propensity	1
propagate	1
prop	1
prompt	1
promoting	1
promising	1
profoundest	1
professes	1
professed	1
producing	1
prodigally	1
prodigal	1
procuring	1
procts	1
process	1
proceedings	1
prized	1
privileges	1
privilege	1
principally	1
prime	1
primary	1
preyed	1
prevents	1
preventing	1
prevalence	1
pretensions	1
pretends	1
pretended	1
presumed	1
presume	1
presses	1
preside	1
preservation	1
prescribes	1
presage	1
prerogative	1
preponderate	1
premature	1
predominated	1
precise	1
precipitancy	1
precipices	1
precious	1
precincts	1
precedes	1
precautions	1
precaution	1
precarious	1
prance	1
praise	1
practises	1
pouring	1
postillions	1
posterity	1
possimy	1
position	1
posed	1
pose	1
portunity	1
portresses	1
portress	1
portends	1
populous	1
pope	1
poniard	1
pondered	1
pond	1
pollute	1
politics	1
politely	1
pole	1
pointing	1
poignancy	1
poetry	1
pnce	1
pliancy	1
pleasnre	1
pleasidg	1
pleasantly	1
plays	1
played	1
plaintive	1
plains	1
pitying	1
pities	1
pitied	1
pitch	1
pistols	1
pirtial	1
pily	1
pieces	1
piece	1
pictured	1
pi	1
phrase	1
philosophy	1
phantom	1
peut	1
petty	1
petrified	1
perverseness	1
pertinacity	1
persuasion	1
persuading	1
persuades	1
personally	1
persists	1
persevering	1
perses	1
perplexities	1
perplexing	1
perplexed	1
permitting	1
permited	1
perjured	1
perishing	1
perished	1
perils	1
perilous	1
perfidiously	1
perfected	1
perception	1
perceptibly	1
perceptible	1
penetrating	1
penetrates	1
pendulum	1
pen	1
peculiar	1
peasants	1
peaceful	1
pcacei	1
pays	1
paying	1
pavement	1
patiently	1
patient	1
paths	1
pathetic	1
passports	1
parts	1
partook	1
partner	1
participation	1
participating	1
participates	1
partiality	1
parsed	1
parlour	1
park	1
parents	1
parental	1
parent	1
pare	1
pardonable	1
parapet	1
paramount	1
parallel	1
palsies	1
palpitation	1
painter	1
painfully	1
pained	1
page	1
owo	1
owned	1
owes	1
ow	1
overturn	1
overtook	1
overthrew	1
overlooked	1
overheard	1
overflowed	1
overcame	1
overawed	1
overawe	1
outrageous	1
outraged	1
outrage	1
otlret	1
othrr	1
otherwise	1
otfer	1
ossian	1
orphan	1
oroo	1
originate	1
organs	1
ore	1
oppressor	1
oppresses	1
opponent	1
operations	1
operates	1
openness	1
op	1
oompany	1
oocasion	1
ong	1
oneself	1
omnipotent	1
omit	1
ominous	1
oft	1
officious	1
offices	1
ofdespair	1
oe	1
oct	1
occurto	1
occurrences	1
occurrence	1
occupies	1
occasionally	1
obvious	1
obstinately	1
observes	1
observances	1
observable	1
obsequious	1
obscurely	1
objection	1
objeate	1
obedience	1
oarrying	1
oar	1
nust	1
nurse	1
nuptial	1
nuncio	1
numerous	1
numbers	1
novice	1
novel	1
nov	1
nourishment	1
nounced	1
nought	1
notion	1
notime	1
nothinjj	1
note	1
noon	1
noko	1
noiso	1
noising	1
nod	1
noblest	1
noblesse	1
nobleness	1
nmch	1
nius	1
nights	1
nie	1
nice	1
nevrr	1
nevolence	1
nerve	1
nere	1
neglected	1
neglect	1
negatively	1
needless	1
necessities	1
necesary	1
neces	1
nderstood	1
nay	1
nave	1
natures	1
natured	1
nations	1
nartof	1
narrowly	1
narrow	1
narration	1
namely	1
named	1
n	1
mystical	1
mysteriously	1
mysterions	1
mysteries	1
myselfaurrounded	1
my.anxiety	1
mutually	1
muttering	1
musket	1
murmuring	1
munificence	1
multiplicity	1
mstinc	1
mslphwe	1
mr	1
mourn	1
mounting	1
mounted	1
mount	1
mould	1
mouiins	1
motions	1
mothers	1
motherhood	1
mortifying	1
mortifications	1
mortals	1
morrow	1
mori	1
moreover	1
morbid	1
moon	1
monument	1
montalle	1
monsieur	1
monotony	1
monitors	1
money	1
mondoville'ssentence	1
mondevitle	1
mondevillle	1
mondeviixe	1
mondetille	1
monastic	1
momentary	1
modifications	1
modification	1
moderating	1
modelled	1
model	1
mod	1
mob	1
moat	1
mixing	1
mixed	1
misunderstood	1
mistake	1
mist	1
misrepresenting	1
misrepresentations	1
misleads	1
misleading	1
mislead	1
mislbrtunes	1
misinterpreted	1
misfortunea	1
mised	1
miscreant	1
misconduct	1
miracle	1
minutest	1
minutely	1
minute	1
ministers	1
minister	1
mingles	1
millions	1
milk	1
midnight	1
me«trength	1
methought	1
methods	1
messengers	1
message	1
merciless	1
ments	1
mental	1
memorials	1
memento	1
melting	1
melt	1
melodious	1
meliorated	1
meline	1
meiun	1
meek	1
medium	1
meditating	1
meditate	1
mediator	1
measuttel	1
meaning	1
mayest	1
maxims	1
maxim	1
maturity	1
matters	1
materially	1
material	1
massacres	1
mask	1
masculine	1
mart	1
marset	1
marred	1
mareh	1
marching	1
marched	1
marble	1
manuscript	1
mansions	1
manly	1
manifests	1
manifested	1
maltreating	1
majesty	1
mais	1
maintained	1
main	1
maid	1
mai	1
magnanimous	1
magnanimity	1
madv	1
madman	1
madly	1
mademoisem.e	1
m'entend	1
lyons	1
lying	1
luxury	1
lustre	1
lulling	1
lulled	1
lucky	1
luckily	1
lsore	1
lp	1
lowest	1
lowered	1
loving	1
lovest	1
lovers	1
lovely	1
lottery	1
lotally	1
lossible	1
lordly	1
lord	1
lor	1
loosn	1
loosened	1
longing	1
loftiness	1
loftier	1
locking	1
locket	1
lock	1
loading	1
load	1
lllf	1
liveliness	1
liut	1
littleton	1
littleness	1
lit	1
list	1
linked	1
link	1
lingrr	1
lingering	1
linger	1
line	1
limited	1
lime	1
likeness	1
lights	1
lifting	1
lifo	1
lifi	1
lieirt	1
liberation	1
liable	1
lethargy	1
lesson	1
leouce	1
leontine	1
leontina	1
leonee	1
leoncb	1
leonc.e	1
leojcce	1
leoace	1
leo.nce	1
lent	1
lending	1
lend	1
lelancholy	1
leisure	1
legs	1
legal	1
leftl	1
leben8ex	1
leben	1
lebe	1
learns	1
leaps	1
leading	1
leaders	1
ld	1
lays	1
lawful	1
lavishing	1
lavishes	1
lavish	1
laved	1
lave	1
laughing	1
lather	1
latest	1
latent	1
languish	1
lane	1
lamp	1
lamenting	1
lamented	1
lamentations	1
lamentable	1
lacerating	1
lacerated	1
labourers	1
laboured	1
laborious	1
la	1
knowmg	1
knots	1
knocked	1
kneeling	1
kindled	1
kindle	1
kindest	1
khali	1
ken	1
keeuest	1
keeps	1
keeping	1
keepers	1
keenest	1
jvo	1
justly	1
justifications	1
justification	1
justifiable	1
jurisprudence	1
jura	1
judging	1
jst	1
js	1
joys	1
joyless	1
jours	1
jong	1
jointly	1
joined	1
jocular	1
jiis	1
jesus	1
jests	1
ject	1
jear	1
iue	1
italian	1
it'was	1
issued	1
ispre	1
isolated	1
islta	1
isl	1
ishall	1
isdisplayed	1
irritated	1
irreversible	1
irretrievable	1
irresolution	1
irresistible	1
irreparably	1
irreligious	1
iron	1
iro	1
iris	1
iran	1
iphine	1
involves	1
invoked	1
invocation	1
inviting	1
invites	1
invite	1
invincible	1
invigorates	1
investigation	1
invented	1
invent	1
invariably	1
invalids	1
inure	1
inundate	1
intuitive	1
intrusions	1
intrusion	1
intrude	1
intrepid	1
intolerable	1
intiuiately	1
intimw	1
intimidated	1
intimidate	1
intimation	1
interrupts	1
interruption	1
interrogations	1
interrogation	1
interrogating	1
interrogated	1
interprets	1
interim	1
interfere	1
interdicting	1
intending	1
intelligent	1
intellectual	1
insusceptible	1
insulting	1
insulted	1
insufficient	1
insufferable	1
instrument	1
instruction	1
instructed	1
instituted	1
instinct	1
instigate	1
inspection	1
insolently	1
insist	1
insipidity	1
insinuations	1
insignificant	1
insignia	1
inseparable	1
insensibly	1
inscription	1
inscribed	1
inquiry	1
inquiries	1
inquietudes	1
inquietude	1
innate	1
inn	1
inline	1
injurious	1
injuring	1
injposes	1
initiating	1
inhabiting	1
inhabit	1
ing	1
infused	1
infuse	1
infuriated	1
infuriate	1
inflicting	1
inflexibility	1
inflame	1
infirmities	1
infernal	1
inferior	1
infer	1
infatuated	1
infamy	1
inexpressibly	1
inexplicable	1
inexhaustible	1
inevitably	1
ineffectually	1
inebriating	1
indulgent	1
indolent	1
indissolubly	1
indiscretion	1
indirectly	1
indirect	1
indig	1
independently	1
ind	1
incurred	1
incredible	1
inconsistent	1
inconsistency	1
inconsiderately	1
incongruous	1
inconceivable	1
including	1
incessant	1
inanimate	1
inactive	1
inaccessible	1
impute	1
imprudently	1
imprudences	1
improvement	1
improved	1
impropriety	1
improbable	1
imprisoned	1
imprint	1
impressive	1
imprecation	1
impracticable	1
imposition	1
importunity	1
importuned	1
importunate	1
import	1
impoisoned	1
implicitly	1
implicated	1
implacable	1
impetuous	1
impetuosity	1
impervious	1
impertinence	1
imperfect	1
impenetrable	1
impelled	1
impel	1
impediments	1
impatiently	1
imparting	1
impaired	1
immoveably	1
immolating	1
immensity	1
imitating	1
imbecility	1
imagines	1
ima	1
illustrious	1
illuminated	1
illuminate	1
ijelphink	1
iiouse	1
iimake	1
iieve	1
ifladam	1
ideal	1
id	1
ice	1
i.ouisn	1
i'thought	1
i'must	1
i'm	1
hypocrisy	1
hymns	1
hymn	1
hy	1
huve	1
husbands	1
hus	1
hurled	1
hundred	1
humiliated	1
humbly	1
humanely	1
hues	1
hue	1
hovering	1
houses	1
hostilities	1
host	1
hoping	1
hoped	1
hononrabte	1
honesty	1
honest	1
holy	1
holland	1
hoarfrost	1
hnndered	1
hmi	1
hive	1
hither	1
hinted	1
hint	1
hini	1
hinders	1
hinder	1
hill	1
high-minded	1
hie	1
hides	1
hidden	1
hich	1
hia	1
hi	1
hew	1
hesita	1
herstill	1
herselt	1
herseh	1
heroism	1
heroic	1
heroes	1
herev	1
helpful	1
hell	1
heels	1
heavily	1
heave	1
heaps	1
heap	1
healed	1
headlong	1
have'undergone	1
haunted	1
hatildjl	1
hated	1
hat	1
hasty	1
haste	1
harvey	1
harsh	1
harmonious	1
harm	1
harbouring	1
harboured	1
harbinger	1
happiuess	1
hap	1
hantin	1
hang	1
handed	1
hamlet	1
hae	1
hadst	1
hadjjftected	1
had'contracted	1
habituated	1
habitually	1
habiliment	1
haa	1
ha	1
guards	1
guardian	1
grown	1
grounds	1
gross	1
groove	1
groans	1
groanings	1
groaned	1
grjef	1
grieves	1
grieved	1
grieve	1
griel'l	1
griefs	1
graver	1
gratify	1
gratified	1
gratifications	1
grateful	1
grasps	1
grasping	1
grandeur	1
gracefulness	1
governed	1
govern	1
goto	1
gospel	1
gnins	1
gnawing	1
glories	1
gloomythe	1
gloomiest	1
glimpse	1
glected	1
gleam	1
gladdened	1
gkbey	1
givetv	1
girt	1
girls	1
gild	1
gift	1
ghost	1
ghall	1
gets	1
gesture	1
gessner	1
germs	1
gentleness	1
gentleman	1
geniuses	1
genial	1
generations	1
generalise	1
ge	1
gazed	1
gayer	1
gavest	1
gather	1
gates	1
garrison	1
garments	1
gaping	1
gallery	1
gallantry	1
gait	1
furnished	1
furiously	1
furious	1
fur	1
fulfils	1
fulfilling	1
frustrates	1
frustrate	1
froze	1
frontier	1
froin	1
frivolity	1
frigid	1
frightfulness	1
frightened	1
friendships	1
friar	1
fretful	1
fresh	1
frequent	1
frenchwoman	1
freezes	1
freedom	1
fraught	1
fraternity	1
frailty	1
fragments	1
founded	1
fortunately	1
fortuitously	1
fortress	1
fortified	1
forsook	1
forsake	1
forming	1
formally	1
formality	1
forlorn	1
forgiven	1
forgetting	1
forgets	1
forgetfulness	1
forfeiting	1
forfeit	1
forever	1
forest	1
foresight	1
forerunners	1
forego	1
forebodings	1
fordo	1
forbids	1
forbearance	1
forbear	1
forbade	1
footsteps	1
footing	1
fondest	1
follies	1
folded	1
foibles	1
fogs	1
fog	1
foetal	1
fo	1
flying	1
fluttered	1
fluctuations	1
fluctuating	1
flowers	1
flowed	1
flourishes	1
flood	1
floating	1
float	1
flo	1
flittered	1
flies	1
fleeting	1
flatters	1
flashes	1
fits	1
firs	1
firmest	1
fires	1
finished	1
finis	1
fingers	1
finger	1
finest	1
finds	1
file	1
figures	1
fight	1
fierville	1
fierce	1
fictitious	1
fficer	1
fewest	1
fewer	1
feverishness	1
fetter	1
festivity	1
festive	1
fervent	1
ferocity	1
ferment	1
fellowmen	1
fellowed	1
fellow-creatures	1
felicities	1
feeted	1
feelinely	1
feel'an	1
february	1
feature	1
fearing	1
favourably	1
fauits	1
fathers	1
fathera	1
fastening	1
fastened	1
fast	1
fascinated	1
farthest	1
fangs	1
fancies	1
fanaticism	1
familiarity	1
familiarising	1
fame	1
faltering	1
falsehoods	1
faithfully	1
fairest	1
faintly	1
fails	1
factions	1
faction	1
facility	1
fabrications	1
fabric	1
exult	1
extravagances	1
extravagance	1
extorted	1
extinguish	1
extend	1
expressly	1
exprei*	1
expostulations	1
exposing	1
explanations	1
expiration	1
expiated	1
expert	1
experiment	1
expects	1
expecting	1
existing	1
existenrr.lrtiif	1
exileu	1
exiled	1
exhorts	1
exhibit	1
exhaust	1
exhasst	1
exempted	1
exempt	1
execute	1
execrable	1
excusable	1
excursion	1
excluded	1
exclude	1
exclamations	1
exclamation	1
excesses	1
excellencies	1
exceed	1
exasperate	1
exalts	1
exalting	1
exalt	1
exaggerate	1
exactness	1
exacting	1
exactest	1
exact	1
evincing	1
evidence	1
everyday	1
everlasting	1
eve	1
eternity	1
etances	1
estrangement	1
estrange	1
estimating	1
estimate	1
estimable	1
esteems	1
esteeming	1
establishments	1
essentially	1
espouse	1
escort	1
eradicate	1
equivalent	1
equity	1
equals	1
equality	1
epocha	1
epithet	1
eone	1
eonduct	1
envious	1
entreaty	1
entitle	1
entertains	1
enterest	1
ensued	1
enraptured	1
enlivened	1
enliven	1
enjo	1
english	1
england	1
engendered	1
enforce	1
enfeebled	1
ends	1
endowments	1
endless	1
ended	1
endear	1
endanger	1
ency	1
encouragement	1
enclosure	1
enclosed	1
enchained	1
ence	1
enamoured	1
enamelled	1
en	1
emulously	1
empty	1
empties	1
employments	1
empires	1
emphasis	1
emissary	1
eminent	1
eminence	1
emerged	1
emerge	1
embitter	1
emancipate	1
else	1
elevates	1
elevate	1
elements	1
elegance	1
elbowing	1
elated	1
elapses	1
elapse	1
eions	1
eighteenth	1
eighteen	1
ehall	1
egress	1
egotism	1
eftort	1
efficacy	1
effected	1
effacing	1
eellerive	1
educating	1
educate	1
edge	1
ed	1
ecstasy	1
eclat	1
eccentric	1
eat	1
easiness	1
easiest	1
ean	1
eager	1
e	1
duubt	1
dusk	1
dupe	1
dull	1
drum	1
drowned	1
drove	1
drops	1
dropped	1
drop	1
drooping	1
drift	1
dressed	1
dreary	1
dream	1
dreadtijl	1
dreadmg	1
dreadfully	1
drawing-room	1
draughts	1
drank	1
dramatic	1
dragged	1
dpjection	1
double	1
dose	1
don't	1
domino	1
doleful	1
doctrine	1
docs	1
doble	1
dm.phinx	1
dklphike	1
divide	1
diverting	1
diversified	1
dit	1
disunited	1
disunite	1
distracting	1
distract	1
distinguishing	1
distinguishes	1
dissuaded	1
dissolved	1
dissension	1
dissembling	1
disrespect	1
disrepute	1
disregardest	1
disquiet	1
disposal	1
displeasing	1
dispense	1
disorganised	1
disorders	1
disorderly	1
dismounted	1
dismiss	1
dismayed	1
disinterested	1
dishonourable	1
disgusting	1
disguised	1
disgraced	1
diseases	1
disease	1
disdainful	1
discourses	1
discouragement	1
discord	1
discontinues	1
discontented	1
disconcert	1
disclosure	1
disclosed	1
discharges	1
discarded	1
disavows	1
disasters	1
disarm	1
disapproved	1
disapprove	1
disapprobation	1
disappointments	1
disappointed	1
disappoint	1
disappears	1
disappearing	1
disadvantages	1
disability	1
directs	1
directions	1
directing	1
dims	1
diminishing	1
diminished	1
dim	1
dilemma	1
diffused	1
diffuse	1
differs	1
differed	1
diest	1
dictate	1
diately	1
di	1
dg	1
dfclphlnl	1
devotes	1
devotees	1
devoid	1
develop	1
devastation	1
devalorbe	1
deuhine	1
detesting	1
detested	1
determinate	1
deter	1
detected	1
detained	1
detailed	1
detached	1
destroys	1
destroying	1
destroyer	1
destmy	1
destitute	1
destine	1
despotism	1
despotic	1
despised	1
despicable	1
desperation	1
desolate	1
desk	1
desist	1
descends	1
derives	1
derision	1
deride	1
depth	1
deprivation	1
depressed	1
deprecated	1
depraved	1
deprave	1
depravation	1
deposites	1
deplore	1
depicts	1
depicted	1
dent	1
denrivpd	1
demonstration	1
demonstrate	1
demon	1
demerit	1
demeanour	1
demanding	1
delusive	1
deluged	1
delphme	1
delphjne	1
delphinx	1
delphino	1
delphink	1
delphine^convinced	1
delphi	1
delights	1
delight	1
deliciously	1
delicately	1
delays	1
delaying	1
del	1
dej.pmink	1
deity	1
deities	1
deigning	1
dei.piiine	1
dei.phine	1
degenerate	1
defined	1
deference	1
defenders	1
defender	1
defeated	1
deethinh	1
deeplyt	1
deeper	1
deepens	1
deepening	1
deed	1
decsmher	1
decorum	1
declares	1
decisive	1
deciding	1
decidedly	1
decern	1
decency	1
decemlier	1
deceased	1
decayed	1
decay	1
debasing	1
dearly	1
dearer	1
deaf	1
deadly	1
deaden	1
dcu	1
dc	1
dazzling	1
dayg	1
daybreak	1
dawns	1
dates	1
date	1
dashing	1
darts	1
dart	1
darling	1
darkness	1
darkened	1
daring	1
dares	1
dangerously	1
dancing	1
damped	1
dam	1
dagger	1
d'elistes	1
d'eli	1
d'artenns	1
d'aldemar	1
d'albetnar	1
d'albemar*	1
d'albemak	1
d'albemah	1
d'albe.mar	1
d'albe*	1
d'albcmar	1
d'ai.bemar	1
d'ai	1
custom	1
custody	1
curtsy	1
curtail	1
cursed	1
curse	1
current	1
curious	1
curiosity	1
cure	1
cup	1
cunning	1
cultivation	1
culm	1
ctiminal	1
cry	1
cruellest	1
crowded	1
crossing	1
crossed	1
cross	1
critical	1
criterion	1
criminals	1
crimes	1
crimea	1
creed	1
credit	1
crazy	1
crave	1
cramps	1
cradle	1
coverings	1
couvulsive	1
courts	1
courting	1
courtesy	1
courier	1
countries	1
countless	1
counting	1
counted	1
count	1
counsel	1
couldst	1
couch	1
cou	1
costume	1
costs	1
costive	1
corruption	1
corrupt	1
corroded	1
corresponding	1
correspondent	1
corrects	1
corners	1
corneille	1
cordiality	1
copceal	1
convulsion	1
convmced	1
convert	1
converses	1
conver	1
convents	1
controlling	1
contriving	1
contributed	1
contrasts	1
contrasted	1
continuation	1
contests	1
contented	1
contemptuous	1
contemptible	1
contemporaries	1
contains	1
consulting	1
constitute	1
constancy	1
conspires	1
conspired	1
consistent	1
consigned	1
considering	1
consequential	1
consecrating	1
consecrates	1
consanguinity	1
conquest	1
conquered	1
conquer	1
conqeaj	1
connecting	1
conjuring	1
conjectured	1
conjecture	1
congratulate	1
confounds	1
confound	1
conforming	1
confirmatien	1
confirm	1
confines	1
confiding	1
confides	1
confession	1
confessing	1
conferrmg	1
conducts	1
conducting	1
conditions	1
condescension	1
condescended	1
condemnation	1
conclusion	1
concluding	1
concentration	1
conceiving	1
concatenation	1
compromising	1
comprehending	1
compose	1
complying	1
compliment	1
complicated	1
compliance	1
complexion	1
complaisance	1
complaining	1
complained	1
competition	1
compensation	1
compensated	1
compelling	1
compatible	1
compassionates	1
compassionated	1
compas	1
comparing	1
companies	1
communion	1
communing	1
commune	1
commu	1
commotion	1
commonplace	1
commissary	1
commendation	1
commenced	1
commence	1
commands	1
commandments	1
comforted	1
combines	1
combination	1
combats	1
coma	1
collecting	1
coldly	1
coincides	1
coincidences	1
coincided	1
cohered	1
coals	1
coachmen	1
coachman	1
clouded	1
clothed	1
closes	1
cloister	1
clock	1
climate	1
clearly	1
cle	1
clattered	1
class	1
clasped	1
claspe	1
clasp	1
clamours	1
clamour	1
civilization	1
cities	1
citi	1
circumstances^which	1
circum	1
circulation	1
circulating	1
circuit	1
cir	1
churchyard	1
christian	1
christ	1
choosing	1
choir	1
chimaera	1
chills	1
chilling	1
chilled	1
chief	1
chi	1
cheering	1
cheerful	1
cheerest	1
chattering	1
chastisement	1
charles	1
characterises	1
chapter	1
chant	1
channels	1
changes	1
chanced	1
cessation	1
certaib	1
cernay	1
cerlcbe	1
cergues	1
cer	1
centuries	1
centres	1
centred	1
centre	1
censuring	1
censurers	1
celebration	1
celebrating	1
celebrated	1
ceklebe	1
ceasp	1
cautiousness	1
cauget	1
catholics	1
catholic	1
catastrophe	1
casta	1
cases	1
carriages	1
caressed	1
car	1
captivity	1
capacity	1
candid	1
cancel	1
calumnious	1
calumniated	1
calumniate	1
calmly	1
calming	1
callings	1
callest	1
calculations	1
calculating	1
calculate	1
c.'s	1
by'the	1
buttle	1
busy	1
busceptible	1
burning	1
burial	1
buret	1
burdensome	1
burden	1
buffer	1
bud	1
bubbles	1
brother	1
brooding	1
briskly	1
brings	1
bringing	1
brilliancy	1
brightness	1
brightened	1
brethren	1
breathing	1
breathes	1
braving	1
branch	1
brain	1
boyond	1
boxes	1
bouse	1
bountiful	1
bosorn	1
borrows	1
borders	1
bor	1
boom	1
bond	1
bom	1
boldness	1
body	1
bodies	1
boasted	1
boarders	1
blushing	1
blushes	1
blushed	1
bluntly	1
blunt	1
blots	1
blissful	1
bliss	1
blindness	1
blaze	1
blasts	1
blasting	1
blank	1
blaming	1
blameless	1
blackest	1
blackened	1
biting	1
birds	1
billows	1
bhe	1
bge	1
bewilders	1
bewilder	1
beware	1
betrays	1
bethought	1
bet	1
bestowing	1
bestowest	1
bespeaks	1
bespeak	1
besiege	1
besetch	1
beseeching	1
beseeched	1
berne	1
bernard	1
bereft	1
bequeath	1
benefits	1
benefited	1
beneficial	1
beneficence	1
bending	1
bemg	1
belt>hins	1
belphink	1
below	1
belong	1
belle	1
bell	1
believing	1
belief	1
beinsr	1
beibg	1
behoves	1
beholdmg	1
beguile	1
begins^and	1
beforev	1
beforehand	1
befell	1
beeome	1
beckoned	1
beaming	1
be'desirous	1
bayonets	1
batttofi	1
bathed	1
bathe	1
basely	1
barren	1
baneful	1
bane	1
balustrade	1
balm	1
baffled	1
awakes	1
awakenmg	1
awaken	1
avowed	1
avowal	1
avoids	1
avidity	1
averting	1
avert	1
aversions	1
avenue	1
avenger	1
avaricious	1
avalst/ear	1
availing	1
auy	1
authors	1
austrians	1
augmented	1
audelys	1
attributing	1
attributes	1
attractive	1
attractions	1
attraction	1
attested	1
attendant	1
attendance	1
attaint	1
attainments	1
attained	1
attacks	1
atc	1
assuring	1
assures	1
assuming	1
assumes	1
assuage	1
association	1
associating	1
assisting	1
assimilate	1
assiduity	1
assiduities	1
asserted	1
assented	1
assembles	1
assemble	1
assassinations	1
assassin	1
assailed	1
aspired	1
aspeet	1
asleep	1
asks	1
ascribed	1
ascribe	1
ascending	1
ascended	1
ascend	1
arts	1
artificial	1
articulate	1
artfully	1
arriving	1
arrives	1
arresting	1
arrestation	1
arranging	1
arranges	1
arrange	1
arr	1
aroused	1
armour	1
argument	1
argue	1
arches	1
ar	1
approving	1
approaches	1
apprizing	1
apprise	1
apprehended	1
appreciate	1
applying	1
applause	1
applaud	1
appertains	1
appeasing	1
appeased	1
appearest	1
appearances	1
appealing	1
apparition	1
apologise	1
apathy	1
apartn)ent	1
aparatus	1
antiquity	1
anticipated	1
anticipate	1
anthony	1
answerable	1
ans	1
anon	1
announcing	1
anniversary	1
annihilating	1
annihilated	1
annihilate	1
annexed	1
animosities	1
animating	1
animate	1
animadversions	1
anil	1
angry	1
angehv	1
andin	1
andelys	1
and/inquiry	1
and.friendship	1
ancients	1
amusing	1
amused	1
amount	1
ami	1
amenities	1
ameliorate	1
ambitious	1
ambition	1
amazement	1
amazed	1
alters	1
alternate	1
altering	1
alterations	1
aloud	1
aloof	1
allusion	1
allurements	1
alludes	1
allowances	1
allots	1
allied	1
allie	1
alleviated	1
alleges	1
allayed	1
alike	1
alienated	1
ala	1
al	1
aj)d	1
aimed	1
ails	1
aijd	1
aif	1
aiding	1
ahl	1
agreed	1
agreeably	1
agony	1
agonise	1
agitating	1
agitates	1
aggregate	1
aggravated	1
aggrandizing	1
afternoon	1
afibrd	1
affront	1
affrighted	1
affright	1
affording	1
afflictive	1
affectation	1
aemble	1
adversity	1
adversary	1
advancement	1
adulation	1
adorned	1
adorn	1
adoration	1
adopting	1
admonish	1
admixture	1
admitting	1
admitted	1
admission	1
admirers	1
adjust	1
adjured	1
adhere	1
adelirium	1
adding	1
acutely	1
acting	1
acquittal	1
acquires	1
acquiesced	1
acquiesce	1
acquaintance	1
acknowledging	1
accustom	1
accusers	1
accurate	1
accumulation	1
accorded	1
accomplishments	1
accompaniments	1
accidept	1
accidents	1
accidental	1
accepts	1
accepting	1
acceptest	1
ac	1
abysses	1
abuse	1
abstinence	1
abstained	1
abstain	1
absorbing	1
absorb	1
absolves	1
absenting	1
absenee	1
abrupt	1
abridges	1
abridged	1
abridge	1
abolished	1
abodes	1
abjured	1
abide	1
abhorrent	1
abhor	1
abed	1
abated	1
a^e	1
a'grave	1
^jeplied	1
^he	1
]"	1
\,	1
\	1
?-	1
?,	1
?'	1
>	1
<;	1
<	1
9th	1
83duced	1
4th	1
4iappy	1
1»	1
1st	1
/	1
.:	1
....	1
-;	1
*'	1
).	1
'•	1
'?	1
'*	1
'"	1
%	1
!;	1
!-	1
!''	1
!".	1
