,	2129
*	1698
the	1553
and	1413
of	1210
to	986
.	963
'	889
his	625
;	407
my	396
with	369
in	359
a	358
he	341
i	331
her	323
«	322
:	263
had	262
that	258
was	241
this	191
me	181
by	181
their	171
for	171
him	170
but	170
from	169
at	153
which	132
|arabic1digit|	128
all	126
not	125
our	119
were	116
now	115
on	114
be	112
as	108
when	101
lord	100
who	98
an	98
!	92
they	79
or	79
no	77
upon	76
some	76
it	72
?	71
she	70
thy	63
we	62
been	62
.'	62
yet	61
still	60
|romannumeral|	59
raymond	59
is	59
countess	59
roches	58
us	57
own	56
o	56
could	53
thee	52
more	52
les	52
if	52
(	49
soon	48
friend	48
did	48
these	46
said	46
thus	45
then	45
them	45
length	45
have	44
into	43
eyes	43
thou	42
nor	42
fon	41
—	40
what	40
too	40
here	40
castle	40
seemed	39
long	39
whose	37
re	37
power	36
heaven	35
hath	35
without	33
friends	33
arms	33
•	32
up	32
there	32
such	32
shall	32
love	32
earl	31
count	31
william	30
thoughts	30
must	30
heart	30
before	30
time	29
salisbury	29
purpose	29
one	29
let	29
father	29
against	29
|'s|	28
soul	28
randolph	28
r	28
only	28
ever	28
)	28
"	28
your	27
should	27
s	27
mind	27
man	27
where	26
tears	26
received	26
pity	26
country	26
appeared	26
than	25
looks	25
though	24
other	24
instantly	24
fo	24
enemy	24
danger	24
care	24
away	24
|arabic2digit|	23
mal	23
lay	23
hopes	23
g	23
first	23
fear	23
fate	23
dear	23
command	23
will	22
whilst	22
through	22
n	22
leon	22
hand	22
great	22
fortune	22
each	22
!'	22
out	21
most	21
moment	21
might	21
himself	21
found	21
forth	21
flood	21
every	21
again	21
*•	21
w	20
tender	20
surprise	20
noble	20
never	20
it's	20
d	20
while	19
sect	19
new	19
myself	19
malice	19
knight	19
kind	19
just	19
joy	19
grief	19
england	19
elinor	19
ela	19
con	19
called	19
brave	19
attendants	19
already	19
whom	18
raised	18
night	18
name	18
may	18
longsword	18
honour	18
heard	18
force	18
few	18
discovered	18
comfort	18
cause	18
are	18
any	18
affection	18
towards	17
sudden	17
soldier	17
rage	17
oswald	17
learned	17
know	17
king	17
indignation	17
hour	17
hands	17
enemies	17
e	17
dreadful	17
down	17
distress	17
declared	17
de	17
d'aumont	17
blood	17
attention	17
•*	16
youth	16
young	16
would	16
war	16
violence	16
unhappy	16
under	16
soldiers	16
seized	16
secret	16
place	16
passion	16
made	16
life	16
last	16
gentle	16
full	16
followers	16
f	16
cruelty	16
conduct	16
can	16
vol	15
voice	15
sword	15
protection	15
present	15
look	15
little	15
land	15
lady	15
how	15
guards	15
goodness	15
good	15
fortunes	15
fide	15
fatal	15
even	15
directed	15
demanded	15
days	15
appearance	15
whole	14
violent	14
vengeance	14
urged	14
support	14
spirit	14
return	14
once	14
left	14
led	14
helpless	14
grey	14
generous	14
fears	14
fair	14
earnestly	14
disorder	14
design	14
death	14
dangers	14
alas	14
zeal	13
well	13
two	13
turned	13
tenderness	13
suddenly	13
stranger	13
started	13
situation	13
retire	13
repeated	13
ready	13
proud	13
prisoner	13
passions	13
nature	13
men	13
means	13
like	13
leader	13
impatience	13
give	13
gallant	13
felt	13
faithful	13
english	13
edmund	13
distance	13
dignity	13
dif	13
determined	13
cried	13
attendant	13
art	13
approach	13
anxious	13
those	12
story	12
spoke	12
shore	12
severe	12
resolved	12
replied	12
proceeded	12
peace	12
native	12
humble	12
house	12
honest	12
head	12
gratitude	12
freely	12
france	12
event	12
ear	12
cruel	12
course	12
concern	12
conceal	12
charge	12
body	12
base	12
attended	12
arm	12
'•	12
•'	11
|arabic3digit|	11
view	11
treachery	11
till	11
thought	11
terror	11
tedious	11
suspicion	11
state	11
speak	11
services	11
revenge	11
returned	11
pride	11
pressed	11
perhaps	11
part	11
maid	11
least	11
injured	11
horrid	11
holy	11
happy	11
fly	11
entreated	11
embraced	11
due	11
direction	11
departure	11
delay	11
day	11
calm	11
breast	11
aspect	11
am	11
?'	11
.*	11
-	11
*.	11
you	10
wonder	10
terrors	10
terrible	10
sorrow	10
seek	10
royal	10
rest	10
prepared	10
passed	10
order	10
offices	10
neighbouring	10
much	10
mould	10
island	10
interval	10
insolence	10
impatient	10
husband	10
hospitable	10
honourable	10
hast	10
ground	10
fury	10
friendly	10
find	10
expressed	10
expectation	10
engaged	10
end	10
confidence	10
conducted	10
concealed	10
com	10
chief	10
cares	10
cannot	10
began	10
beauty	10
arts	10
another	10
allay	10
wounded	9
wishes	9
wife	9
weakness	9
way	9
trembled	9
took	9
together	9
taught	9
sometimes	9
since	9
silence	9
shame	9
severity	9
scorn	9
saw	9
savoure	9
same	9
rushed	9
retired	9
resolution	9
repose	9
receive	9
reason	9
quickly	9
prevented	9
presence	9
officer	9
object	9
nothing	9
mother	9
morning	9
mistress	9
lost	9
longer	9
limbs	9
less	9
languid	9
laboured	9
jacqueline	9
j	9
inquiries	9
ing	9
indulge	9
humanity	9
hubert	9
high	9
hear	9
forward	9
flattering	9
fixed	9
filent	9
favour	9
false	9
emotion	9
eagerly	9
difficulty	9
die	9
countrymen	9
conveyed	9
control	9
chauvigny	9
cast	9
beloved	9
authority	9
attempt	9
anxiety	9
'.	9
wretch	8
work	8
virtues	8
vessel	8
very	8
valour	8
turning	8
tumult	8
threatened	8
t	8
steps	8
pre	8
powerful	8
peasant	8
oftentimes	8
offered	8
obeyed	8
mine	8
mall	8
make	8
learn	8
informed	8
infant	8
honours	8
herself	8
greatness	8
gay	8
friendship	8
fled	8
fatigue	8
ex	8
dispatched	8
disordered	8
defend	8
deep	8
convey	8
confusion	8
companions	8
child	8
break	8
bold	8
being	8
arrival	8
abandoned	8
'*	8
wrongs	7
worth	7
words	7
witness	7
wild	7
why	7
vain	7
united	7
un	7
triumph	7
take	7
small	7
share	7
scene	7
retreat	7
respect	7
resigned	7
resign	7
relief	7
refuge	7
rather	7
pursue	7
pro	7
preserver	7
path	7
party	7
particularly	7
over	7
oppression	7
opened	7
number	7
liberty	7
late	7
known	7
its	7
interrupted	7
intelligence	7
im	7
however	7
hope	7
happiness	7
grew	7
gazed	7
garb	7
frenchman	7
free	7
forced	7
filled	7
fidelity	7
farther	7
eye	7
exclaimed	7
entered	7
endeavoured	7
en	7
ease	7
duty	7
domestics	7
distracted	7
destruction	7
deserted	7
departed	7
demand	7
deliverance	7
daughter	7
courtesy	7
courage	7
couch	7
conference	7
commended	7
commanded	7
captivity	7
busy	7
burst	7
broken	7
both	7
bloody	7
armed	7
appointed	7
appear	7
after	7
afflicted	7
*'	7
yes	6
word	6
within	6
wept	6
wait	6
ventured	6
utmost	6
until	6
unjust	6
trembling	6
tranquillity	6
torn	6
thither	6
think	6
thence	6
tear	6
surrounded	6
supposed	6
supported	6
superior	6
suffered	6
sorrows	6
solicitude	6
sincerity	6
sight	6
sent	6
sense	6
second	6
say	6
save	6
sanctuary	6
roused	6
rights	6
reward	6
reverend	6
restored	6
restore	6
residence	6
rescued	6
regard	6
recollection	6
rash	6
pur	6
prove	6
protector	6
proposed	6
private	6
prevailed	6
prevail	6
precipitate	6
poitiers	6
plainly	6
page	6
p	6
orders	6
off	6
odious	6
necessity	6
misfortunes	6
messengers	6
melancholy	6
loudly	6
loud	6
knights	6
k	6
insolent	6
innocence	6
influence	6
increased	6
illustrious	6
happily	6
h	6
greater	6
gloomy	6
given	6
general	6
gave	6
gain	6
fun	6
fond	6
female	6
fell	6
feel	6
far	6
face	6
express	6
exerted	6
exalted	6
error	6
envy	6
employed	6
efforts	6
effect	6
eager	6
do	6
disposed	6
disguise	6
desire	6
depart	6
deeply	6
darkness	6
dangerous	6
counsel	6
continue	6
confounded	6
come	6
combat	6
charity	6
chamber	6
canst	6
brother	6
broke	6
bounty	6
boldly	6
beheld	6
beams	6
back	6
attend	6
arrived	6
ardour	6
ardent	6
approached	6
apprehensions	6
apartment	6
ap	6
anguish	6
alarming	6
advanced	6
adherents	6
accursed	6
accept	6
absence	6
about	6
abhorrence	6
abbot	6
abandon	6
<	6
-,	6
zealous	5
years	5
wound	5
wood	5
wide	5
whether	5
whatever	5
wearied	5
waited	5
victory	5
vexation	5
vanished	5
usurpation	5
unknown	5
tumultuous	5
true	5
toil	5
tion	5
tidings	5
therefore	5
taken	5
swords	5
suspense	5
surveyed	5
sullen	5
strangers	5
strange	5
spent	5
speed	5
sought	5
sleep	5
service	5
served	5
separated	5
security	5
search	5
scarcely	5
safety	5
rude	5
round	5
rival	5
rising	5
reserve	5
rescue	5
required	5
refreshment	5
recall	5
ransom	5
pursuit	5
punishment	5
promised	5
prince	5
preservation	5
presented	5
pleasure	5
plain	5
pierced	5
paused	5
passionate	5
pale	5
paces	5
often	5
occasion	5
numbers	5
necessary	5
minds	5
mercy	5
mean	5
matter	5
master	5
malady	5
m	5
leave	5
lead	5
laid	5
knowest	5
knees	5
issued	5
inward	5
invited	5
inflame	5
imperious	5
ill	5
hung	5
humane	5
horses	5
honoured	5
hill	5
hearts	5
haste	5
hard	5
guide	5
grave	5
glory	5
ft	5
front	5
formed	5
forgotten	5
forgive	5
followed	5
follow	5
flight	5
flew	5
fellow	5
feet	5
falling	5
extraordinary	5
expected	5
escaped	5
equally	5
encountered	5
encounter	5
embrace	5
effort	5
edyth	5
ed	5
destroy	5
desperate	5
delivered	5
declare	5
dawn	5
coward	5
courtly	5
court	5
cottage	5
conscious	5
compliance	5
companion	5
commander	5
collect	5
coast	5
cheeks	5
charitable	5
caution	5
came	5
calamity	5
brought	5
boy	5
book	5
better	5
behold	5
befitting	5
became	5
bear	5
bands	5
b	5
awakened	5
author	5
astonishment	5
astonished	5
approaching	5
answered	5
alarm	5
agitation	5
aflbciates	5
affecting	5
affected	5
admitted	5
ac	5
abject	5
^	5
>	5
.,	5
,.	5
••	4
»	4
«•	4
youthful	4
yield	4
wretched	4
woman	4
winds	4
wholly	4
weeping	4
watch	4
wandered	4
vows	4
virtue	4
vigour	4
vigilance	4
victim	4
ven	4
valiant	4
vafials	4
uttered	4
unrelenting	4
undaunted	4
unable	4
tyranny	4
turns	4
troop	4
treasure	4
tortured	4
times	4
thine	4
table	4
suspicions	4
suppress	4
sup	4
sunk	4
summon	4
sufficient	4
sufferings	4
success	4
succeeded	4
submitted	4
strength	4
storm	4
stately	4
start	4
spread	4
spared	4
spare	4
sooner	4
something	4
solemn	4
slowly	4
single	4
sincere	4
shrieks	4
sex	4
serenity	4
sentiments	4
seat	4
saints	4
rose	4
roof	4
riches	4
retirement	4
resume	4
resource	4
resist	4
resentment	4
repelled	4
repay	4
renown	4
remembrance	4
remaining	4
remained	4
religion	4
reflected	4
redress	4
really	4
ray	4
quality	4
purposes	4
prospects	4
prospect	4
progress	4
proceed	4
princely	4
prey	4
powers	4
poverty	4
pointed	4
point	4
pleasing	4
persuasion	4
persuaded	4
perfidious	4
perceived	4
peaceful	4
overpowered	4
ordered	4
open	4
old	4
officious	4
obstinate	4
obey	4
noise	4
moved	4
mo	4
mistaken	4
misfortune	4
minion	4
mighty	4
meet	4
marks	4
marched	4
many	4
lively	4
light	4
lies	4
liege	4
lence	4
laws	4
language	4
kindly	4
joined	4
instead	4
information	4
inform	4
implore	4
imagination	4
ihe	4
hurried	4
hours	4
horror	4
hoped	4
hint	4
hasten	4
has	4
half	4
habit	4
guilt	4
grateful	4
gloom	4
future	4
fully	4
fuit	4
freedom	4
fraud	4
fons	4
flattery	4
fiery	4
feeble	4
fe	4
faithfully	4
experienced	4
events	4
escape	4
entirely	4
entertained	4
enjoy	4
englishmen	4
emotions	4
effectually	4
echoed	4
duties	4
duly	4
driven	4
drive	4
dream	4
dread	4
doubly	4
doth	4
done	4
divine	4
dismayed	4
dishonour	4
disdain	4
detained	4
descried	4
deliverers	4
deliver	4
degree	4
defy	4
defied	4
deemed	4
deeds	4
deed	4
dead	4
dared	4
dagger	4
cursed	4
crowd	4
crime	4
creatures	4
continued	4
consented	4
consent	4
conductor	4
condition	4
conceive	4
composure	4
commands	4
cold	4
clearly	4
clasped	4
chosen	4
cheering	4
cheerful	4
calls	4
calamities	4
busily	4
betray	4
attempted	4
assurances	4
assumed	4
assume	4
assistance	4
army	4
approved	4
animated	4
among	4
ambition	4
although	4
afflicting	4
advancing	4
act	4
acquainted	4
accounts	4
above	4
\	4
,,	4
*-	4
*,	4
•,	3
«?	3
youths	3
yielded	3
wonderfully	3
wished	3
wish	3
wildly	3
widow	3
wicked	3
whither	3
weapon	3
wealth	3
watched	3
wars	3
wanting	3
want	3
walls	3
vile	3
vefiel	3
vassal	3
utterly	3
usual	3
use	3
unlawful	3
unfriendly	3
unfeeling	3
unequal	3
uncontrolled	3
u	3
twice	3
try	3
trust	3
truly	3
troops	3
treacherous	3
travellers	3
touched	3
totally	3
themselves	3
thanked	3
th	3
tempt	3
tempest	3
temper	3
sympathy	3
suspended	3
surprising	3
subtle	3
struck	3
strong	3
strike	3
stopped	3
sternly	3
splendour	3
spirits	3
speedy	3
sound	3
sorely	3
sometime	3
solitude	3
solitary	3
solicitous	3
solicitations	3
social	3
smiles	3
slow	3
slight	3
sir	3
sighs	3
show	3
shout	3
severely	3
several	3
senses	3
seize	3
seen	3
seem	3
seeks	3
see	3
secure	3
sat	3
saint	3
sacred	3
russian	3
ruin	3
rout	3
rochelle	3
river	3
rivals	3
rigid	3
rightful	3
richard	3
rhe	3
rewards	3
reverence	3
returning	3
resumed	3
resolute	3
requested	3
repulse	3
reproof	3
repaid	3
removed	3
remember	3
remains	3
reluctance	3
religious	3
relieve	3
relation	3
related	3
regards	3
regarded	3
regain	3
recovered	3
recover	3
reclined	3
recital	3
rashly	3
rapturous	3
ransomed	3
put	3
pursued	3
publicly	3
provided	3
proved	3
proper	3
promises	3
prisoners	3
prison	3
pretensions	3
presages	3
preparing	3
precipitately	3
precious	3
practised	3
poor	3
pledge	3
pleased	3
placed	3
pious	3
perplexed	3
perished	3
penitence	3
patiently	3
patient	3
parting	3
parties	3
pains	3
painful	3
paid	3
owed	3
others	3
oppressors	3
oppress	3
opprefiion	3
opprefied	3
op	3
obtained	3
observed	3
obliged	3
neither	3
narrative	3
mysterious	3
mutual	3
murderer	3
moon	3
misery	3
minions	3
mild	3
merit	3
mention	3
menaces	3
memory	3
melted	3
marked	3
manner	3
manly	3
magnanimity	3
mad	3
lover	3
loved	3
looked	3
lived	3
live	3
lightning	3
lighted	3
lifting	3
lifted	3
leisure	3
leaving	3
leading	3
lately	3
lamented	3
knew	3
kneeled	3
kinsman	3
kindled	3
justice	3
jealousy	3
involved	3
interview	3
intentions	3
intended	3
integrity	3
instant	3
inquired	3
injurious	3
inheritor	3
ingenuous	3
inflamed	3
ineffectual	3
indulgence	3
indulged	3
indifference	3
incapable	3
implicitly	3
impetuosity	3
imperfect	3
idea	3
host	3
horrors	3
hold	3
ho	3
henry	3
held	3
heavy	3
heat	3
having	3
hate	3
hasty	3
hastily	3
hastening	3
hastened	3
harrafled	3
hardy	3
hall	3
guard	3
griefs	3
gracious	3
graced	3
gold	3
go	3
gently	3
gates	3
gained	3
gafcoigne	3
furious	3
fur	3
fupprefied	3
fruitless	3
frown	3
french	3
freed	3
foul	3
formidable	3
former	3
form	3
forget	3
forest	3
fondness	3
flowed	3
flave	3
fit	3
firmness	3
finking	3
feme	3
fed	3
fast	3
fancy	3
fame	3
falsehood	3
fallen	3
fainted	3
faint	3
failed	3
fa	3
extended	3
explanation	3
expectations	3
expect	3
exhausted	3
exactly	3
exact	3
ere	3
enter	3
enriched	3
enjoined	3
endearments	3
encouraging	3
effects	3
easy	3
earth	3
ears	3
earned	3
dying	3
dungeon	3
drew	3
dreaded	3
double	3
dost	3
door	3
domain	3
distraction	3
distinctly	3
dispersed	3
dispel	3
disgrace	3
discover	3
discourse	3
disclosed	3
disarmed	3
disappointment	3
direct	3
difap	3
devotion	3
depend	3
denunciations	3
denied	3
delight	3
dejected	3
defiance	3
defence	3
dare	3
dame	3
cut	3
curious	3
crown	3
creature	3
cover	3
countenance	3
coun	3
contest	3
conjured	3
confused	3
confined	3
confessed	3
conduit	3
conceived	3
concealment	3
composed	3
complacency	3
common	3
commanding	3
coming	3
closed	3
close	3
civil	3
cheer	3
chase	3
charms	3
chari	3
change	3
chance	3
ceased	3
camp	3
call	3
burr	3
brutal	3
brethren	3
born	3
blow	3
blessed	3
bleeding	3
beyond	3
betrothed	3
betrayed	3
bespoke	3
beneath	3
beaver	3
beautiful	3
baseness	3
basely	3
barons	3
baron	3
band	3
awed	3
aversion	3
attendance	3
atone	3
assailed	3
artifice	3
armour	3
anon	3
angels	3
ancient	3
ample	3
amidst	3
alarmed	3
air	3
agitated	3
age	3
afforded	3
affliction	3
affectionate	3
advice	3
ad	3
actions	3
accuse	3
accost	3
accompanied	3
accepted	3
absolute	3
..	3
--	3
*?	3
*;	3
«-	2
£	2
{	2
ye	2
y	2
wrong	2
wretchedness	2
wrath	2
world	2
wore	2
woods	2
withdraw	2
wipe	2
winding	2
wilt	2
widowed	2
whence	2
welcome	2
weight	2
weapons	2
weak	2
waves	2
watchful	2
waste	2
warranted	2
warmth	2
warm	2
ward	2
wanted	2
wandering	2
wanderer	2
wander	2
waits	2
virtuous	2
violently	2
vio	2
villain	2
victorious	2
vert	2
venerable	2
vast	2
utterance	2
utter	2
useless	2
urge	2
unworthy	2
unsuspecting	2
unreasonable	2
unprovoked	2
unmoved	2
unmolested	2
unkind	2
unite	2
ungrateful	2
ungenerous	2
unfortunate	2
unexpected	2
unconquered	2
uncertainty	2
unattended	2
unalterable	2
turn	2
tunate	2
truth	2
troubled	2
tremendous	2
treated	2
trance	2
tran	2
trained	2
tp	2
tortures	2
torture	2
tormented	2
torment	2
tore	2
tongues	2
tomorrow	2
told	2
toils	2
tofied	2
thundered	2
thunder	2
throne	2
threw	2
three	2
threaten	2
thousand	2
terrified	2
tented	2
ten	2
tempestuous	2
tempered	2
tell	2
teemed	2
ted	2
tale	2
susceptible	2
surviving	2
surveying	2
survey	2
superiority	2
summons	2
subside	2
submit	2
subject	2
struggling	2
struggle	2
stretching	2
stress	2
stood	2
stay	2
starting	2
speedily	2
speaking	2
spake	2
sovereign	2
sounds	2
souls	2
sort	2
sooth	2
son	2
solemnity	2
sole	2
sofar	2
society	2
smote	2
slighted	2
six	2
singly	2
sigh	2
sick	2
shrink	2
shrill	2
shot	2
short	2
ship	2
shed	2
shameful	2
shalt	2
shades	2
serve	2
servant	2
series	2
sensibility	2
semblance	2
seizing	2
seduced	2
secured	2
secretly	2
seas	2
sea	2
saying	2
safely	2
safe	2
sadly	2
ruthless	2
rules	2
roaring	2
rny	2
rity	2
rise	2
rioted	2
rich	2
revolved	2
revisit	2
revengeful	2
retreats	2
retinue	2
retained	2
restraint	2
restrained	2
respite	2
respectful	2
resigning	2
resignation	2
reproaches	2
repressed	2
repress	2
reply	2
repel	2
reparation	2
renewed	2
renew	2
remove	2
remorse	2
reminded	2
remem	2
relieved	2
relate	2
rejoin	2
reject	2
refuse	2
reft	2
refreshing	2
reflections	2
refined	2
reeking	2
redoubled	2
recollecting	2
reception	2
recep	2
receiving	2
recalled	2
reasoned	2
reasonable	2
realm	2
readily	2
readers	2
reader	2
reached	2
reach	2
rate	2
rapid	2
rapacious	2
ranged	2
ran	2
raged	2
quiet	2
pursuers	2
purchased	2
purchase	2
prudently	2
prudence	2
provide	2
proudly	2
protect	2
proof	2
pronounced	2
prompted	2
promise	2
prolonged	2
proclaim	2
principal	2
prevent	2
presumptuous	2
presumed	2
pressing	2
preserved	2
preserve	2
presage	2
prepare	2
preemption	2
prayers	2
praises	2
practises	2
poured	2
possibly	2
possible	2
possessions	2
ported	2
port	2
plunged	2
plead	2
pilgrim	2
piercing	2
pierce	2
pierc	2
persuade	2
personage	2
person	2
permitted	2
permit	2
permission	2
perish	2
performed	2
perform	2
perfect	2
perceiving	2
peasants	2
paternal	2
passionately	2
passage	2
parent	2
pardon	2
pangs	2
pafilon	2
paf	2
outrage	2
ourselves	2
oppressing	2
opportunity	2
opportunely	2
opinion	2
office	2
offence	2
occupation	2
obscurity	2
oblivion	2
oblige	2
obfti	2
obeisance	2
obedience	2
obe	2
ob	2
nurtured	2
nuptials	2
numerous	2
nottingham	2
nobles	2
news	2
near	2
nay	2
natural	2
names	2
naked	2
mute	2
murder	2
mounted	2
motive	2
motions	2
moral	2
months	2
mont	2
monastery	2
monarch	2
moments	2
modest	2
mod	2
mixture	2
misled	2
misguided	2
mirth	2
minute	2
ministers	2
minister	2
midnight	2
met	2
merits	2
meridian	2
mentioned	2
mened	2
menace	2
mefienger	2
measures	2
measured	2
mark	2
mare	2
march	2
mansions	2
mansion	2
manners	2
manhood	2
majestic	2
maiden	2
magnificent	2
lustre	2
lowly	2
lovely	2
longs	2
london	2
loaded	2
lives	2
lists	2
listened	2
lift	2
lifeless	2
lhe	2
lenity	2
leads	2
lawless	2
lavishly	2
larger	2
large	2
languor	2
lamentations	2
labours	2
labour	2
la	2
knows	2
kinsmen	2
kindness	2
killing	2
keepers	2
john	2
jewels	2
jealousies	2
jealous	2
inviting	2
inviolable	2
invariable	2
intervals	2
interruption	2
interrupting	2
interposed	2
interested	2
intercourse	2
insulted	2
insult	2
inspired	2
inspire	2
insinuation	2
insensible	2
injuries	2
inferior	2
indulging	2
indeed	2
inaction	2
imputed	2
imprudence	2
impotent	2
implicit	2
impetuously	2
immediate	2
ignoble	2
ifle	2
hostile	2
horse	2
honourably	2
homely	2
hoary	2
hitherto	2
hired	2
hills	2
highborn	2
hideous	2
hesitated	2
henceforward	2
hence	2
help	2
heir	2
height	2
heedful	2
heavens	2
heap	2
hazard	2
haughty	2
hardened	2
guests	2
groan	2
grasped	2
grasp	2
granted	2
gradually	2
graceful	2
grace	2
government	2
glowing	2
glowed	2
glorious	2
ghostly	2
gerous	2
generally	2
geance	2
gate	2
further	2
fuf	2
fuddeniy	2
frowns	2
frowned	2
fright	2
frequently	2
frequent	2
fraternity	2
frantic	2
frame	2
forgot	2
forfeit	2
forces	2
forbids	2
forbidden	2
folly	2
folie	2
foe	2
flying	2
flopped	2
fleet	2
flatterer	2
flattered	2
flame	2
fix	2
fives	2
firmly	2
firm	2
fired	2
fion	2
final	2
filial	2
field	2
fides	2
fhc	2
feck	2
favoured	2
fatally	2
family	2
fall	2
exulted	2
exultation	2
extremity	2
extravagant	2
extravagance	2
extorted	2
extort	2
expressions	2
exposed	2
explain	2
expired	2
expert	2
execute	2
exclaim	2
everything	2
eve	2
eternal	2
escaping	2
erected	2
entrusted	2
entreaties	2
entreat	2
entrance	2
enough	2
enlarged	2
ended	2
endeavours	2
endeavouring	2
endeavour	2
endeared	2
encouraged	2
encountering	2
ence	2
enamoured	2
employ	2
embracing	2
embarkation	2
em	2
eloquence	2
elevated	2
ecstasy	2
earnest	2
eari	2
dwelled	2
drove	2
drops	2
dreams	2
dreading	2
drank	2
doubt	2
diverted	2
distressful	2
distressed	2
distract	2
distant	2
displayed	2
disobedience	2
dismay	2
dishonourable	2
disgraced	2
disdainful	2
disdained	2
disclose	2
disappointed	2
directly	2
difficulties	2
difco	2
devoted	2
deter	2
detection	2
detain	2
despair	2
desires	2
desired	2
designs	2
deserts	2
descent	2
deprived	2
dependants	2
dependance	2
denounced	2
denial	2
demanding	2
defeating	2
defeat	2
decline	2
declarations	2
declaration	2
decent	2
dearest	2
deaf	2
deadly	2
darting	2
dark	2
dance	2
d'au	2
curse	2
current	2
crowded	2
crew	2
crafty	2
covered	2
courts	2
courteous	2
countryman	2
counsellor	2
conveniences	2
controlled	2
contriving	2
contented	2
content	2
contempt	2
constancy	2
consolation	2
consequences	2
consequence	2
conqueror	2
conquered	2
conquer	2
congratulated	2
confound	2
conflict	2
confirm	2
confine	2
confer	2
conduced	2
conditions	2
condescension	2
condemn	2
concluded	2
compose	2
completely	2
complete	2
company	2
committed	2
comforts	2
comforting	2
collected	2
clung	2
clouded	2
city	2
circumvention	2
circumstances	2
circumstance	2
christian	2
choose	2
chilled	2
cheerfulness	2
checked	2
changed	2
certain	2
cautiously	2
cattle	2
casting	2
capriciously	2
calling	2
cafe	2
buried	2
bright	2
breathed	2
breath	2
breasts	2
bravely	2
brance	2
brain	2
boat	2
blind	2
blast	2
blades	2
bitterness	2
bitterly	2
beware	2
bestowed	2
bereft	2
benediction	2
bend	2
bed	2
become	2
beaten	2
beast	2
bark	2
banners	2
awful	2
awaken	2
avoid	2
attentive	2
atten	2
attempts	2
assist	2
assert	2
assaults	2
asked	2
armies	2
arise	2
arid	2
ardently	2
ar	2
anything	2
ano	2
angry	2
amuse	2
amply	2
amazement	2
along	2
allayed	2
alive	2
al	2
ail	2
aghast	2
afterwards	2
aft	2
afibciates	2
affrighted	2
affections	2
affairs	2
ae	2
advised	2
adventures	2
admission	2
admiration	2
adjacent	2
address	2
addrefies	2
added	2
acts	2
active	2
action	2
acted	2
across	2
acquainting	2
acknowledgement	2
acknowledged	2
acknow	2
accused	2
accomplice	2
accompany	2
accidentally	2
accents	2
abused	2
able	2
abide	2
abbey	2
abated	2
ab	2
]	2
.«	2
.(	2
,)	2
*"	2
';	2
";	2
"*	2
!)	2
••••,	1
•••.	1
••'*	1
••'	1
•«	1
•within	1
•who	1
•were	1
•to	1
•they	1
•of	1
•mn	1
•l	1
•ii	1
•drefied	1
•;	1
•:	1
•..»,	1
•.	1
•':	1
•'*	1
»'.thg	1
«~£hzef	1
«/	1
«.	1
«,	1
«*	1
«'ideaj	1
«"	1
£nts	1
~*	1
~	1
|arabicprice|	1
|arabic5+digit|	1
|arabic4digit|	1
|	1
zealously	1
z	1
younger	1
yielding	1
yetftill	1
yesterday	1
yed	1
year	1
yawning	1
w«re	1
wrought	1
wretches	1
wresting	1
wrapped	1
wounds	1
wort	1
worst	1
worse	1
worked	1
wooer	1
wonted	1
wonders	1
wondered	1
women	1
wo	1
wkh	1
witnesses	1
witnefies	1
withdrawn	1
wisely	1
wise	1
wing	1
wine	1
windows	1
willies	1
williami	1
wiliiam	1
wiley	1
wildness	1
whuft	1
whopreffed	1
whoever	1
whh	1
whats	1
wert	1
weltering	1
welfare	1
weep	1
weeks	1
weeds	1
wedlock	1
wed	1
wayward	1
wavering	1
wave	1
watching	1
wary	1
warren	1
warned	1
warn	1
warmly	1
warmest	1
warmed	1
warlike	1
warder	1
wan	1
wafted	1
w^h	1
v«red	1
vt	1
votary	1
votaries	1
vn	1
vmfuf	1
visited	1
visitant	1
visit	1
visionary	1
violation	1
violate	1
vine	1
villagers	1
vigny	1
viflors	1
vifitings	1
vied	1
vided	1
victims	1
vicissitudes	1
vernal	1
veins	1
vehemently	1
veh'efabld	1
variety	1
vanquishing	1
vanquished	1
valuable	1
vale	1
vailed	1
v.picion	1
uttering	1
utah	1
ut	1
usurper	1
usurped	1
useful	1
used	1
uri	1
urgently	1
unwillingness	1
unwearied	1
unwarranted	1
unwarrantable	1
unwarrant	1
unwarily	1
untimely	1
untefs	1
unsuccessful	1
unsheathed	1
unruffled	1
unre	1
unpro	1
unopposed	1
unoffending	1
unnoticed	1
unmindful	1
unless	1
universal	1
unites	1
uninterrupted	1
uniform	1
uni	1
unguided	1
ungracious	1
ungoverned	1
ungovern	1
unfufpccted	1
unfldlful	1
unfavourable	1
uneasiness	1
undutiful	1
undoubted	1
undone	1
undismayed	1
undifiembled	1
undif	1
undauntedly	1
uncovered	1
unconcern	1
uncle	1
uncertain	1
unbosomed	1
unalterably	1
unaflfec	1
unaffected	1
unacquainted	1
unabated	1
u&moft	1
tzb	1
tyrrany	1
tyrannical	1
turf	1
tured	1
ture	1
turbu	1
turbed	1
tuous	1
tunity	1
tunes	1
tuned'to	1
tumbled	1
tu	1
tryraen	1
trymen	1
trying	1
trusty	1
trumpets	1
triumphs	1
triumphed	1
triumphant	1
tribute	1
trials	1
trial	1
trenchant	1
tremble	1
trees	1
treat	1
treasured	1
treafnres	1
treacherously	1
traversed	1
traverfmg	1
transported	1
transmit	1
transient	1
transferred	1
trampkd	1
traitorous	1
traitor	1
training	1
train	1
tradted	1
tractions	1
traction	1
tpect	1
towering	1
toward	1
tournaments	1
touch	1
tottering	1
tors	1
torrent	1
tor	1
tonne	1
tongue	1
tome	1
tniftaken	1
tlifdained	1
tlear	1
tjon	1
titude	1
title	1
tiring	1
tips	1
tipns	1
tinvifited	1
timorously	1
tier	1
tides	1
ti	1
thyself	1
thun	1
thtir	1
thst	1
thrust	1
throwing	1
thrice	1
threats	1
threatenings	1
thoughtful	1
thomas	1
thoii	1
thofeinfernal	1
thirsts	1
third	1
thinks	1
thinkeft	1
things	1
thick	1
thetn	1
theme	1
thek	1
theif	1
theic	1
theft	1
thefemblance	1
theeftates	1
theciftertian	1
thanks	1
thankfnlnefs	1
tf	1
tets	1
territory	1
terms	1
tendtr	1
tenders	1
tenderly	1
tenderest	1
tendered	1
tempted	1
tediousness	1
teaching	1
tb	1
tation	1
taste	1
task	1
tarry	1
tarncft	1
tall	1
talk	1
tales	1
sympathising	1
sympathised	1
swore	1
swiftly	1
sweetly	1
sweetest	1
suspicious	1
suspend	1
suspecting	1
survived	1
surprised	1
surface	1
sures	1
suppressing	1
supporting	1
supply	1
supplied	1
summoned	1
sullying	1
sullied	1
suitor	1
suited	1
suggestions	1
suggestion	1
suggested	1
sufficiently	1
suffers	1
sud	1
suchlike	1
successfully	1
successful	1
succeeding	1
submission	1
subjected	1
subdued	1
stunned	1
stung	1
struggled	1
stroke	1
striving	1
strip	1
strife	1
strictest	1
strict	1
stretched	1
street	1
streams	1
stream	1
strangling	1
strangely	1
strand	1
strain	1
store	1
stolen	1
stirring	1
stern	1
stepped	1
steered	1
steals	1
stealing	1
steal	1
steady	1
stature	1
stationed	1
station	1
stands	1
standard	1
stained	1
st	1
squires	1
spurred	1
sprung	1
spot	1
spontaneously	1
spoils	1
spoiling	1
splendid	1
spiritual	1
spires	1
speechless	1
spectacle	1
specious	1
speaks	1
space	1
south	1
sounded	1
sot	1
sorrowful	1
sore	1
soothing	1
song	1
somewhat	1
solid	1
solicited	1
solely	1
softness	1
softly	1
soever	1
sob	1
so	1
snatched	1
snatch	1
smiling	1
smiled	1
sleeps	1
slain	1
skirts	1
skill	1
situations	1
sitter	1
sits	1
sit	1
sister	1
sinful	1
silently	1
silent	1
silenced	1
signal	1
sighed	1
siege	1
sided	1
sickened	1
si	1
shut	1
shun	1
shrunk	1
shrinking	1
shrine	1
shrieked	1
shq	1
shouts	1
shocking	1
ships	1
shine	1
shield	1
shedding	1
sharing	1
sharers	1
shared	1
shape	1
shade	1
severities	1
severest	1
seven	1
setting	1
seriously	1
serene	1
separation	1
separate	1
sentiment	1
sensible	1
sending	1
semblances	1
self	1
sees	1
seems	1
seeking	1
securely	1
secrecy	1
season	1
searched	1
seacoast	1
scornfully	1
scornful	1
schemes	1
scenes	1
saved	1
savage	1
satisfied	1
satisfaction	1
sarum	1
sands	1
salifbnry	1
salifbary	1
sailor	1
sage	1
sagacious	1
sacrifices	1
sacrifice	1
sacri	1
rushing	1
rush	1
rumours	1
rrer	1
rowed	1
rovers	1
routed	1
roust	1
rosa	1
romance	1
rolled	1
rof	1
rock	1
rochester	1
robbers	1
roar	1
ro	1
rnind	1
rites	1
ritable	1
ripening	1
riling	1
rigours	1
rigour	1
rigorous	1
rifle	1
rider	1
rhotion	1
rewarding	1
revolted	1
revolt	1
revived	1
revive	1
revere	1
revellers	1
reve	1
returns	1
retort	1
retain	1
resuming	1
restoring	1
restores	1
resolutions	1
reserved	1
require	1
request	1
repulsed	1
reproving	1
reproached	1
reproach	1
represented	1
represent	1
report	1
repining	1
repine	1
repented	1
repent	1
repeatedly	1
repair	1
rep	1
renowned	1
rendered	1
rend	1
removing	1
removal	1
remounted	1
remonstrate	1
remonstrances	1
remembered	1
rely	1
reluctant	1
rellored	1
reliance	1
relenting	1
relented	1
releasing	1
released	1
release	1
rejoice	1
reigned	1
reign	1
rehearsing	1
regret	1
regaining	1
regained	1
refused	1
refusal	1
refresh	1
refolu	1
refolded	1
refo	1
reflection	1
refill	1
refiedtion	1
refied	1
refidenca	1
refi	1
refcne	1
reduce	1
recurred	1
recruited	1
recreant	1
recovery	1
recovering	1
recounting	1
recounted	1
recoun	1
reconcile	1
recolleding	1
recolkding	1
recol	1
recognised	1
reclining	1
recesses	1
recess	1
recent	1
receding	1
recalling	1
reasons	1
rear	1
realms	1
real	1
ravisher	1
ravaging	1
rations	1
rapture	1
rankling	1
rank	1
ranees	1
rajhly	1
raising	1
raises	1
raging	1
raft	1
ra	1
qur	1
quitting	1
quillity	1
quil	1
quifhed	1
questions	1
quent	1
qf	1
purred	1
purppfe	1
purposely	1
purfuefs	1
purfoed	1
purchasing	1
punished	1
punish	1
public	1
prudent	1
prowess	1
proweft	1
provoking	1
provoked	1
provoke	1
provision	1
proving	1
province	1
providing	1
protracted	1
prote6uon	1
prostrate	1
prosperous	1
prosperity	1
propose	1
proportioned	1
proofs	1
prompt	1
promising	1
proftflions	1
profp'ecv	1
profound	1
productions	1
procure	1
proclaimed	1
procedure	1
probably	1
prize	1
privileges	1
privacy	1
printed	1
principally	1
prifoner'of	1
prifonef	1
pri	1
preyed	1
previous	1
preventing	1
prevailing	1
pretend	1
pretence	1
presumptuously	1
presuming	1
preserving	1
presents	1
prescribe	1
preparation	1
preltipns	1
prelerver	1
preferyer	1
preferving'hand	1
prefervec	1
preferred	1
prefer	1
prefeqt	1
precepts	1
preceding	1
precarious	1
prayer	1
pqwer	1
pouring	1
pour	1
postern	1
possibility	1
possessed	1
posies	1
posed	1
portion	1
portal	1
pore	1
pon	1
pollution	1
polished	1
points	1
pointing	1
poidliers	1
poictieu	1
poichers	1
poftefted	1
poftefied	1
pofteffions	1
poftbility	1
poflefiion	1
poflef	1
pofielfing	1
pofiefied	1
plunge	1
plucked	1
pliant	1
pleated	1
pleasures	1
pleas	1
pleading	1
pleaded	1
plea	1
playtd	1
plan	1
plaintive	1
plainness	1
placid	1
places	1
pka	1
pj'oeeeded	1
pitiful	1
pitch	1
pin	1
pily	1
pilot	1
pillow	1
pilgrims	1
pile	1
piety	1
pies	1
pieces	1
picking	1
picions	1
picion	1
phantoms	1
pf	1
petitioning	1
petition	1
perverseness	1
persons	1
persevering	1
persecution	1
perplexity	1
perpetually	1
perishing	1
period	1
perils	1
perilous	1
peril	1
performing	1
perfecu	1
perchance	1
penetration	1
penetrated	1
peing	1
pecffes	1
pay	1
pawed	1
pause	1
patt	1
patience	1
paths	1
partner	1
particulars	1
particular	1
partake	1
parley	1
parents	1
par	1
pants	1
panied	1
palmer	1
pair	1
painter	1
pained	1
pain	1
paftionate	1
paftion	1
pafllonate	1
pafllon	1
pafilen	1
pafhons	1
pace	1
pa	1
owes	1
overtures	1
overture	1
overtaken	1
ourprayersl	1
ought	1
oroppofition	1
ornaments	1
orisons	1
oppressor	1
oppressed	1
oppreftor	1
opprefllon	1
oppreflbr	1
opprefiipn	1
opprefibrs	1
opposed	1
oppose	1
opportunities	1
oppor	1
onset	1
ons	1
onceefcaped	1
ominous	1
olwald	1
ojit=lines	1
ofwa!d	1
oft	1
ofiiis	1
offspring	1
offer	1
offend	1
offences	1
occu	1
occa	1
obtaining	1
obtain	1
obstinately	1
observation	1
obsequiousness	1
obscure	1
obliging	1
obliges	1
objects	1
obfcu	1
obedient	1
oaths	1
oath	1
oaks	1
ny	1
numenc	1
numbered	1
nu	1
nourishment	1
notions	1
notice	1
notes	1
northeast	1
none	1
nolle	1
nodded	1
nod	1
nobility	1
nifhed	1
newly	1
net	1
nephew	1
neighbour	1
nei	1
necessities	1
neceftaries	1
necefbty	1
nearer	1
nd	1
natures	1
nately	1
narration	1
naiftrefs	1
naey	1
na	1
myownblindnefs	1
mydeareftela	1
my.friend	1
mutiny	1
mut	1
murmured	1
murmur	1
murderous	1
murderers	1
murdered	1
mur	1
munificence	1
mud	1
mqft	1
mourning	1
mournful	1
mourner	1
mountains	1
mountain	1
moult	1
motionless	1
motber'sobftinacy	1
mortifying	1
mortals	1
moroseness	1
morn	1
moored	1
monstrances	1
moned	1
momenti	1
momentary	1
modesty	1
moderate	1
mocking	1
mmoft	1
mixed	1
misfor	1
miserable	1
mirfalcen	1
miraculous	1
miracle	1
military	1
mif	1
middle	1
mid	1
mi	1
mewed	1
methods	1
method	1
message	1
merited	1
ments	1
ment	1
mening	1
meni	1
membrance	1
meftenger	1
mefiengcr	1
meditated	1
med	1
measure	1
meanness	1
meanly	1
meanest	1
meal	1
mdcclxii	1
mayest	1
maueon	1
maturity	1
mattin	1
matron	1
maternal	1
mat	1
mart	1
marlborough	1
marking	1
marching	1
mar	1
mankind	1
mame	1
malrleon	1
malignant	1
maladies	1
majestically	1
maintaining	1
maintained	1
mainland	1
main	1
maidens	1
mai	1
magnificence	1
magical	1
madly	1
lying	1
luxurious	1
lution	1
lurk	1
lured	1
lumbers	1
lulled	1
ludgate	1
lqngsword	1
loyalty	1
lowr	1
loving	1
lovers	1
lousy	1
louring	1
louder	1
lot	1
loss	1
los	1
lords	1
looking	1
longsworbi	1
longstoort	1
loft	1
locks	1
loathing	1
loading	1
load	1
lo	1
llow	1
llie	1
litter	1
listening	1
lips	1
lingering	1
lines	1
limits	1
lightened	1
lie	1
liberties	1
liable	1
lewis	1
ledged	1
ledge	1
leapt	1
lcorn	1
lbnft	1
lbme	1
laughter	1
languished	1
lands	1
lance	1
lamp	1
lamenting	1
lamentable	1
lam	1
lah#r	1
l6ngswori5	1
l.cs	1
krnfejf	1
knprifonment	1
knocking	1
kneeling	1
kjnd	1
kill	1
kfs	1
kervices	1
keep	1
keenness	1
keel	1
kaft	1
jxrfuaded	1
justiciary	1
jufts	1
juftiee	1
judgement	1
js	1
jpeak	1
joyful	1
joyed	1
journeyed	1
join	1
johnston	1
jocund	1
jnefs	1
jnd	1
jn	1
jiis	1
jhe	1
jeemed	1
jecuon	1
jea	1
jays	1
jarring	1
jacque	1
itr	1
itandard	1
it^inisfortunes	1
issue	1
isles	1
irritated	1
irritate	1
irresolute	1
irhe	1
ir	1
iqes	1
ipre	1
ipeed	1
io	1
iny	1
involve	1
involuntarily	1
invol	1
invoked	1
inverted	1
invedhves	1
invariably	1
invaders	1
invader	1
invaded	1
inured	1
inttft	1
intruders	1
intrude	1
intimately	1
intimate	1
interpo	1
interests	1
interest	1
intercession	1
inter	1
intention	1
intent	1
intending	1
intelli	1
insupportable	1
instruments	1
instructed	1
inspiring	1
insidious	1
insensibly	1
insensibility	1
inquire	1
inno	1
inlen	1
injury	1
injunctions	1
initiated	1
inhuman	1
inheritances	1
inheritance	1
inhabitants	1
inhabitant	1
influ	1
inflrantly	1
inflict	1
inflexible	1
infenfibiliry	1
infectious	1
infection	1
infected	1
infamous	1
inexorable	1
inevitable	1
industry	1
induced	1
indolent	1
indisposition	1
indiscretion	1
indignant	1
indifhonour	1
indifferent	1
indication	1
indepen	1
inconvenient	1
inconsistencies	1
inconsiderate	1
inconsiderable	1
incon	1
inclined	1
incidents	1
incident	1
incensed	1
incefiantly	1
incautipus	1
inattention	1
imtantly	1
imps	1
improve	1
impressions	1
impress	1
imprecations	1
impossible	1
importunities	1
importunate	1
important	1
implored	1
implacable	1
impetuous	1
impelled	1
impe	1
imparted	1
impacient	1
impa	1
immersed	1
immediately	1
imagined	1
images	1
image	1
ill-fated	1
iiv	1
iinfor	1
iid	1
iheets	1
ihattered	1
ifleof	1
ifiued	1
ifiue	1
ifilie	1
ifhie	1
ieon	1
idle	1
ideas	1
icon	1
i^es	1
i.es	1
hypocrisy	1
hurricane	1
hunting	1
hunters	1
humbled	1
human	1
hum	1
hovering	1
hostility	1
hostilities	1
horrible	1
horn	1
honfe	1
homage	1
holds	1
holding	1
hof	1
hither	1
historical	1
historians	1
hisre	1
hisfince	1
hisefcape	1
hinted	1
himfejf	1
himf.amo	1
highly	1
hia	1
hi	1
hey	1
hesitation	1
hesitating	1
hern	1
hermit	1
hereafter	1
her'in	1
henceforth	1
helplds	1
heiress	1
hefuddenly	1
hefnation	1
heartfelt	1
hearing	1
health	1
hazardous	1
hays	1
haunts	1
hatred	1
hated	1
hatched	1
hat	1
harshly	1
harness	1
harmony	1
hardly	1
harbour	1
harbingers	1
harafied	1
har	1
hapr	1
happier	1
hap	1
halted	1
hallowed	1
hailed	1
haftil/	1
hadst	1
habitations	1
habitants	1
habi	1
h\fn	1
h's	1
gylph	1
gulf	1
guise	1
guilty	1
guifhed	1
guided	1
guidance	1
guest	1
guardian	1
guarded	1
grown	1
grieved	1
greetings	1
greet	1
greatnefi	1
gratulations	1
gratify	1
gratified	1
graces	1
gra	1
goodnsfs	1
god	1
goaring	1
glittering	1
glimmer	1
gleam	1
glaring	1
glance	1
giving	1
gifts	1
gift	1
giddy	1
ghastly	1
geod	1
genial	1
generosity	1
gence	1
ge	1
gazing	1
gayer	1
gauge	1
gance	1
galleries	1
gallantly	1
fvvell	1
furrowed	1
furrounded	1
furprefs	1
furpiize	1
furiously	1
fugitive	1
fufierings	1
fuffifr	1
fuffici	1
fufferings	1
fueh	1
fude	1
fucli'he	1
fucli	1
fuchis	1
fuccefij	1
fuc	1
fubmitrcd	1
fub	1
fu	1
ftupicvexpec	1
ftrm	1
ftri6l	1
ftjli	1
ftiield	1
ftifl	1
ftiafts	1
fti.anger	1
fteeply	1
fte	1
ftcure	1
ft^he	1
fruits	1
fruit	1
from*ap	1
frkncf	1
frigktful	1
frightful	1
frighted	1
frequented	1
fre	1
fraudulent	1
franklin	1
fquallid	1
fpeechlels	1
fpced	1
founded	1
fortunate	1
fortitude	1
fort	1
forsaken	1
forming	1
forgiveness	1
foreigners	1
foreign	1
forehead	1
forcing	1
forbid	1
foot	1
food	1
fon'i	1
fomd	1
following	1
folio	1
foliage	1
foldies	1
fol	1
fohicitous	1
fofcnefs	1
fo'diers	1
fnrprize	1
fmdleft	1
fmajl	1
fltion	1
flreaming	1
flop	1
float	1
flippor	1
fleered	1
fle<5b	1
fle	1
flatterers	1
flatted	1
flat	1
flashed	1
flash	1
fitz	1
fitnlc	1
fishermen	1
firict	1
fir/r	1
fioo	1
fions	1
finished	1
fined	1
fine!'un	1
finding	1
filkd	1
filerrce	1
fiiould	1
fight	1
fierceness	1
fields	1
fiderable	1
ficulty	1
fictitious	1
fible	1
fhielding	1
fhatl	1
fevtrity	1
feverish	1
fever	1
feudatory	1
fettled	1
feta	1
ferment	1
ferifatlbns	1
feparatiori.*	1
fenlible	1
femblahce	1
fellows	1
feldier	1
feign	1
fefious	1
fefijons	1
feetned	1
feerned	1
feeling	1
feeleft	1
feeing	1
feefc	1
fecrtt	1
fecrejtly	1
fecnre	1
fdon	1
fcrve	1
fcru	1
fccne	1
fbr	1
fbori	1
fbn	1
fbldier	1
fb	1
favr	1
favourite	1
fatisfa^lion	1
fatat	1
fastness	1
farrows	1
farewell	1
fantastical	1
fant	1
fancied	1
faltring	1
faltering	1
falsehoods	1
fald	1
fairest	1
fail	1
faidft	1
fafejy	1
extricate	1
extrava	1
extorting	1
extolled	1
extin	1
extent	1
extend	1
exquifuely	1
expressive	1
exprefted	1
exprefjed	1
expostulation	1
expostulate	1
exposing	1
expediency	1
expecting	1
expatiated	1
exj	1
exhorted	1
exercised	1
execution	1
execrations	1
exe	1
excursions	1
exclamations	1
exclamation	1
excite	1
examine	1
exafperatetl	1
exadteft	1
exacted	1
evil	1
evi	1
evening	1
evaded	1
estrangement	1
esteem	1
establish	1
especially	1
especial	1
errata	1
ericoiintered	1
erect	1
equalled	1
equal	1
eoun	1
entrusting	1
entrust	1
entreating	1
entranced	1
ently	1
entire	1
entertain	1
enterprise	1
ensign	1
enrmy	1
enmity	1
enlivened	1
enlarging	1
enjoyment	1
enjoyed	1
englishman	1
eng	1
enforced	1
enerny	1
endured	1
endure	1
encourage	1
enbarqued	1
enabled	1
enabkd	1
emulate	1
emissaries	1
eminent	1
eminence	1
embrowned	1
embarqued	1
embarked	1
eluding	1
elude	1
elevation	1
elements	1
elder	1
elapsed	1
either	1
eftrang	1
efs	1
efiay	1
effusions	1
effected	1
effaced	1
efface	1
ecus	1
east	1
easily	1
eased	1
ears.r	1
earnestness	1
earneftnefe	1
early	1
earfof	1
ead	1
e^rs	1
dwells	1
dwelling	1
dwell	1
during	1
duke	1
due'regard	1
dropped	1
drooping	1
droop	1
dried	1
drefifed	1
dreary	1
dreads	1
drawn	1
drawing	1
draw	1
dqth	1
doubts	1
doubting	1
doubtful	1
dorrieftics	1
doomed	1
don	1
dominions	1
domestic	1
domeliic	1
dolph	1
dittrefs	1
distracting	1
distinguished	1
distaste	1
dissipate	1
dissimulation	1
dissembled	1
disregard	1
dispositions	1
dispose	1
disport	1
displeasure	1
displeased	1
display	1
dispensations	1
dispelled	1
dispatching	1
dismissed	1
dismiss	1
disloyalty	1
dishevelled	1
disguised	1
disgraceful	1
disdaining	1
discovery	1
discovering	1
discoveries	1
discordant	1
discomposed	1
disclaiming	1
disclaimed	1
discharged	1
discharge	1
disavowing	1
disavowed	1
direfuy	1
director	1
directing	1
diqoyal	1
dipped	1
dimmed	1
dilmount	1
dillruft	1
diligent	1
diligence	1
dilcomfited	1
dilbrdered	1
dilated	1
diftrejjs	1
diftrefies	1
diftradlred	1
diftrading	1
difrnified	1
difpofltefs	1
difplayingto	1
difmified	1
difiinguifhed	1
difientions	1
difiemble	1
diffractions	1
diffracting	1
different	1
difeover	1
difem	1
difcon	1
dient	1
dience	1
died	1
diead	1
dictates	1
dictate	1
di	1
dew	1
devoutly	1
devouring	1
devotions	1
devolves	1
devolved	1
devising	1
devise	1
detest	1
determines	1
determine	1
detecting	1
detected	1
detail	1
detached	1
destroys	1
destroyer	1
destination	1
despoiled	1
despite	1
despised	1
deserved	1
desertion	1
desert	1
described	1
descended	1
derived	1
deride	1
dereft	1
deprive	1
depreflcd	1
deprefied	1
depredations	1
deportment	1
dependents	1
departing	1
depar	1
dent	1
denounc	1
denoted	1
demonstrate	1
demeanour	1
demands	1
delusion	1
deluded	1
delivering	1
deliverer	1
delirium	1
deling	1
deliberate	1
delibe	1
delays	1
delayed	1
deigned	1
deign	1
deftruflion	1
deftruc	1
defpi	1
defpe	1
deference	1
defending	1
defenceless	1
defection	1
defeated	1
def	1
deeming	1
deem	1
decreed	1
declined	1
declara	1
decision	1
decided	1
deceived	1
debted	1
debt	1
debated	1
dealt	1
deals	1
deafened	1
dcrefl	1
dazzled	1
dazzle	1
dawning	1
dashed	1
dash	1
dartts	1
darted	1
darling	1
daring	1
dans	1
dank	1
dan	1
dampy	1
damp	1
dames	1
d'aurnont	1
d'aiimonr	1
cuted	1
cussed	1
curiosity	1
cunning	1
cued	1
crouching	1
crossed	1
crossbow	1
cross	1
critical	1
crimson	1
criminal	1
cries	1
created	1
create	1
cowardly	1
cowardice	1
covering	1
courtiers	1
courtier	1
courteously	1
courted	1
courser	1
countrymenj	1
countels	1
counteft	1
countefi	1
counted	1
counrefs	1
council	1
couched	1
cott.ige	1
costly	1
corrupt	1
correspond	1
correct	1
cornwall	1
cornpofed	1
cordiality	1
copy	1
coolly	1
converted	1
converse	1
conversation	1
conventions	1
convdy	1
controlling	1
contrivance	1
contribute	1
contests	1
contentment	1
contending	1
contained	1
contagioufly	1
consulted	1
consult	1
constraint	1
constant	1
conspired	1
conspiracy	1
consigned	1
consign	1
considered	1
considerably	1
considerable	1
conquest	1
conquering	1
conn	1
conjure	1
conjugal	1
conjectures	1
congratulation	1
conftnt	1
conftilted	1
confronted	1
confront	1
confort	1
conflagration	1
confirming	1
confirmed	1
confirmation	1
confinement	1
confider	1
confident	1
conferring	1
confefied	1
confederated	1
condufl	1
conducter	1
condemned	1
concerted	1
concert	1
conceptions	1
complying	1
complicated	1
complaining	1
complained	1
companied	1
compani	1
communicated	1
communicate	1
commotions	1
commendations	1
commanders	1
comfortless	1
comes	1
comely	1
cofted	1
cloud	1
closing	1
cloister	1
clime	1
climbing	1
cliff	1
cleft	1
clear	1
clays	1
clasping	1
clash	1
claims	1
claim	1
citizens	1
circumspect	1
chose	1
childbirth	1
chiefly	1
chid	1
chi	1
cheered'by	1
cheek	1
chau	1
chat	1
chaste	1
chas	1
charming	1
charmed	1
charger	1
character	1
changing	1
champion	1
chambers	1
challenged	1
challenge	1
chalky	1
cha	1
cfwald	1
cf	1
centred	1
censured	1
censure	1
ceived	1
cefilon	1
cbnfolation	1
cautious	1
caused	1
caurfe	1
caufelcfs	1
catej	1
casta	1
casque	1
cas	1
carried	1
carnage	1
caresses	1
carelessly	1
careless	1
careful	1
captives	1
captive	1
capti	1
captain	1
capricious	1
caparisoned	1
cap	1
canterbury	1
calum	1
calmness	1
bulwark	1
buckled	1
buc	1
btit	1
br»	1
brow	1
broils	1
british	1
britain	1
bring	1
brightness	1
brightened	1
briefly	1
brief	1
bridal	1
bribed	1
bribe	1
bred	1
breathless	1
breaking	1
breach	1
bravery	1
br	1
boys	1
bowmen	1
bowed	1
bounds	1
bottom	1
bosom	1
bore	1
boon	1
bondage	1
boldness	1
boldest	1
bolder	1
boiling	1
bodies	1
boasted	1
boast	1
blows	1
blooming	1
blodd	1
blessing	1
blefied	1
bleeds	1
black	1
bis	1
birth	1
binding	1
bind	1
big	1
bi	1
betrayer	1
bestrode	1
bestow	1
best	1
besieged	1
bent	1
benighted	1
benevolence	1
benefit	1
bending	1
belongs	1
bell	1
believe	1
beholder	1
beguiled	1
bef	1
because	1
bears	1
bearing	1
beach	1
be'made	1
battles	1
battlements	1
battle	1
bat	1
barred	1
barqued	1
bare	1
banks	1
banifti	1
babbling	1
award	1
awakening	1
avowed	1
avow	1
avoiding	1
authors	1
aujhor	1
audience	1
auburn	1
au	1
attentively	1
attending	1
attempting	1
attachment	1
attached	1
attach	1
asunder	1
astonishing	1
astonish	1
assured	1
associates	1
assisting	1
assisted	1
assistants	1
assigned	1
assembled	1
assassin	1
aspires	1
ashamed	1
artless	1
arthur	1
artful	1
art'd	1
arrogance	1
arrested	1
arrest	1
arre&ing	1
arrayed	1
array	1
arose	1
armoric	1
arguments	1
argu	1
arched	1
arc	1
apt	1
approving	1
approaches	1
apprehen	1
appointment	1
applause	1
applauie	1
applaud	1
appier	1
appease	1
appears	1
appearances	1
appeal	1
appalled	1
apartments	1
antagonist	1
answer	1
anj	1
angtiifli	1
anger	1
angel	1
anew	1
andr	1
andexpref	1
andcontroul	1
anct	1
ancestry	1
amusement	1
amongst	1
ambush	1
ambrose	1
ambitious	1
amazed	1
amaze	1
always	1
altering	1
alpect	1
almost	1
allured	1
allows	1
alleged	1
alighted	1
alienate	1
ali'sbutfl1	1
albinet	1
alan	1
ajl	1
aimoft	1
aimed	1
aid	1
ah	1
agreeably	1
agony	1
agent	1
afudden	1
afrmions	1
afraid	1
afpecfc	1
afms	1
afllimed	1
afliiming	1
aflfright	1
aflfe&ed	1
aflced	1
aflbciated	1
afiured	1
afiurances	1
afiumed	1
afilftance	1
afiiire	1
afiiimed	1
afiiftance	1
afiift	1
afiiduous	1
afifured	1
afifociares	1
afifert	1
afiented	1
afiecti	1
afiailed	1
affurned	1
affu	1
afford	1
afflictions	1
afflict	1
affiidted	1
affiiction	1
affecymg	1
affecyion	1
affect	1
affec	1
af	1
advices	1
adversity	1
adverse	1
adventured	1
adventure	1
advantages	1
advantage	1
advances	1
adored	1
admittance	1
admit	1
adjusted	1
adhered	1
addressing	1
addressed	1
addrefied	1
acquired	1
acquaint	1
acknowledgements	1
acknowledge	1
achievements	1
achieved	1
achieve	1
accustomed	1
accuser	1
accusa	1
accoutered	1
accosted	1
accomplishing	1
accom	1
acclamation	1
accessible	1
access	1
abuse	1
abstinence	1
absent	1
abroad	1
aboutles	1
abience	1
abhorred	1
abby	1
abate	1
abasement	1
abased	1
^rny	1
\vith	1
[	1
?•	1
<jf	1
;.	1
;,	1
:.,!;.,	1
:,	1
:)	1
9<>	1
6s	1
/	1
.;	1
..:	1
..'	1
.-•:	1
.-*,	1
.-	1
.*•	1
.)	1
."	1
.!>••	1
-•'	1
-•	1
-«	1
-.	1
-*	1
-'	1
,;	1
,....	1
*•••,	1
*•.	1
*•-	1
*>	1
*:;	1
*..	1
*.,	1
*-,	1
*,,	1
**	1
*'•	1
):	1
),	1
'?	1
'-	1
',	1
'*"	1
'"	1
&	1
%;	1
$	1
"•	1
"\	1
".)	1
".	1
"*.	1
"'	1
!*	1
