,	3458
the	2409
of	1791
.	1694
to	1560
and	1460
i	1239
"	988
a	876
that	690
in	685
my	678
it	530
you	493
his	468
is	458
with	425
was	423
he	392
not	386
be	360
as	333
her	332
have	330
for	321
me	318
your	313
;	300
but	286
which	254
at	248
had	247
from	221
by	219
on	198
:	186
will	175
him	172
!	172
love	170
**	162
she	159
julia	159
|'s|	157
are	155
an	152
we	147
this	147
so	140
j	139
their	134
were	132
heart	132
would	127
|arabic1digit|	123
what	122
been	122
am	122
all	122
edward	119
—	115
percival	109
our	104
should	102
friend	101
who	99
they	99
no	99
or	98
bevil	97
when	96
if	96
one	94
?	94
upon	91
there	91
has	90
than	89
more	87
very	86
them	86
."	86
dear	85
'	85
into	82
can	82
letter	81
some	79
before	76
may	74
man	74
how	74
said	73
mind	73
know	72
now	71
could	71
shall	70
life	69
myself	68
happiness	66
nature	65
father	64
do	64
|romannumeral|	60
towers	60
lord	60
its	59
us	58
only	58
make	58
made	58
then	57
such	57
never	56
too	55
mr	55
ever	55
think	53
time	52
passion	52
much	52
most	52
fortune	52
did	52
being	52
without	51
own	49
first	49
happy	48
|arabic2digit|	46
great	46
good	44
every	44
mother	43
little	43
world	42
whom	41
while	41
virtue	41
other	41
must	40
friendship	40
find	40
yet	39
out	39
,.	39
say	38
let	38
any	38
..	38
whose	37
through	37
where	36
well	36
thought	36
see	36
after	36
young	35
though	35
nor	35
hope	35
those	34
soon	34
give	33
both	33
,,	33
elms	32
till	31
thousand	31
these	31
long	31
himself	31
hand	31
day	31
woman	29
u	29
sentiments	29
reason	29
person	29
part	29
oh	28
men	28
feel	28
cannot	28
whole	27
under	27
stockton	27
having	27
eyes	27
even	27
two	26
stormont	26
soul	26
same	26
many	26
lordship	26
lodge	26
found	26
charles	26
tell	25
pleasure	25
lover	25
like	25
however	25
character	25
against	25
still	24
return	24
present	24
opinion	24
left	24
conduct	24
*	24
(	24
write	23
worthy	23
moment	23
mine	23
leave	23
esteem	23
delightful	23
amiable	23
wife	22
pounds	22
mrs	22
might	22
marriage	22
m	22
heaven	22
gave	22
conversation	22
bosom	22
bliss	22
believe	22
beauty	22
arabella	22
among	22
age	22
affection	22
about	22
|arabic3digit|	21
youth	21
took	21
take	21
read	21
over	21
often	21
here	21
early	21
delight	21
told	20
thus	20
received	20
perhaps	20
nothing	20
noble	20
house	20
ardour	20
although	20
words	19
wish	19
t	19
spirits	19
open	19
morning	19
husband	19
hearts	19
few	19
family	19
doubt	19
come	19
adieu	19
!"	19
year	18
whether	18
virtues	18
up	18
town	18
rather	18
parents	18
packet	18
old	18
lovers	18
letters	18
last	18
indeed	18
herself	18
god	18
form	18
fear	18
care	18
became	18
yourself	17
years	17
went	17
three	17
thoughts	17
taste	17
taken	17
rest	17
object	17
name	17
look	17
kind	17
general	17
favour	17
each	17
continued	17
certain	17
caroline	17
brother	17
always	17
again	17
way	16
view	16
state	16
saw	16
pressed	16
passed	16
new	16
means	16
making	16
imagination	16
going	16
genuine	16
friends	16
felt	16
cried	16
countenance	16
beyond	16
arms	16
another	16
admiration	16
therefore	15
subject	15
sincerity	15
right	15
power	15
philip	15
passions	15
others	15
os	15
nearly	15
miss	15
lost	15
least	15
lead	15
go	15
formed	15
face	15
degree	15
country	15
convinced	15
already	15
?"	15
vol	14
unhappy	14
turn	14
spirit	14
smiles	14
round	14
real	14
put	14
natural	14
mistress	14
master	14
less	14
given	14
far	14
desire	14
deep	14
course	14
best	14
become	14
back	14
account	14
writing	13
whatever	13
vice	13
use	13
understanding	13
true	13
st	13
society	13
sir	13
set	13
replied	13
possible	13
once	13
lovely	13
judgement	13
hear	13
fully	13
full	13
former	13
feelings	13
effect	13
charms	13
called	13
brought	13
blessed	13
better	13
benevolence	13
art	13
alone	13
agreeable	13
agitation	13
«	12
yes	12
word	12
wit	12
voice	12
themselves	12
song	12
sight	12
short	12
sentiment	12
send	12
misery	12
knowledge	12
joy	12
joe	12
hour	12
home	12
generally	12
forth	12
expect	12
entered	12
enough	12
does	12
blood	12
between	12
began	12
beautiful	12
acquainted	12
acquaintance	12
yours	11
women	11
uncommon	11
towards	11
times	11
things	11
taking	11
sweet	11
sensible	11
sense	11
sensations	11
romantic	11
r	11
progress	11
principles	11
possession	11
plan	11
ought	11
observed	11
morality	11
minds	11
meet	11
mean	11
manner	11
interest	11
intellect	11
instead	11
income	11
immediately	11
hundred	11
h	11
frederic	11
fine	11
end	11
enclosed	11
emotions	11
either	11
down	11
divinity	11
digby	11
daughter	11
creature	11
coverley	11
candour	11
away	11
approbation	11
added	11
why	10
wealth	10
weak	10
want	10
value	10
valeri	10
truth	10
together	10
talk	10
suffer	10
spoke	10
since	10
self	10
room	10
request	10
reflection	10
receive	10
praise	10
portion	10
point	10
place	10
past	10
passing	10
order	10
n	10
language	10
lady	10
just	10
influence	10
impulse	10
head	10
girl	10
gentleman	10
finding	10
fancy	10
f	10
ease	10
door	10
done	10
disposition	10
difficulty	10
different	10
de	10
days	10
congenial	10
chopstone	10
characters	10
certainly	10
came	10
call	10
assist	10
answer	10
admit	10
admire	10
actions	10
worth	9
walk	9
w	9
union	9
twenty	9
thy	9
tenderness	9
ten	9
sun	9
subjects	9
stay	9
speak	9
smile	9
situation	9
similar	9
seen	9
scene	9
says	9
rendered	9
render	9
remember	9
prove	9
pride	9
people	9
pen	9
party	9
off	9
note	9
neither	9
necessary	9
loved	9
lot	9
longer	9
london	9
latter	9
impression	9
heard	9
hands	9
half	9
greatest	9
gratification	9
gone	9
garden	9
frame	9
fond	9
eye	9
expression	9
estates	9
equally	9
enjoyment	9
enjoy	9
education	9
don't	9
divine	9
dinner	9
death	9
considerable	9
consider	9
consequence	9
chief	9
caution	9
caught	9
cafe	9
business	9
born	9
beings	9
because	9
ask	9
around	9
also	9
able	9
wisdom	8
waiting	8
throw	8
thou	8
sympathy	8
support	8
sufficient	8
sex	8
several	8
seeing	8
rich	8
result	8
remain	8
reflections	8
question	8
qualities	8
proper	8
pray	8
possessed	8
picture	8
philosophy	8
phaeton	8
persuaded	8
personal	8
passage	8
particular	8
opinions	8
occasion	8
moral	8
mark	8
manners	8
makes	8
light	8
led	8
lay	8
known	8
knew	8
keep	8
italian	8
human	8
honour	8
greater	8
got	8
french	8
force	8
flattery	8
fix	8
features	8
farther	8
fail	8
express	8
e	8
discovered	8
disappointed	8
dignity	8
deserve	8
declared	8
declaration	8
correspondence	8
continue	8
consequences	8
confidence	8
comfort	8
children	8
child	8
chaise	8
captain	8
b	8
attachment	8
arise	8
appeared	8
appearance	8
alas	8
above	8
within	7
wishes	7
walked	7
visible	7
vanity	7
vain	7
used	7
turned	7
trust	7
tomorrow	7
third	7
tears	7
suspicion	7
surely	7
superior	7
sudden	7
study	7
son	7
something	7
sensibility	7
scarcely	7
saying	7
satisfied	7
run	7
respecting	7
recovered	7
receiving	7
rapture	7
raised	7
purse	7
pure	7
prudence	7
prospect	7
proof	7
promised	7
poverty	7
peace	7
oxford	7
original	7
octagon	7
occasions	7
night	7
next	7
near	7
mould	7
merit	7
looking	7
looked	7
length	7
laws	7
large	7
kept	7
k	7
itself	7
instance	7
inclined	7
idea	7
hours	7
high	7
habit	7
guard	7
grounds	7
grateful	7
grace	7
glow	7
frequently	7
forget	7
folly	7
followed	7
fixed	7
five	7
felicity	7
fashion	7
error	7
equal	7
easily	7
drawn	7
discover	7
difficult	7
despise	7
delighted	7
delicacy	7
constancy	7
conscious	7
con	7
comes	7
bed	7
bar	7
aunt	7
attention	7
attend	7
attempt	7
attached	7
appointment	7
almost	7
agree	7
addressed	7
accompanied	7
•	6
yield	6
wrote	6
usual	6
united	6
turning	6
trifle	6
tremble	6
title	6
ties	6
thrown	6
threw	6
taught	6
suspect	6
suffered	6
stream	6
spring	6
spreads	6
spent	6
speech	6
species	6
sound	6
sleep	6
sister	6
singular	6
silent	6
share	6
sequel	6
sent	6
seemed	6
seem	6
scheme	6
sake	6
sacrilege	6
ridiculous	6
returned	6
resolved	6
repeated	6
remaining	6
recover	6
pretensions	6
poor	6
pleased	6
pistol	6
philosopher	6
perfectly	6
perceived	6
pay	6
patience	6
painful	6
owe	6
opportunity	6
number	6
ness	6
need	6
nation	6
money	6
mistake	6
miserable	6
met	6
mentioned	6
memory	6
meeting	6
meditating	6
meantime	6
married	6
lose	6
looks	6
lived	6
live	6
likely	6
kiss	6
interested	6
intention	6
impossible	6
highest	6
hers	6
get	6
gained	6
gain	6
gaiety	6
four	6
forward	6
forming	6
female	6
faculties	6
extraordinary	6
extent	6
experienced	6
expected	6
existence	6
exclaimed	6
ex	6
everything	6
events	6
enamoured	6
embraced	6
else	6
elegant	6
effects	6
ear	6
duty	6
during	6
duration	6
draw	6
discovery	6
discourage	6
differ	6
delicious	6
danger	6
creatures	6
confess	6
completely	6
com	6
clearly	6
circumstances	6
circle	6
choose	6
choice	6
chevalier	6
charming	6
cause	6
case	6
calculated	6
brilliancy	6
breast	6
boy	6
bless	6
attended	6
assured	6
assure	6
assurance	6
asked	6
ardent	6
allow	6
alive	6
ah	6
agitated	6
advance	6
adoration	6
admirers	6
action	6
acquisition	6
according	6
<*	6
wrong	5
wonder	5
whither	5
warm	5
visit	5
virtuous	5
unknown	5
understand	5
tutor	5
topics	5
tongue	5
thousands	5
tea	5
task	5
talked	5
table	5
surrounded	5
sure	5
supply	5
sum	5
strong	5
strength	5
stratford	5
step	5
spread	5
spite	5
source	5
sometimes	5
show	5
settled	5
servants	5
secure	5
secret	5
second	5
search	5
s	5
rules	5
rise	5
respect	5
requested	5
reply	5
repeat	5
remained	5
relish	5
regret	5
regard	5
ready	5
re	5
rank	5
raise	5
purest	5
public	5
providence	5
proved	5
promise	5
produce	5
proceeded	5
proceed	5
pro	5
prevent	5
preserve	5
praises	5
post	5
points	5
poet	5
pleasing	5
played	5
paris	5
parent	5
pardon	5
paradise	5
p	5
ones	5
observe	5
observation	5
o	5
necessity	5
naturally	5
mutually	5
mutual	5
music	5
moved	5
months	5
monsieur	5
mischief	5
merely	5
masters	5
mankind	5
luxury	5
loss	5
lives	5
lips	5
line	5
library	5
lest	5
leaving	5
learning	5
lately	5
knowing	5
kindness	5
keeping	5
joined	5
jew	5
introduced	5
innocence	5
infinite	5
impressions	5
important	5
ideas	5
hypocrisy	5
honourable	5
honest	5
hold	5
highly	5
happiest	5
happened	5
hall	5
grief	5
graceful	5
glory	5
future	5
free	5
forgive	5
following	5
finished	5
finish	5
feeling	5
fallen	5
fair	5
exquisite	5
excursion	5
excess	5
example	5
exalted	5
evils	5
entirely	5
enthusiasm	5
enjoyments	5
england	5
engaged	5
endeavour	5
emotion	5
effusions	5
earth	5
earnest	5
duberley	5
drew	5
dress	5
dominion	5
domestic	5
distress	5
distinguish	5
disguise	5
difference	5
die	5
devote	5
determined	5
depends	5
deity	5
declaring	5
declare	5
dancing	5
corruption	5
conviction	5
consciousness	5
confident	5
conclusion	5
conceal	5
compared	5
company	5
communication	5
coming	5
clifden	5
brain	5
blessings	5
bestow	5
becoming	5
beauties	5
bear	5
autumn	5
assume	5
arrived	5
arrival	5
arguments	5
appear	5
altogether	5
air	5
agreed	5
afraid	5
affections	5
affairs	5
addressing	5
act	5
acquired	5
accomplishments	5
ac	5
absence	5
>	5
*'	5
•*	4
yielding	4
worthless	4
work	4
wished	4
watched	4
warmth	4
views	4
various	4
utmost	4
unworthy	4
unite	4
understood	4
turns	4
truly	4
triumph	4
trial	4
treat	4
totally	4
tis	4
thoughtless	4
thoroughly	4
thinking	4
ter	4
temple	4
teach	4
talking	4
system	4
sweeter	4
suspected	4
surprised	4
supported	4
sunk	4
sufficiently	4
suddenly	4
submit	4
style	4
stop	4
spot	4
sorrow	4
sooner	4
smiling	4
smiled	4
sincerely	4
sincere	4
showed	4
sentimental	4
seldom	4
season	4
sacred	4
romance	4
risk	4
reward	4
revolution	4
reserve	4
requires	4
repose	4
relation	4
reasoning	4
really	4
readily	4
rational	4
raptures	4
putting	4
pupil	4
proposed	4
propensities	4
project	4
principle	4
prevented	4
president	4
presented	4
prepared	4
powers	4
possibly	4
possessing	4
politics	4
pleasures	4
please	4
pleasant	4
plans	4
plainly	4
placed	4
pircival	4
perfection	4
perfect	4
percivau	4
perceiving	4
per	4
pass	4
parts	4
paper	4
painting	4
paid	4
overcome	4
ours	4
otherwise	4
opposition	4
opened	4
offer	4
occurrences	4
occupied	4
observations	4
obliged	4
o'clock	4
neighbouring	4
nay	4
mouth	4
morals	4
moments	4
misfortune	4
minutes	4
mingled	4
miles	4
mere	4
melody	4
meaning	4
matches	4
mask	4
magic	4
lower	4
logic	4
lively	4
liberty	4
liberal	4
lenity	4
lemons	4
learned	4
lawn	4
late	4
laid	4
knows	4
instances	4
inspire	4
inquiry	4
inquired	4
injured	4
informed	4
infidelity	4
indignation	4
incidents	4
inactivity	4
impulses	4
immediate	4
images	4
im	4
ignorance	4
humphry	4
hint	4
higher	4
hereafter	4
help	4
held	4
heavens	4
hasty	4
hastily	4
harp	4
hardly	4
habits	4
gratify	4
goodness	4
globe	4
gently	4
generality	4
g	4
funds	4
frenchman	4
freedom	4
frankly	4
founded	4
fortunate	4
fortitude	4
foolish	4
fondness	4
flame	4
fercival	4
fellow	4
fears	4
feared	4
falton	4
falling	4
fact	4
expressions	4
expressed	4
excite	4
evening	4
estate	4
essential	4
escape	4
entitled	4
englishman	4
engagement	4
endeavouring	4
endeavoured	4
elopement	4
eighteen	4
easy	4
double	4
displayed	4
disgust	4
disappointment	4
devoted	4
determine	4
detection	4
despotic	4
desires	4
demanded	4
delay	4
dangerous	4
d	4
crisis	4
crimes	4
crime	4
credit	4
contempt	4
contained	4
constantly	4
console	4
consists	4
consisted	4
congeniality	4
companions	4
common	4
collected	4
coat	4
clothes	4
claim	4
chiefly	4
cherish	4
channel	4
chamber	4
cast	4
casket	4
carried	4
carriage	4
calamity	4
bound	4
book	4
bold	4
blush	4
blind	4
birth	4
besides	4
beneath	4
beloved	4
beginning	4
begged	4
beg	4
avon	4
aster	4
assuring	4
artifice	4
arises	4
arid	4
approve	4
approach	4
appointed	4
apply	4
animated	4
anecdote	4
amuse	4
ambition	4
ago	4
afterwards	4
afford	4
advice	4
advantage	4
add	4
actually	4
acting	4
accompany	4
.,	4
*.	4
{	3
youthful	3
wounded	3
wits	3
wings	3
wine	3
willingly	3
whenever	3
whence	3
welfare	3
weight	3
watch	3
wants	3
wait	3
votaries	3
volume	3
village	3
vices	3
vessel	3
variety	3
using	3
useful	3
upwards	3
unnatural	3
unfit	3
unexpected	3
undertook	3
unanimity	3
twilight	3
trepidation	3
treasures	3
treasured	3
travelling	3
tion	3
tinctured	3
timidity	3
throwing	3
thirty	3
thee	3
test	3
termed	3
suppose	3
sunrise	3
sung	3
summer	3
strongly	3
stranger	3
stood	3
stock	3
steps	3
starting	3
started	3
stand	3
springs	3
speaking	3
spark	3
souls	3
sorry	3
slightest	3
situated	3
sitting	3
singularities	3
sin	3
simple	3
similarity	3
shudder	3
shortly	3
ship	3
sew	3
settlement	3
service	3
served	3
serve	3
serenity	3
separated	3
seized	3
seems	3
seel	3
seek	3
secured	3
secretly	3
seats	3
sea	3
scenery	3
satisfactory	3
sat	3
sacrifice	3
running	3
ruined	3
rowland	3
romans	3
rigour	3
ridicule	3
rhapsody	3
revenue	3
retired	3
requisite	3
report	3
repetition	3
remove	3
remarks	3
remark	3
remains	3
remainder	3
religion	3
rejoice	3
refinement	3
refined	3
recollect	3
reasonable	3
reached	3
reach	3
rarely	3
raises	3
pursuit	3
purpose	3
purity	3
pulpit	3
provided	3
proves	3
proud	3
propose	3
proposal	3
property	3
properly	3
propensity	3
prompts	3
promises	3
profess	3
previously	3
presenting	3
presence	3
prescribe	3
prepare	3
prejudices	3
praising	3
praised	3
possessors	3
possess	3
portrait	3
politeness	3
poison	3
po	3
plant	3
pity	3
pictures	3
phoebus	3
petty	3
perturbation	3
persons	3
pernicious	3
period	3
performed	3
percivat	3
peasantry	3
paternal	3
passes	3
passengers	3
particularly	3
participation	3
participate	3
partiality	3
papers	3
pair	3
paint	3
pain	3
overpowered	3
ourselves	3
oppose	3
occurred	3
novelty	3
novel	3
notions	3
notion	3
notice	3
neighbourhood	3
needs	3
neck	3
mute	3
motives	3
mortal	3
moon	3
month	3
moderate	3
mode	3
mental	3
meanwhile	3
matter	3
match	3
marry	3
marriages	3
marked	3
mansion	3
madam	3
loves	3
listened	3
lie	3
liberality	3
lesson	3
leisure	3
leads	3
lawyer	3
law	3
lasting	3
ladies	3
knees	3
kisses	3
kissed	3
kingdom	3
justified	3
june	3
joys	3
journey	3
jewels	3
invite	3
invitation	3
interview	3
interesting	3
intercourse	3
instrumental	3
instrument	3
inspires	3
insincerity	3
infatuation	3
infatuated	3
industry	3
indulge	3
independent	3
improvement	3
imparted	3
impart	3
imitation	3
imbibed	3
imagine	3
imaginary	3
ill	3
ignorant	3
idol	3
ia	3
husbands	3
hot	3
horses	3
horizon	3
honoured	3
honesty	3
hitherto	3
hither	3
hints	3
herj	3
hereditary	3
heiress	3
heal	3
hasten	3
happi	3
hap	3
handsome	3
hair	3
habitual	3
guilty	3
growth	3
group	3
ground	3
greatness	3
grant	3
glowed	3
gesture	3
genius	3
generosity	3
gay	3
gaming	3
gallant	3
fund	3
fulfil	3
foundation	3
forgotten	3
forgot	3
forfeit	3
foresee	3
fools	3
fool	3
flown	3
flow	3
fit	3
figure	3
fifteen	3
fide	3
fell	3
feigned	3
favourite	3
favourable	3
fate	3
families	3
familiar	3
fall	3
fain	3
extract	3
exhausted	3
excuse	3
excited	3
except	3
examined	3
exactly	3
event	3
escaped	3
errors	3
erroneous	3
epithet	3
entrance	3
enter	3
ensued	3
enjoyed	3
english	3
enemies	3
endued	3
endowed	3
encouraged	3
empires	3
embrace	3
embarrassment	3
eloquence	3
elevate	3
ecstasy	3
eat	3
earnestly	3
earl	3
eagerly	3
dwelled	3
duties	3
du	3
dreadful	3
doubted	3
domino	3
doctrine	3
distinguished	3
dissipated	3
dispositions	3
disposed	3
disposal	3
display	3
dispatched	3
disinterestedness	3
disgusted	3
directed	3
direct	3
diminished	3
difficulties	3
dif	3
dictates	3
desired	3
design	3
depravity	3
depended	3
depend	3
departure	3
delivered	3
delirium	3
delicate	3
defend	3
deeply	3
deceit	3
deal	3
deaf	3
dare	3
damn	3
curious	3
cupid	3
cruelty	3
cruel	3
crowd	3
conversations	3
contrary	3
contemplating	3
consult	3
consolation	3
considered	3
consideration	3
considerably	3
consent	3
congress	3
condition	3
condescend	3
conceive	3
composition	3
completed	3
competence	3
companion	3
commencement	3
command	3
comforts	3
combined	3
cheeks	3
charged	3
change	3
chance	3
ceremony	3
celestial	3
cease	3
causes	3
catch	3
careless	3
career	3
car	3
calm	3
bustling	3
broken	3
broad	3
bring	3
brilliant	3
brighton	3
breakfast	3
break	3
box	3
bottom	3
black	3
bias	3
bestowed	3
beseech	3
believed	3
barn	3
banks	3
avowed	3
avoiding	3
avoid	3
attempted	3
attacks	3
attack	3
assisted	3
assistance	3
assignation	3
arrow	3
arm	3
argument	3
apt	3
apprehensions	3
apprehension	3
ap	3
anything	3
anxiety	3
anticipating	3
answered	3
animation	3
angel	3
amusement	3
amends	3
ambrosia	3
allure	3
affords	3
affluence	3
affected	3
affair	3
advise	3
advanced	3
adoring	3
adored	3
adore	3
adopt	3
address	3
acknowledge	3
accustomed	3
accumulation	3
abstract	3
absorbed	3
abandoned	3
;.	3
:.	3
-	3
)	3
—,	2
«*	2
younger	2
youj	2
yielded	2
written	2
wound	2
worshipped	2
worldly	2
works	2
workman	2
wooing	2
woodville	2
won't	2
wo	2
wishing	2
wisely	2
wise	2
wirh	2
winter	2
window	2
wild	2
wholly	2
white	2
whe	2
westmoreland	2
weeks	2
wedlock	2
wealthy	2
weakness	2
warmly	2
wanted	2
walking	2
vowed	2
vortex	2
volumes	2
vity	2
visits	2
visitor	2
visiting	2
villainy	2
villain	2
villagers	2
vile	2
viewing	2
vicious	2
vexed	2
versation	2
ventured	2
veil	2
valuable	2
uttered	2
usurps	2
usually	2
urged	2
unwilling	2
unusual	2
untouched	2
unsophisticated	2
unnecessary	2
unmanly	2
universal	2
uniting	2
unison	2
uninterrupted	2
unfashionable	2
uneducated	2
uneasy	2
unbounded	2
unattended	2
unaccountable	2
turbulent	2
tumultuous	2
try	2
trusted	2
trembling	2
trees	2
treatise	2
treated	2
travel	2
transported	2
tranquillity	2
train	2
tracing	2
traces	2
tq	2
tour	2
touch	2
tones	2
tolerable	2
tinged	2
throughout	2
thing	2
thence	2
theirs	2
thank	2
testimony	2
testify	2
terrace	2
terms	2
term	2
tenor	2
tends	2
tender	2
tempt	2
temporary	2
tempests	2
teeth	2
teaches	2
talks	2
talkative	2
tales	2
tag	2
symphony	2
sympathetic	2
syllogisms	2
swell	2
sweetly	2
suspecting	2
susceptible	2
surprise	2
supporting	2
supper	2
supersede	2
superscription	2
suggestions	2
suggestion	2
suggested	2
suggest	2
suffering	2
success	2
subsistence	2
subsequent	2
studies	2
struck	2
strings	2
striking	2
strengthens	2
street	2
streams	2
strain	2
story	2
stories	2
stopped	2
stomach	2
stigmatised	2
steward	2
steer	2
stations	2
start	2
stare	2
stanza	2
standard	2
stamp	2
stammered	2
spurned	2
spurious	2
sprung	2
spend	2
speed	2
speaks	2
sparkled	2
spaniel	2
sowing	2
sought	2
soothed	2
solitary	2
solicitous	2
solely	2
sole	2
solace	2
soft	2
small	2
slow	2
skill	2
size	2
six	2
sisters	2
sionally	2
sink	2
sing	2
simplicity	2
silence	2
signed	2
sighs	2
sigh	2
side	2
shot	2
shone	2
shoemaker	2
shock	2
shield	2
shed	2
sharp	2
shame	2
shadow	2
severely	2
seventeen	2
services	2
serious	2
serene	2
separation	2
separately	2
separate	2
sentences	2
senses	2
sensation	2
selling	2
sell	2
selfish	2
self-love	2
seeds	2
seduction	2
seducing	2
secondary	2
seclusion	2
seat	2
scrutinising	2
scruple	2
science	2
school	2
scenes	2
scale	2
saved	2
save	2
satisfaction	2
sanction	2
safety	2
safe	2
rushed	2
rush	2
rule	2
ruin	2
ruddy	2
row	2
rough	2
rotunda	2
rooted	2
rooms	2
rocks	2
robber	2
rob	2
riveted	2
rises	2
ringlets	2
rid	2
riches	2
rewarded	2
revulsion	2
revolutions	2
reveries	2
revenge	2
returning	2
retire	2
retains	2
retain	2
resumed	2
results	2
restored	2
restore	2
respects	2
respective	2
resistance	2
resigning	2
resignation	2
resentment	2
require	2
repugnant	2
reproach	2
replete	2
repelled	2
repeatedly	2
repast	2
repaired	2
repair	2
rent	2
renders	2
removed	2
remote	2
remembrance	2
remarked	2
relinquished	2
relieved	2
relief	2
relaxation	2
related	2
rejoicing	2
rejoiced	2
regulate	2
regions	2
regards	2
refusing	2
refuse	2
refreshment	2
refreshed	2
reformed	2
reflected	2
reflect	2
rector	2
recovering	2
recollecting	2
reciprocally	2
recall	2
rearing	2
realm	2
reality	2
reading	2
reader	2
rays	2
ratified	2
ranelagh	2
ran	2
rage	2
radley	2
race	2
quitting	2
quite	2
quillity	2
quarrel	2
pursuits	2
purchased	2
purchase	2
providing	2
protection	2
prosperity	2
propitious	2
proofs	2
pronounce	2
promote	2
prolong	2
profits	2
professions	2
productive	2
produces	2
produced	2
probe	2
private	2
previous	2
prevailed	2
pretty	2
pretension	2
pretend	2
pressing	2
preserving	2
precipitate	2
precipice	2
pre	2
practice	2
poured	2
posture	2
possessions	2
positively	2
polite	2
pointed	2
pockets	2
pocketbook	2
pocket	2
pliability	2
pleasantly	2
plea	2
plays	2
planted	2
picked	2
philosophical	2
philosophic	2
philomel	2
philanthropy	2
phantom	2
persuading	2
persuade	2
permit	2
permission	2
perfections	2
percivals	2
percivali	2
percivae	2
perceive	2
penetrating	2
pels	2
pedantry	2
pear	2
path	2
pasted	2
participated	2
parson	2
parish	2
parade	2
panded	2
palpitates	2
paints	2
paintings	2
pages	2
paces	2
pace	2
oxfordshire	2
owing	2
overwhelmed	2
overflowed	2
origin	2
ordered	2
opposed	2
opportunities	2
openly	2
opening	2
older	2
offered	2
odd	2
occasioned	2
occasional	2
obeyed	2
nutbrown	2
nuke	2
notes	2
noon	2
noblest	2
newmarket	2
nevertheless	2
nerves	2
ners	2
nephew	2
neglected	2
native	2
named	2
mv	2
murder	2
multitude	2
mourning	2
motion	2
mortify	2
mortification	2
morn	2
moralising	2
mor	2
moist	2
mob	2
mistresses	2
mistaken	2
mirth	2
mingles	2
milord	2
midst	2
merits	2
merited	2
mention	2
ment	2
meditation	2
measure	2
meant	2
maxims	2
matured	2
matrimony	2
masculine	2
maintained	2
maids	2
maid	2
magnificence	2
madness	2
mad	2
lustre	2
luck	2
loveliness	2
losing	2
loose	2
logically	2
living	2
literary	2
limits	2
limbs	2
lia	2
levelling	2
lence	2
leather	2
leases	2
learn	2
laying	2
laughed	2
larger	2
landed	2
land	2
lam	2
lakes	2
knee	2
kindly	2
key	2
kensington	2
keeps	2
justness	2
justly	2
justice	2
judicious	2
judge	2
ju	2
joseph	2
joining	2
join	2
jest	2
jealousy	2
it.is	2
irresistible	2
iny	2
involved	2
involuntarily	2
investigated	2
investigate	2
invading	2
introduction	2
intolerable	2
interruption	2
interests	2
intentions	2
intend	2
intelligible	2
intelligence	2
instruct	2
instantly	2
instant	2
inspection	2
insinuated	2
innocent	2
injury	2
ingenuousness	2
ing	2
informing	2
inform	2
infinitely	2
inevitable	2
indulged	2
inducement	2
induce	2
independence	2
incumbent	2
increased	2
increase	2
inconsistent	2
inconsistencies	2
inconsiderate	2
incompatible	2
inanimate	2
improving	2
improve	2
imprinted	2
impositions	2
importance	2
imply	2
impertinent	2
impertinences	2
impelled	2
impatient	2
impaired	2
imitate	2
imbecility	2
imagined	2
imaginations	2
illness	2
il	2
ihe	2
ideal	2
i'll	2
hypocrites	2
hut	2
hurried	2
hung	2
houses	2
hounslow	2
horror	2
hopes	2
history	2
hinted	2
hesitated	2
hence	2
helmsmen	2
heightening	2
heightened	2
heighten	2
heaviest	2
heavenly	2
heaved	2
hearing	2
healthy	2
health	2
haven	2
haste	2
harvest	2
hard	2
hanging	2
guards	2
guardian	2
grown	2
grieve	2
green	2
gratified	2
granted	2
gradually	2
government	2
golding	2
goddess	2
goddaughter	2
glorious	2
gives	2
gift	2
getting	2
gentlemen	2
gentle	2
generation	2
gathered	2
gates	2
gate	2
gambling	2
gambler	2
furnished	2
fun	2
fresh	2
frenchmen	2
freely	2
frederick	2
frank	2
france	2
fourth	2
fortunes	2
formality	2
foreseen	2
forehead	2
forbid	2
food	2
follies	2
fo	2
fly	2
flutter	2
flood	2
flew	2
flattering	2
flatter	2
fixing	2
firmness	2
fire	2
finds	2
filled	2
filial	2
fifty	2
fielding	2
fidelity	2
fiction	2
festivities	2
fervency	2
fercivau	2
fenses	2
feels	2
feasting	2
feast	2
fatigue	2
fast	2
fas	2
false	2
faithful	2
failed	2
faces	2
extreme	2
extravagance	2
extra	2
extenuation	2
exposing	2
explanation	2
expired	2
experience	2
expenses	2
expectation	2
expatiated	2
exists	2
execution	2
execute	2
excused	2
exclamation	2
excellence	2
examples	2
examine	2
examination	2
eulogium	2
eternity	2
eternal	2
estimate	2
established	2
establish	2
es	2
equality	2
equalise	2
entreat	2
englishmen	2
engaging	2
endured	2
endure	2
endowments	2
endeavours	2
encouragement	2
encounter	2
enable	2
en	2
emulate	2
eloquent	2
eleven	2
elevates	2
elegancies	2
elegance	2
eldest	2
eighteenth	2
effusion	2
effort	2
effable	2
educated	2
economy	2
eastern	2
earn	2
eagerness	2
dying	2
due	2
dryads	2
drop	2
driven	2
dresses	2
dressed	2
drawing	2
draughts	2
doubly	2
don	2
doing	2
dogmatism	2
dogmatic	2
doctrines	2
divorce	2
dive	2
distempered	2
distemper	2
distant	2
distance	2
dissimilar	2
dispose	2
dispersing	2
dispatching	2
dishonourable	2
dishonour	2
disgrace	2
discernment	2
dis	2
directly	2
direction	2
diminishing	2
differently	2
dieppe	2
devil	2
detected	2
detained	2
desultory	2
destructive	2
destruction	2
desperately	2
desist	2
desiring	2
desirable	2
deserves	2
description	2
describe	2
descending	2
descended	2
derstood	2
deprive	2
dependence	2
delights	2
delightfully	2
degrees	2
degraded	2
deficient	2
dedicated	2
declined	2
decided	2
decide	2
debate	2
dearest	2
dearer	2
daughters	2
darting	2
dark	2
cynthia	2
customary	2
curse	2
cure	2
cup	2
culture	2
cultivate	2
crying	2
cry	2
crown	2
crimsoned	2
created	2
coyness	2
coverlet	2
cover	2
courtship	2
countrymen	2
cottage	2
corrupt	2
cordon	2
coolly	2
convince	2
conveys	2
convey	2
conversing	2
contrived	2
continuing	2
contents	2
contented	2
content	2
consulted	2
construed	2
constitution	2
constant	2
consistent	2
consist	2
consequently	2
consented	2
conquest	2
connexions	2
connected	2
conjugal	2
congratulate	2
confusion	2
confide	2
confidant	2
conducted	2
concurred	2
conclusions	2
concerned	2
conceived	2
compliment	2
compliance	2
complete	2
compensate	2
committed	2
combine	2
colour	2
college	2
collect	2
cold	2
clifdon	2
clif	2
clear	2
class	2
clasped	2
church	2
cher	2
check	2
cheap	2
charm	2
charge	2
changed	2
century	2
censure	2
casual	2
cases	2
caro	2
carnation	2
carefully	2
careful	2
cared	2
captivated	2
capital	2
capacity	2
candid	2
can't	2
calumny	2
calmly	2
calls	2
calling	2
calculation	2
cabin	2
bustle	2
burst	2
brown	2
brow	2
bringing	2
bride	2
breach	2
brainless	2
bow	2
bore	2
books	2
boldly	2
boat	2
board	2
blushing	2
blow	2
bitter	2
bird	2
billet	2
beware	2
bevils	2
bevil.lodge	2
betrayed	2
bespeak	2
berkshire	2
bent	2
benevolent	2
benevo	2
belongs	2
belonged	2
behoves	2
behave	2
begins	2
begging	2
becomes	2
beautifying	2
beat	2
beasts	2
bearer	2
bare	2
banker	2
banishing	2
banished	2
bandeau	2
ball	2
bad	2
awkwardly	2
awakened	2
avoided	2
avarice	2
author	2
aurora	2
aught	2
attractions	2
attraction	2
attending	2
attainments	2
attainment	2
attachments	2
ately	2
assumes	2
assumed	2
assigned	2
aspirers	2
aspire	2
ashamed	2
ascribed	2
arrogance	2
arrangement	2
arguing	2
ardently	2
approves	2
approached	2
applications	2
appears	2
apparently	2
apollo	2
aphorisms	2
apartments	2
apart	2
anxious	2
anticipation	2
annual	2
animal	2
angry	2
angels	2
angelic	2
amount	2
amongst	2
ambitious	2
along	2
almighty	2
alarm	2
al	2
aimed	2
aim	2
aids	2
aided	2
aid	2
ages	2
agents	2
afternoon	2
affliction	2
affectionate	2
adversity	2
advantages	2
advancing	2
adorn	2
admitted	2
adjoining	2
actual	2
acted	2
acquaint	2
acknowledged	2
accurate	2
accumulating	2
accomplish	2
accompanies	2
abundance	2
abruptly	2
abode	2
\	2
[	2
<(	2
<	2
:,	2
.**	2
.'	2
*<	2
*(	2
'.	2
',	2
'**	2
"*	2
"'	2
►	1
■"	1
■	1
•very	1
•'in	1
»*	1
»	1
«.	1
¥	1
|arabicprice|	1
|arabic4digit|	1
zounds	1
zjo	1
zephyrs	1
zephyr	1
z$t	1
z	1
yv	1
youtself	1
youthfully	1
yous	1
your.beauty	1
youn	1
youi	1
yn	1
yit	1
yields	1
yesterday	1
yellow	1
xxxve	1
xxxin	1
xxvil	1
xxm	1
xvil	1
xiit	1
wrought	1
writers	1
writer	1
wring	1
wretchedness	1
wrcivali	1
wrath	1
wrangling	1
wow	1
wounds	1
wouldst	1
woul	1
wouid	1
worship	1
worse	1
worried	1
worm	1
worchy	1
wooed	1
woodstock	1
woodlark	1
wooded	1
wood	1
wonderful	1
wondered	1
won	1
woment	1
woers	1
wives	1
witnessed	1
withholding	1
withdrew	1
withdrawing	1
with'my	1
witchcraft	1
wipe	1
wins	1
winnings	1
winding	1
win	1
willing	1
willed	1
wiles	1
wig	1
widely	1
wide	1
wickedness	1
wickedly	1
wichcraft	1
whoever	1
whispers	1
whirlwind	1
whimsies	1
whim	1
whilst	1
whets	1
whethef	1
whereas	1
wheel	1
westward	1
wess	1
werfe	1
wels	1
well-meaning	1
welcome	1
weigh	1
week	1
wedged	1
weary	1
wearing	1
weariness	1
wearies	1
wear	1
weaken	1
we^were	1
ways	1
water	1
wateh	1
waste	1
wast	1
washing	1
was.anxious	1
was'di	1
was'a	1
warwickshire	1
warwick	1
warning	1
warned	1
warms	1
warmest	1
warmed	1
warj	1
ward	1
wanting	1
wanderer	1
walls	1
waking	1
waits	1
waited	1
waistcoat	1
waist	1
wager	1
wafer	1
wa	1
vwith	1
vulgar	1
vsibly	1
vourable	1
volatility	1
voices	1
vivacity	1
vivacious	1
vitiated	1
vitality	1
visions	1
virtually	1
virgin	1
vircues	1
violent	1
violence	1
villa	1
vigour	1
vigorous	1
vigilance	1
viewed	1
vie	1
victorious	1
victims	1
vicar	1
vibrated	1
vibrate	1
versition	1
verses	1
verrons	1
vernal	1
verging	1
verge	1
vere	1
verdure	1
ver	1
venus	1
venture	1
venial	1
veneration	1
vein	1
veils	1
veiled	1
vegetate	1
vegetable	1
veal	1
ve	1
vated	1
vate	1
vast	1
varying	1
variegated	1
variance	1
vanquished	1
vanityj	1
vangloise	1
vales	1
valerl	1
valerij	1
valeria	1
vagaries	1
vacuity	1
utters	1
utterly	1
utterance	1
utter	1
utility„	1
usury	1
usej	1
urging	1
urgent	1
upward	1
uprightness	1
uppermost	1
upper	1
upoa	1
upbraid	1
unworthiness	1
unworthily	1
unwary	1
unwarily	1
untutored	1
untinctured	1
untimely	1
untainted	1
unsuspecting	1
unsuitable	1
unsought	1
unselt	1
unseasonably	1
unproved	1
unpractised	1
unoccupied	1
unnoticed	1
unnecessarily	1
unmoved	1
unmoistened	1
unmeaning	1
unloosed	1
unlimitedj	1
unlimited	1
unlike	1
unless	1
unkindness	1
unjustly	1
unjust	1
unites	1
uninformed	1
unincumbered	1
unimportant	1
unhappyj	1
unhappiness	1
unhappily	1
ungrateful	1
unfortunate	1
unfortu	1
unfolded	1
unfettered	1
unfel	1
unexpectedly	1
unequivocally	1
unequivocal	1
undress	1
undistinguistiable	1
undisposed	1
undiministied	1
undertake	1
undermines	1
undecided	1
uncrossed	1
uncontaminated	1
unconscious	1
uncommonly	1
uncle	1
unchanged	1
uncertainty	1
unboundod	1
unbosomed	1
unbosom	1
unblemished	1
unbidden	1
unattainable	1
unalterable	1
unalloyed	1
unaided	1
uic9	1
tyrant	1
ty	1
twice	1
twentieth	1
twelvemonth	1
twelve	1
tutors	1
turnpike	1
turnof	1
turkey	1
turf	1
tures	1
ture	1
turbid	1
tumults	1
tumult	1
tuition	1
tubes	1
ttie	1
tth	1
tsf	1
ts	1
trusts	1
trusting	1
trustees	1
trustee	1
trumpeting	1
trumpet	1
truer	1
troubled	1
triumphed	1
triumphant	1
trip	1
trifling	1
trifles	1
trick	1
tribute	1
tribe	1
trembled	1
treatment	1
treasure	1
treason	1
tread	1
treach	1
traversed	1
travels	1
transports	1
transparent	1
transmit	1
transition	1
transforming	1
transfer	1
transcribe	1
transcendent	1
trans	1
tranquil	1
training	1
trade	1
trace	1
tow	1
tovice	1
toss	1
tortures	1
tortured	1
torture	1
tortune	1
torn	1
torments	1
torment	1
tore	1
tooxford	1
tongues	1
tonguej	1
tone	1
tome	1
tokens	1
token	1
toil	1
toie	1
today	1
to.the	1
tnan	1
tlj	1
tjfrcival	1
titles	1
tit	1
tinued	1
tints	1
timid	1
timbers	1
tif	1
tie	1
tide	1
tickled	1
tibullus	1
thyself	1
thusformed	1
thunderbolt	1
thtn	1
thrusting	1
thrum	1
thronged	1
throne	1
throat	1
thrill	1
threatened	1
thoughtlessly	1
thosr	1
thomas	1
thither	1
thisj	1
thinks	1
thine	1
thighs	1
thick	1
these.pages	1
thereby	1
therct	1
themusic	1
themselvesj	1
theme	1
thdt	1
thati	1
thanksgiving	1
th	1
tf	1
tests	1
terrestrial	1
termination	1
terminating	1
terest	1
tent.room	1
tendencies	1
tenants	1
temples	1
temper	1
teens	1
teemed	1
teaching	1
te	1
tavern	1
tasting	1
tasteful	1
tasted	1
tasks	1
taskj	1
taries	1
tare	1
tap	1
tand	1
tancy	1
tall	1
talent	1
tale	1
tainted	1
taint	1
taciturnity	1
t>f	1
s®metimcs.take	1
synonimous	1
symmetry	1
swooningsj	1
swim	1
swelling	1
swelled	1
sweets	1
sweetheart	1
sweetest	1
sways	1
swans	1
swains	1
swain	1
suspicious	1
suspended	1
suspend	1
susceptibility	1
susan	1
survived	1
surveyed	1
survey	1
surrounding	1
surrender	1
surpassed	1
surface	1
supposing	1
supposed	1
supporters	1
supplied	1
supplicating	1
supplicate	1
supersedes	1
superiors	1
superiorityj	1
superintend	1
superfluous	1
superflu	1
superficial	1
superb	1
superadding	1
summit	1
summerhouse	1
sulkily	1
suited	1
suicide	1
suffusion	1
suffrage	1
sufficiency	1
sufferings	1
suchf	1
successors	1
successive	1
successfully	1
successes	1
substitute	1
subsided	1
subside	1
subservient	1
subordination	1
submir	1
sublu	1
sublimed	1
subdued	1
subdue	1
stupe	1
stung	1
stuffed	1
studious	1
student	1
struggles	1
structure	1
strongest	1
stronger	1
striving	1
strip	1
strike	1
strictly	1
strict	1
strewed	1
stretching	1
strengthened	1
strengthen	1
streets	1
streaks	1
strained	1
straban	1
stormpnt	1
stored	1
store	1
stoop	1
stolen	1
stocktonj	1
stnst	1
stiun	1
stituted	1
stiould	1
stings	1
sting	1
stilts	1
stifling	1
stifle	1
stiefirst	1
stie	1
stickler	1
stick	1
stewards	1
stern	1
stem	1
stein	1
steele	1
staying	1
staves	1
statue	1
stating	1
states	1
starved	1
stands	1
stances	1
stale	1
stairs	1
stain	1
ssiould	1
springj	1
springing	1
spreading	1
sprang	1
sporting	1
sport	1
spontaneously	1
spoken	1
spoil	1
splendour	1
splendid	1
spiriti	1
spire	1
spice	1
sphere	1
spends	1
spelling	1
speedy	1
speeds	1
specimens	1
specimen	1
specific	1
sparkling	1
sparkle	1
spake	1
sown	1
sources	1
sour	1
sounds	1
sounding	1
soulhad	1
sort	1
sorrows	1
sores	1
sorely	1
sor	1
sopha	1
soothing	1
soothes	1
soothe	1
soot	1
somewhere	1
somebody	1
sols	1
solicitude	1
solicit	1
soil	1
softness	1
softens	1
sod	1
sober	1
sob	1
sneers	1
sneer	1
sne	1
snatch	1
snares	1
smother	1
sluggishness	1
slowly	1
slope	1
slipped	1
slipepd	1
slip	1
slights	1
slight	1
slieltered	1
slie	1
sliarpness	1
slept	1
slender	1
sleepy	1
sleeping	1
sleek	1
slave	1
slander	1
slab	1
sky	1
skirting	1
skilful	1
sketches	1
sketched	1
sixty	1
sixpence	1
sitter	1
singularly	1
singularity	1
singly	1
single	1
singingj	1
singing	1
sinceiity	1
silver	1
silken	1
sightedj	1
sickness	1
sick	1
sich	1
si	1
shut	1
shuddered	1
shrine	1
shown	1
shower	1
shoulder	1
shortest	1
shore	1
shoot	1
shook	1
shoals	1
ships	1
shine	1
shilling	1
sheet	1
sharpen	1
sharing	1
shared	1
shall'get	1
shakespeare	1
shake	1
shady	1
shades	1
shade	1
shabby	1
severe	1
seven	1
settling	1
setting	1
servile	1
servant	1
serpentines	1
serpentine	1
sermon	1
seriously	1
sered	1
sequei	1
september	1
separating	1
separates	1
sentinels	1
sentinel	1
senti	1
sentence	1
sented	1
sends	1
sending	1
semble	1
self.interest	1
self-possession	1
selectest	1
seize	1
sees	1
seemingly	1
seedtime	1
sedulous	1
seductive	1
seduces	1
seducer	1
seduced	1
security	1
securely	1
secrets	1
secrecy	1
seconded	1
seating	1
seated	1
seasonable	1
sealing	1
sculptor	1
screen	1
screamed	1
scr	1
scoundrel	1
scorn	1
scormont	1
score	1
scoffing	1
sch	1
scat	1
scarce	1
scandal	1
sbme	1
saving	1
satisfy	1
sarah	1
salute	1
salts	1
sallies	1
salamanca	1
sainting	1
sails	1
sailed	1
sail	1
sage	1
sacrificed	1
rustic	1
rushing	1
rural	1
rupturej	1
runs	1
rung	1
ruling	1
ruled	1
ruied	1
rugged	1
ruffled	1
ruby	1
rrot	1
rr.y	1
royal	1
rows	1
rouses	1
rouse	1
rotundity	1
rosy	1
rose	1
rongue	1
romances	1
roman	1
rolls	1
roll	1
rogue	1
rock	1
robs	1
robe	1
robbery	1
robberies	1
robbed	1
roan	1
rjit	1
rivet	1
rivalry	1
rited	1
rising	1
risen	1
ripening	1
ripen	1
rious	1
ring	1
riling	1
rigidly	1
riding	1
ride	1
richard	1
rhymes	1
revising	1
reverse	1
reverie	1
returns	1
retuined	1
retrospeet	1
retrieved	1
retrieve	1
retrenchment	1
retreats	1
retreat	1
retrace	1
retirement	1
resuming	1
resume	1
resuk	1
rests	1
restraint	1
restrained	1
restrain	1
restoration	1
respected	1
respectable	1
resources	1
resolvedi	1
resolutions	1
resolution	1
resolute	1
resist	1
resign	1
residue	1
resides	1
resided	1
reside	1
reserved	1
resent	1
resemblance	1
researches	1
rer	1
requisites	1
required	1
requesting	1
republic	1
repre	1
reposed	1
reported	1
repeating	1
repaying	1
repay	1
repairing	1
repaid	1
renovation	1
renounce	1
renewing	1
renewed	1
renewal	1
removing	1
removes	1
remit	1
reminded	1
remind	1
remembers	1
remembered	1
remem	1
remedy	1
remedies	1
remarkably	1
remarkable	1
rely	1
reluctance	1
relinquishing	1
relinquish	1
religious	1
relieving	1
reli/h	1
release	1
relative	1
relate	1
relapsed	1
relapse	1
rejoined	1
rejected	1
reject	1
reinstated	1
reins	1
rein	1
reigns	1
reigned	1
reign	1
regulation	1
regulating	1
regularly	1
regular	1
reflex	1
reflehions	1
reflecting	1
refinements	1
referring	1
refer	1
reel	1
reduces	1
reduced	1
reddening	1
reddened	1
rectitude	1
rectify	1
rected	1
recourse	1
reconcile	1
recommended	1
recollection	1
reclaim	1
recited	1
reciprocity	1
reciprocal	1
recesses	1
recess	1
recalling	1
rebel	1
reasoned	1
reared	1
reap	1
realty	1
realised	1
realise	1
readiness	1
readiest	1
readers	1
reaching	1
ration	1
ratiocination	1
ratify	1
ratifies	1
rare	1
rapturous	1
rapidly	1
ranks	1
rankles	1
range	1
rame	1
rambles	1
rally	1
rallied	1
rags	1
radiance	1
ra	1
quoth	1
quitted	1
quit	1
quiet	1
quickly	1
quickened	1
questioned	1
quest	1
ques	1
quence	1
quarter	1
quantity	1
qualified	1
quaff	1
p£rcival	1
pursuing	1
pursued	1
pursue	1
purposely	1
purling	1
purer	1
published	1
publications	1
psssess	1
psrcivajl.1	1
prudent	1
pru	1
proximity	1
provision	1
proving	1
province	1
proudly	1
protract	1
protect	1
prospects	1
propriety	1
propound	1
propositions	1
proposing	1
proportioned	1
proportionate	1
proportion	1
prophetic	1
propagate	1
propa	1
pronouncing	1
prompted	1
prompt	1
promoc	1
promising	1
promiscuous	1
prolongation	1
projeel	1
projects	1
profusion	1
profoundly	1
profound'repose	1
profound	1
profligate	1
profitable	1
profession	1
professing	1
professed	1
producing	1
prodigious	1
prodigality	1
procure	1
procrastination	1
proceeds	1
probation	1
probably	1
probability	1
prize	1
privy	1
privately	1
prison	1
prisciples	1
printws	1
prints	1
printed	1
previousiy	1
prevalent	1
prevalence	1
prevail	1
pretending	1
pretender	1
pretended	1
presumption	1
presume	1
pressures	1
presses	1
press	1
preserver	1
preserved	1
preservation	1
presents	1
prepossessions	1
prepossession	1
preparation	1
premeditated	1
premature	1
prelude	1
prejudicial	1
prejudice	1
prejudical	1
prefix	1
preface	1
predilection	1
prediction	1
preconcerted	1
preconc^gfed^	1
precisely	1
precipu	1
precipitation	1
precious	1
preciie	1
precepts	1
preceding	1
preached	1
preach	1
prayed	1
prank	1
practised	1
powic	1
powerful	1
pound	1
potations	1
postponed	1
postpone	1
posterity	1
postboy	1
post-chaise	1
possibility	1
possessor	1
possesses	1
positive	1
positions	1
pose	1
pos	1
portions	1
porter	1
populous	1
politicians	1
political	1
polist	1
polisher	1
polished	1
polish	1
poisoned	1
poignant	1
poets	1
pocketj	1
pne	1
plurality	1
plunging	1
plumes	1
pliancy	1
pledge	1
pleasingly	1
pleasantest	1
pleading	1
plead	1
playful	1
plausible	1
planets	1
plain	1
placid	1
pjgrcival	1
pitied	1
pircrvatr	1
pircivau	1
piness	1
pineapples	1
pin	1
pilot	1
piety	1
pierced	1
pieces	1
piece	1
pictured	1
pick	1
pi	1
physician	1
physic	1
phrases	1
phrase	1
philosophised	1
philo	1
phantoms	1
peter	1
pests	1
pestilence	1
pestiferous	1
pervading	1
pervaded	1
perusing	1
peruse	1
peruivae	1
perturbed	1
personified	1
personifications	1
personally	1
personages	1
perplexity	1
perpetually	1
permitted	1
perishing	1
periods	1
perform	1
percxvat	1
percsval..1	1
percivatv	1
percivat^	1
percivat*	1
percivaj	1
percivai	1
percivac	1
perceptions	1
percent	1
perc1vau	1
per*civafc*	1
penetration	1
penetrate	1
pencil	1
pekcivaw	1
pekcivat	1
peh.cival	1
pegasus	1
pegafean	1
pefccival	1
pefccivai	1
peers	1
peeping	1
peeped	1
pedro	1
pedants	1
pedantic	1
pedant	1
pecuniary	1
peculiarly	1
pebbles	1
pcrcivau	1
pcr	1
pbrcivat*	1
pbrcival*	1
pbrcival	1
paying	1
patron	1
patient	1
pathos	1
pastures	1
pasting	1
pasteboard	1
passports	1
passionately	1
passionate	1
passi	1
pas	1
partner	1
parties	1
parted	1
parley	1
parlbn	1
parisian	1
paria	1
parental	1
pardoned	1
pardonable	1
paramour	1
paradoxes	1
panted	1
pangs	1
pang	1
paltry	1
palpitated	1
palpable	1
palm	1
palliation	1
palliating	1
pale	1
palaces	1
pajston	1
pajpngers	1
pains	1
pained	1
packets	1
pacing	1
pa	1
p^rcival	1
p'ercivaci	1
owned	1
owed	1
ovid	1
overvalue	1
overthrow	1
overstiot	1
overshoot	1
overset	1
overrighteous	1
overleap	1
overjoyed	1
overheard	1
overgains	1
overflowings	1
overcoming	1
overcharging	1
outweigh	1
outward	1
outset	1
outrages	1
outragej	1
ourhearts	1
ot	1
ornamented	1
originate	1
originally	1
ordinary	1
orders	1
orb	1
optics	1
oppressed	1
opposite	1
opium	1
operations	1
opacity	1
onlyt	1
omission	1
ome	1
old-fashioned	1
oi	1
ofthatsort	1
oftea	1
oflove	1
offspring	1
offices	1
offers	1
offender	1
offended	1
offence	1
oddities	1
ocean	1
occur	1
occupy	1
occupation	1
occasionally	1
occa	1
oc	1
obvious	1
obtaining	1
obtained	1
obtain	1
obstructs	1
obstruct	1
obstacle	1
observing	1
oblivion	1
obliquity	1
obliging	1
obliges	1
oblige	1
obligations	1
objection	1
obedient	1
oaf	1
nymph	1
nut	1
nurses	1
nuptials	1
nuptial	1
numberj	1
nugent	1
nt	1
nowj	1
novice	1
novelists	1
noveky	1
nous	1
notwithstanding	1
notr	1
notes.i	1
not.entitled	1
nose	1
northern	1
northeast	1
normandy	1
nonsense	1
none	1
nodded	1
nobly	1
nobler	1
nobility	1
ning	1
nights	1
nightingale	1
niggard	1
niece	1
nicest	1
nice	1
never.cloying	1
nesi	1
nerality	1
neighbour	1
neglect	1
neg	1
nefs	1
needless	1
needed	1
necessarily	1
neat	1
nearest	1
ncn	1
naturcj	1
nattne	1
national	1
nately	1
natal	1
nary	1
nart	1
narrow	1
narrative	1
nape	1
nance	1
names	1
nae	1
n.eans	1
myielf	1
muster	1
muslin	1
muses	1
murmur	1
mulberry	1
muiic	1
ms	1
mrss^coverley	1
mrs.»bevil	1
mrci.val	1
move	1
mount	1
moult	1
moulder	1
motive	1
motionless	1
mothers	1
mortifying	1
mortified	1
mortality	1
morej	1
morbid	1
morally	1
moralist	1
moralises	1
monster	1
monseigneur	1
moneylender	1
mon	1
momentary	1
modes	1
modern	1
moderation	1
model	1
mock	1
mm	1
mixing	1
mistook	1
misted	1
mistakes	1
misscoverley	1
misled	1
misguided	1
miseryj	1
miser	1
mise	1
mischievous	1
mis	1
mirrors	1
mirror	1
minuter	1
minutely	1
minute	1
minors	1
minority	1
mingling	1
mingle	1
miner	1
mindj	1
minded	1
min	1
milordj	1
million	1
mill	1
mildest	1
miith	1
middle	1
michaelmis	1
mi	1
mfss	1
mewing	1
metropolis	1
metamorphose	1
metal	1
mercy	1
mentj	1
meminijse	1
mellow	1
melancholy	1
mej	1
meets	1
medium	1
meditated	1
mechanics	1
meandering	1
meadows	1
maze	1
mayjou	1
maxim	1
matures	1
maturer	1
maternal	1
materially	1
matchmaking	1
matched	1
masts	1
masses	1
mass	1
masquerade	1
maslc	1
marks	1
mariner	1
margins	1
mansions	1
manly	1
manifests	1
manifestly	1
manifesting	1
manifested	1
mania	1
manhood	1
management	1
managed	1
manage	1
mall	1
malignity	1
malady	1
maker	1
majors	1
majesty	1
maintain	1
mail	1
magnifies	1
magnetised	1
magnanimity	1
maf	1
maciva1	1
lying	1
luxuries	1
lurking	1
lurk	1
lumined	1
luminary	1
lulls	1
lull	1
ludicrous	1
lsrjm	1
low	1
loving	1
lovey	1
loverj	1
loveliest	1
love'at	1
lots	1
losses	1
lorger	1
lords	1
loosened	1
loosely	1
looked.at	1
longing	1
longest	1
longed	1
loir	1
logical	1
loftiness	1
lodged	1
loan	1
livings	1
litter	1
literature	1
litchfield	1
lit	1
listen	1
lisea	1
lip	1
lingered	1
limpid	1
liking	1
liked	1
lightest	1
lighten	1
lighc	1
lies	1
licentiousness	1
licentious	1
licentiate	1
liberalities	1
liable	1
levity	1
leto	1
lessons	1
les	1
lenses	1
lengths	1
lending	1
lected	1
leaves	1
learns	1
le	1
ldo	1
lazy	1
lawyers	1
lawsi	1
lawri	1
lawer	1
lavt	1
laurels	1
laughing	1
latitudes	1
lation	1
latent	1
latelordsenoake	1
lasted	1
largely	1
lar	1
landscapes	1
landscape	1
lads	1
lacerated	1
labours	1
labouring	1
labour	1
laborious	1
l8j	1
l6v	1
ks	1
krctval	1
know?"repeated	1
knife	1
kissing	1
kingdoms	1
king	1
kindred	1
kindle	1
kim	1
kekcivax	1
kecap)^	1
kalends	1
justifying	1
justify	1
jury	1
julial	1
julia^the	1
julia^j	1
judgments	1
judging	1
judges	1
judged	1
jto	1
jtmilar	1
joyous	1
journeyman	1
jou	1
jointure	1
johnson	1
jlightly	1
jips	1
jio	1
jin	1
jhy	1
jews	1
jence	1
jellies	1
jee	1
jealous	1
je	1
jaunt	1
jarows	1
jargon	1
iyllogism	1
iun	1
itj	1
it.rcttae	1
issue	1
israelite	1
ispahan	1
island	1
irritability	1
irretrievably	1
irreligion	1
irregular	1
iri	1
ire	1
ir.st	1
ir	1
iq	1
iprightliness	1
ipeaking	1
ip	1
io	1
inwardly	1
involving	1
invited	1
invisible	1
investigation	1
investigating	1
inveighs	1
invaluable	1
inu	1
intrusion	1
introducing	1
introduce	1
intriguing	1
intricacyj	1
intoxicationj	1
intoxication	1
intimate	1
interrupting	1
interrupt	1
interpositions	1
interposition	1
intermix	1
interior	1
interfered	1
interchanged	1
interchange	1
intentionally	1
intending	1
integrity	1
intailed	1
insured	1
insufferable	1
instruction	1
instinctively	1
instilling	1
insisting	1
insipidity	1
insipid	1
insidious	1
inside	1
insensible	1
inscribed	1
inscribe	1
innumer	1
innate	1
inn	1
inmates	1
inmate	1
inlaw	1
injustice	1
injurious	1
injuring	1
injures	1
injure	1
injunction	1
initials	1
iniquitous	1
inimitable	1
ini	1
inheritors	1
inherent	1
inhabitants	1
inhabit	1
inh<	1
ingratitude	1
ingenuous	1
ingenuity	1
ingenious	1
infusing	1
infringe	1
information	1
infirmity	1
inferred	1
inferior	1
inference	1
infected	1
infancy	1
infamy	1
inevitably	1
inestimable	1
inequality	1
ineffable	1
inebriates	1
industrious	1
indulgentj	1
indulgence	1
individual	1
indisposition	1
indispensable	1
indiscriminate	1
indignities	1
indifferently	1
indifferent	1
indifference	1
indelicate	1
indelicacy	1
indelibly	1
incurred	1
increasing	1
inconvenience	1
inconclusive	1
incomprehensible	1
included	1
inclining	1
inclines	1
incline	1
inclinations	1
inclination	1
incivilities	1
incites	1
incitement	1
incessant	1
incentives	1
incaution	1
incapable	1
inc	1
inbe	1
inadequate	1
inaction	1
impute	1
imputation	1
improvidently	1
improves	1
improvements	1
improper	1
improbable	1
impressing	1
impressed	1
impress	1
impolicy	1
implicates	1
impious	1
imperiously	1
imperious	1
imperceptibly	1
impenetrable	1
impels	1
impatiences	1
impatience	1
impassioned	1
imparts	1
imparting	1
immoveably.fixed	1
immoveable	1
immortality	1
immortal	1
immoral	1
immense	1
immedi	1
immature	1
immaterial	1
imitating	1
imitated	1
imaginci	1
imagina	1
imagi	1
image	1
ima	1
illiterate	1
illiberal	1
illegal	1
ill-used	1
iio	1
iib	1
ihuts	1
ihook	1
ih	1
igue	1
ignominious	1
ietter	1
iept	1
idle	1
idiotism	1
ic	1
ib	1
iand	1
i^shall	1
i2j	1
i/g	1
i*advance	1
hustled	1
husbandman	1
hurt	1
hunter	1
hungry	1
humbled	1
humanity	1
hu	1
hr	1
hover	1
housekeeper	1
host	1
horrors	1
horrid	1
hoping	1
hopeless	1
hoped	1
hope.of	1
honourably	1
homeward	1
homage	1
hoj	1
ho	1
hnhdreds	1
hit/hand	1
hit/band	1
hired	1
himselfj	1
hills	1
hill	1
hiding	1
hideouf	1
hia	1
hesitation	1
hesitate	1
heroism	1
herkbrother	1
henriette	1
henceforth	1
hemisphere	1
helm	1
hell	1
heir	1
heightens	1
height	1
heiej	1
heeling	1
hedges	1
heath	1
heated	1
heat	1
heartj	1
heartfelt	1
hears	1
heaping	1
headsong	1
he.trt	1
he.perhaps	1
hatred	1
hastening	1
hastened	1
hast	1
harsh	1
hardened	1
harbour	1
harbinger	1
harassed	1
happingss	1
happier	1
happens	1
happen	1
handy.works	1
handwriting	1
handsj	1
hamadryads	1
halter	1
halfway	1
hairdresser	1
hadvever	1
h#fre	1
gupid	1
gulfs	1
guineas	1
guinea	1
guider	1
guide	1
guidance	1
guest	1
guess	1
guarding	1
guardians	1
guarded	1
grttitude	1
groves	1
grove	1
groups	1
grotto	1
grotesque	1
gross	1
groans	1
griefs	1
greys	1
grey	1
grew	1
greatly	1
grave	1
gratitude	1
gratifications	1
gratifi	1
grate	1
grape	1
grandfather	1
grand	1
grains	1
gradual	1
gradation	1
graces	1
graced	1
goods	1
good-humour	1
goocl	1
golden	1
goes	1
godship	1
gods	1
goddesses	1
god.fend	1
glowing	1
glo<	1
glimpse	1
glass	1
glances	1
gladden	1
glad	1
givæ	1
giving	1
girls	1
girlj	1
gilding	1
gilded	1
giddy	1
gi	1
germany	1
german	1
genteel	1
geniuses	1
generous	1
generic	1
generals	1
gene	1
gem	1
ge	1
gazing	1
gazed	1
gaze	1
gardeners	1
gantlet	1
gamester	1
gallic	1
gallantry	1
gallantries	1
gall	1
futurity	1
fuse	1
further	1
furious	1
fur	1
funeral	1
fullness	1
fulfilled	1
fuel	1
fthe	1
ft	1
fruitless	1
fruit	1
frothiness	1
frost	1
front	1
frivolous	1
frittered	1
fringing	1
fries	1
friendsin	1
friendships	1
friendly	1
friendj	1
frequented	1
frequency	1
freeing	1
fraught	1
frankness	1
franchises	1
framed	1
fourteen	1
fountain	1
foundj	1
foundations	1
foul	1
forwarded	1
forty	1
fortunately	1
fortnight	1
fortify	1
fortified	1
forsaken	1
forms	1
formation	1
formalities	1
formal	1
forgottenj	1
forgetful	1
forfeiture	1
forewarning	1
forest	1
foreseeing	1
foresaw	1
foreign	1
forcing	1
forced	1
fops	1
fopperies	1
footstep	1
fooeman	1
font	1
fondly	1
follow	1
foliage	1
folded	1
fol	1
foibles	1
foe	1
fnc	1
flurry	1
fluently	1
fluent	1
flows	1
flowery	1
flowers	1
flowed	1
floor	1
floating	1
float	1
flight	1
flies	1
fled	1
flattered	1
flaps	1
flapped	1
flames	1
fixes	1
fitted	1
firm	1
fircival	1
fiope	1
fingered	1
finer	1
finely	1
findingj	1
fimong	1
fills	1
fiiial	1
field	1
ficult	1
fictitious	1
fickle	1
fibre	1
fiaustless	1
fever	1
fettled	1
fetters	1
festivity	1
ferment	1
fercivæt*	1
fercivat*	1
fercivat	1
fercivalr	1
fercival*	1
ferc1vab*	1
feminine	1
feli	1
fek	1
feet	1
feeding	1
feasted	1
fearing	1
fearful	1
feacs	1
fcould	1
fays	1
fay	1
favouring	1
favoured	1
fathomed	1
father-in-law	1
fatal	1
fasti	1
fashionable	1
fascination	1
fascinates	1
farthing	1
farmhouses	1
farmer	1
farm	1
fanned	1
fancied	1
familiarly	1
familiarity	1
faltered	1
falls	1
fallow	1
faithless	1
faithfully	1
fairy	1
fairly	1
fainttd	1
faintly	1
fainting	1
faint	1
fails	1
failing	1
fades	1
faculty	1
fabulous	1
fable	1
f.ulogium	1
eyesj	1
eyed	1
extremity	1
extracts	1
extol	1
extinguistiing.spirit	1
extinguished	1
extinguish	1
external	1
exterior	1
extensive	1
extended	1
extend	1
expressive	1
expresses	1
expostulate	1
exposed	1
explicit	1
expiration	1
expiation	1
experimentally	1
experiment	1
expense	1
expeditious	1
expecting	1
exorcised	1
existing	1
exhilarates	1
exertions	1
exertion	1
exercise	1
executed	1
excusable	1
excursions	1
excluded	1
exclude	1
exclaiming	1
exciting	1
excesses	1
excellent	1
exceedingly	1
exceeding	1
exact	1
evinces	1
evinced	1
evil	1
evidently	1
evident	1
evidence	1
ever„	1
everywhere	1
et	1
estimable	1
esteemed	1
establishment	1
esta	1
essences	1
escapej	1
ery	1
erc.ivaey	1
equivocation	1
equipage	1
equalled	1
epistle	1
eor	1
envious	1
enviable	1
envelopes	1
entreating	1
entreated	1
entitle	1
entire	1
entertaining	1
entertained	1
entertain	1
entering	1
entailed	1
ensure	1
ensue	1
ensnares	1
enraptured	1
enjoys	1
enjoying	1
enjoins	1
engrossing	1
engraved	1
englisti	1
engines	1
engages	1
engage	1
enforcing	1
enfolded	1
enfeebles	1
energy	1
energetic	1
enemy	1
endymion	1
enduring	1
ends	1
endless	1
ending	1
ended	1
endearments	1
endangering	1
endanger	1
encouraging	1
encourage	1
enchantress	1
enchantment	1
enchanted	1
enchant	1
enables	1
enabled	1
emulated	1
employment	1
employer	1
employ	1
empire	1
emotiods	1
eminent	1
eminence	1
embrute	1
embraces	1
embody	1
emblem	1
embarrassmentj	1
emanations	1
emanation	1
em	1
eloquently	1
elocution	1
elm	1
elfins	1
electric	1
election	1
ele	1
elderly	1
elation	1
elapsed	1
elapse	1
ejaculation	1
eight	1
eggs	1
efficient	1
effervescence	1
effeilt	1
effected	1
effaced	1
edwards	1
edition	1
eclipsed	1
eating	1
east	1
easier	1
earthly	1
earnings	1
earlier	1
dwelling	1
dwell	1
dust	1
dupli	1
dupe	1
dull	1
duberleyj	1
dubcrley	1
dtstitute	1
drury-lane	1
drowsy	1
dropped	1
driver	1
drive	1
drinking	1
drink	1
dressing	1
dreaming	1
dreading	1
dreaded	1
dread	1
draws	1
drawest	1
drawback	1
drank	1
dozen	1
dowry	1
dower	1
doubts	1
doting	1
dose	1
dormant	1
dom	1
dog	1
docile	1
dlgby	1
divulge	1
divini	1
divinely	1
divined	1
divided	1
divide	1
divest	1
diverted	1
disturbing	1
disturbed	1
distresses	1
distraction	1
distinguishing	1
distinction	1
distill	1
dissuading	1
dissipation	1
dissimilarity	1
dissimilarities	1
disproportion	1
disposer	1
dispense	1
dispels	1
dispatch	1
disparages	1
disparagement	1
disordered	1
dismissed	1
disinterestedly	1
dishonourer	1
disguised	1
disgraceful	1
disengaged	1
disengage	1
disencumbered	1
disencumber	1
disease	1
discussion	1
discussed	1
discuss	1
discriminating	1
discriminated	1
discriminate	1
discoveries	1
discourses	1
discouragement	1
discontented	1
discontent	1
disconcerted	1
discharges	1
discharged	1
discernible	1
discard	1
disc	1
disapprobation	1
disappointments	1
disappoint	1
disagreeable	1
dirty	1
directs	1
directions	1
dioby	1
dioay	1
dining	1
din	1
diminution	1
diminishes	1
diminish	1
diminiln	1
dignify	1
digev	1
digested	1
diffused	1
differed	1
diet	1
diction	1
dictated	1
dicbv	1
diamond	1
dialogues	1
dial	1
diabolical	1
di	1
devotion	1
devoting	1
devotee	1
devolved	1
deviation	1
develop	1
detestation	1
detestable	1
determination	1
detention	1
deteeted	1
detecting	1
detect	1
detaining	1
destroys	1
destiny	1
destined	1
despondence	1
despised	1
desperate	1
despaired	1
deservings	1
deserving	1
deserved	1
desertion	1
desert	1
descriptions	1
describing	1
descend	1
descanting	1
dertake	1
derived	1
dered	1
deranged	1
depriving	1
deprived	1
depression	1
depressed	1
depra	1
depositing	1
deplorable	1
depending	1
departing	1
depar	1
dent	1
denial	1
dence	1
den	1
demonstrations	1
demon	1
democrat	1
demands	1
deluded	1
delirious	1
deliberately	1
deliberated	1
deliberate	1
delayed	1
defy	1
defraying	1
definition	1
defining	1
defied	1
deficiency	1
deficiencies	1
deficiences	1
defer	1
defended	1
defence	1
deep.rooted	1
deemed	1
deem	1
deed	1
deductions	1
decoyed	1
decorated	1
declares	1
decla	1
deck	1
decision	1
deciding	1
deceived	1
deceitful	1
debt	1
debating	1
debated	1
dearly	1
deadens	1
dead	1
dcred	1
dbar	1
dazzled	1
darted	1
darlings	1
darling	1
dared	1
dangers	1
danced	1
damsels	1
damri'd	1
damned	1
damnably	1
dallas	1
daily	1
custom	1
cushions	1
curtain	1
cursed	1
curiosity	1
cured	1
curb	1
culprit	1
cuki	1
cu	1
crutoire	1
crust	1
crushed	1
crowding	1
crowded	1
crossed	1
cross	1
criticism	1
criterions	1
criminal	1
cribed	1
crept	1
credible	1
creatorj	1
creator	1
creation	1
create	1
creases	1
crea	1
cowardice	1
covet	1
covers	1
covering	1
covered	1
covent	1
courted	1
court	1
courser	1
courageous	1
couple	1
counterfeit	1
counteracted	1
countenances	1
counte	1
counsellors	1
counsel	1
couldst	1
corruptions	1
corrode	1
corroborate	1
corresponding	1
correspond	1
corrects	1
corpulency	1
corner	1
corn	1
cords	1
cordially	1
cordial	1
cooling	1
cool	1
cooked	1
conviviality	1
convincing	1
convinces	1
convincedof	1
conveying	1
conversion	1
conversed	1
converse	1
converatinn	1
conveniences	1
controlled	1
contriver	1
contributed	1
contribute	1
contrasted	1
contour	1
continuation	1
continuance	1
continually	1
continual	1
contingencies	1
contenting	1
contended	1
contend	1
contemplative	1
contemplation	1
contemplated	1
contemplate	1
consummate	1
consulting	1
constrained	1
constituted	1
constellations	1
conspired	1
conspicuous	1
consonant	1
consols	1
consolidate	1
conso'atory	1
consisting	1
consigned	1
considering	1
considerablej	1
consi	1
consequent	1
consenting	1
consecrated	1
consecrate	1
conscientiously	1
conscience	1
consc	1
connexion	1
congratulation	1
congratulated	1
confusionj	1
confused	1
confounded	1
confound	1
conformity	1
conformation	1
confirmed	1
confirmation	1
confirm	1
confines	1
confined	1
confiding	1
confider	1
confidences	1
confidants	1
confession	1
confessed	1
confers	1
conference	1
confer	1
confederacy	1
condutl	1
conducive	1
conduce.to	1
conduce	1
condemned	1
condemna	1
condemn	1
concurrence	1
concomitants	1
conclude	1
conciliation	1
conciliates	1
conciliate	1
concessions	1
concerting	1
concerns	1
conception	1
concentered	1
conceals	1
concealment	1
concealing	1
concealed	1
computed	1
comprehend	1
compound	1
component	1
comply	1
complied	1
compliancej	1
complexion	1
completes	1
complaisance	1
complains	1
complain	1
compensation	1
compensated	1
comparison	1
compa	1
community	1
communicate	1
commoners	1
commission	1
commendable	1
commenced	1
comme	1
commanding	1
commanded	1
comforted	1
combining	1
combinations	1
combination	1
combating	1
combat	1
colouring	1
coloured	1
collecting	1
coldly	1
coincidence	1
coil	1
coffeehouse	1
cockades	1
coast	1
co	1
cloujs	1
clothed	1
clined/	1
climates	1
climate	1
clifdcn	1
clergyman	1
clemency	1
cleft	1
classes	1
classed	1
clashes	1
claims	1
civil	1
cival	1
city	1
cite	1
circumstantial	1
circumference	1
circum	1
circulation	1
circling	1
cinyras	1
cinetion	1
christianity	1
christening	1
chosen	1
chords	1
chopsione	1
choked	1
chin	1
chimney	1
chiles	1
childrenj	1
chevalirr	1
cherub	1
cherished	1
cheerfulness	1
cheerful	1
cheered	1
checked	1
chatting	1
chat	1
chaste	1
chased	1
charity	1
charac	1
channels	1
channelled	1
changing	1
chalance	1
chaises	1
chair	1
chained	1
chaia	1
ceptible	1
cen	1
cell	1
celebrated	1
ceived	1
ceiity	1
ceaseless	1
ceased	1
cdne	1
cautiously	1
cautious	1
cation	1
catching	1
casts	1
castles	1
casting	1
casier	1
carrying	1
carry	1
carries	1
carree	1
cares	1
cardinal	1
capricious	1
caprices	1
caprice	1
calmness	1
called.in	1
calendars	1
calculating	1
calamanco	1
cafes	1
cafej	1
cadence	1
cabinet	1
cabined	1
c6verley„	1
byloucinels	1
bydangerousprecipices	1
butler	1
busi	1
burnham	1
burn	1
burke	1
burdensome	1
bundles	1
built	1
buildings	1
building	1
build	1
buckles	1
buckingham	1
btnne	1
brutality	1
brunette	1
brothers	1
broached	1
brighty	1
brightness	1
brightexample	1
brighter	1
briers	1
bridegroom	1
breeches	1
breathed	1
breath	1
breasts	1
breaks	1
breaking	1
bread	1
bravo	1
bravery	1
brakes	1
br	1
boys	1
bowl	1
bower	1
bounds	1
boundless	1
bounded	1
boundary	1
boulevards	1
bouihe	1
bothj	1
bosoms	1
bornetoextol	1
bordered	1
bonst	1
bonds	1
bond	1
boiling	1
bodies	1
bob	1
bo	1
blushes	1
blushed	1
blown	1
blooming	1
bloom	1
blockheads	1
blise	1
blindness	1
bleui	1
bleu	1
blestj	1
blessing	1
blending	1
blended	1
blend	1
blemish	1
bleeds	1
blasted	1
blame	1
bladders	1
blackness	1
blackbird	1
bkilip	1
bitters	1
bis	1
birthright	1
birds	1
bienfaijants	1
bid	1
bibed	1
bewitching	1
bevir	1
bevips	1
bevilsj	1
bevilj	1
bevil'5	1
bevih	1
betokened	1
bespoke	1
besought	1
beside	1
bereiva'l	1
ber	1
bequeathed	1
benignity	1
benign	1
benefited	1
beneficent	1
beneficence	1
bends	1
bending	1
bend	1
belonging	1
belong	1
bella	1
bell	1
belief	1
being^really	1
behoved	1
behind	1
beheld	1
begun	1
begin	1
beggar	1
befallen	1
befall	1
bee	1
beds	1
beaux	1
beau	1
bears	1
beard	1
beams	1
beamed	1
beall	1
bcvil	1
bating	1
basking	1
baser	1
basely	1
base	1
bartier	1
barrier	1
baronet	1
barely	1
barbarians	1
banners	1
banknote	1
banishes	1
banish	1
balls	1
balancing	1
baflile	1
bade	1
bacon	1
bac	1
ba	1
aye	1
awhile	1
awayj	1
awaken	1
await	1
avowal	1
avow	1
avidity	1
averting	1
averted	1
avenue	1
avaricious	1
auxiliary	1
authors	1
augmented	1
audience	1
attractei	1
attley	1
attitude	1
attered	1
attentive	1
attendance	1
attained	1
attain	1
attaeksof	1
attacked	1
atone	1
atmosphere	1
ations	1
atheism	1
astonished	1
assures	1
assuming	1
associating	1
associates	1
associate	1
assisting	1
assimilating	1
assiduity	1
assert	1
assented	1
assembly	1
assembled	1
assemblage	1
asleep	1
asingu	1
aside	1
ascertained	1
arts	1
artfully	1
artful	1
arrives	1
arrears	1
arras	1
arranging	1
arrangements	1
arrange	1
arose	1
arising	1
ardenr	1
arc	1
arbitrary	1
arbiter	1
ara	1
ar	1
approximate	1
approved	1
appropriated	1
appropriate	1
approaching	1
apprised	1
apprehended	1
applying	1
applicable	1
applause	1
applaud	1
appearing	1
appearances	1
appbuse	1
apparent	1
apothecary	1
ape	1
apathy	1
anywhere	1
anybody	1
anxiously	1
antiquity	1
antiquities	1
antidote	1
anticipated	1
anticipate	1
anonymousj	1
anonymous	1
annuity	1
annex	1
animates	1
animate	1
anglais	1
anecdotes	1
andlovc	1
and.fincericy	1
anchor	1
an't	1
amulet	1
ample	1
ami	1
amble	1
ambassador	1
alu	1
altoge	1
altered	1
alterations	1
alteration	1
alter	1
altar	1
aloud	1
alongj	1
alonej	1
almanac	1
allworthy	1
allusions	1
allurements	1
allured	1
alluding	1
alloy	1
allows	1
allowed	1
allotting	1
allotted	1
alliance	1
alleviate	1
allay	1
alk	1
alfo.in	1
alcoves	1
alarms	1
alarmed	1
airs	1
air*bringing	1
aiming	1
ails	1
aiked	1
agreeably	1
agonies	1
agitations	1
agitates	1
agita	1
aggregate	1
aftex	1
afloat	1
affording	1
affordest	1
afforded	1
affix	1
affirmative	1
affirm	1
affinity	1
affecting	1
affectation	1
affect	1
affeblon	1
af	1
aether	1
aerial	1
advocate	1
adventures	1
adventure	1
advantagej	1
admitting	1
admits	1
admires	1
admirer	1
admirably	1
administration	1
adjusted	1
adjurations	1
adequately	1
adducing	1
adds	1
addresses	1
addition	1
addison	1
adding	1
adapted	1
adapt	1
acuteness	1
active	1
across	1
acrimony	1
acquisitions	1
acquires	1
acquiline	1
acquaiutance	1
acknowledgments	1
achievements	1
accuse	1
accusation	1
accumula	1
accumu	1
according.to	1
accordant	1
accomplishing	1
accomplished	1
accompaniment	1
accepted	1
acceptation	1
abuse	1
abundant	1
absurdly	1
absurdity	1
abstracting	1
abstained	1
absolutely	1
absolute	1
absent	1
abrupt	1
abominable	1
abigail	1
abhorrence	1
abhorred	1
abashed	1
ab	1
^	1
].	1
]	1
?.	1
?*	1
?!	1
;,	1
:..	1
1'ircival	1
/ppercival*	1
/olord	1
/'	1
/	1
.]	1
.:	1
.*{	1
.*'	1
.)	1
."'	1
.""	1
.!	1
,;	1
*•	1
*»	1
*£	1
*{	1
*?	1
*3&	1
**.	1
*!	1
),	1
(*	1
'?	1
'..	1
'*•	1
'*	1
''	1
%ith	1
#	1
"?	1
""	1
!:	1
!,	1
!'	1
!".	1
!!	1
