,	3331
the	2022
and	1273
to	1100
of	1092
.	969
"	852
i	702
a	684
he	611
his	567
in	507
her	499
you	479
that	478
was	471
:	454
with	405
it	362
;	356
she	335
for	334
on	323
but	321
him	308
not	287
my	278
at	266
me	258
from	253
connal	242
said	240
had	235
."	225
this	211
have	210
as	196
is	191
armida	184
by	182
be	182
their	172
they	166
them	158
were	136
no	136
which	135
man	133
if	127
all	127
!	123
would	121
who	117
your	115
will	112
—	111
when	109
an	106
|'s|	101
could	101
'	101
then	99
heart	99
what	98
there	95
moment	95
one	94
or	93
are	82
now	79
so	76
some	75
do	75
life	72
?"	72
more	70
!"	70
been	69
we	67
himself	67
only	65
rosine	64
like	63
though	60
its	60
into	59
am	59
without	58
even	57
can	57
till	56
than	56
men	56
has	54
eyes	54
own	53
never	53
must	53
brennan	53
did	52
cried	52
first	51
?	50
saw	49
oh	49
while	48
night	48
almost	48
again	48
where	47
before	47
time	46
love	46
last	46
woman	45
seemed	45
those	44
such	44
ever	44
danger	44
yet	43
ground	43
every	43
up	42
here	42
felt	42
after	42
out	41
desmond	41
arms	41
thought	40
know	40
hand	40
us	39
should	39
other	39
whom	38
how	38
heaven	38
death	38
ah	38
too	37
through	37
shall	37
mind	37
these	36
|arabic1digit|	35
strength	35
still	35
speak	35
see	34
made	34
go	34
over	33
might	33
appeared	33
.,	33
whose	32
passion	31
mountain	31
may	31
hope	31
feel	31
day	31
tried	30
think	30
nothing	30
hour	30
our	29
look	29
any	29
light	28
heard	28
against	28
about	28
*	28
o'morven	27
left	27
heath	27
child	27
take	25
rebels	25
myself	25
march	25
horse	25
bed	25
away	25
voice	24
vain	24
side	24
round	24
presence	24
nor	24
much	24
let	24
length	24
distance	24
come	24
sound	23
sight	23
place	23
once	23
lay	23
gone	23
figure	23
down	23
compelled	23
back	23
world	22
horror	22
herself	22
hands	22
found	22
few	22
fear	22
beheld	22
attempted	22
•	21
turned	21
situation	21
silence	21
pride	21
neither	21
near	21
knew	21
god	21
arm	21
wretched	20
words	20
way	20
very	20
terror	20
reach	20
many	20
lost	20
long	20
give	20
die	20
country	20
broken	20
alone	20
|romannumeral|	19
well	19
thus	19
tell	19
since	19
room	19
mine	19
led	19
impossible	19
house	19
despair	19
con	19
came	19
blood	19
band	19
amid	19
word	18
women	18
spoke	18
safety	18
rebel	18
object	18
most	18
morning	18
make	18
longer	18
fell	18
each	18
care	18
being	18
agony	18
why	17
sunk	17
seen	17
power	17
passions	17
nal	17
loved	17
hear	17
head	17
gave	17
face	17
earth	17
dying	17
cause	17
cabin	17
broke	17
bis	17
beside	17
already	17
repeated	16
party	16
old	16
little	16
journey	16
grief	16
followed	16
fire	16
feeling	16
door	16
better	16
bear	16
went	15
under	15
struck	15
stood	15
soon	15
something	15
smile	15
rushed	15
rest	15
passed	15
often	15
mercy	15
meet	15
lady	15
image	15
feet	15
far	15
eye	15
effort	15
dead	15
dark	15
believed	15
-	15
young	14
yes	14
wish	14
wild	14
wandesford	14
two	14
tear	14
suddenly	14
starting	14
solitude	14
say	14
rose	14
returned	14
hold	14
grandfather	14
good	14
forced	14
force	14
exhausted	14
either	14
determined	14
companion	14
carriage	14
cannot	14
burning	14
wounded	13
uttered	13
told	13
threw	13
step	13
spot	13
sometimes	13
silent	13
return	13
retired	13
resolution	13
reached	13
raised	13
poor	13
next	13
name	13
looked	13
least	13
glen	13
food	13
follow	13
everything	13
evening	13
dublin	13
dreadful	13
courage	13
answer	13
another	13
(	13
want	12
wandered	12
trembling	12
sufferings	12
street	12
started	12
retreat	12
proud	12
perish	12
off	12
met	12
leave	12
leader	12
inquired	12
imagination	12
honour	12
forward	12
former	12
fixed	12
don't	12
deep	12
continued	12
camp	12
break	12
behind	12
arrived	12
around	12
anything	12
among	12
''	12
wretch	11
wife	11
unable	11
thoughts	11
terrified	11
struggles	11
stay	11
soul	11
shore	11
scarce	11
save	11
road	11
remained	11
reason	11
pale	11
moon	11
lord	11
looks	11
live	11
listened	11
irish	11
hut	11
horrible	11
heavy	11
grave	11
fate	11
family	11
exclaimed	11
daughter	11
darkness	11
cold	11
close	11
calm	11
burst	11
brother	11
between	11
believe	11
became	11
bad	11
wounds	10
tonight	10
tears	10
struggle	10
sleep	10
showed	10
short	10
seems	10
saved	10
safe	10
rocks	10
quit	10
protection	10
present	10
perhaps	10
passage	10
nature	10
montclare	10
midnight	10
madness	10
less	10
hurried	10
hardly	10
half	10
gazed	10
feelings	10
features	10
fears	10
entered	10
dreaded	10
does	10
desperate	10
cottage	10
conscious	10
castle	10
bring	10
both	10
ask	10
appearance	10
appear	10
alas	10
air	10
whole	9
wept	9
weakness	9
utter	9
towards	9
struggled	9
set	9
servant	9
seat	9
scene	9
rising	9
restored	9
remember	9
received	9
ready	9
pressed	9
person	9
parting	9
none	9
moments	9
master	9
late	9
insensible	9
idea	9
human	9
hours	9
horses	9
held	9
fury	9
full	9
fatigue	9
faint	9
exposed	9
enemy	9
emotion	9
during	9
dignity	9
deserted	9
curse	9
cheek	9
character	9
brought	9
brave	9
boat	9
blessed	9
bid	9
approached	9
along	9
within	8
tumult	8
tremble	8
tower	8
tones	8
together	8
surgeon	8
straw	8
stranger	8
stopped	8
spirits	8
spirit	8
snow	8
shrunk	8
sat	8
same	8
rode	8
remain	8
purpose	8
prepared	8
pikes	8
past	8
part	8
offered	8
military	8
meeting	8
meanest	8
lips	8
kneeling	8
indeed	8
increased	8
implored	8
happiness	8
gazing	8
gabriella	8
friends	8
friend	8
frantic	8
forgive	8
following	8
fled	8
filled	8
female	8
fellow	8
father	8
false	8
fall	8
f	8
extremity	8
existence	8
energy	8
distress	8
discovered	8
crime	8
captain	8
breast	8
because	8
appeal	8
anguish	8
advanced	8
youth	7
witness	7
wished	7
winter	7
whether	7
vol	7
view	7
urged	7
trembled	7
toil	7
today	7
times	7
thinking	7
terrors	7
sword	7
supported	7
support	7
stream	7
storm	7
speed	7
soldiers	7
shelter	7
shame	7
servants	7
sensibility	7
seem	7
security	7
scattered	7
ruin	7
rise	7
retiring	7
resign	7
replied	7
remains	7
rather	7
ranks	7
rage	7
pursued	7
possible	7
plunged	7
placed	7
peace	7
pause	7
opposite	7
open	7
narrow	7
music	7
murdered	7
murder	7
motion	7
money	7
mingled	7
looking	7
lived	7
lie	7
kind	7
just	7
join	7
isles	7
hung	7
humanity	7
host	7
happy	7
hair	7
habitation	7
h	7
great	7
given	7
fortune	7
followers	7
fit	7
find	7
faintly	7
done	7
dim	7
destiny	7
desert	7
departure	7
days	7
dare	7
crowd	7
crimes	7
command	7
cease	7
cast	7
called	7
burned	7
breath	7
breaking	7
bosom	7
body	7
bless	7
beyond	7
beautiful	7
army	7
approach	7
added	7
above	7
able	7
|arabic3digit|	6
wide	6
watch	6
wandering	6
wall	6
violence	6
utmost	6
unconscious	6
twice	6
try	6
tore	6
took	6
thrown	6
throwing	6
three	6
th	6
taken	6
t	6
sufferer	6
steps	6
state	6
spare	6
single	6
self	6
savage	6
sacrifice	6
roof	6
rock	6
retreated	6
refused	6
receive	6
read	6
rank	6
proved	6
progress	6
price	6
pistol	6
paused	6
ought	6
opportunity	6
offer	6
offence	6
ocean	6
murmur	6
mountains	6
mother	6
morsel	6
miserable	6
mary	6
lover	6
loud	6
limbs	6
leaned	6
land	6
known	6
joy	6
inspired	6
injured	6
informed	6
huts	6
horrors	6
groom	6
gratitude	6
going	6
gloomy	6
ghastly	6
further	6
forehead	6
foot	6
fires	6
farewell	6
famine	6
extended	6
expression	6
express	6
except	6
evil	6
event	6
enter	6
english	6
encountered	6
ear	6
e	6
dress	6
dreary	6
drawing	6
distant	6
dear	6
dared	6
countenance	6
consolation	6
condemned	6
compassion	6
cloud	6
children	6
cave	6
caught	6
call	6
bright	6
boy	6
born	6
blow	6
blast	6
best	6
behold	6
began	6
become	6
beauty	6
assistance	6
ancient	6
alike	6
agitated	6
|arabic2digit|	5
yourself	5
years	5
wildness	5
watched	5
war	5
wander	5
walls	5
viewed	5
victory	5
venture	5
value	5
upon	5
unknown	5
unhappy	5
turning	5
trouble	5
triumph	5
trial	5
traverse	5
track	5
touched	5
torture	5
throw	5
things	5
tenderness	5
swore	5
summit	5
succeeded	5
struggling	5
strong	5
stretched	5
stand	5
spite	5
spared	5
sounds	5
slowly	5
sinking	5
sick	5
shut	5
shed	5
senses	5
scarcely	5
ro	5
returning	5
resigned	5
remaining	5
relieve	5
reins	5
refreshment	5
recovered	5
recollection	5
recollecting	5
recall	5
ray	5
rapidly	5
quitted	5
precipices	5
possessed	5
pointed	5
pleasure	5
personal	5
perceived	5
people	5
path	5
observed	5
observe	5
oath	5
number	5
noble	5
need	5
mortal	5
milesian	5
melancholy	5
means	5
mean	5
luxury	5
locked	5
living	5
lives	5
listen	5
lifting	5
laugh	5
knows	5
knelt	5
knees	5
keep	5
judge	5
j	5
itself	5
isle	5
intelligence	5
insult	5
ia	5
i'll	5
hunger	5
hopeless	5
hills	5
hill	5
hi	5
hearts	5
having	5
happier	5
grey	5
grasping	5
government	5
goes	5
gleam	5
generous	5
gathered	5
future	5
frenzy	5
francis	5
fought	5
formed	5
fixing	5
field	5
fast	5
falling	5
fallen	5
extending	5
expected	5
entrance	5
enough	5
engagement	5
end	5
employ	5
early	5
dream	5
distinguish	5
devotion	5
devoted	5
devil	5
destruction	5
destroyed	5
desolation	5
denied	5
delay	5
defy	5
dashing	5
cries	5
creature	5
covered	5
convulsive	5
confusion	5
conduct	5
common	5
closed	5
chief	5
brightness	5
breathless	5
box	5
bound	5
betrayed	5
below	5
begone	5
barren	5
attend	5
arrival	5
approaching	5
animal	5
anger	5
angel	5
amazement	5
agonising	5
affection	5
addressed	5
accompanied	5
abbey	5
yielding	4
wound	4
worthy	4
witnessed	4
wiped	4
winding	4
wind	4
welcome	4
weight	4
waving	4
waves	4
water	4
wandes	4
waiting	4
waited	4
visited	4
visit	4
visionary	4
vice	4
vanity	4
unfortunate	4
trying	4
true	4
trials	4
tremendous	4
traversed	4
traced	4
touch	4
tortured	4
thousand	4
themselves	4
tearing	4
talk	4
talents	4
taking	4
survive	4
surrounded	4
sure	4
suggested	4
suffering	4
stone	4
spread	4
soothed	4
solitary	4
solemn	4
smiled	4
sine	4
shrink	4
shout	4
shores	4
shocked	4
sent	4
seized	4
search	4
rushing	4
rude	4
repose	4
renounce	4
remembered	4
relief	4
regiment	4
reflection	4
recent	4
rebellion	4
raising	4
raise	4
r	4
put	4
pursuit	4
purchase	4
promise	4
producing	4
procure	4
probably	4
preserved	4
pray	4
possession	4
point	4
pity	4
perished	4
passing	4
passengers	4
pass	4
pardon	4
panting	4
omen	4
ob	4
numbers	4
natural	4
native	4
murmured	4
move	4
mist	4
misfortunes	4
misfortune	4
misery	4
mile	4
mentally	4
mantle	4
manner	4
makes	4
lustre	4
limb	4
level	4
lest	4
leaning	4
language	4
lake	4
knowing	4
knocked	4
k	4
italy	4
ireland	4
intolerable	4
inquire	4
influence	4
infant	4
individual	4
indignantly	4
indignant	4
imagined	4
ill	4
hundred	4
horn	4
hollow	4
high	4
help	4
hastened	4
hard	4
guard	4
groan	4
grace	4
got	4
glory	4
gives	4
get	4
gently	4
gentleman	4
gaze	4
galway	4
friendly	4
four	4
forsake	4
forgot	4
forget	4
ford	4
flow	4
floor	4
flight	4
fight	4
fierce	4
fever	4
felicity	4
faculties	4
exalted	4
entreated	4
engaged	4
enemies	4
emotions	4
eloquence	4
ed	4
eagerly	4
duty	4
driven	4
drive	4
drew	4
dread	4
drawn	4
drag	4
doing	4
disturbed	4
distracted	4
distinguished	4
displayed	4
disperse	4
dismiss	4
discover	4
difficulty	4
difference	4
detained	4
destroy	4
desperation	4
demand	4
declared	4
dashed	4
dangers	4
cry	4
crossed	4
convulsed	4
conviction	4
contrast	4
contend	4
confidence	4
companions	4
coming	4
clung	4
closely	4
chasm	4
charm	4
charge	4
chap	4
change	4
ceased	4
cavern	4
cavalry	4
casement	4
can't	4
business	4
bore	4
betray	4
beneath	4
bayonet	4
b	4
aud	4
attitude	4
attended	4
attendant	4
astonished	4
asleep	4
asked	4
ar	4
apparently	4
annida	4
aggravated	4
across	4
absence	4
\	4
.'	4
--	4
********	4
*'	4
•aid	3
•"	3
»	3
yesterday	3
write	3
wring	3
worth	3
worst	3
wither	3
withdraw	3
wishing	3
wine	3
window	3
willing	3
wherever	3
west	3
weeping	3
weary	3
waved	3
wants	3
visible	3
villain	3
village	3
victim	3
vengeance	3
utterance	3
used	3
unworthy	3
until	3
unmolested	3
understand	3
turn	3
truth	3
trusted	3
troops	3
traversing	3
tranquil	3
trance	3
town	3
totally	3
topic	3
tone	3
tomb	3
tol	3
toils	3
thunder	3
thinks	3
theatre	3
thank	3
terrible	3
tales	3
tale	3
table	3
swollen	3
swallow	3
sustained	3
suspended	3
surrender	3
supplicated	3
superior	3
sun	3
sullenly	3
suggest	3
suffered	3
suffer	3
sudden	3
submission	3
stunned	3
strongly	3
strange	3
strained	3
stones	3
stole	3
stern	3
stature	3
stars	3
staid	3
spoken	3
splendid	3
speaking	3
song	3
son	3
solicitations	3
solemnly	3
society	3
smoke	3
small	3
slight	3
sky	3
skill	3
sitting	3
silently	3
sigh	3
sickened	3
shuddering	3
shuddered	3
shudder	3
shrinking	3
shriek	3
shook	3
several	3
separated	3
sentiments	3
sentence	3
sense	3
sensation	3
sell	3
seeing	3
seduced	3
sea	3
screamed	3
scenes	3
says	3
saying	3
sake	3
sad	3
ruins	3
ruined	3
romantic	3
revived	3
retire	3
resources	3
resolved	3
resistance	3
report	3
repelled	3
renewed	3
remote	3
relapsed	3
rejected	3
regret	3
recover	3
real	3
re	3
ravings	3
ran	3
quite	3
question	3
quest	3
pursue	3
public	3
provided	3
prospect	3
proof	3
procured	3
proceeded	3
proceed	3
priest	3
prevent	3
precipice	3
praise	3
powers	3
poured	3
pointing	3
plunge	3
please	3
plead	3
pitch	3
pike	3
picture	3
persons	3
permitted	3
permit	3
perishing	3
parents	3
paper	3
painful	3
pain	3
owner	3
outlaw	3
ourselves	3
order	3
opened	3
officer	3
obscurity	3
numerous	3
new	3
neighbourhood	3
necessity	3
necessary	3
moving	3
movement	3
moved	3
morass	3
moor	3
moonlight	3
months	3
mixed	3
miles	3
mild	3
mere	3
merciful	3
mentioned	3
meal	3
matted	3
marked	3
mankind	3
maniac	3
malignity	3
making	3
magistrate	3
m	3
loughrea	3
lot	3
losing	3
listening	3
lifted	3
lift	3
letter	3
leisure	3
learned	3
lead	3
laws	3
latterly	3
latter	3
lately	3
large	3
laid	3
lacerated	3
knee	3
kissing	3
king	3
kept	3
jet	3
iu	3
island	3
interrupted	3
injure	3
infatuation	3
indifferent	3
increasing	3
inarticulate	3
importunity	3
importunities	3
implore	3
impetuous	3
immediately	3
immediate	3
ignorant	3
humble	3
however	3
horseman	3
hopes	3
hoped	3
home	3
homage	3
highest	3
hesitated	3
hero	3
heartbroken	3
heads	3
hazarded	3
hat	3
harp	3
hall	3
ha	3
guilty	3
groaned	3
greatness	3
grappling	3
grandson	3
glow	3
gleamed	3
glance	3
gathering	3
gate	3
fugitives	3
frightful	3
frame	3
formerly	3
form	3
forgetting	3
forcing	3
forbore	3
foe	3
fly	3
flashed	3
firm	3
firing	3
finding	3
fiery	3
fierceness	3
feebly	3
feared	3
fastened	3
failed	3
eyrecourt	3
extricate	3
extinguished	3
exquisite	3
expressions	3
expose	3
expended	3
expedition	3
expect	3
exile	3
exhaust	3
example	3
evidence	3
everywhere	3
escape	3
entreaties	3
enthusiasm	3
energies	3
encounter	3
enabled	3
eminence	3
else	3
elements	3
effect	3
ef	3
edge	3
echoes	3
east	3
ears	3
dungeon	3
drops	3
drink	3
dragged	3
doubt	3
disturb	3
dishevelled	3
direction	3
difficulties	3
different	3
died	3
desired	3
deserved	3
derived	3
deprived	3
deny	3
deluged	3
delirium	3
delirious	3
defence	3
deck	3
daylight	3
darting	3
daring	3
crowded	3
creation	3
course	3
counal	3
couch	3
corpse	3
corner	3
convinced	3
conveyed	3
converse	3
contest	3
constraint	3
consequence	3
conscience	3
conflict	3
conceived	3
conceal	3
commanding	3
combined	3
collecting	3
clasped	3
clasp	3
chilled	3
chill	3
checked	3
characters	3
changed	3
calmness	3
calmly	3
building	3
brothers	3
broad	3
brilliant	3
bread	3
brain	3
bowed	3
bought	3
blush	3
bloody	3
blessing	3
bleeding	3
bitter	3
benefit	3
bending	3
beg	3
beckoned	3
base	3
bank	3
banished	3
banish	3
banditti	3
bait	3
aye	3
awoke	3
awful	3
awed	3
awe	3
awaited	3
avowed	3
avail	3
attention	3
attachment	3
atlantic	3
astonishment	3
assume	3
associates	3
assembled	3
assault	3
ascend	3
artificial	3
armed	3
arid	3
apprehension	3
appearing	3
apartment	3
answered	3
announced	3
america	3
always	3
also	3
allow	3
aid	3
agitation	3
aged	3
age	3
afraid	3
advancing	3
admiration	3
absent	3
\ve	3
&	3
youthful	2
yonder	2
yield	2
wrung	2
wrought	2
wrongs	2
writing	2
writhing	2
wretchedness	2
wrested	2
wrapped	2
worse	2
worn	2
worm	2
working	2
work	2
wondered	2
wonder	2
wisdom	2
wiping	2
winds	2
windows	2
wickedness	2
white	2
whispered	2
western	2
weapons	2
weak	2
waters	2
watching	2
waste	2
warrior	2
warn	2
warmth	2
wait	2
wag	2
wading	2
wa	2
vrith	2
visits	2
vision	2
virtues	2
virtue	2
views	2
viewing	2
vicissitudes	2
ven	2
veil	2
vault	2
various	2
vainly	2
usual	2
use	2
urge	2
upwards	2
unresisting	2
united	2
undertake	2
understood	2
undergone	2
unconsciously	2
uncle	2
unavailing	2
unarmed	2
twinkled	2
twenty	2
tv	2
turf	2
treat	2
tread	2
treachery	2
travelling	2
traitress	2
tottered	2
totter	2
tongue	2
tomorrow	2
tny	2
timidly	2
tim	2
tili	2
tide	2
thrust	2
throats	2
thinner	2
thing	2
thin	2
thick	2
therefore	2
thai	2
terrifying	2
terms	2
ter	2
tenderly	2
ten	2
tempt	2
temerity	2
tea	2
te	2
tasted	2
task	2
tall	2
talisman	2
talent	2
takes	2
taid	2
swept	2
swelled	2
swell	2
sweetness	2
suspicion	2
survived	2
surface	2
suppose	2
supplicate	2
superstition	2
supernatural	2
superiority	2
summoned	2
summer	2
sum	2
sullen	2
sufficiently	2
subsist	2
submitted	2
subject	2
subdued	2
strongest	2
stronger	2
stretch	2
streets	2
straggling	2
story	2
storms	2
stop	2
stock	2
stillness	2
startled	2
star	2
standing	2
stamping	2
stake	2
stained	2
staggering	2
squire	2
spurned	2
sprung	2
springing	2
spreading	2
splendour	2
speechless	2
speech	2
source	2
souls	2
sought	2
songs	2
solicit	2
soldier	2
soil	2
soft	2
sofa	2
sods	2
sockets	2
sobs	2
sobbing	2
snatched	2
smooth	2
smiles	2
skirmish	2
sit	2
sink	2
signs	2
sickness	2
sickening	2
shrieking	2
shrieked	2
shrank	2
show	2
shouts	2
shoulder	2
shone	2
shock	2
shameful	2
shade	2
sex	2
severity	2
setting	2
service	2
serious	2
sentinels	2
senseless	2
selfish	2
sees	2
seeking	2
seek	2
secret	2
second	2
seated	2
screaming	2
scream	2
scenery	2
scanty	2
satisfy	2
sandals	2
sacrifices	2
s	2
rushes	2
rush	2
rugged	2
ruffian	2
route	2
rolled	2
roar	2
riveted	2
risk	2
right	2
ridge	2
revolt	2
revenge	2
revel	2
retained	2
restore	2
rested	2
respect	2
resistless	2
resentment	2
requires	2
request	2
reproaches	2
reproached	2
reproach	2
represented	2
repelling	2
repel	2
reparation	2
renounced	2
rendered	2
removed	2
remove	2
remarkable	2
remainder	2
reluctant	2
relieved	2
regal	2
refuse	2
reflected	2
redoubled	2
red	2
recommended	2
recollections	2
recollect	2
recognised	2
reception	2
reared	2
rear	2
reading	2
raging	2
racked	2
quivered	2
quitting	2
quick	2
queen	2
quarrel	2
pursuing	2
pursuers	2
purchased	2
punished	2
provoked	2
provoke	2
provisions	2
provide	2
proudest	2
protector	2
protect	2
prospects	2
produced	2
privations	2
prisoners	2
principle	2
preternatural	2
pressing	2
preserving	2
presented	2
preparing	2
precaution	2
prayers	2
poverty	2
posts	2
possessor	2
possessions	2
possessing	2
plain	2
piercing	2
personally	2
performed	2
perfect	2
penetrating	2
peculiar	2
peasantry	2
peasant	2
patience	2
passenger	2
parted	2
palaces	2
overtake	2
overcome	2
outrage	2
orders	2
ordered	2
oppressed	2
operating	2
officers	2
occupy	2
occupied	2
obtained	2
o'mor	2
o	2
northeast	2
noise	2
negligence	2
neglect	2
nearly	2
nay	2
naked	2
multitudes	2
movements	2
mournfully	2
mounting	2
mounted	2
motions	2
moss	2
mortally	2
momentary	2
mj	2
misconduct	2
minutes	2
minute	2
mined	2
mention	2
menial	2
memory	2
melting	2
melted	2
melt	2
meant	2
masses	2
martial	2
mark	2
marched	2
mansion	2
manage	2
magistrates	2
mad	2
loyal	2
lowest	2
low	2
lovely	2
loss	2
loitering	2
lode	2
lock	2
lion	2
lingered	2
lines	2
likely	2
lights	2
lies	2
liberally	2
lesson	2
legal	2
learning	2
lean	2
leads	2
leading	2
laughed	2
lands	2
labourer	2
knowledge	2
knife	2
kissed	2
kindness	2
kill	2
jou	2
jo	2
italian	2
issued	2
islands	2
iron	2
io	2
inward	2
involved	2
involuntary	2
involuntarily	2
invisible	2
invested	2
intrude	2
interruption	2
interested	2
interest	2
intercept	2
intent	2
intense	2
insulted	2
instrument	2
instantly	2
inspiration	2
insolence	2
inscrutable	2
inquiring	2
inquiries	2
inquietude	2
innocence	2
inhabited	2
ings	2
information	2
inflamed	2
infamy	2
inestimable	2
indistinct	2
inches	2
inch	2
incensed	2
impulse	2
impressions	2
impressed	2
imprecations	2
implacable	2
impatience	2
impassable	2
immersed	2
imagine	2
images	2
illuminated	2
ihe	2
ideas	2
id	2
husbands	2
hurrying	2
humbled	2
hovering	2
hourly	2
horrid	2
holding	2
hinder	2
hie	2
hiding	2
hid	2
hia	2
helmet	2
hell	2
heavenly	2
hearing	2
health	2
healed	2
he's	2
hazard	2
hatred	2
hated	2
hate	2
hastily	2
hastening	2
hardship	2
harden	2
harassed	2
halfway	2
habit	2
guide	2
gripe	2
grew	2
graves	2
grateful	2
grandeur	2
gradually	2
graceful	2
gort	2
gonnal	2
glowing	2
gloom	2
glided	2
gleams	2
gleaming	2
glanced	2
giving	2
girl	2
gigantic	2
gibbet	2
genius	2
gasping	2
gain	2
g	2
ft	2
fresh	2
frequent	2
free	2
fragments	2
forty	2
fortunes	2
fortitude	2
forth	2
forgotten	2
footsteps	2
fond	2
folded	2
flying	2
flushed	2
flush	2
flung	2
flowers	2
flattering	2
final	2
figures	2
feverish	2
females	2
felon	2
feels	2
fed	2
fearing	2
fault	2
fatal	2
fascination	2
fare	2
falls	2
faithful	2
fair	2
fail	2
faded	2
faculty	2
expressing	2
expressed	2
exert	2
exercise	2
excuse	2
exclamations	2
excites	2
excited	2
exchanged	2
evils	2
error	2
ere	2
entreat	2
enterprise	2
entering	2
enjoy	2
england	2
ended	2
endeavoured	2
en	2
employment	2
employed	2
empire	2
embraced	2
emaciated	2
elderly	2
education	2
echoed	2
eat	2
easy	2
easily	2
eager	2
dust	2
dry	2
dropped	2
driver	2
dressed	2
drenched	2
dreading	2
distinctly	2
distinct	2
disposed	2
dismantled	2
dismal	2
disguise	2
disdain	2
discovery	2
disclosed	2
disciplined	2
disarmed	2
disappeared	2
devoid	2
deterred	2
determine	2
detain	2
detachment	2
destitution	2
desperately	2
desolate	2
design	2
deserve	2
descent	2
descended	2
derangement	2
deranged	2
deprives	2
deprive	2
deprecate	2
deposited	2
depart	2
denies	2
den	2
demon	2
demands	2
demanded	2
delivered	2
delicious	2
degradation	2
defending	2
defend	2
defeated	2
deeply	2
deeper	2
deepened	2
declined	2
declaring	2
decision	2
deceived	2
deceive	2
dealt	2
deadly	2
de	2
darker	2
damp	2
curses	2
cultivation	2
crying	2
crushed	2
crowds	2
cross	2
creatures	2
crawl	2
crags	2
countrymen	2
counsel	2
cottages	2
coronal	2
corinal	2
conversation	2
conual	2
contrasting	2
contained	2
consuming	2
constitution	2
consternation	2
connexion	2
connected	2
connaj	2
congenial	2
conflicts	2
confess	2
condemn	2
concave	2
complied	2
compliance	2
complaints	2
company	2
communication	2
commanded	2
comfort	2
colour	2
colonel	2
collected	2
collect	2
coldness	2
coarse	2
cluster	2
clouds	2
cloister	2
cloak	2
climbing	2
climate	2
clay	2
clasping	2
claims	2
claim	2
circumstance	2
christ	2
chords	2
chord	2
check	2
chains	2
chain	2
caused	2
catch	2
carried	2
cares	2
candles	2
canal	2
bursting	2
burn	2
burden	2
brokenhearted	2
brings	2
boys	2
boxes	2
bow	2
bounded	2
bottom	2
bosoms	2
borders	2
bone	2
bonds	2
boldness	2
boding	2
bodily	2
bodies	2
bly	2
blue	2
blazing	2
blaze	2
bitterness	2
bestow	2
belonged	2
believing	2
belief	2
beings	2
beholding	2
beating	2
beat	2
beard	2
bay	2
battle	2
bare	2
awaiting	2
averted	2
audible	2
attitudes	2
attempts	2
attempt	2
attained	2
attack	2
attached	2
assured	2
assumed	2
associations	2
assist	2
assailants	2
asking	2
aside	2
ascent	2
ascended	2
art	2
arrive	2
arrange	2
arinida	2
apt	2
apprehensions	2
applause	2
appears	2
apparent	2
appalled	2
apart	2
anxiously	2
anxious	2
anticipation	2
answers	2
announce	2
alternate	2
altered	2
aloud	2
alive	2
alighted	2
alarmed	2
alarm	2
aimed	2
afford	2
advise	2
admitted	2
admittance	2
admit	2
adjured	2
adding	2
add	2
action	2
acknowledged	2
aching	2
accommodation	2
accept	2
absorbed	2
abruptly	2
abode	2
abandoned	2
^	2
\"	2
?,	2
..	2
.''	2
),	2
',	2
!'	2
••'	1
••	1
•«uch	1
•would	1
•ventured	1
•olttude	1
•lodging	1
•hild	1
•he	1
•"•	1
„	1
»fter	1
«cendant	1
|arabic5+digit|	1
|arabic4digit|	1
|	1
zabeth	1
z	1
yps	1
your'i	1
you'll	1
yott	1
yotir	1
yost	1
yonr	1
yon	1
yoir	1
yoi*	1
yoa	1
yielded	1
yeur	1
yeoman	1
yawn	1
y	1
wrong	1
written	1
writhed	1
wretches	1
wresting	1
wrenched	1
woven	1
wounding	1
wouncjed	1
wouldsellhimtoanyof	1
worlds	1
wore	1
wooden	1
woo	1
won't	1
womai	1
woe	1
wits	1
withered	1
withdrew	1
withakindof	1
witfi	1
wipe	1
wintery	1
willingly	1
wilh	1
wiles	1
wildly	1
wilder	1
wilcsjan	1
widow	1
wicked	1
whizzing	1
whistling	1
whispering	1
whisper	1
whip	1
wheel	1
whea	1
wfth	1
wfiary	1
weu	1
were.both	1
welcomed	1
weighs	1
weh	1
weep	1
wed	1
weather	1
weariness	1
wearied	1
wear	1
weapon	1
wealth	1
wbpse	1
wbo	1
wauled	1
wasting	1
wasted	1
waslurtiing	1
wash	1
warned	1
wao	1
wanton	1
wanted	1
wandesford/	1
wanderer	1
wandegford	1
walked	1
walk	1
wake	1
waits	1
w	1
vvere	1
vtroops	1
vrhich	1
vra«	1
vox	1
votaries	1
voluntarily	1
volumes	1
vois	1
voices	1
vociferation	1
vj	1
visions	1
visionarydejection	1
visibly	1
visages	1
vinegar	1
vindictive	1
vindication	1
vindicate	1
villainy	1
villains	1
vigilance	1
victorious	1
vices	1
vexed	1
vessels	1
vernal	1
verified	1
ver	1
ventured	1
veneration	1
veins	1
vehicle	1
vehement	1
vehemence	1
vcn	1
vassals	1
variety	1
valued	1
valuable	1
vague	1
vagabond	1
vaga	1
uucom	1
utterly	1
uttering	1
ut	1
ustify	1
urging	1
urgency	1
upstairs	1
uproar	1
upper	1
uow	1
uot	1
unworthily	1
unwilling	1
unwiiiing	1
unuttered	1
untouched	1
untoirched	1
unspeakably	1
unsoothed	1
unsolicited	1
unshrinking	1
unprovoked	1
unpractised	1
unpleasant	1
unobstructed	1
unluckily	1
unloved	1
unlimited	1
unlicensed	1
universal	1
unite	1
unison	1
union	1
unintelligible	1
uniform	1
unheard	1
unguarded	1
unfortunately	1
unfitting	1
unexpectedly	1
unexpected	1
undressed	1
undismayed	1
undertook	1
understanding	1
uncovered	1
uncertain	1
unbraced	1
un	1
uiur	1
uie	1
ual	1
u	1
tyre	1
txtend	1
twinkling	1
twere	1
twenty-three	1
tuned	1
tumultuous	1
tumbled	1
tullamore	1
tug	1
ttte	1
ttffi	1
ttf	1
trusting	1
trust	1
trumpet	1
trpops	1
troop	1
trod	1
triumphing	1
trifling	1
trifle	1
tries	1
tremulous	1
tremblingly	1
treatment	1
treated	1
treasonable	1
travellers	1
traveller	1
travelled	1
trate	1
transition	1
tranquillity	1
trampling	1
trampled	1
trample	1
tramp	1
traitor	1
trackless	1
tracked	1
traces	1
trace	1
tq	1
tours	1
tottering	1
total	1
toss	1
torn	1
tormented	1
torment	1
toothers	1
tombstones	1
toice	1
tnur.h	1
tne	1
tlie	1
tiy	1
tionate	1
tion	1
tinting	1
tinted	1
tint	1
tins	1
tinged	1
timed	1
tiie	1
tightness	1
tightly	1
tiger	1
ties	1
tier	1
tied	1
thz	1
throve	1
throi	1
throbbing	1
thrilling	1
thrilled	1
thrill	1
threvf	1
threatened	1
threat	1
thousands	1
thoughtful	1
thou	1
thi»	1
thisexclamation	1
third	1
thinned	1
thingbad	1
thii	1
thi*	1
thfey	1
thfc	1
thesei	1
thence	1
theirs	1
thee	1
thedreadfulthought	1
the'terrified	1
thb	1
thau	1
thanks	1
thanking	1
thanked	1
thafc	1
tha	1
testified	1
terrify	1
terrifies	1
terrific	1
terribly	1
terras	1
terminated	1
term	1
tenth	1
tent	1
tenors	1
tenderneis	1
tender	1
tenants	1
tenant	1
temporary	1
telling	1
teited	1
td	1
tct	1
taught	1
taued	1
taste	1
tasks	1
taper	1
tants	1
talking	1
tain	1
ta	1
t&e/ro	1
symptoms	1
sworn	1
swinging	1
swimming	1
swiftest	1
swift	1
swellings	1
swelling	1
sweeter	1
sweet	1
swallowed	1
suspicioa	1
suspected	1
sus	1
surprising	1
surprise	1
suppress	1
supposed	1
supporting	1
supplied	1
supplication	1
sunken	1
sunk.on	1
summoner	1
summits	1
sulphur	1
sully	1
suiv	1
suffused	1
sufficient	1
suffers	1
sufferers	1
success	1
succeeds	1
subterraneous	1
substitute	1
substantial	1
subsisted	1
subsided	1
submit	1
sublime	1
subdue	1
style	1
stupor	1
strumpet	1
structure	1
strucl	1
stripped	1
strip	1
strikes	1
strike	1
strewn	1
stretching	1
strengthened	1
streams	1
strcet	1
strangle	1
strangers	1
straining	1
stragglers	1
stormy	1
stories	1
stored	1
stooping	1
stooped	1
stony	1
stolen	1
stir	1
sting	1
stimulated	1
stimulate	1
stiffening	1
sternly	1
steep	1
steeled	1
steel	1
stealth	1
steady	1
stconger	1
stayed	1
stationed	1
stated	1
starving	1
stared	1
standard	1
stalked	1
stage	1
squalid	1
spring	1
spouting	1
spoil	1
spirited	1
spires	1
spent	1
spend	1
spell	1
speedily	1
spectre	1
spectators	1
spectacle	1
species	1
speaks	1
spacious	1
sovereign	1
sounded	1
sorry	1
sorrow	1
sore	1
soothing	1
sooth	1
sooner	1
sonic	1
somehow	1
solicitude	1
solicitation	1
solemnity	1
sold	1
solace	1
softness	1
softer	1
softened	1
sod	1
socrn	1
soaked	1
snatching	1
smugglers	1
smother	1
smiling	1
smarted	1
slumber	1
slow	1
slouched	1
slightly	1
slightest	1
slept	1
slaves	1
slave	1
slaughter	1
sl	1
sketch	1
skeleton	1
sjib	1
six	1
sits	1
sirr	1
siot	1
sions	1
sinning	1
sinned	1
singing	1
singers	1
sing	1
sincerity	1
simplicity	1
similar	1
silver	1
silken	1
siiiging	1
signed	1
sign	1
sights	1
sighs	1
sighing	1
sighed	1
sian	1
shrouding	1
shp	1
shown	1
showery	1
showers	1
shortly	1
shocking	1
shesaid	1
sheltered	1
sheep	1
shaugbnessy	1
shallow	1
shaking	1
shaken	1
shake	1
shadowy	1
shadow	1
shades	1
shaded	1
sh.t	1
sh	1
sfnd	1
services	1
served	1
serve	1
sergeant	1
serenity	1
ser	1
sepulchre	1
separation	1
sentiment	1
sentences	1
sensations	1
self-possession	1
self-government	1
selected	1
seizing	1
seize	1
seethe	1
seeming	1
seed	1
secure	1
sec	1
seating	1
seashore	1
searched	1
seacoast	1
scrupulously	1
screams	1
scrawled	1
scratches	1
scratch	1
scrap	1
scouts	1
scouring	1
scorpion	1
scorn	1
scorched	1
scattering	1
scatter	1
scar	1
scale	1
saving	1
saul	1
satisfactory	1
sanity	1
sanguinary	1
sands	1
sanctity	1
sanctioned	1
sanctified	1
salutation	1
salutary	1
sale	1
sajd	1
sailed	1
sail	1
saidfthe	1
safest	1
sadly	1
saddle	1
sacrificed	1
sacred	1
sacrament	1
sabre	1
sabbath	1
r«	1
rustling	1
rustic	1
running	1
rung	1
run	1
rule	1
ruinous	1
rug	1
ruffians	1
rudest	1
rudeness	1
rowed	1
roused	1
rounded	1
roughness	1
rough	1
rosme	1
ror	1
ropes	1
rooted	1
rooms	1
rome	1
rolling	1
rockings	1
rocked	1
robbers	1
roam	1
roads	1
rny	1
rivers	1
river	1
rivalled	1
ripple	1
riot	1
ringletf	1
ringing	1
rights	1
rightful	1
rift	1
rider	1
ride	1
rid	1
rich	1
rf	1
rewarded	1
reward	1
revolving	1
revolved	1
revolts	1
revile	1
reverie	1
reverenced	1
revengeful	1
reute	1
retrospect	1
retreats	1
retreating	1
retaining	1
resumed	1
result	1
restraining	1
restoring	1
restless	1
restive	1
resting	1
responsibility	1
respite	1
respire	1
respiration	1
resource	1
resounded	1
resolutions	1
resolutely	1
resolute	1
resl	1
resist	1
resigning	1
reserved	1
reserve	1
resembles	1
rescuing	1
required	1
reproaching	1
repressed	1
repress	1
represent	1
reposed	1
reports	1
repine	1
repetition	1
repentance	1
repeating	1
repeatedly	1
rent	1
renders	1
rencounter	1
removal	1
remorseless	1
remored	1
remonstrances	1
remitted	1
reminding	1
remind	1
remembrance	1
remembering	1
remarked	1
relinquishing	1
relinquish	1
religious	1
religion	1
released	1
release	1
relatives	1
relations	1
relation	1
relapse	1
reinforcement	1
regularity	1
region	1
regards	1
regardless	1
refusal	1
refreshments	1
refreshing	1
reflects	1
reflections	1
reflecting	1
reentered	1
reeked	1
reduced	1
rected	1
recovery	1
reconnoitre	1
recompense	1
recollected	1
recoil	1
reclining	1
reclined	1
recesses	1
receives	1
recalled	1
rebeli	1
reads	1
readiness	1
reaching	1
rays	1
raving	1
raved	1
rausket	1
rashness	1
rare	1
rapture	1
rapidity	1
rapid	1
range	1
random	1
rain	1
railk	1
rags	1
raged	1
rae	1
quietness	1
quietly	1
quiet	1
quickened	1
questions	1
quench	1
quell	1
quarter	1
qu'tted	1
putting	1
puts	1
purse	1
purposes	1
purify	1
purer	1
purchaser	1
punishing	1
pulses	1
publicity	1
public-house	1
provocation	1
provision	1
prove	1
proudly	1
protracted	1
protestant	1
protected	1
prostrate	1
prostitute	1
prosperous	1
prospered	1
pros	1
propped	1
proposed	1
proposal	1
propitious	1
prophetic	1
prophet	1
prophecy	1
property	1
proper	1
prompted	1
promises	1
promised	1
prolonged	1
projections	1
project	1
profound	1
profession	1
profane	1
produce	1
procuring	1
proclamations	1
proclaims	1
probed	1
probable	1
proba	1
proached	1
prize	1
privilege	1
privation	1
private	1
prisoner	1
prison	1
printer	1
principal	1
princes	1
prince	1
prevents	1
prevented	1
prevailed	1
prevail	1
pretence	1
presumptuousman	1
presume	1
pressure	1
presents	1
prepossessing	1
prepare	1
pregnant	1
preface	1
precipitous	1
precipitation	1
precipitate	1
precipitantness	1
precious	1
precept	1
preceding	1
preceded	1
precede	1
precariousness	1
prayer	1
prayed	1
praises	1
powerfully	1
pour	1
potatoe	1
posture	1
posterity	1
post	1
possibility	1
possesses	1
possess	1
portobello	1
portal	1
pore	1
pomp	1
polished	1
poke	1
plumes	1
plied	1
plenty	1
pledged	1
pleading	1
pleaded	1
plea	1
playing	1
playiag	1
plant	1
plans	1
planet	1
plains	1
plainer	1
pitcher	1
pillow	1
pillars	1
pillar	1
piers	1
pierce	1
pieces	1
picious	1
phantoms	1
petty	1
petitioning	1
persuasions	1
persuasion	1
persuaded	1
personalstrength	1
personage	1
persisted	1
persecuted	1
perplex	1
perpendicular	1
perish/'said	1
period	1
perilous	1
peril	1
perhapt	1
perfection	1
perennial	1
perdition	1
perception	1
perceive	1
pensive	1
penitent	1
penetrates	1
penetrate	1
pencil	1
penance	1
pen	1
pelled	1
peasants	1
pealed	1
peaceful	1
pay	1
pavement	1
patrol	1
patiently	1
patient	1
paternal	1
pate	1
passioned	1
passionate	1
passioh	1
partook	1
partial	1
partaking	1
partaker	1
partake	1
paroxysms	1
parley	1
parish	1
parent	1
pardons	1
paradise	1
panted	1
pangs	1
pallid	1
pallet	1
paleness	1
palace	1
painter	1
pains	1
painfully	1
paid	1
page	1
packet	1
pacing	1
pacify	1
paces	1
owners	1
owing	1
owed	1
overthrew	1
overtaken	1
overpowered	1
overflows	1
overflowed	1
ove	1
outwardly	1
outstripped	1
outlines	1
outlaws	1
outlawed	1
outcries	1
outcast	1
ou	1
others	1
oter	1
osit	1
ornaments	1
original	1
ordinary	1
oppresses	1
opposing	1
oppose	1
operate	1
opening	1
on«his	1
onward	1
onljr	1
onjy	1
onet	1
ones	1
ominous	1
oka	1
oif	1
ohi	1
ofthehereticllenry	1
oftener	1
offspring	1
offices	1
office	1
offering	1
offended	1
offend	1
of.whom	1
of'commu	1
oece	1
ode	1
od	1
occurred	1
occupies	1
occasionally	1
obvious	1
obtain	1
obstruction	1
observing	1
obscure	1
obliged	1
objection	1
obeyed	1
obey	1
oat	1
oars	1
oae	1
oa	1
o'neil	1
o'movven	1
o'mor«	1
o'morveu	1
o'morveh	1
o'morvea	1
o'morten	1
nut	1
nul	1
nourishment	1
noticing	1
notes	1
nota	1
nostrils	1
noises	1
noblest	1
nil	1
nightly	1
nigh	1
niche	1
nicating	1
news	1
nerves	1
nerve	1
nephew	1
neglectful	1
neglected	1
neg	1
needs	1
necks	1
neck	1
necessaries	1
nearest	1
nd	1
natives	1
national	1
nances	1
nan	1
na\fie	1
n	1
mysterious	1
mutt	1
mutinous	1
mutability	1
muskets	1
musketry	1
mused	1
murmurs	1
murmuring	1
murderer	1
multitude	1
mtm	1
moves	1
mouth	1
mournful	1
mountjoy	1
motionless	1
motioning	1
mor	1
mood	1
month	1
montelare	1
mont	1
monster	1
monotonously	1
momentous	1
moisten	1
modulated	1
mode	1
mocked	1
moat	1
moan	1
mjr	1
mixes	1
misty	1
mistress	1
missed	1
mischief	1
miration	1
miracle	1
mini	1
minds	1
mility	1
milfslalf	1
milesusr	1
milesuif	1
milesla.1*	1
milehan	1
milebuk	1
mile$ia!»	1
mildness	1
miiesias	1
miiesia.*	1
mighty	1
midi	1
miad	1
me~	1
messenger	1
merely	1
mental	1
menials	1
mency	1
menacing	1
menaced	1
menace	1
men.along	1
meditation	1
medicine	1
measured	1
measure	1
meanness	1
meaning	1
matters	1
matter	1
mates	1
masters	1
massive	1
mass	1
martyr	1
marry	1
marks	1
marbles	1
manners	1
mand	1
managed	1
manageable	1
malediction	1
majestic	1
maintained	1
main	1
magic	1
madwoman	1
madman	1
madam	1
m.p	1
luxurious	1
luxuries	1
luxuriance	1
lunatic	1
luggage	1
loyalty	1
loves	1
lough	1
loudly	1
loses	1
lose	1
lords	1
loose	1
longed	1
lonely	1
loneliness	1
lone	1
london	1
lofty	1
lodging	1
lodge	1
lobby	1
loader	1
loaded	1
load	1
literally	1
listener	1
lip	1
line	1
limited	1
limes	1
limerick	1
lilt	1
likes	1
liis	1
lighted	1
lifetime	1
lifeless	1
lier	1
liberty	1
liberation	1
lias	1
letters	1
lessons	1
lentinels	1
lenity	1
leinster	1
legend	1
leen	1
lee	1
lects	1
lect	1
leaflets	1
laying	1
lawless	1
lave	1
languor	1
languishing	1
lam	1
lajr	1
lait	1
lain	1
labouring	1
la	1
kt	1
knosv	1
knell	1
kiss	1
kindly	1
kindling	1
kindled	1
kindle	1
kinder	1
killing	1
kilcarrick	1
kiida	1
keenest	1
justify	1
jtffrt	1
jrou	1
joyful	1
jny	1
ji	1
jewel!"and	1
jewel	1
jest	1
jem	1
jealousy	1
jealous	1
jchildren	1
jcction	1
iwt	1
iuthe	1
iutenseness	1
iutel	1
iurned	1
itat	1
it^is	1
it?j>	1
it'yourself	1
irritation	1
irrevocably	1
irresolutely	1
irradiate	1
irony	1
irishman	1
ion	1
invoked	1
invitation	1
invading	1
invade	1
intuitive	1
introduction	1
introducing	1
intoxication	1
intoxicated	1
intolerably	1
intimations	1
intimated	1
interview	1
interval	1
interrupts	1
interpose	1
internal	1
interferes	1
intercede	1
intentions	1
intention	1
intensely	1
intended	1
intend	1
intelligent	1
instruments	1
instant	1
insolent	1
inside	1
inorning	1
inoor	1
innocent	1
inmates	1
inlrcaties	1
injury	1
injures	1
inist	1
inisfortiine	1
inilanied	1
inida	1
inhabitants	1
ingratitude	1
inflexibly	1
inflating	1
infinite	1
inferior	1
infected	1
infantry	1
inevitable	1
ineffectual	1
indulgence	1
indulge	1
indolence	1
indistinguishable	1
indignation	1
indifference	1
independent	1
indented	1
indemnify	1
indecent	1
increase	1
inconsistency	1
incoherent	1
included	1
inclemency	1
incessantly	1
incessant	1
incapable	1
inauspicious	1
impure	1
impropriety	1
improbable	1
impression	1
impracticable	1
impotence	1
impossibility	1
importuned	1
imploring	1
impetuously	1
impetuosity	1
impenetrable	1
impelled	1
impatient	1
impaired	1
immersion	1
immense	1
imal	1
imagiua	1
imagining	1
im	1
illusion	1
illuminate	1
ilia	1
ijt	1
iji	1
iir	1
iht	1
ihis	1
ihed	1
ihcle	1
ihcir	1
ihave	1
ih	1
ignorance	1
idle	1
idiot	1
ibe	1
i'd	1
hushed	1
husband	1
hurt	1
hurry	1
hurled	1
hunting	1
hungry	1
humour	1
humility	1
humiliation	1
hud	1
hr	1
howl	1
hovel	1
houri	1
hotel	1
hot	1
hostile	1
hostage	1
horse/and	1
horrof	1
hopefln	1
honourable	1
holy	1
hollowed	1
holes	1
hole	1
holds	1
hoarse	1
hoar	1
ho	1
hke	1
hit	1
history	1
hishorse	1
hii	1
highroad	1
hides	1
hide	1
hessians	1
hers	1
heresy	1
hercules	1
herculean	1
heralds	1
hence	1
hen	1
height	1
heeding	1
heditl	1
hectic	1
heavily	1
heavier	1
heaved	1
heathy	1
heaths	1
heat	1
hearth	1
heap	1
he'd	1
have.found	1
haunted	1
hates	1
haste	1
harpers	1
harmony	1
hare	1
hardihood	1
harbour	1
happened	1
hannibal	1
hanging	1
hanged	1
hang	1
handsome	1
hands/to	1
handle	1
handfu	1
halter	1
halted	1
halt	1
hairs	1
habitually	1
habits	1
habitable	1
guides	1
guest	1
guardian	1
grown	1
grounds	1
groped	1
grooms	1
grinned	1
grin	1
grieve	1
greisions	1
greeted	1
greet	1
green	1
greater	1
grasp	1
grapple	1
grandsoo	1
grand	1
graflou	1
gradation	1
gracious	1
govern	1
gou	1
gothic	1
goad	1
gnawed	1
gnaw	1
gloomily	1
glimpse	1
glazed	1
glass	1
glare	1
glancing	1
glances	1
gladiator	1
giftof	1
gift	1
gibbon	1
giant	1
gether	1
gentle	1
generally	1
general	1
gem	1
gav«	1
gashed	1
garret	1
garden	1
galwayhills	1
galway?"said	1
gallows	1
gallopped	1
galloping	1
galloped	1
gallop	1
gabrir	1
gab	1
furnished	1
furiously	1
fur	1
fulgent	1
fugitive	1
frozen	1
frown	1
fro	1
frightens	1
frightened	1
friendship	1
freshness	1
frequently	1
freedom	1
fraternal	1
fracture	1
fpr	1
fownef	1
fountain	1
fortress	1
fortifying	1
forsaken	1
forms	1
forming	1
formidable	1
forgiven	1
forfeited	1
forfeit	1
foremost	1
forces	1
forbid	1
forbearance	1
fool	1
fondness	1
follower	1
fof	1
foadness	1
fluctuations	1
fluctuating	1
floods	1
flinging	1
flew	1
flesh	1
fleetness	1
flattery	1
flattered	1
flashes	1
flash	1
flaring	1
flaraei	1
flaming	1
flames	1
flame	1
flakes	1
flail	1
fitfully	1
firmly	1
finish	1
finger	1
filth	1
fiew	1
fiercest	1
fiend	1
fhe	1
fetters	1
fervently	1
ferocity	1
fern	1
ferment	1
fence	1
felons	1
fellows	1
fellow-creature	1
fearfully	1
fearful	1
fe	1
favourite	1
favoured	1
favourable	1
fathers	1
fatally	1
fasting	1
faster	1
fantry	1
fancy	1
famished	1
famish	1
families	1
familiarly	1
familiarity	1
familiarise	1
fame	1
faltering	1
fairy	1
fairest	1
faintness	1
fails	1
fade	1
fact	1
faces	1
exultation	1
extri	1
extremities	1
extraordinary	1
extracting	1
extorting	1
extorted	1
extort	1
extinguishing	1
extinct	1
extent	1
expostulation	1
expiate	1
experience	1
expenses	1
expedite	1
existed	1
exist	1
exiled	1
exhibited	1
exertion	1
exerted	1
execution	1
executed	1
execrations	1
execration	1
excursions	1
exclaiming	1
exclaim	1
exasperate	1
examining	1
examined	1
examine	1
exactly	1
ewn	1
everj	1
events	1
eventful	1
evenings	1
eve	1
evaded	1
eut	1
eulogiums	1
eternity	1
eternal	1
escort	1
escapes	1
escaped	1
errors	1
equal	1
eould	1
entrust	1
entreating	1
entire	1
entertainment	1
entertained	1
enters	1
ensnared	1
enmity	1
enlarged	1
enjoyment	1
endymion	1
endure	1
ending	1
encouraged	1
encourage	1
encountering	1
enclosure	1
enclosing	1
enchanted	1
ence	1
emulation	1
empty	1
eminent	1
emerging	1
emergency	1
emergencies	1
emerged	1
emerald	1
embrace	1
embers	1
embellished	1
embellish	1
embalmed	1
elsewhere	1
eloquent	1
elk	1
eli	1
elevation	1
electric	1
eight	1
efforts	1
effaced	1
echo	1
eastern	1
easier	1
ease	1
earnestness	1
earnest	1
earn	1
earlier	1
dyed	1
dwell	1
duties	1
dupe	1
dumb	1
duced	1
dtfaded	1
drunkenness	1
drowned	1
drove	1
drop	1
drooping	1
driving	1
drinking	1
dressings	1
dreams	1
dreamed	1
dp	1
doze	1
downward	1
doubtful	1
doubted	1
doting	1
doomed	1
dominion	1
divine	1
divides	1
divided	1
divested	1
disturbs	1
disturbances	1
disturbance	1
distrusting	1
distrust	1
district	1
distinguishing	1
dissuaded	1
dissolved	1
dissipation	1
dissimulation	1
dispossess	1
disposition	1
dispose	1
displease	1
displaying	1
dispirited	1
dispersing	1
dispersed	1
dispelled	1
dismounting	1
dismounted	1
dismissed	1
dismayed	1
dismay	1
dishonest	1
disgust	1
disentangle	1
disengage	1
discrimination	1
discovering	1
discoverd	1
disclose	1
disclaim	1
discipline	1
discharge	1
discern	1
disastrous	1
disaster	1
disappointments	1
disappointment	1
disappointed	1
disaffection	1
dis	1
dirt	1
direct	1
dined	1
diminishing	1
diminished	1
dig	1
diffidence	1
difficult	1
differ	1
didn't	1
did^i	1
dictates	1
dictated	1
diamonds	1
diabolical	1
di	1
dfi	1
dewed	1
dew	1
devoured	1
devilish	1
developed	1
deters	1
determination	1
deter	1
details	1
destroys	1
destitute	1
despondency	1
despairing	1
desisted	1
desires	1
desire	1
desford	1
deserts	1
description	1
described	1
describe	1
descending	1
deriving	1
derision	1
derer	1
der	1
depth	1
depravity	1
depositing	1
depends	1
dependance	1
departing	1
departed	1
demoniac	1
demesne	1
delusion	1
deluge	1
deluding	1
deluded	1
delightful	1
delighted	1
delight	1
delicately	1
delicacy	1
delaying	1
delayed	1
delany	1
dejection	1
deity	1
deigning	1
degree	1
degraded	1
defied	1
defiance	1
deference	1
defender	1
defended	1
defalcation	1
deep!crlmson	1
deeds	1
declivities	1
decided	1
deceiving	1
decay	1
debility	1
debate	1
deathjjof	1
dearer	1
dealing	1
deal	1
dding	1
dcfcuttd	1
dazzled	1
darts	1
darted	1
darkened	1
dangerr	1
dancing	1
damned	1
dame	1
daily	1
da's	1
d	1
cvonnal	1
cut	1
custom	1
curtains	1
cursed	1
curls	1
curled	1
curiosity	1
cunnal	1
cultivated	1
crown	1
crouching	1
crosses	1
crisis	1
crimson	1
criminal	1
credulous	1
credit	1
cowards	1
cowardice	1
coward	1
covering	1
cover	1
counte	1
council	1
corses	1
corruption	1
corrode	1
correct	1
corps	1
cormac	1
cork	1
cordiality	1
coolly	1
cooled	1
convulsions	1
convulsion	1
convulse	1
convul	1
convincing	1
conveying	1
conveyance	1
convert	1
conversed	1
conversant	1
contributed	1
contrasted	1
contrary	1
continue	1
contingency	1
continental	1
contempt	1
contain	1
constructed	1
constrained	1
console	1
consisted	1
consigned	1
consequences	1
consented	1
consecrated	1
consciousness	1
conquest	1
connaught	1
connaffi	1
conna	1
conjure	1
congratulation	1
congratulating	1
confirmed	1
confines	1
confinement	1
confine	1
confessing	1
confessed	1
conductors	1
conductor	1
conducted	1
condition	1
condescended	1
condemnation	1
concluded	1
concentred	1
concentrated	1
conaal	1
compressed	1
comprehending	1
comprehend	1
composed	1
complete	1
complaint	1
complained	1
compensate	1
compels	1
compelling	1
compel	1
comparison	1
compared	1
communicates	1
communicate	1
commune	1
committed	1
commit	1
commission	1
commensurate	1
commenced	1
comforting	1
comes	1
combatants	1
com	1
colours	1
coiuuil	1
coiuial	1
coiled	1
coherent	1
coffin	1
cob	1
coat	1
coast	1
coals	1
clrsiuin	1
cloudy	1
clothing	1
clothe	1
closing	1
cloisters	1
clock	1
cling	1
climates	1
cliff	1
clare	1
clamours	1
clamour	1
city	1
cirove	1
circumstances	1
circular	1
cijwpanior	1
choked	1
childless	1
chi'l	1
cherished	1
chequered	1
cheering	1
checking	1
cheap	1
che	1
charges	1
channels	1
chanced	1
chance	1
chamber	1
chained	1
cf	1
certainly	1
certain	1
century	1
centre	1
cemetry	1
cejpes	1
caves	1
caverns	1
causing	1
cau	1
catered	1
cated	1
catching	1
catalani	1
casual	1
casements	1
case	1
carry	1
careless	1
career	1
car	1
captive	1
capable	1
cap	1
cannon	1
cabins	1
caa	1
c&a1ki	1
bylady	1
buy	1
butpastime	1
burying	1
burtben	1
buried	1
burial	1
burdens	1
bung	1
bumble	1
built	1
build	1
bu	1
brown	1
brow	1
brothel	1
brook	1
brooded	1
brink	1
brilliantly	1
brighter	1
brief	1
bridle	1
bride	1
bribe	1
brerman	1
brenuan	1
brennant	1
bren	1
breeze	1
breed	1
breathed	1
bravest	1
bravely	1
braved	1
brands	1
brandishing	1
branded	1
branches	1
braided	1
bpurs	1
boyhood	1
bowing	1
bovn	1
bouse	1
bounty	1
borrowing	1
borrowed	1
borrow	1
border	1
bora	1
bolted	1
boldest	1
bog	1
boats/	1
boating	1
boasted	1
boast	1
bo	1
blushing	1
blushed	1
bloom	1
bloodhounds	1
blinded	1
blind	1
blessings	1
blend	1
bleed	1
bleak	1
blazed	1
blasts	1
bj	1
bitterly	1
birth	1
birds	1
bind	1
bicnnan	1
bf	1
bewildered	1
bewailing	1
betraying	1
bespeaks	1
besought	1
besides	1
beset	1
bereft	1
benumbed	1
bent	1
benignant	1
benign	1
benighted	1
bench	1
bell	1
believes	1
beliete	1
behalf	1
beginning	1
begged	1
befraved	1
beetling	1
bedewed	1
beam	1
be.as	1
bayonets	1
bauds	1
baud	1
bates	1
bated	1
bas	1
barefoot	1
bards	1
bard	1
bar	1
banishment	1
balls	1
ball	1
backward	1
b'rst	1
awes	1
awaking	1
awake	1
aw	1
avowing	1
avow	1
avoided	1
avoid	1
avert	1
avenue	1
avails	1
augury	1
augmented	1
au	1
attractive	1
attracted	1
attested	1
attentive	1
attentions	1
attendants	1
attendance	1
attempting	1
attacks	1
attacked	1
atrocity	1
atonement	1
atone	1
atl	1
atiy	1
ather	1
astern	1
assurances	1
assuming	1
association	1
assizes	1
assisting	1
assisted	1
assis	1
assembly	1
assassins	1
assassination	1
assassinafed	1
assailed	1
assail	1
assaflants	1
aspires	1
aspiration	1
ashy	1
ashort	1
ashamed	1
ascribed	1
ascribe	1
ascending	1
artillery	1
arruida	1
arrives	1
array	1
arranged	1
arraida	1
arose	1
arniiila	1
arnaida	1
armt	1
armina	1
armidif	1
armida/s	1
are.afraid	1
ardent	1
arching	1
archangel	1
arc	1
apron	1
approaches	1
apprised	1
apprise	1
apprehend	1
applying	1
apply	1
appetite	1
appeased	1
appease	1
apostate	1
ap	1
anuidu	1
antagonist	1
ant	1
anq	1
announcing	1
ann	1
ankles	1
animating	1
animals	1
angry	1
ancestors	1
analysing	1
ambitious	1
ambition	1
alternately	1
alter	1
altar	1
alps	1
almostappalled	1
alive?"he	1
alight	1
alexander	1
ajid	1
aisle	1
aiming	1
aimida	1
aided	1
ahe	1
agreed	1
agonised	1
agonies	1
agleam	1
agitating	1
agitates	1
agita	1
aggravate	1
ag	1
affording	1
afforded	1
affirmed	1
affections	1
affecting	1
affec	1
adversary	1
adventurers	1
adventure	1
advantages	1
advances	1
adores	1
adored	1
admonitions	1
admiring	1
admirer	1
administer	1
adjacent	1
adherents	1
addressing	1
adamant	1
ad	1
actually	1
actual	1
active	1
acted	1
act	1
acre	1
acquainted	1
acmida/	1
acknowledge	1
achilles	1
accustomed	1
accusing	1
accuser	1
accused	1
accuse	1
accorded	1
accompanying	1
accommodated	1
accidental	1
accident	1
access	1
accepted	1
accents	1
accent	1
abstraction	1
abruptness	1
abrupt	1
abroad	1
abodes	1
abhorrent	1
abated	1
aad	1
].,	1
\yith	1
\v4rcre	1
\iav«	1
?.	1
?'*	1
?''	1
>vitid	1
<-	1
<	1
4tnd	1
/'	1
/	1
.....	1
....	1
..."	1
...	1
.'•'	1
.'"	1
-.	1
-,	1
*..."	1
******	1
**#*»»**	1
)	1
'•'	1
'•	1
'?''	1
';	1
'.	1
'*	1
'(	1
##*-	1
#	1
".	1
"'	1
!.•	1
