,	7013
the	2767
.	2122
to	2026
of	1988
and	1953
i	1899
my	1434
—	1331
a	1325
"	1053
in	971
with	638
me	585
that	583
you	559
his	527
;	515
it	513
was	472
had	447
not	446
he	431
which	427
have	423
is	412
for	412
by	389
be	380
but	373
your	314
on	314
her	294
from	294
this	289
!	263
at	257
an	247
as	235
mind	230
him	223
been	220
would	213
:	211
'	208
?	184
heart	179
mr	170
are	170
no	166
|arabic1digit|	165
into	165
myself	164
more	163
were	158
will	157
."	151
so	148
all	148
*'	142
upon	137
has	133
its	132
**	132
what	129
some	128
or	128
every	128
their	123
we	122
she	119
yet	117
them	116
our	116
who	115
one	113
(	111
they	108
os	108
|romannumeral|	107
may	105
*	105
when	103
could	103
these	100
should	98
friend	96
own	95
if	94
am	92
only	87
little	86
emma	86
too	85
do	85
|'s|	84
mrs	82
any	80
while	79
then	78
might	75
harley	75
man	73
can	72
augustus	72
time	71
nature	71
morton	71
than	70
how	70
those	68
said	68
now	68
after	66
)	66
there	63
life	63
without	62
whom	62
love	62
reason	61
must	60
few	60
again	59
-	59
though	58
being	58
situation	57
hand	57
up	56
still	56
through	55
tender	54
many	54
chap	53
world	52
other	52
moment	52
even	52
montague	51
virtue	50
over	50
having	50
us	49
himself	49
eyes	49
why	48
shall	48
character	48
before	48
affection	48
seemed	47
once	46
made	46
where	45
conduct	45
truth	44
spirits	44
out	44
never	44
day	44
?"	44
!"	44
such	43
mother	43
make	43
ever	43
received	42
most	42
letter	42
happiness	42
felt	42
feelings	42
appeared	42
present	41
perhaps	41
courtney	41
say	40
house	40
hope	40
great	40
francis	40
tenderness	39
principles	39
length	39
feel	39
woman	38
tears	38
like	38
know	38
pleasure	37
much	37
j	37
very	36
took	36
think	36
subject	36
nor	36
neither	36
.'	36
till	35
emotions	35
|arabic2digit|	34
strong	34
spirit	34
samily	34
less	34
human	34
circumstances	34
affections	34
about	34
thought	33
confidence	33
already	33
society	32
room	32
longer	32
good	32
gave	32
yourself	31
young	31
strength	31
state	31
returned	31
return	31
passion	31
mine	31
did	31
voice	30
son	30
lively	30
last	30
attention	30
whose	29
towards	29
suture	29
sensations	29
necessary	29
days	29
another	29
'*	29
whether	28
silence	28
long	28
kind	28
friendship	28
end	28
became	28
vain	27
passions	27
object	27
let	27
health	27
evening	27
countenance	27
consequences	27
virtues	26
thousand	26
sirst	26
sensibility	26
respect	26
place	26
past	26
m	26
errors	26
during	26
away	26
wish	25
well	25
take	25
sor	25
sentiment	25
reply	25
left	25
lady	25
informed	25
however	25
ed	25
dear	25
bosom	25
attachment	25
),	25
same	24
powers	24
power	24
passed	24
new	24
morning	24
force	24
esteem	24
added	24
--	24
way	23
tell	23
talents	23
spoke	23
sought	23
sentiments	23
period	23
part	23
park	23
late	23
interest	23
imagination	23
hours	23
god	23
given	23
expressed	23
apartment	23
speak	22
perceive	22
observed	22
next	22
mould	22
melancholy	22
itself	22
idea	22
give	22
foul	22
continued	22
chamber	22
cannot	22
call	22
both	22
become	22
allow	22
visit	21
various	21
true	21
times	21
sympathy	21
sunk	21
quitted	21
melmoth	21
f	21
early	21
each	21
does	21
affected	21
years	20
words	20
tone	20
t	20
replied	20
principle	20
pen	20
minds	20
manner	20
kindness	20
hour	20
held	20
features	20
education	20
conversation	20
between	20
believe	20
ardent	20
understanding	19
thus	19
srom	19
sat	19
real	19
read	19
re	19
rational	19
pride	19
nothing	19
name	19
men	19
loved	19
leave	19
indeed	19
half	19
friends	19
found	19
formed	19
engagement	19
beloved	19
arms	19
answer	19
alone	19
ah	19
youth	18
worthy	18
whole	18
since	18
severe	18
romantic	18
question	18
pain	18
ought	18
misery	18
means	18
knowledge	18
immediately	18
husband	18
happy	18
eye	18
equally	18
emotion	18
either	18
down	18
determined	18
called	18
broken	18
blood	18
because	18
appear	18
almost	18
''	18
wept	17
under	17
something	17
sir	17
sather	17
repeated	17
reasoning	17
perceived	17
paper	17
merely	17
library	17
just	17
here	17
existence	17
error	17
doubt	17
country	17
confess	17
company	17
common	17
assured	17
weak	16
u	16
town	16
temper	16
taken	16
suffer	16
soul	16
sind	16
short	16
sensible	16
secret	16
residence	16
reflection	16
rather	16
proper	16
others	16
mistakes	16
maternal	16
look	16
least	16
gentle	16
general	16
frequently	16
fortune	16
fortitude	16
exhausted	16
cruel	16
children	16
change	16
air	16
wholly	15
turn	15
thoughts	15
sorrows	15
seen	15
right	15
prejudices	15
months	15
lost	15
loss	15
looked	15
lips	15
impressions	15
important	15
heard	15
hands	15
habits	15
generous	15
efforts	15
desire	15
deep	15
companion	15
cold	15
business	15
began	15
back	15
anguish	15
also	15
against	15
affecting	15
active	15
accustomed	15
written	14
view	14
uncle	14
turned	14
told	14
three	14
table	14
sull	14
soon	14
seek	14
put	14
prejudice	14
peace	14
painsul	14
often	14
moments	14
mankind	14
learn	14
ideas	14
humanity	14
hitherto	14
head	14
grew	14
gradually	14
father	14
endeavoured	14
degree	14
death	14
dare	14
continue	14
child	14
bed	14
aster	14
ask	14
affectionate	14
addressed	14
accents	14
absence	14
yours	13
worth	13
wife	13
village	13
unable	13
two	13
sussiciently	13
superior	13
suddenly	13
succeeded	13
steps	13
source	13
sometimes	13
side	13
sense	13
see	13
result	13
request	13
remembrance	13
regret	13
qualities	13
pursuit	13
purpose	13
placed	13
peculiar	13
obliged	13
night	13
moral	13
miss	13
light	13
laid	13
ingenuous	13
individual	13
incapable	13
honour	13
gratesul	13
feeling	13
fear	13
enthusiasm	13
door	13
done	13
departure	13
denbeigh	13
delicate	13
deeply	13
course	13
consideration	13
carriage	13
care	13
came	13
aunt	13
arrived	13
alas	13
•	12
wounded	12
wild	12
usesul	12
train	12
sweet	12
support	12
subjects	12
sorrow	12
soften	12
silent	12
servant	12
scarcely	12
salse	12
sace	12
round	12
relinquish	12
relief	12
recollection	12
quickly	12
possible	12
person	12
pemberton	12
open	12
occasion	12
near	12
manners	12
lose	12
london	12
letters	12
kept	12
k	12
interesting	12
intelligence	12
inquire	12
increased	12
impression	12
herself	12
go	12
gentleman	12
generated	12
form	12
daughter	12
courage	12
close	12
cares	12
books	12
birth	12
better	12
barbarous	12
associations	12
ardour	12
ann	12
always	12
able	12
wrote	11
whatever	11
weakness	11
views	11
variety	11
tried	11
together	11
things	11
terms	11
taking	11
sit	11
sincerity	11
servants	11
self	11
seized	11
science	11
sacred	11
s	11
rest	11
respecting	11
repose	11
rendered	11
relation	11
produced	11
patient	11
ourselves	11
oh	11
mistake	11
miserable	11
minutes	11
met	11
master	11
making	11
live	11
lately	11
language	11
intervals	11
inspired	11
inspire	11
inquiries	11
ill	11
hopes	11
high	11
hear	11
girl	11
former	11
expectations	11
excited	11
everything	11
events	11
entered	11
earnestly	11
conviction	11
consider	11
con	11
characters	11
brought	11
behaviour	11
bear	11
attentions	11
assistance	11
apprehensions	11
acquainted	11
yes	10
write	10
women	10
willing	10
waited	10
value	10
unjust	10
understand	10
trace	10
threw	10
themselves	10
temporary	10
suspect	10
surprise	10
struck	10
stranger	10
somewhat	10
soft	10
social	10
sigh	10
sensation	10
reserve	10
remember	10
rapidly	10
raised	10
r	10
proposal	10
progress	10
proceed	10
practice	10
point	10
philosophy	10
pernicious	10
occurred	10
occasionally	10
need	10
motives	10
morals	10
mentioned	10
meet	10
low	10
ladies	10
judgement	10
judge	10
involved	10
improvement	10
home	10
gently	10
frankly	10
experienced	10
exist	10
evils	10
ere	10
equal	10
entreated	10
enough	10
energy	10
effects	10
duties	10
distress	10
distant	10
disposition	10
delicacy	10
considered	10
conceived	10
compelled	10
claim	10
capable	10
benevolent	10
beings	10
beheld	10
aware	10
actions	10
acted	10
account	10
accompanied	10
absorbed	10
year	9
wretched	9
within	9
wildly	9
weeks	9
week	9
walked	9
virtuous	9
violence	9
victim	9
ventured	9
uttered	9
united	9
trembling	9
tear	9
teach	9
taste	9
study	9
studies	9
sight	9
sex	9
several	9
separation	9
seat	9
school	9
scene	9
roused	9
retired	9
resumed	9
render	9
remained	9
relieve	9
pursuits	9
proposed	9
proportion	9
produce	9
procure	9
preyed	9
preserve	9
prepared	9
plans	9
perused	9
oppressed	9
objects	9
nurse	9
mistaken	9
miles	9
measure	9
lead	9
laws	9
justly	9
judged	9
joined	9
interrupted	9
ing	9
incessantly	9
importance	9
ignorant	9
hung	9
humane	9
h	9
free	9
fervent	9
fellow	9
fee	9
family	9
expect	9
exclaimed	9
endeavour	9
domestic	9
destructive	9
desert	9
daily	9
content	9
contemned	9
constitution	9
complain	9
changed	9
chaise	9
chain	9
certainly	9
burst	9
brother	9
book	9
blush	9
attempt	9
apprehension	9
age	9
afforded	9
afford	9
}	8
whither	8
weakened	8
want	8
vice	8
vague	8
unnecessary	8
unhappy	8
treated	8
tranquillity	8
throwing	8
th	8
taught	8
sussicient	8
surely	8
suppose	8
suit	8
sudden	8
submit	8
struggled	8
stopped	8
stop	8
started	8
solitude	8
solitary	8
small	8
simplicity	8
simple	8
silled	8
set	8
seems	8
savour	8
sar	8
sancy	8
saint	8
road	8
resign	8
regard	8
recalled	8
promise	8
profession	8
pressed	8
prepare	8
poor	8
please	8
pierced	8
periods	8
particular	8
p	8
opinion	8
obstacles	8
mysterious	8
month	8
mingled	8
mild	8
merit	8
mere	8
melted	8
marriage	8
mansion	8
madam	8
listened	8
led	8
indifferent	8
independence	8
increase	8
horses	8
homage	8
hesitated	8
help	8
hearts	8
hearing	8
goodness	8
going	8
glowing	8
glow	8
freedom	8
frame	8
foundation	8
forced	8
folly	8
fell	8
feeble	8
express	8
ex	8
entangled	8
elegant	8
easily	8
distrust	8
dissiculty	8
disorder	8
disdain	8
discovered	8
disappointment	8
dignity	8
different	8
desolate	8
desires	8
deceive	8
curiosity	8
convulsive	8
conceive	8
clouds	8
certain	8
cause	8
body	8
bitter	8
betrayed	8
beauty	8
arguments	8
appearance	8
anxiety	8
amidst	8
alternately	8
affect	8
affairs	8
adopt	8
act	8
acknowledge	8
accident	8
accent	8
^	8
/	8
»	7
yield	7
wore	7
turning	7
trust	7
transient	7
thinking	7
therefore	7
thank	7
terror	7
terrible	7
sympathies	7
susceptible	7
supported	7
subdued	7
subdue	7
studied	7
stood	7
square	7
spent	7
species	7
spare	7
sound	7
solicitude	7
softened	7
smile	7
six	7
situations	7
sister	7
sine	7
sighed	7
shrunk	7
shed	7
shame	7
seeking	7
second	7
saw	7
rising	7
retirement	7
restored	7
resigned	7
require	7
remains	7
remaining	7
receive	7
ran	7
pure	7
protection	7
prospects	7
proof	7
probable	7
pressing	7
powersul	7
possibly	7
physician	7
philosophic	7
philosopher	7
permitted	7
perfection	7
parting	7
overwhelmed	7
opposite	7
opportunity	7
opened	7
occupied	7
occasioned	7
o	7
natural	7
mystery	7
mysels	7
mistress	7
meeting	7
lest	7
leaving	7
large	7
knew	7
kindly	7
justice	7
intention	7
integrity	7
indulged	7
indebted	7
impetuous	7
illusion	7
hinted	7
habit	7
grief	7
gloomy	7
glance	7
gazed	7
frequent	7
fly	7
flow	7
flew	7
flattered	7
exquisite	7
expressions	7
exposed	7
exertion	7
exercise	7
entertained	7
entering	7
enter	7
enabled	7
drew	7
dinner	7
determine	7
darling	7
darkness	7
dangerous	7
creatures	7
covered	7
conside	7
complicated	7
comfort	7
come	7
colour	7
cloud	7
charm	7
causes	7
career	7
capricious	7
calling	7
cafe	7
besore	7
awakened	7
attend	7
attempted	7
aspect	7
arrival	7
around	7
approach	7
appears	7
apathy	7
answered	7
animated	7
address	7
acute	7
acquired	7
acquire	7
accompany	7
..	7
|arabic3digit|	6
younger	6
wound	6
worthless	6
word	6
wished	6
welsare	6
welfare	6
warmth	6
wandered	6
walk	6
w	6
violent	6
vanity	6
usual	6
use	6
urged	6
unfortunate	6
unconscious	6
traces	6
traced	6
touched	6
tortured	6
thy	6
tale	6
sustain	6
suspense	6
suspended	6
survive	6
sun	6
suffering	6
suffered	6
sublime	6
struggling	6
struggles	6
stole	6
st	6
spring	6
spread	6
sopha	6
soothing	6
sixed	6
sive	6
sire	6
singular	6
sickness	6
shuddered	6
separate	6
sent	6
seel	6
seated	6
scenes	6
saults	6
sarah	6
sair	6
sad	6
sacrisice	6
sa	6
reverie	6
returning	6
respectable	6
resentment	6
repeat	6
removed	6
remarks	6
remain	6
relieved	6
related	6
regarded	6
reflections	6
really	6
protracted	6
prospect	6
propose	6
proceeded	6
preceding	6
political	6
pleasures	6
pleasant	6
plan	6
placid	6
picture	6
persuaded	6
perseverance	6
permit	6
perceiving	6
penetrating	6
parts	6
partial	6
owe	6
ordered	6
opinions	6
observing	6
objection	6
notions	6
noble	6
mutual	6
minute	6
medium	6
mean	6
married	6
line	6
lifeless	6
lesson	6
languid	6
laboured	6
known	6
joy	6
journey	6
involve	6
involuntarily	6
introduced	6
interval	6
intercourse	6
instant	6
innocent	6
inconceivable	6
income	6
inclined	6
impressed	6
hurried	6
hastily	6
habitual	6
guilty	6
guardians	6
grand	6
graces	6
genuine	6
generally	6
forth	6
folded	6
flood	6
fled	6
flattering	6
flatter	6
fears	6
fatal	6
extravagant	6
extensive	6
expression	6
expressing	6
experience	6
expectation	6
exertions	6
exercised	6
excellent	6
excellence	6
estate	6
entrance	6
entirely	6
enjoyment	6
energies	6
en	6
employment	6
effect	6
easy	6
eagerly	6
dying	6
duty	6
dread	6
doubts	6
distinguished	6
distempered	6
dissicult	6
disgusted	6
disappointed	6
died	6
destiny	6
despondency	6
despair	6
deny	6
delighted	6
delight	6
de	6
daughters	6
daring	6
danger	6
cut	6
creation	6
cousin	6
contradictory	6
constrained	6
consided	6
conflict	6
communication	6
com	6
coldness	6
circle	6
cherished	6
cherish	6
cheeks	6
charming	6
chair	6
certainty	6
caught	6
carried	6
caresully	6
burden	6
breathed	6
breaksast	6
break	6
bound	6
beyond	6
bewildered	6
believed	6
avoided	6
attentively	6
attended	6
attained	6
assumed	6
asfections	6
appellation	6
apparent	6
anticipated	6
among	6
amiable	6
ambition	6
agonising	6
advanced	6
adding	6
across	6
acquaintance	6
accidentally	6
ability	6
>	6
.,	6
«	5
writing	5
writer	5
wonder	5
withdrew	5
wit	5
wishes	5
wide	5
whence	5
went	5
weep	5
wayward	5
vivid	5
vivacity	5
visited	5
vigour	5
verge	5
vainly	5
utterly	5
usesulness	5
union	5
unequivocal	5
unconsciously	5
uncertain	5
tremulous	5
travelled	5
trade	5
tracing	5
torrent	5
torn	5
topic	5
tion	5
tie	5
tide	5
thrown	5
threatening	5
thick	5
tenderly	5
ten	5
talk	5
system	5
sul	5
sufferings	5
success	5
substitute	5
subsided	5
struggle	5
stronger	5
strange	5
steady	5
spot	5
specious	5
speaking	5
spake	5
sora	5
solemn	5
smiled	5
slave	5
sitted	5
sinking	5
sink	5
shut	5
share	5
settled	5
serious	5
seem	5
seelings	5
search	5
satisfy	5
sanguine	5
saithsul	5
sadness	5
sade	5
sact	5
sacrisiced	5
rules	5
rudely	5
risque	5
reward	5
retain	5
resuse	5
rested	5
resided	5
resemblance	5
reproach	5
repeatedly	5
removal	5
reminded	5
reluctance	5
reiterated	5
reflecting	5
reflect	5
rectitude	5
recollected	5
recollect	5
recital	5
reasons	5
reading	5
reached	5
rain	5
rachel	5
quitting	5
quick	5
questions	5
purity	5
prove	5
proud	5
promised	5
procured	5
probably	5
probability	5
pro	5
private	5
pretend	5
pressure	5
premature	5
portrait	5
portion	5
poison	5
poignant	5
placing	5
pity	5
pillow	5
pervaded	5
personal	5
per	5
pay	5
party	5
particularly	5
parent	5
pangs	5
pale	5
paint	5
pains	5
ot	5
oppressive	5
opposition	5
offered	5
obscure	5
oblige	5
obligation	5
neighbouring	5
narrative	5
moved	5
motion	5
morbid	5
morality	5
mo	5
mixture	5
misfortunes	5
middle	5
metropolis	5
mental	5
memory	5
memoirs	5
medical	5
marked	5
manly	5
magnanimity	5
lucas	5
loving	5
lovely	5
loud	5
looking	5
lives	5
lines	5
likely	5
liable	5
leisure	5
labour	5
investigation	5
instantly	5
inquired	5
injustice	5
informing	5
inform	5
inequalities	5
induced	5
indolence	5
incidents	5
imposed	5
imperious	5
imperfect	5
impenetrable	5
impatience	5
images	5
illusions	5
hundred	5
hopeless	5
hoped	5
heroine	5
hero	5
happened	5
hall	5
grow	5
glistened	5
gaze	5
gained	5
future	5
friendly	5
forgive	5
forget	5
forfeited	5
followed	5
flight	5
fervour	5
female	5
farewell	5
false	5
explained	5
explain	5
expected	5
expand	5
excess	5
example	5
examined	5
entreating	5
engaging	5
engaged	5
eloquence	5
elapsed	5
effort	5
ef	5
educated	5
drawing	5
distressed	5
distinctions	5
dissolution	5
disordered	5
disgust	5
discover	5
dis	5
direction	5
devoted	5
destruction	5
destroyed	5
desired	5
degrees	5
declining	5
deceased	5
dearest	5
dark	5
cultivate	5
cost	5
cordial	5
contagion	5
consolation	5
consigned	5
conscious	5
confusion	5
concerns	5
concern	5
conceal	5
comprehend	5
composure	5
commercial	5
combination	5
coldly	5
civilization	5
childhood	5
case	5
carry	5
caresses	5
capacity	5
branches	5
blow	5
bis	5
beware	5
beside	5
berkley	5
bequeathed	5
behold	5
basis	5
avail	5
assist	5
asfection	5
arm	5
ar	5
applied	5
application	5
anxieties	5
altogether	5
alarmed	5
aided	5
agreed	5
agreeable	5
agitated	5
affectation	5
affair	5
advantages	5
advantage	5
admire	5
admiration	5
activity	5
action	5
accused	5
accomplishments	5
absolutely	5
abruptly	5
\	5
?'	5
/"	5
■	4
zeal	4
z	4
yoursels	4
yon	4
yielded	4
yearned	4
wrought	4
wrong	4
wrapped	4
wise	4
window	4
willingly	4
whimsical	4
wearied	4
waste	4
wants	4
wandering	4
waking	4
waiting	4
voyages	4
visits	4
visionary	4
victory	4
vexations	4
vessel	4
veins	4
veil	4
utterance	4
unworthy	4
unwilling	4
unreasonable	4
unkindness	4
unison	4
unfold	4
understood	4
uncommon	4
unaffected	4
un	4
tumult	4
try	4
troubled	4
trouble	4
triumph	4
tremble	4
tranquil	4
tore	4
topics	4
throughout	4
thou	4
thanking	4
term	4
temples	4
tempest	4
td	4
systems	4
symptoms	4
swept	4
suspicions	4
suspected	4
susfered	4
surther	4
sure	4
supreme	4
suppressed	4
supposed	4
summer	4
sully	4
suggestions	4
subside	4
sternly	4
step	4
starting	4
standing	4
sriend	4
soothed	4
solicitudes	4
smiling	4
slept	4
sketch	4
sitting	4
sincere	4
similar	4
sickly	4
shook	4
sew	4
severity	4
service	4
ser	4
separated	4
sen	4
selsish	4
seldom	4
seeming	4
secured	4
sections	4
sear	4
scarce	4
scanty	4
says	4
savage	4
satissaction	4
sashion	4
sanctioned	4
sanaticism	4
sake	4
saculties	4
rushed	4
run	4
rule	4
rousseau	4
root	4
ridiculous	4
revived	4
retract	4
retorted	4
retire	4
resused	4
resume	4
restrain	4
resting	4
respected	4
resolution	4
reserved	4
required	4
requested	4
reputation	4
reproof	4
repetition	4
repay	4
renewed	4
remove	4
remorse	4
religion	4
reformation	4
reflected	4
recovered	4
recover	4
receiving	4
recall	4
reasoned	4
reasonable	4
putting	4
pursuing	4
pursue	4
propriety	4
profound	4
previous	4
prevent	4
presented	4
presence	4
pre	4
possibility	4
pleased	4
plea	4
played	4
play	4
plant	4
piercing	4
perturbation	4
patience	4
path	4
particulars	4
panted	4
paid	4
osten	4
originated	4
operations	4
operate	4
old	4
ol	4
offer	4
off	4
occupations	4
occasions	4
o'clock	4
nursery	4
notwithstanding	4
nine	4
nevertheless	4
nerves	4
necessity	4
necessarily	4
nearer	4
nay	4
nameless	4
murmurs	4
motive	4
mortisied	4
modesty	4
modest	4
model	4
misfortune	4
mischief	4
methought	4
method	4
messenger	4
materials	4
madness	4
looks	4
locked	4
lise	4
limits	4
liberty	4
liberal	4
lent	4
languor	4
join	4
jealous	4
interested	4
insussicient	4
insulted	4
institutions	4
instead	4
insant	4
inquiry	4
innumerable	4
inn	4
injury	4
injurious	4
ingenious	4
influence	4
indissoluble	4
indisposition	4
incoherent	4
incessant	4
improved	4
improper	4
impelled	4
immediate	4
illuminated	4
il	4
ihe	4
ignorance	4
hypocrisy	4
humble	4
hostess	4
horror	4
hint	4
highest	4
heavily	4
heaven	4
hasty	4
hastened	4
harassed	4
handkerchief	4
guarded	4
ground	4
gross	4
greatly	4
greater	4
gentlemen	4
gay	4
gain	4
french	4
freely	4
frankness	4
frank	4
fragile	4
fostering	4
fort	4
forms	4
forgotten	4
forever	4
forcibly	4
following	4
foil	4
foibles	4
fo	4
feminine	4
feet	4
feeds	4
feat	4
far	4
fancy	4
fair	4
exquisitely	4
experiments	4
expense	4
exert	4
excesses	4
evil	4
evidently	4
evident	4
event	4
evasion	4
enviable	4
entreat	4
entertainment	4
engage	4
energetic	4
endeavouring	4
earlier	4
e	4
doing	4
distinction	4
distance	4
dissolved	4
dissolve	4
disguise	4
die	4
devolved	4
destroy	4
deserved	4
description	4
describe	4
dependent	4
dependence	4
depended	4
depend	4
delicious	4
degrading	4
degradation	4
declined	4
debilitated	4
dared	4
d	4
customs	4
custom	4
critical	4
crept	4
corrupt	4
contribute	4
contracted	4
continuance	4
consused	4
constraint	4
constitutes	4
constituted	4
considerably	4
consciousness	4
connexion	4
conjecture	4
congenial	4
concentrated	4
composition	4
composed	4
complied	4
complained	4
combined	4
combat	4
clouded	4
closed	4
clear	4
claims	4
circumstance	4
cherishing	4
cheek	4
chearsul	4
charms	4
charge	4
changes	4
cases	4
caresul	4
candour	4
calm	4
caleb	4
broke	4
breast	4
bounded	4
boast	4
bless	4
blast	4
best	4
becoming	4
awaken	4
avidity	4
availed	4
author	4
attentive	4
ashamed	4
asfected	4
asfect	4
artisicial	4
approbation	4
approaching	4
amused	4
allowed	4
alarming	4
agonies	4
agitation	4
affectionately	4
advancing	4
advance	4
adopted	4
admit	4
adjoining	4
add	4
accidents	4
absurd	4
abstract	4
absent	4
.''	4
',	4
!*	4
!'	4
•*	3
«'	3
yielding	3
wounds	3
work	3
wishing	3
winter	3
windows	3
williams	3
wider	3
white	3
weeds	3
wear	3
wealth	3
weaken	3
water	3
watched	3
watch	3
warning	3
warned	3
war	3
wantonly	3
visible	3
vigorous	3
vexation	3
venture	3
varying	3
vacuity	3
utility	3
used	3
urge	3
unusual	3
unsit	3
unprotected	3
unnatural	3
universally	3
universal	3
uninteresting	3
ungenerous	3
unfolded	3
unequal	3
uncorrupted	3
unacquainted	3
tyranny	3
turns	3
tumultuous	3
truths	3
troublesome	3
trial	3
trembled	3
tree	3
traveller	3
tragical	3
tottering	3
torpor	3
torpid	3
tomorrow	3
timid	3
thunder	3
throw	3
throbbing	3
thorn	3
thing	3
thanked	3
ter	3
tendency	3
tended	3
tend	3
tamely	3
swelling	3
surious	3
suppress	3
supposing	3
supply	3
superfluous	3
sunds	3
summoned	3
summon	3
sum	3
sullen	3
suffocating	3
sufferer	3
succeeding	3
succeed	3
subtle	3
substantial	3
subjected	3
style	3
strengthen	3
stern	3
states	3
stand	3
springs	3
spreading	3
sported	3
sources	3
sounded	3
sormed	3
sophistry	3
solicitous	3
sobs	3
sober	3
snatched	3
slumber	3
slowly	3
sleep	3
sketching	3
sirmness	3
sirmly	3
sirmer	3
sirm	3
single	3
sinding	3
sincerely	3
sied	3
sides	3
sic	3
shunned	3
shudder	3
shrinking	3
shrink	3
shrine	3
show	3
ship	3
severely	3
settle	3
services	3
served	3
serve	3
series	3
serene	3
sensibilities	3
semblance	3
selt	3
seeing	3
secretly	3
sea	3
scorn	3
scope	3
scheme	3
savourite	3
savoured	3
savourable	3
satissied	3
satigue	3
satal	3
sarcastic	3
sancied	3
samiliar	3
saith	3
sairy	3
sainted	3
sagacity	3
safety	3
safe	3
saded	3
rude	3
rouse	3
rose	3
romances	3
roman	3
rises	3
rise	3
rigid	3
rife	3
revolved	3
restoration	3
restless	3
resist	3
requires	3
repress	3
represented	3
reposed	3
report	3
repast	3
rent	3
renounce	3
renewal	3
renew	3
remainder	3
reluctantly	3
rejoice	3
rein	3
regulate	3
regain	3
redoubled	3
reddened	3
recompense	3
recognised	3
reclining	3
reasonings	3
ready	3
ray	3
rate	3
rapture	3
raise	3
rage	3
quit	3
quiet	3
purport	3
property	3
properly	3
propensities	3
productive	3
preys	3
prevented	3
prevailed	3
press	3
preserved	3
preface	3
predominant	3
precipitation	3
precipitately	3
precepts	3
preceptor	3
precept	3
pour	3
pounds	3
possessed	3
porter	3
polite	3
planter	3
plainly	3
philosophical	3
persons	3
perplexity	3
performance	3
perfectly	3
perception	3
people	3
pause	3
passing	3
passage	3
partiality	3
parted	3
paragraph	3
painted	3
overspread	3
otherwise	3
originates	3
originally	3
original	3
opening	3
offspring	3
odious	3
occasional	3
obscurity	3
number	3
notice	3
northeast	3
noon	3
nice	3
native	3
n	3
music	3
mult	3
move	3
mournsul	3
motionless	3
mortisication	3
moon	3
money	3
momentary	3
moderation	3
moderate	3
mock	3
mix	3
mislead	3
miracle	3
min	3
ments	3
meditations	3
meditation	3
meaning	3
maze	3
maybe	3
materially	3
magic	3
ly	3
luxurious	3
lover	3
losing	3
living	3
lived	3
literature	3
lightning	3
lightly	3
lies	3
levity	3
lethargy	3
lessons	3
legal	3
legacy	3
learned	3
latter	3
languidly	3
lacerated	3
laborious	3
knows	3
kneeling	3
keep	3
justify	3
judicious	3
jamaica	3
ives	3
irresistibly	3
irresistible	3
involving	3
invited	3
internal	3
intellect	3
insupportable	3
insuperable	3
insufficient	3
instance	3
insensible	3
insantine	3
insancy	3
inquietude	3
injured	3
inflexible	3
inexplicable	3
ineffable	3
industrious	3
induce	3
indignation	3
indifference	3
indelicate	3
increasing	3
incident	3
inarticulate	3
impotent	3
importunate	3
impertinence	3
image	3
ideal	3
humours	3
hospitable	3
honest	3
hold	3
history	3
hill	3
highly	3
hid	3
hesitation	3
hersels	3
helped	3
heavy	3
heath	3
heads	3
hate	3
haemorrhage	3
guilt	3
guidance	3
guardian	3
growth	3
griess	3
green	3
grave	3
gratisied	3
gradual	3
gracious	3
grace	3
glorious	3
generates	3
gazing	3
garden	3
gallantry	3
g	3
frenzy	3
four	3
founded	3
fostered	3
forward	3
fortunes	3
forming	3
forlorn	3
forgiveness	3
foreign	3
forbidden	3
fondness	3
fondly	3
fond	3
follow	3
fluttering	3
flowed	3
first	3
festering	3
felicity	3
feared	3
face	3
extreme	3
extravagance	3
extraordinary	3
extracted	3
extended	3
expose	3
experiment	3
expenses	3
expatiate	3
existance	3
exercising	3
excuse	3
eventually	3
esteemed	3
establishment	3
established	3
erroneous	3
envenomed	3
enthusiastic	3
enjoy	3
engraven	3
enable	3
emulation	3
empty	3
empires	3
emphatically	3
emphatic	3
embracing	3
embraces	3
embrace	3
embarrassment	3
embarrassed	3
eldest	3
eighteenth	3
eccentric	3
east	3
ear	3
dupe	3
driven	3
dressing	3
dress	3
dreary	3
dream	3
drawn	3
draw	3
drank	3
doubtsul	3
doubted	3
divided	3
disturbed	3
disturb	3
distinguish	3
distinctly	3
distinct	3
dissiculties	3
disentangle	3
discouraged	3
disconcerted	3
discharge	3
directly	3
directed	3
dignisied	3
differently	3
differ	3
dictates	3
dictated	3
detail	3
despise	3
desirous	3
desirable	3
deserve	3
descend	3
derive	3
deprive	3
deposit	3
depends	3
depart	3
den	3
demanded	3
deliverer	3
delayed	3
dejected	3
degrade	3
declaring	3
declared	3
decide	3
deceived	3
decease	3
deal	3
dazzled	3
darted	3
current	3
curious	3
cure	3
crowded	3
criminal	3
crimes	3
crime	3
coxcomb	3
cousins	3
courted	3
counsels	3
counsellor	3
cottage	3
correspondence	3
correct	3
convinced	3
convince	3
convictions	3
conveyed	3
conveyance	3
converted	3
conversing	3
conversed	3
conversations	3
contrast	3
continues	3
continually	3
contempt	3
contemplated	3
consuming	3
constitutions	3
constant	3
console	3
considing	3
considering	3
considerable	3
consequent	3
consequence	3
conquer	3
connexions	3
connecting	3
connected	3
confound	3
conflicts	3
conflicting	3
conditions	3
condition	3
conceiving	3
comprehensive	3
compliments	3
complete	3
compel	3
committed	3
commerce	3
commanded	3
command	3
coming	3
co	3
closes	3
civilities	3
circulated	3
chosen	3
choose	3
choice	3
cheer	3
check	3
channel	3
cf	3
censures	3
ceased	3
cease	3
caution	3
caused	3
captious	3
caprice	3
canvassed	3
canker	3
calculate	3
calamity	3
burning	3
buried	3
brow	3
brooded	3
brief	3
breathless	3
breath	3
breaking	3
brave	3
born	3
bold	3
board	3
blushed	3
blinded	3
blank	3
bitterness	3
betray	3
bestow	3
besides	3
beneath	3
beigh	3
beginning	3
begin	3
bathed	3
bat	3
banker	3
balm	3
b	3
awake	3
awaited	3
avow	3
averted	3
au	3
attract	3
attending	3
attendant	3
attempting	3
attaining	3
attached	3
assure	3
assurance	3
association	3
associated	3
assiduously	3
asperity	3
asked	3
artless	3
arrow	3
arrive	3
arrested	3
arose	3
arid	3
arduous	3
approached	3
appointed	3
applause	3
apparently	3
apartments	3
ap	3
anything	3
antagonist	3
announced	3
anna	3
ancient	3
analysed	3
amusing	3
amusements	3
amusement	3
ample	3
ami	3
along	3
allege	3
alk	3
alien	3
aid	3
agree	3
agony	3
ages	3
afflict	3
af	3
admirable	3
administered	3
addressing	3
additional	3
accuse	3
accumulated	3
according	3
accomplished	3
accidental	3
accept	3
ac	3
abuse	3
absences	3
abrupt	3
abhorred	3
'-	3
%	3
$	3
„	2
œconomical	2
£	2
|arabicprice|	2
y	2
wretch	2
worshipped	2
worse	2
wondersul	2
witnessed	2
withheld	2
withdrawn	2
withdrawing	2
withdraw	2
wiped	2
wings	2
wind	2
wildest	2
wilderness	2
widow	2
wholesome	2
whispered	2
wheel	2
weighed	2
weigh	2
wei	2
weekly	2
weather	2
waved	2
watching	2
warn	2
warm	2
wanted	2
wanderer	2
wand	2
walking	2
wagon	2
vulgar	2
volumes	2
vol	2
vital	2
visitant	2
visions	2
vision	2
visibly	2
vilest	2
vile	2
victims	2
vicinity	2
vices	2
ver	2
vengeance	2
veiled	2
vehement	2
vary	2
variously	2
varied	2
variation	2
vanquished	2
va	2
usurped	2
unsophisticated	2
unrestrained	2
unreservedly	2
unless	2
unkind	2
universe	2
unfounded	2
unfeigned	2
uneasiness	2
uncontrollable	2
unavoidable	2
ultimately	2
ty	2
twisted	2
twice	2
twenty	2
twelfth	2
turf	2
trusted	2
tripped	2
tricks	2
trepidation	2
tremor	2
treasures	2
transports	2
transmitted	2
transition	2
trains	2
trader	2
tour	2
torturing	2
torture	2
torrents	2
tome	2
tolerable	2
today	2
tny	2
tn	2
title	2
tions	2
tiny	2
timidity	2
ties	2
tidings	2
throws	2
threatened	2
thread	2
thoughtless	2
thoroughly	2
thorns	2
thole	2
third	2
theory	2
thee	2
thac	2
testator	2
test	2
tern	2
tenure	2
tempestuous	2
tedious	2
ted	2
te	2
tastes	2
tales	2
takes	2
tacitly	2
sympathetic	2
swelled	2
sweetness	2
swear	2
suturity	2
sustained	2
sussice	2
sussi	2
suspicion	2
susceptibility	2
sus	2
sury	2
survey	2
sursace	2
sur	2
supposition	2
supporting	2
supplied	2
superstition	2
superscription	2
superiors	2
sunshine	2
summons	2
sulsil	2
suitable	2
suggestion	2
suffocation	2
sufficiently	2
successsul	2
subsiding	2
subsequent	2
stupor	2
stunned	2
stung	2
stubborn	2
strove	2
stress	2
streams	2
stream	2
strangers	2
story	2
stimulated	2
stimulate	2
stifling	2
stifle	2
stepped	2
stead	2
stationed	2
stated	2
start	2
stare	2
stake	2
stagecoach	2
stage	2
stable	2
srequently	2
springing	2
spreads	2
sports	2
sportive	2
spontaneously	2
spoken	2
splendour	2
spend	2
spell	2
spared	2
southeast	2
souls	2
sostened	2
sorry	2
sormer	2
sordid	2
somewhere	2
solve	2
solicited	2
solicit	2
solemnity	2
soldiers	2
sold	2
softness	2
softer	2
smooth	2
smilingly	2
smiles	2
slumbers	2
slow	2
slighted	2
slaves	2
slavery	2
skilsul	2
sixing	2
situated	2
sisters	2
sis	2
sinks	2
sinished	2
simply	2
silenced	2
sigure	2
signs	2
signisicant	2
sign	2
siction	2
sibre	2
shutting	2
shun	2
shriek	2
shown	2
shower	2
shorter	2
shocking	2
shock	2
shll	2
shivering	2
shire	2
sheltered	2
shawl	2
sharpened	2
sharp	2
shared	2
shade	2
sexual	2
severer	2
seven	2
servitude	2
seriously	2
senseless	2
sellow	2
sell	2
self-love	2
seize	2
seeling	2
seduced	2
seduce	2
secure	2
seasons	2
season	2
scrutinising	2
scorned	2
scale	2
saultering	2
satissactory	2
satisfaction	2
satigued	2
sated	2
sastidious	2
sasti	2
sast	2
sashionable	2
salutation	2
salutary	2
sallen	2
saintly	2
sainter	2
sails	2
sailed	2
sail	2
sabric	2
running	2
rous	2
rome	2
rob	2
rivers	2
risen	2
rious	2
rigour	2
rich	2
revolve	2
revive	2
review	2
reverence	2
revered	2
revenge	2
reveal	2
returns	2
retrospective	2
retrospection	2
retrospect	2
retreat	2
resuses	2
resulted	2
restraint	2
restlessness	2
respectsully	2
respectsul	2
respects	2
respective	2
respectability	2
resources	2
resource	2
resolved	2
reslection	2
resinement	2
resine	2
reside	2
resemble	2
requisite	2
requesting	2
reputable	2
reprove	2
reproaches	2
repressed	2
reported	2
repented	2
repaid	2
rend	2
remonstrances	2
remonstrance	2
remembered	2
remedy	2
remark	2
relinquished	2
relaxation	2
relations	2
relapsed	2
relapse	2
rejoined	2
reject	2
regularly	2
regular	2
regions	2
regained	2
refused	2
refreshing	2
reduced	2
red	2
recreation	2
recovery	2
recollections	2
recollecting	2
recognise	2
reclined	2
recesses	2
recently	2
recalling	2
reap	2
readily	2
rea	2
ravages	2
ravage	2
ration	2
rash	2
rapid	2
rankling	2
rank	2
range	2
rally	2
quivering	2
quickness	2
quench	2
qualify	2
q	2
pursued	2
purposes	2
purchasing	2
purchased	2
pupils	2
public	2
prudent	2
prudence	2
provoking	2
provision	2
providing	2
provided	2
proudly	2
protect	2
prosperity	2
proposition	2
proposing	2
propensity	2
prooss	2
proofs	2
prompt	2
promising	2
prolonged	2
professed	2
produces	2
privilege	2
prior	2
prince	2
prey	2
previously	2
prevail	2
preux	2
pretty	2
pretence	2
preserver	2
presently	2
preparing	2
preparation	2
prejudicial	2
preference	2
precise	2
precipitate	2
precede	2
pray	2
poverty	2
pouring	2
post	2
possessions	2
possession	2
possessing	2
possess	2
posed	2
pope	2
pomp	2
polished	2
pole	2
pointed	2
poetry	2
plunged	2
pleasantry	2
pleaded	2
plaintive	2
plain	2
plague	2
places	2
pittance	2
pitiable	2
piqued	2
pinions	2
pillows	2
physicians	2
physic	2
phantoms	2
persevering	2
persecute	2
perplexed	2
perpetuated	2
permission	2
permanent	2
perfect	2
pent	2
penetrated	2
pecuniary	2
pear	2
peacesul	2
pasted	2
pass	2
parties	2
papers	2
pang	2
paltry	2
painful	2
page	2
owes	2
owed	2
overlooked	2
overflowing	2
outward	2
outrage	2
outcast	2
ous	2
ostentation	2
ossicer	2
ossice	2
orphan	2
ornaments	2
originality	2
order	2
opposed	2
oppose	2
operated	2
ones	2
oi	2
offers	2
occurrences	2
obvious	2
obstacle	2
observations	2
observation	2
obscured	2
obliterated	2
objections	2
obey	2
nursing	2
nursed	2
numberless	2
note	2
none	2
noblest	2
nobler	2
nights	2
net	2
ness	2
neck	2
neat	2
nearly	2
nearest	2
narration	2
murderers	2
murder	2
mull	2
moving	2
morti	2
mortal	2
monta	2
monday	2
modisied	2
mocks	2
mockery	2
mixed	2
mitigation	2
mists	2
missed	2
miseries	2
misconstrue	2
mischievous	2
misanthropy	2
mis	2
minutely	2
mingle	2
militates	2
mile	2
midst	2
midnight	2
mi	2
methodise	2
methinks	2
meteors	2
meritorious	2
merited	2
mercantile	2
ment	2
melting	2
melt	2
meliorate	2
meditated	2
meanwhile	2
meant	2
maturely	2
matter	2
martyr	2
marks	2
mark	2
manifested	2
mall	2
malicious	2
makes	2
luxury	2
lower	2
loveliest	2
losophise	2
loose	2
longing	2
longed	2
lofty	2
lity	2
litde	2
listening	2
listen	2
limited	2
likewise	2
lightened	2
lighted	2
level	2
legislator	2
leaves	2
learning	2
leaning	2
lays	2
laying	2
lay	2
law	2
lavished	2
laved	2
lap	2
languished	2
land	2
lamented	2
lament	2
lam	2
lake	2
knowing	2
knelt	2
kissed	2
kindred	2
joysully	2
joanna	2
jectured	2
jealousy	2
jealousies	2
jarring	2
ivitb	2
issue	2
irritated	2
iron	2
ion	2
involves	2
invent	2
invariably	2
inured	2
intrude	2
introduction	2
introducing	2
introduce	2
intrepid	2
intimidate	2
intimately	2
intimated	2
interwoven	2
interview	2
interrogated	2
intentions	2
intent	2
intending	2
intended	2
intelligent	2
insult	2
instruction	2
instances	2
insipidity	2
insinitely	2
insinite	2
insensibly	2
insensibility	2
insanity	2
insalliably	2
inquietudes	2
innocence	2
inmost	2
inhuman	2
inhabitant	2
ings	2
information	2
inflicted	2
inflict	2
inferior	2
infected	2
infant	2
inexpressible	2
inevitably	2
indulging	2
indulgence	2
individuals	2
individuality	2
indiscretion	2
indignant	2
indies	2
india	2
indesatigable	2
indelible	2
inculcate	2
inconveniences	2
inconsistent	2
inconsiderate	2
inclination	2
incapacitate	2
inanity	2
inanimate	2
inactive	2
inaccessible	2
imputed	2
imprudence	2
improve	2
impropriety	2
improbable	2
impressive	2
impotence	2
impossible	2
impossibility	2
imposition	2
importunity	2
implicitly	2
implements	2
impetuosity	2
impertinent	2
impeded	2
impatiently	2
impatient	2
immense	2
igno	2
idol	2
hut	2
humiliating	2
humid	2
hu	2
housekeeper	2
hostile	2
hospitality	2
horrible	2
holding	2
historical	2
hints	2
himsels	2
higher	2
hi	2
hesitate	2
heroism	2
hensive	2
hence	2
heir	2
hehetius	2
hehctius	2
heavens	2
healing	2
hazardous	2
hay	2
haughty	2
hatred	2
hasten	2
harsh	2
harrass	2
harrafled	2
hardened	2
hard	2
haps	2
hapless	2
habituated	2
gust	2
gushed	2
guiltless	2
guest	2
guard	2
grounds	2
groaned	2
groan	2
grecian	2
gratitude	2
gratisication	2
gratifying	2
gratesully	2
grasp	2
granted	2
grammar	2
good-humoured	2
gone	2
gold	2
godwin	2
glowed	2
glory	2
gloom	2
glimpse	2
gleam	2
glass	2
gladden	2
glad	2
gift	2
giddy	2
genius	2
generality	2
gene	2
gathering	2
gathered	2
fruits	2
fruitless	2
frost	2
frigid	2
fright	2
friendless	2
fraternal	2
foster	2
forty	2
fortunate	2
formerly	2
formal	2
forgot	2
forgetting	2
forfeit	2
forehead	2
foreboded	2
forcing	2
forcible	2
forces	2
forbid	2
fools	2
follows	2
fold	2
flushed	2
flower	2
floor	2
flash	2
flamed	2
flame	2
finding	2
fever	2
fetter	2
fer	2
fellow-creature	2
feels	2
feature	2
feast	2
fearlessly	2
fay	2
fate	2
fastidious	2
fantastic	2
fancied	2
fame	2
falsehood	2
faithsul	2
fairer	2
fad	2
faculties	2
facts	2
exulting	2
exultation	2
extorted	2
external	2
extenuate	2
extent	2
extend	2
expostulated	2
explicit	2
explanations	2
explaining	2
expiring	2
expensive	2
expanding	2
expanded	2
existing	2
existed	2
exhorted	2
exerting	2
exerted	2
excursions	2
excruciating	2
excluded	2
excite	2
except	2
examine	2
examination	2
exactly	2
evade	2
eulogium	2
establish	2
escaped	2
escape	2
eradicate	2
er	2
equivocal	2
enumeration	2
enumerate	2
entrusted	2
entreaties	2
enthusiast	2
entertain	2
enterprising	2
entangle	2
ensuing	2
ensued	2
ensue	2
enslaved	2
enjoyed	2
english	2
england	2
engagements	2
enfeebled	2
enervated	2
endearments	2
encouraged	2
encourage	2
encounter	2
enchantment	2
emulate	2
embraced	2
emancipate	2
eloquent	2
eloped	2
elevated	2
elements	2
eight	2
economy	2
ecclesiastical	2
ease	2
earthly	2
earth	2
ears	2
earnestness	2
dy	2
dwelling	2
dwelled	2
dwell	2
due	2
dropped	2
dried	2
drefling	2
dreams	2
dreaded	2
drawings	2
draughts	2
drama	2
downy	2
doubtless	2
dost	2
domestics	2
doctor	2
divine	2
dissatis	2
dispositions	2
disposed	2
dispose	2
disposal	2
dispirited	2
dispatched	2
disinterested	2
disingenuousness	2
disgrace	2
disferent	2
discussion	2
discussed	2
discretion	2
discourse	2
discordant	2
disclosure	2
disclose	2
disallow	2
disadvantages	2
diningroom	2
dif	2
dictate	2
df	2
dews	2
devoured	2
devotional	2
determination	2
detection	2
detained	2
desultory	2
destination	2
despotism	2
despised	2
desperate	2
descended	2
derived	2
depressed	2
depending	2
dent	2
denied	2
demand	2
delusive	2
delineating	2
delicacies	2
dejection	2
deign	2
degenerate	2
deeper	2
deductions	2
decrease	2
decision	2
decided	2
deception	2
decent	2
decay	2
debt	2
dearer	2
dawns	2
dawned	2
dart	2
curse	2
cup	2
cultivated	2
crushed	2
creature	2
created	2
crawled	2
court	2
county	2
counsel	2
cou	2
corrupted	2
corroding	2
corner	2
cordiality	2
cooly	2
coolly	2
convey	2
converse	2
controlling	2
control	2
contrived	2
contributing	2
contributes	2
contrary	2
contradiction	2
contract	2
contending	2
contemptuously	2
contained	2
consuted	2
consulted	2
consultation	2
constantly	2
consoler	2
consists	2
consistency	2
consident	2
consequently	2
consent	2
congealed	2
confounded	2
confessions	2
confessed	2
conferring	2
conducted	2
conclusions	2
concluded	2
conclude	2
concerned	2
concealment	2
concealed	2
compose	2
comply	2
compliment	2
compliance	2
complexion	2
completion	2
compensate	2
compatible	2
compassion	2
compare	2
comparatively	2
commonly	2
comment	2
comforts	2
colours	2
collectively	2
collected	2
clouding	2
closing	2
clearly	2
cleared	2
clasping	2
clasped	2
claimed	2
civility	2
civil	2
circumstantially	2
circles	2
ciently	2
church	2
chose	2
choked	2
chivalry	2
chimaeras	2
chimaera	2
childish	2
chicanery	2
cheersul	2
cheering	2
cheerful	2
cheered	2
checked	2
chastity	2
chased	2
channels	2
changing	2
chance	2
chains	2
cha	2
ceremony	2
cemented	2
castle	2
carrying	2
caressed	2
carelessly	2
careless	2
calmer	2
calculated	2
calamities	2
cafes	2
busy	2
burnt	2
brunette	2
brooding	2
bringing	2
brightness	2
bright	2
briefly	2
breeze	2
bottom	2
bordering	2
bodily	2
boarding	2
blue	2
blended	2
ble	2
blamed	2
blame	2
bitterly	2
bit	2
bind	2
bid	2
bf	2
bespeaking	2
bequest	2
benignity	2
benignant	2
benign	2
benighted	2
bengal	2
benevolence	2
benesicial	2
belles	2
behind	2
bearing	2
beaming	2
bark	2
bare	2
barbed	2
bar	2
banished	2
banish	2
bane	2
bands	2
bad	2
awoke	2
avowal	2
avocations	2
auxiliary	2
auxiliaries	2
austerity	2
attendance	2
attempts	2
attack	2
attachments	2
ate	2
asunder	2
astonishment	2
assisted	2
assembled	2
assailed	2
asking	2
aside	2
asfecting	2
artsul	2
arts	2
arranged	2
arrange	2
armed	2
arisen	2
architecture	2
approving	2
apprehensive	2
apprehended	2
apprehend	2
applicable	2
appearing	2
apologised	2
apologies	2
antiquity	2
annuity	2
annual	2
annihilated	2
animals	2
anger	2
anc	2
analysis	2
amuse	2
amity	2
altar	2
aloud	2
allured	2
allowances	2
alked	2
alive	2
alike	2
afterwards	2
aflc	2
affords	2
advise	2
advantageous	2
adored	2
admitted	2
admirer	2
administer	2
adjacent	2
adieu	2
adduced	2
ad	2
acquitted	2
acquisition	2
acquirements	2
acquiesce	2
acquaint	2
acme	2
acknowledgement	2
acknowledged	2
accusing	2
accursed	2
accounts	2
accounted	2
accomplish	2
accompli	2
accommodate	2
acceptance	2
acceded	2
above	2
]	2
[	2
?-	2
<	2
.-	2
.'"	2
*•	2
*-	2
).	2
)'	2
'?	2
'<	2
",	2
♦♦manisested	1
♦	1
€of	1
€o0etne3s	1
•will	1
•unhappy	1
•motions	1
•i	1
•falittle	1
•aresses	1
•.	1
•-	1
•'	1
„with	1
æjubtcdsy	1
»æ?0	1
»*	1
»'	1
°	1
«verness	1
«rror	1
«7htney	1
©wn	1
©verspread	1
~stf«	1
~should	1
~	1
}."*'	1
|arabic4digit|	1
{	1
ze&l	1
yox\r	1
youthsul	1
younglrian	1
youi	1
youfs	1
youf	1
yoilt	1
yoij	1
yoi	1
ymti	1
yeur	1
yesterday	1
yester	1
yererday	1
yen	1
yearns	1
yearnings	1
ycu	1
yawned	1
xxvv	1
xousssau	1
wul	1
writings	1
writ	1
wretcht.d	1
wretchedness	1
wretched/arce	1
wrest	1
wounding	1
wouidlove	1
worthies	1
worst	1
worn	1
worm	1
worlds	1
worldly	1
world's*scorn	1
works	1
wordly	1
woods	1
wood	1
wonted	1
wonders	1
won	1
woltld	1
woes	1
woe	1
wmdpw	1
wlio	1
wj	1
witlf	1
witi	1
withered	1
with/she	1
witfa	1
wistsujjy	1
wist	1
wisest	1
wires	1
wintery	1
winds	1
winding	1
wilt	1
willies	1
wildness	1
wi	1
wh©>	1
whoiie	1
whnt	1
whistled	1
whispers	1
whisper	1
whirlwinds	1
whigh	1
whiefe	1
whichsulgar	1
whichlhjv**	1
which.eonstitute	1
which*every	1
whicfi	1
whi	1
wherewith	1
wherein	1
wherefore	1
whenever	1
wheels	1
whee	1
whe	1
whbm	1
wh	1
western	1
west-india	1
west	1
welt	1
welcome	1
weeping	1
wedding	1
weavering	1
weary	1
wears	1
wearing	1
weariness	1
wearies	1
weapons	1
wean	1
weaknesses	1
weaker	1
wba$	1
ways	1
waving	1
wave	1
watery	1
waters	1
watering	1
watchsulness	1
watchsul	1
wasted	1
warsare	1
wars	1
warp	1
warmly	1
warming	1
ward	1
wanting	1
wander	1
wan	1
walls	1
walled	1
waken	1
wait	1
wainscot	1
wafted	1
wa	1
vy	1
vwrk	1
vvish	1
vulgair	1
vra	1
vr<	1
voyage	1
vowing	1
vourite	1
vooidd	1
vomitting	1
voluntary	1
voluntarily	1
volume	1
volubility	1
volity	1
volatile	1
void	1
vocations	1
vjorld	1
vivifying	1
vitiated	1
vit	1
visitors	1
visitoi	1
visiting	1
visitants	1
virgin	1
vir	1
viper	1
violet	1
violently	1
violation	1
violated	1
vio	1
vilege	1
viil	1
vigoicus	1
vigilant	1
viewed	1
vied	1
vie	1
vicissitude	1
vic	1
vibrate	1
veys	1
vexations'of	1
vex	1
veteran	1
vet	1
vested	1
verses	1
versatile	1
verness	1
verisied	1
verdant	1
verbal	1
venom	1
venicepreserved	1
venetian	1
veneration	1
venerated	1
venerate	1
venations	1
velocity	1
vein	1
veils	1
vehicular	1
vehicle	1
vehemently	1
vehemence	1
vaunted	1
vated	1
varieties	1
variegated	1
vapours	1
vant	1
vann	1
vanities	1
vanished	1
valuing	1
valuable	1
valet	1
vagances	1
vacant	1
v^tl	1
v^	1
v./hat	1
utipitying	1
ut	1
usurpation	1
usually	1
usuage	1
useless	1
usefulness	1
useful	1
urgent	1
upstairs	1
uplifted	1
unwished	1
unwell	1
unwelcom	1
unutterable	1
untouched	1
until	1
unsullied	1
unsuitable	1
unstated	1
unstable	1
unsortunate.'*	1
unsortunate	1
unsocial	1
unsitted	1
unshrinking	1
unshaken	1
unsavourable	1
unsatissied	1
unresisting	1
unremitted	1
unprovided	1
unpromising	1
unprepossessed	1
unpiting	1
unperceived	1
unobserved	1
unnecessarily	1
unne	1
unmingled	1
unmerited	1
unmarried	1
unmanageable	1
unlike	1
unlefe	1
unknowing	1
unkindneis	1
unkindly	1
unkiad	1
universities	1
uniting	1
unite	1
uninterrupted	1
unintermittedly	1
unintentionally	1
uniformity	1
uniemitted	1
unhurt	1
unheeded	1
ungratesul	1
ungovernable	1
ungenerously	1
unfriendly	1
unfrequently	1
unfolding	1
unfettered	1
unfeeling	1
unexpectedly	1
unexpected	1
unduly	1
undulations	1
undue	1
undrawn	1
undoubtedly	1
undoubted	1
undivided	1
undisturbed	1
undistinguished	1
undesignedly	1
underwriter	1
undertaken	1
undermining	1
undermine	1
undergone	1
und	1
uncreated	1
uncontroula	1
uncontrolled	1
unconseqiiehtial	1
unconsciouly	1
unconnecledly	1
uncongenial	1
unconcern	1
unconceived	1
uncommunicated	1
unclfe	1
uncles	1
unchecked	1
uncertainty	1
uncalled	1
unbroken	1
unbounded	1
unborn	1
unbolted	1
unawed	1
unattended	1
unasfected	1
unaptly	1
unalloyed	1
unaffecting	1
unaccountable	1
umbrage	1
uiort	1
ugpje	1
ugged	1
tyre	1
tyrants	1
twist	1
twincled	1
twilight	1
twelvemonth	1
twelve	1
tviy	1
turity	1
tures	1
tured	1
tuny	1
tune	1
tumultuously	1
tudes	1
tud	1
tty	1
ttt	1
ttiy	1
tta^new	1
trying	1
truly	1
truest	1
truant	1
trrite	1
trivial	1
triumphs	1
triumphant	1
trite	1
trislers	1
trifling	1
trifle	1
tribu	1
trials	1
trespass	1
trees	1
treat	1
treasured	1
treasure	1
treason	1
treachery	1
travels	1
travelling	1
tratlion	1
trassic	1
trappings	1
transsix	1
transport	1
transiently	1
transi	1
transferred	1
transfer	1
transaction	1
transact	1
tranquilly	1
tranquillised	1
trammels	1
trained	1
tragic	1
traf	1
traders	1
track	1
tq	1
towns	1
touching	1
totrent	1
totally	1
total	1
tor	1
tooth	1
tonnes	1
tonne	1
tongue	1
tones	1
tomed	1
tomb	1
tolerably	1
tolera	1
tokeep	1
toe	1
tning	1
tne	1
tnany	1
tltis	1
tlf	1
tlefert	1
tl6	1
tj>	1
tive	1
tiu	1
titude	1
titles	1
tisul	1
tisied	1
tisication	1
tious	1
tionate	1
tioa	1
tinue	1
tints	1
tinsel	1
tinpor	1
tinge	1
tiiere	1
tiie	1
tigued	1
tid	1
tible	1
thtt	1
thtm	1
througlfthe	1
throught	1
thrilled	1
threaten	1
thousands	1
thoulistenest	1
thoughtsully	1
thoughtlessly	1
thorny	1
thompson	1
thi§	1
thistles	1
thisquestionto	1
thirsting	1
thirsted	1
thirnc	1
thinks	1
thin	1
thicket	1
thicker	1
thickened	1
thicken	1
thi	1
thft	1
thewavages	1
theveceipt	1
theught	1
therl	1
therfe	1
theories	1
theology	1
theological	1
theme	1
theatres	1
the'recital	1
thati	1
thanks	1
tha	1
tete-a-tete	1
testimony	1
testimonies	1
testify	1
testament	1
tespectable	1
terrors	1
terrisied	1
terribteblow	1
ternative	1
terminate	1
tered	1
tenths	1
tenriis	1
tenor	1
tennmatedr	1
tenement	1
tends	1
tenderest	1
tendered	1
tenacity	1
tenaciously	1
tempted	1
temple	1
temperately	1
temperate	1
tells	1
teh	1
tediously	1
team	1
teaching	1
teaches	1
teachers	1
tea	1
tdtfr¥l»syi	1
tdie	1
tc	1
tasteful	1
tasks	1
task	1
tarnished	1
tardy	1
tapped	1
tant	1
tame	1
tall	1
talks	1
talked	1
talentsj	1
tal	1
tain	1
tafies	1
ta	1
systematically	1
synonymous	1
sympathise	1
sympathis	1
sympa	1
symmetry	1
sworn	1
sword	1
swooning	1
swollen	1
swiftness	1
swiftly	1
swell	1
sweep	1
sweat	1
swayed	1
swas	1
swallowed	1
sutile	1
suted	1
sustenance	1
susseted	1
suspett	1
susfused	1
susfocating	1
susfering	1
susfer	1
sused	1
suse	1
surveyor	1
surveying	1
surrounded	1
surprised	1
surpnse	1
surplus	1
surmount	1
suriously	1
surgery	1
surgeon	1
suppression	1
suppressing	1
supplies	1
supplication	1
supper	1
superstitien	1
supersicial	1
superiority	1
superfluities	1
supe	1
sup	1
sunday	1
summit	1
sulsillingof	1
sulsilled	1
sulphurous	1
sulness	1
sullied	1
suitability	1
suing	1
sui	1
suggested	1
suggest	1
sug	1
suffusion	1
successive	1
succession	1
substituted	1
substance	1
subsisted	1
subscribed	1
subordination	1
submitted	1
sublimed	1
subjoining	1
subjoin	1
subduing	1
styptics	1
sty	1
stutters	1
stupidly	1
stumbled	1
stumber	1
studiously	1
stude	1
strug	1
structure	1
strongly	1
strongest	1
strolling	1
strolled	1
striking	1
strikes	1
strides	1
strictly	1
strict	1
strenuous	1
strengthening	1
strengthened	1
street	1
streamed	1
strangely	1
strained	1
stormy	1
storms	1
storm	1
stories	1
stops	1
stoop	1
stone	1
stolen	1
stoic	1
stist	1
stisled	1
stipend	1
stiould	1
stiort	1
stings	1
sting	1
stimulating	1
stillness	1
stilled	1
stilla	1
stiip	1
stietch	1
stiarer	1
sti	1
sternness	1
sterne	1
sten	1
steeping	1
steep	1
steal	1
steadiness	1
stay	1
stave	1
stature	1
station	1
stately	1
starts	1
startled	1
star	1
standers	1
stamped	1
stagnation	1
stagnant	1
stages	1
srigid	1
sriendly	1
sree	1
spur	1
sprinkled	1
sprang	1
sporting	1
sport	1
spoiler	1
spoiled	1
spoil	1
splintered	1
splenetic	1
spite	1
spiritless	1
sphere	1
spending	1
speedy	1
speedily	1
speech	1
speculations	1
speculate	1
spectacle	1
specimen	1
speaker	1
speaiiing	1
sparkling	1
sparkled	1
spark	1
so«iety	1
sovereignty	1
sourteen	1
sourse	1
sour	1
soundly	1
sou	1
sostly	1
sosten	1
sortune	1
sortitude	1
sortimate	1
sort	1
sorraiv	1
sorm	1
sorget	1
soreboding	1
sorcibly	1
sorcible	1
sootsteps	1
sootmen	1
soothings	1
sooth	1
sooner	1
soolishly	1
sons	1
sometii	1
solution	1
solomon	1
sollow	1
solid	1
solicitation	1
sole	1
soj	1
soitened	1
softly	1
softens	1
sociably	1
soberness	1
soberer	1
sobbed	1
snows	1
sneer	1
snatch	1
smothered	1
smoothed	1
smma	1
smalljortune	1
smallest	1
sljall	1
slightest	1
slight	1
slie	1
slide	1
slice	1
sliactes	1
sley	1
slender	1
slected	1
slate	1
slanting	1
slanderer	1
slander	1
sketched	1
sits	1
sirstfpicture	1
sions	1
sional	1
sinner	1
sinister	1
singularity	1
sinely	1
sinal	1
similitude	1
sills	1
sillers	1
sill	1
silial	1
silently	1
silbert	1
sigs	1
signify	1
signed	1
signature	1
sights	1
sifty	1
siery	1
siercest	1
sields	1
sield	1
sided	1
sictious	1
sictions	1
sickleness	1
sickens	1
sickened	1
siced	1
sication	1
siaid	1
shy	1
shuts	1
shuddering	1
shud	1
shubbery	1
shrubbery	1
shrouded	1
shroud	1
shrieks	1
shrewd	1
showers	1
showed	1
shoulder	1
shot	1
shortly	1
shorten	1
shorn	1
shocked	1
ships	1
shines	1
shewas	1
shepherd	1
shelters	1
shelter	1
sheet	1
sheds	1
she.quitted	1
shattered	1
shalt	1
shali	1
shaking	1
shakespeare	1
shaken	1
shake	1
shaft	1
shady	1
shadow	1
sf	1
sexes	1
severally	1
settling	1
settlements	1
settlement	1
setting	1
sessicient	1
servour	1
servile	1
serviceable	1
serosity	1
sermonising	1
seriousness	1
serenity	1
sequences	1
sepret	1
separates	1
separa	1
sepa	1
sentient	1
senti	1
sensitive	1
sensibly	1
sensibility.grew	1
sens	1
senie	1
send	1
selsishness	1
selsirh	1
selsim	1
selling	1
selfish	1
selection	1
selected	1
seizing	1
seisin	1
sefltiments	1
seet	1
seebly	1
seeble	1
seductive	1
seduction	1
security	1
section	1
sect	1
secrets	1
secredy	1
secondary	1
secluded	1
seatures	1
seating	1
sears'os	1
sears	1
searching	1
sealed	1
seal	1
sdent	1
scrutinised	1
scruples	1
scruple	1
scribble	1
screen	1
scrawled	1
scoffs	1
scnsati	1
sclf	1
scientisic	1
sciences	1
schoolfellows	1
scattered	1
scat	1
scarlet	1
scanned	1
sbew'd	1
saying	1
savours	1
savoura	1
save	1
sauntering	1
saul	1
sature	1
satisfying	1
satirised	1
satiguing	1
satigues	1
sathomless	1
sastened	1
sasten	1
sashions	1
sasety	1
sascinating	1
sarewell	1
sarcasms	1
sarafc	1
sangnine	1
saney	1
sand	1
sanctisies	1
sanctisied	1
sanction	1
sanctify	1
sancisully	1
sanatic	1
sampson	1
samilies	1
salsehood	1
saloon	1
salling	1
sais	1
sairness	1
sairest	1
sairer	1
sailure	1
sages	1
sading	1
saculty	1
sacts	1
sactitious	1
sactious	1
sacti	1
sacrisicing	1
sacrisices	1
sacrisic	1
sacrifice	1
sacri	1
saci	1
saces	1
sabrics	1
sable	1
s'jre	1
r|fad	1
ryoxxr	1
rv*o	1
rustling	1
rusted	1
rust	1
russians	1
rushing	1
rushest	1
rush	1
rusfled	1
ruptured	1
rumours	1
rumoured	1
ruminated	1
rum	1
ruling	1
ruined	1
rugged	1
ruffled	1
rtot	1
rtcovertd	1
rs	1
roves	1
rover	1
routine	1
rough	1
rote	1
rosseau	1
roses	1
roof	1
romped	1
romance	1
rolvd	1
rolled	1
rofleau	1
rocks	1
rock	1
robberies	1
roan	1
rne	1
rmma	1
rjie	1
river	1
rived	1
rity	1
risked	1
ripening	1
ripened	1
rior	1
riien	1
riiad	1
rights	1
righ	1
riding	1
ridiculed	1
ridicule	1
ride	1
richardson	1
rhymes	1
rhudiments	1
rhey	1
rhetorical	1
rftfty	1
rewards	1
revolted	1
reviewing	1
reverted	1
revert	1
reveries	1
reveres	1
revere	1
revealed	1
retreats	1
retraction	1
retracing	1
retraced	1
retrace	1
retort'of	1
retort	1
retorc	1
retiring	1
retirements	1
retains	1
retained	1
resusal	1
resulting	1
resuge	1
restrains	1
restrained	1
restorer	1
restive	1
responsible	1
respondence	1
respond	1
respoasible	1
respire	1
respiration	1
respensive	1
resp	1
resolves	1
resolve	1
resines	1
resigns	1
resignation	1
residing	1
reserving	1
reserves	1
resented	1
resent	1
resem	1
researches	1
res	1
rer	1
requited	1
requisitions	1
requeir	1
repugnant	1
republics	1
republican	1
reptile	1
reproved	1
reproduction	1
reproached	1
reprimands	1
reprimand	1
representative	1
represent	1
reports	1
replying	1
replies	1
replaced	1
repentance	1
repent	1
repelling	1
repelled	1
repeats	1
repaired	1
renewing	1
removing	1
remonstrated	1
remitting	1
remind	1
remembrances	1
remembranceof	1
remedies	1
remarked	1
remarkable	1
rely	1
reluctant	1
relpectingthe	1
religious	1
relics	1
relaxed	1
relating	1
relate	1
rejoin	1
rejoiced	1
rejection	1
rejected	1
reigned	1
reign	1
regretted	1
regimentals	1
regards	1
regardless	1
regains	1
refusing	1
refrestiing	1
refreshment	1
refreshed	1
reformer	1
reform	1
reed	1
redlitude	1
recurred	1
recur	1
rectisied	1
rectify	1
recruited	1
recruit	1
recrimination	1
recreate	1
recqtnmend	1
recourse	1
recounted	1
record	1
reconsidered	1
reconciliation	1
reconciled	1
recommendation	1
recommend	1
recite	1
reciprocal	1
reci	1
receipt	1
recede	1
recapitulation	1
recapitulate	1
reassured	1
reasonably	1
reams	1
reality	1
realise	1
reads	1
readers	1
reach	1
rays	1
ravishers	1
raved	1
rave	1
ravaillac	1
rationally	1
ratio	1
rates	1
rasher	1
rapturous	1
rapids	1
rapidity	1
raph	1
rant	1
rannycal	1
rankled	1
ranged	1
ranee	1
ranc	1
rambled	1
ramble	1
raman	1
rallied	1
raising	1
raises	1
rainbow	1
rail	1
raged	1
radical	1
radiance	1
radcliffe	1
racier	1
rachael	1
r^voi.^	1
r^it	1
r'tife	1
r$xi	1
quote	1
quite	1
quires	1
quietly	1
quicksands	1
questioned	1
quest	1
querulous	1
quent	1
quences	1
quelhon	1
quantity	1
quality	1
qualisications	1
qod'wirss	1
purveyor	1
purseproud	1
purposed	1
purple	1
purify	1
purest	1
purely	1
pur	1
puppet	1
pupil	1
punishment	1
puni	1
punctuality	1
pulse	1
pshaw	1
prudential	1
proving	1
provides	1
provident	1
proverbs	1
proved	1
protraction	1
protege	1
prosperity^received	1
prosicient	1
pros	1
proposals	1
proportioned	1
propor	1
propal	1
pronounced	1
prone	1
prolong	1
prolixity	1
projects	1
profoundly	1
profligate	1
proffered	1
professions	1
professional	1
productions	1
production	1
producing	1
prodigal	1
procuring	1
process	1
proceedings	1
proceeding	1
problem	1
prizj	1
prizes	1
prize	1
prison	1
printed	1
principlei	1
princibles	1
prin	1
pri	1
pretensions	1
pretension	1
pretences	1
presume	1
preservative	1
preserva	1
preser	1
presents	1
presenting	1
prescription	1
prescribed	1
presage	1
prep«rt'idtt	1
preparations	1
premise	1
preferred	1
prefer	1
preeminently	1
predetermine	1
precluded	1
precipitated	1
precious	1
preci	1
preceptions	1
precedin	1
precedence	1
precautions	1
precarious	1
preca	1
prayer	1
prattler	1
prattled	1
prating	1
prate	1
praises	1
praised	1
practising	1
practised	1
ppened	1
powersully	1
powered	1
pow	1
poured	1
potions	1
potent	1
postilion	1
postible	1
posterity	1
positively	1
positionand	1
posedyour	1
pos	1
portsmouth	1
portrayed	1
portray	1
poring	1
poof	1
pond	1
polluted	1
pollibiy	1
politeness	1
politely	1
polemic	1
poisoned	1
pointing	1
pocket	1
plutarch	1
plump	1
plighted	1
pliability	1
pledged	1
pleatly	1
pleasurable	1
pleasantly	1
pleading	1
pleader	1
plaything	1
playfellow	1
platonic	1
plato	1
planters	1
plank	1
piump	1
pitisul	1
pitiless	1
pitied	1
pistols	1
piring	1
pique	1
pious	1
pinings	1
pining	1
pined	1
pierre	1
pierce	1
pieces	1
pieasant	1
picturesque	1
pianoforte	1
physical	1
phrases	1
philosophised	1
philosophise	1
philosophers	1
philoso	1
phiess	1
phi	1
pher	1
phenomenon	1
phenomena	1
petulant	1
petty	1
petrisied	1
pestilential	1
pest	1
perversion	1
pervading	1
pervades	1
peruse	1
perusal	1
perturbations	1
pertly	1
persuasions	1
persuasion	1
persuading	1
persuades	1
persuade	1
personally	1
persidiously	1
perseveringly	1
persevere	1
persecuted	1
persect	1
perpetuates	1
perpetual	1
permanency	1
perm	1
perkaps	1
perish	1
periments	1
perils	1
perilous	1
peril	1
perfidious	1
pered	1
percent	1
penury	1
pensive	1
penetrate	1
pencil	1
pence	1
penance	1
pember	1
pefhaps	1
peevishly	1
peevish	1
peculiarly	1
peculiarities	1
pecaiioned	1
peated	1
peaceful	1
pe	1
paying	1
paused	1
paul	1
pattern	1
patriotism	1
patiently	1
pathless	1
pastion	1
pasting	1
passively	1
passionately	1
passes	1
passenger	1
passelh	1
pasiion	1
partly	1
participator	1
participate	1
parterre	1
partaker	1
parliament	1
paring	1
parental	1
pardon	1
parallel	1
paradoxical	1
para	1
pants	1
panting	1
panegyric	1
pan	1
pamphlets	1
pampered	1
paltery	1
palt	1
palsying	1
palsey	1
palpitation	1
pallid	1
palled	1
palid	1
pali	1
palace	1
pajns	1
paintedi	1
painsully	1
painfully	1
pained	1
pages	1
padded	1
pacquet	1
packet	1
pace	1
pa	1
p.s	1
p'easure	1
owners	1
owner	1
overwhelming	1
overwhelm	1
overturned	1
overspreads	1
overshadowed	1
overset	1
overrated	1
overrate	1
overlooking	1
overlook	1
overheard	1
overflow	1
overcame	1
overborne	1
ovc/	1
outwith	1
outwit	1
outstripped	1
outside	1
osyour	1
osthis	1
ostentatious	1
ossioe	1
ossiciously	1
ossiciating	1
ossiciate	1
ossices	1
ossian	1
ossi	1
ossce	1
osfspring	1
osferings	1
osfering	1
osfended	1
orthat	1
ortce	1
oroondates	1
orlando	1
originating	1
origin	1
organised	1
orders	1
orderec	1
ordeal	1
oratory	1
opulent	1
oppositions	1
operator	1
operation	1
opera	1
openness	1
onward	1
ont	1
ons	1
omnipotent	1
omit	1
olive	1
oidy	1
oholy	1
ohi	1
ofsspring	1
ofprinciple	1
ofmr	1
offis	1
offinance*	1
offerings	1
offering	1
offensive	1
offends	1
offending	1
offended	1
offend	1
offence	1
of.illusion	1
odd	1
ocean	1
occupation	1
occaiidn	1
occa	1
oc	1
obviating	1
obviated	1
obviate	1
obtruding	1
obtest	1
obstinately	1
observes	1
observance	1
obscures	1
obscurely	1
obliterate	1
obligned	1
obligingly	1
obliging	1
obliges	1
obligations	1
obligati	1
objec\	1
obfeurey	1
obeyed	1
obedience	1
oath	1
oak	1
o^sr	1
ny	1
nvice	1
nurtured	1
nun	1
numerous	1
nt	1
nry	1
november	1
novels	1
novel	1
nourished	1
notion	1
notes	1
north	1
nonentity	1
noj	1
noise	1
nobody	1
niy	1
niture	1
nisied	1
nishes.~dear	1
nineteenth	1
nineteen	1
nile	1
nigh	1
nicely	1
newton	1
newspaper	1
news	1
new-york	1
neves	1
neve	1
nesactress	1
ner	1
nent	1
neighbours	1
neighbourhood	1
neglectsul	1
neglected	1
neglect	1
negative	1
nefpvering	1
needs	1
needlework	1
needed	1
necessitated	1
necessaries	1
neatness	1
ndc	1
nd	1
nave	1
natured	1
naturally	1
nations	1
nated	1
narrowness	1
narrow	1
narra	1
nams	1
naming	1
names	1
nam	1
naea	1
n'diiordered	1
myriads	1
myjfelf	1
my.sather	1
my*i	1
mutually	1
muttered	1
mutable	1
mustard	1
murmuring	1
murmured	1
murdereus	1
murdered	1
multiplied	1
multiplicity	1
mudi	1
muclt	1
ms	1
mrs.melmoth	1
mrinking	1
mqst	1
moves	1
mous	1
mournsully	1
mourn	1
mountains	1
mouldered	1
mou	1
motley	1
mothers	1
moth	1
mortisications	1
morten	1
morrc/w	1
mornings	1
moralist	1
mor	1
moonstruck	1
moonlight	1
monstrous	1
monster	1
monosyllables	1
monitor	1
monastic	1
mon	1
moll	1
moist	1
moek	1
modulated	1
modisying	1
modify	1
modified	1
modern	1
models	1
mocked	1
mm	1
ml	1
mkki	1
mj	1
mitigated	1
misunderstand	1
mistresses	1
misplaced	1
misled	1
misconstrued	1
misconduct	1
misconceive	1
mischiess	1
misanthropical	1
miracles	1
mingling	1
mingles	1
mines	1
mindless	1
minded	1
mill	1
militia	1
military	1
miling	1
mildly	1
mil	1
mighty	1
mightest	1
midday	1
mg	1
mettle	1
methodical	1
meteor	1
metaphysics	1
metaphysical	1
messages	1
merits	1
meridian	1
meretricious	1
merciless	1
merchants	1
merchant	1
mercenary	1
mentioning	1
mention	1
mended	1
menaces	1
melody	1
melnioth	1
melmouth	1
melmoch	1
mellow	1
meliorated	1
melan	1
mel	1
meetings	1
meekness	1
meeknese	1
medicines	1
mechanism	1
mechanics	1
mechanically	1
mechanical	1
means^	1
meanest	1
meaner	1
meal	1
meadow	1
mea	1
mcthougtu	1
mcalone	1
maxim	1
matures	1
mation	1
material	1
match	1
masters	1
masterly	1
masses	1
mass	1
mascu	1
mary	1
martyrdom	1
mart	1
marry	1
markej	1
mares	1
manuscript	1
mantling	1
manisestly	1
maniac	1
mandate	1
manager	1
malignant	1
malice	1
malady	1
mail	1
magnanimous	1
magnani	1
madmen	1
ma	1
lying	1
luxuries	1
lusture	1
lustre	1
lurking	1
lulls	1
lulled	1
ludicrous	1
lucrative	1
lt	1
loxed	1
loves	1
louring	1
lottery	1
lot	1
lostened	1
losses	1
loses	1
lordly	1
lord	1
loquacious	1
loo	1
lone	1
lomy	1
lome	1
lolly	1
lodge	1
loathed	1
loaded	1
load	1
ll	1
livid	1
litter	1
litigation	1
lit	1
lis	1
lip	1
links	1
link	1
lingering	1
limitations	1
limit	1
lime	1
liis	1
lifting	1
lifted	1
lift	1
lie	1
lide	1
licentious	1
liberality	1
liber	1
lhaci	1
lever	1
letting	1
lesser	1
lessen	1
lesion	1
ler	1
lenses	1
lengthened	1
lemma	1
lei	1
legs	1
legislation	1
legends	1
leering	1
leered	1
leen	1
leeks	1
lee	1
ledge	1
lectures	1
leaven	1
leap	1
leaned	1
lean	1
leafy	1
leafless	1
le	1
lb	1
layhis	1
lawn	1
lavish	1
laurel	1
laughed	1
laugh	1
laudable	1
lation	1
lasted	1
lassitude	1
languo*	1
languishes	1
languages	1
landscapes	1
lands	1
landlord	1
landlady	1
landholders	1
lamenting	1
lamentations	1
lah	1
lad	1
labouring	1
labou	1
la	1
l>her	1
kt>	1
kssm	1
ksd	1
ks.object	1
knocking	1
knocked	1
knight	1
kisses	1
kinswoman	1
king	1
kindty	1
kindlings	1
kindle	1
killing	1
kill	1
keys	1
keeping	1
keener	1
keen	1
kbefore	1
kast	1
jvoohtonecraft	1
jvain	1
justisied	1
jus	1
jurious	1
jupiter	1
julia	1
judgments	1
jtrain	1
js	1
jraternal	1
joys	1
jong	1
joint	1
jny	1
jnore	1
jnochery	1
jjsujpect	1
jjjfcents	1
jiight	1
jie	1
jiair	1
ji*	1
jhinciples	1
jhade	1
jetted	1
jet	1
jeader	1
jeaa&rs	1
jaundice	1
jarewei	1
january	1
janaticism	1
j>ear	1
izj	1
iy	1
iviih	1
ivbom	1
ivas	1
ivarp	1
iv]r	1
iv!r	1
iuspect	1
itsf	1
itselt	1
itrin	1
iti	1
itforced40	1
itemed	1
itely	1
it'was	1
isyourwiih	1
istent	1
isarbed	1
irritations	1
irritation	1
irritable	1
irrevocable	1
irretrievable	1
irresolute	1
irreproachable	1
irreparable	1
irrecoverable	1
irreconcilable	1
irrational	1
irony	1
ironical	1
irom	1
iriong	1
ire	1
irascible	1
iqw	1
ipaffion	1
iotivords	1
ions	1
involuntary	1
invitations	1
invitation	1
invigorating	1
invigorate	1
inveterate	1
investigate	1
inventions	1
invention	1
inveited	1
invective	1
invariable	1
invaluable	1
intst	1
intrusion	1
intruder	1
intruded	1
introducti	1
intrigue	1
intrepidity	1
intoxication	1
intoxicating	1
intolerant	1
intolerable	1
into.tender	1
into.a	1
intimation	1
intimacy	1
interviews	1
interserence	1
intersere	1
interruptions	1
interruption	1
interrupting	1
interrupt	1
interrogatories	1
interrogation	1
interrogating	1
interrogate	1
interposed	1
interment	1
interference	1
interests	1
interchange	1
inter	1
intend	1
intemperate	1
intellectual	1
intail	1
insused	1
insults	1
insulting	1
insulated	1
insufferably	1
instructive	1
instructions	1
instruct	1
instinctive	1
instinct	1
instantaneously	1
inspiring	1
inspires	1
insolent	1
insolence	1
insluence	1
insisted	1
insirm	1
insipid	1
insinuated	1
insinity	1
insidious	1
inseparable	1
inscrutable	1
insatuated	1
insatiable	1
insane	1
insamy	1
insallibly	1
insalliabiy	1
inroads	1
inquie	1
innocently	1
inmoral.or	1
inly	1
inlets	1
inlet	1
injuring	1
injuries	1
injures	1
injunctions	1
iniquity	1
inherited	1
inheritance	1
inhabitants	1
ingredient	1
ingratitude	1
ingenuousness	1
ingenu	1
infringed	1
infraction	1
influenced	1
inflammable	1
inferigr	1
infemy	1
inextricable	1
inexpressive	1
inexpressibly	1
inexperience	1
inexhaustible	1
inexhaus	1
inevitable	1
inessicient	1
inequality	1
inefi'asle	1
industry	1
indulgent	1
indulge	1
indul	1
individually	1
indistinctly	1
indistinct	1
indisposed	1
indirect	1
indilpensible	1
indignantly	1
indigent	1
indicated	1
independent	1
indepen	1
indelibly	1
ind	1
incur	1
incumbent	1
increases	1
incontrovertible	1
incompatible	1
included	1
inclemency	1
incitement	1
incite	1
incessantj	1
incapacitating	1
inattentive	1
inattention	1
inadequate	1
inactivity	1
in'your	1
imw.xunate	1
impute	1
imputation	1
impunity	1
impulse	1
imprudent	1
improving	1
improvements	1
improveable	1
improperly	1
impres	1
impossibilities	1
imposes	1
impose	1
importune	1
importing	1
import	1
impolicy	1
imply	1
implies	1
imperti	1
impersection	1
impersect	1
imperiously	1
imperfectly	1
imperceptibly	1
imperceptible	1
impediment	1
impartially	1
impart	1
impaired	1
immutable	1
immutability	1
immoveable	1
imminent	1
immedf	1
immature	1
imitation	1
imitated	1
imitate	1
imincible	1
imculti	1
imbrued	1
imbibing	1
imbibed	1
imbibe	1
imagined	1
imagine	1
imaginations	1
imaginary	1
im	1
illuminate	1
illuded	1
ills	1
illness	1
illiberal	1
iliad	1
ilfeel	1
ilate	1
iittle	1
iim	1
iil	1
iia	1
ihro	1
ihower	1
ihave	1
iharing	1
ih	1
ignoble	1
ignisjatiuus	1
ignis	1
iftto	1
iflatteriiig	1
ifflich	1
if/n/w	1
iexola'med	1
ieemed	1
ie	1
ideals	1
idea!perfection	1
id	1
icy	1
icontinued	1
ic	1
ibut	1
ian	1
iacrisice	1
i^qf	1
i.r.'bly	1
i.covered	1
i.begin	1
i'ail	1
h»nour	1
hypothesis	1
hypotheses	1
hushed	1
hurt	1
hurry	1
hunting	1
hungary	1
humour	1
hummed	1
humbled	1
hugh	1
hues	1
hue	1
htm	1
hr	1
hq	1
howled	1
hovi	1
housebrakers	1
hourly	1
hounslow	1
hot	1
host	1
hospital	1
horseback	1
horse	1
horizontal	1
horizon	1
hordes	1
hopi	1
hopeflustid	1
hood	1
honourable	1
honeyed	1
holcrosss	1
holcrofss	1
hol.iing	1
hoiror	1
hoary	1
hnd	1
hlum	1
hjs	1
histcy	1
hissilence	1
his^eyes	1
hinting	1
hind	1
highway	1
highroad	1
hiece	1
hiding	1
hideous	1
hesitating	1
hert	1
heroic	1
heroes	1
herfs	1
herd	1
hercules	1
hepaffedimder	1
hemmed	1
helvetius	1
helplessness	1
helpless	1
heloise	1
heiress	1
heights	1
heightened	1
height	1
hehesitated	1
heeded	1
hedge	1
heaving	1
heavenly	1
heaved	1
heavd	1
heaths	1
heartrending	1
heartless	1
heartfelt	1
heal	1
heaft	1
hazards	1
hazard	1
havimg	1
have*i'aid	1
haunted	1
haunt	1
haughtily	1
hats	1
hateor	1
hastening	1
harvests	1
harvest	1
harrows	1
harrowed	1
harrafted	1
harrafsed	1
harness	1
harmony	1
harmonised	1
harmless	1
harly	1
harky	1
hardships	1
hardship	1
harden	1
harbinger	1
harangue	1
har	1
happinesses	1
happier	1
happen	1
hap	1
hangs	1
hanging	1
handsome	1
handkerchies	1
handed	1
hamlet	1
hakes	1
haiuis	1
hair	1
hai	1
haggard	1
hafleji	1
hafi	1
hadings	1
hadey	1
hade	1
hadcrouded	1
hacl	1
hackneyed	1
hack	1
h's	1
gusts	1
guls	1
guided	1
gue	1
guardianship	1
guardi	1
guage	1
grows	1
grown	1
growing	1
groves	1
group	1
groundless	1
griffith	1
grieve	1
grids	1
grey	1
greupe	1
greet	1
greedily	1
greece	1
greatness	1
gravity	1
gratissication	1
gratisications	1
gratify	1
gratifies	1
gratifi	1
grati	1
gratefully	1
grateful	1
grasping	1
grasped	1
grapes	1
grant	1
grain	1
governess	1
gould	1
got	1
gosts	1
gospel	1
good-humour	1
good'girl	1
going^^'taid	1
gnaws	1
gnace	1
glows	1
glowings	1
glories	1
gloried	1
glittering	1
glittered	1
glee	1
gled	1
gleaming	1
glasses	1
glancing	1
glanced	1
giving	1
gircean	1
gilding	1
gild	1
gifts	1
gi	1
ghap	1
gfcid	1
gf	1
get	1
gestures	1
gesture	1
gestions	1
gentless	1
gentler	1
gentleness	1
genlis	1
genial	1
generosity	1
generative	1
gence	1
ge	1
gavt	1
gaudy	1
gather	1
gates	1
gasping	1
gartes	1
gardens	1
gan	1
gamesome	1
game	1
gambols	1
galloped	1
galling	1
gallant	1
gaining	1
fyj	1
fwm	1
fvilliams	1
fur	1
funk	1
fully	1
full	1
fubse*	1
ftructive	1
ftom	1
ftient	1
fr®m	1
fruit	1
fructifying	1
frozen	1
frosty	1
frostwork	1
frormdestruction	1
frolic	1
frivolous	1
frivolity	1
frietid	1
friendships	1
friendoiip	1
fri	1
freshness	1
frenzied	1
fremshakds	1
freighted	1
freehold	1
frater	1
fran	1
frail	1
fragrant	1
fowls	1
fourth	1
fourteenth	1
fourteen	1
fountain	1
foundered	1
forwards	1
forts	1
fortnight	1
fortieth	1
forsook	1
forseit	1
forsaking	1
forsaken	1
forsake	1
formeily	1
formation	1
forl	1
forgetsul	1
foresee	1
foresaw	1
foreigner	1
forego	1
forbids	1
foot	1
fon	1
fom	1
follies	1
foldings	1
fol	1
foible	1
fobs	1
fobbed	1
fob	1
foal	1
fo^	1
fneet	1
flying	1
fluttered	1
flutter	1
fluently	1
fluctuations	1
flown	1
flotfrssss	1
flock	1
floated	1
flnit	1
flinty	1
flights	1
flied	1
flic	1
flexibility	1
fleeting	1
fleeth	1
flashes	1
flashed	1
fixing	1
fixed	1
five	1
fitting	1
fitments	1
fit	1
fished	1
fire	1
finking	1
fink	1
fine	1
find	1
filled	1
file	1
fii	1
fifty	1
fierce	1
fied	1
fids	1
fi-om	1
fewer	1
feverish	1
fettered	1
festivity	1
festive	1
fessing	1
fervours	1
ferventfor	1
fertures	1
fertile	1
ferocious	1
fern	1
ferment	1
fending	1
feltv	1
felsish	1
fellows	1
fellow-travellers	1
fefety	1
feeing	1
feed	1
feebleness	1
fed	1
feck	1
features'distorted	1
fearsul	1
fearful	1
feard	1
fcrti	1
fcrowd	1
fcnsa	1
fc	1
favourable	1
faultless	1
fatui/s	1
fat	1
fastener	1
fast	1
fashion	1
fascinated	1
farther	1
farevoel	1
faret	1
fallen	1
fallacious	1
falkland	1
fairly	1
fairest	1
failure	1
failed	1
fail	1
faded	1
faculty	1
fables	1
fa	1
eyewitness	1
exurberance	1
exultations	1
exult	1
exuberance	1
extremities	1
extremes	1
extravagances	1
extrava	1
extra	1
extinguished	1
expressive	1
expresiion	1
exprelled	1
expound	1
expostulations	1
expostulation	1
expostulate	1
expostu	1
explicitly	1
expired	1
expicsil	1
expiated	1
experiencing	1
experienc	1
expend	1
expedients	1
expedient	1
expediency	1
expatiating	1
existences	1
exile	1
exhibited	1
exhaustless	1
exhausting	1
exhaust	1
exemplisied	1
executioner	1
execute	1
execrations	1
exe	1
excrations	1
excrated	1
exciting	1
excites	1
exchanging	1
exchange	1
excessive	1
exceedingly	1
exasperation	1
exasperating	1
exasperate	1
examining	1
examinati*n	1
exalts	1
exalted	1
exalt	1
exact	1
evjen	1
evinced	1
evidendy	1
every.mark	1
evenings	1
evanescent	1
evading	1
evaded	1
euthusiasm	1
europe	1
eur	1
et	1
estimating	1
estimate	1
esteeming	1
essentially	1
ess	1
especially	1
esforts	1
esfectually	1
esfaced	1
escort	1
es	1
ersul	1
erroneously	1
erring	1
erred	1
erenow	1
eradicating	1
eradicated	1
erace	1
er/or	1
equipage	1
equanimity	1
epen	1
eourtwev	1
eourtnev	1
eourrttev	1
envious	1
entrusts	1
entitled	1
entire	1
entertaining	1
enterprizing	1
enterer	1
entangling	1
entan	1
ensorc	1
ensnare	1
enslaves	1
ens	1
enriched	1
ennuiry	1
ennobles	1
enly	1
enlivened	1
enliven	1
enlightening	1
enlightened	1
enlarged	1
enlarge	1
enjoyments	1
enjoining	1
enigmatical	1
enigma	1
engrossed	1
engross	1
engravings	1
engages	1
enforced	1
enfile	1
enemy	1
enemies	1
endured	1
endurance	1
endless	1
ended	1
endeavours	1
endearing	1
endeared	1
endear	1
endea	1
encouraging	1
encountering	1
encountered	1
enconnter	1
enclosed	1
enchantments	1
enchanting	1
encampment	1
enamoured	1
emulated	1
employing	1
employed	1
employ	1
empire	1
emotions~	1
emihus	1
emigrations	1
emerging	1
emedto	1
embryo	1
embosomed	1
embitters	1
embellishes	1
embarrassments	1
emancipation	1
emancipated	1
emanations	1
elucidation	1
eloquently	1
eloisa	1
eligibly	1
eligible	1
elevation	1
elevate	1
elegantly	1
electrissied	1
electrical	1
elder	1
elastic	1
elagantly	1
eh'gland	1
efsusions	1
effusions	1
effrontery	1
effetted	1
effervescence	1
effectually	1
effected	1
effaced	1
eessary	1
educati	1
edges	1
edged	1
eden	1
economical	1
echoes	1
eccentricity	1
eccentricities	1
east-india	1
easier	1
earnest	1
ealled	1
eager	1
dye	1
dwells	1
dutiesj	1
dusk	1
durable	1
dur	1
duplicity	1
duly	1
drugs	1
drooped	1
drollery	1
drizzling	1
driver	1
drive	1
dressing-room	1
dressed	1
dreffing	1
dreamed	1
dreads	1
drawing-room	1
draul	1
draught	1
drapery	1
dramma	1
dozen	1
doze	1
downcast	1
double	1
dose	1
dormant	1
doors	1
don't	1
domesticated	1
domain	1
dom	1
doggerel	1
docile	1
divint	1
divinity	1
divide	1
diverting	1
distrusted	1
distribution	1
distribute	1
distressing	1
distresses	1
distracted	1
distortion	1
distorted	1
distino	1
distinguishing	1
distinguishes	1
distindion	1
distiction	1
distended	1
distasf	1
dist	1
disssiculty	1
dissolving	1
dissoluteness	1
dissolute	1
dissipation	1
dissipated	1
dissimulation	1
dissimilar	1
dissicul	1
disregarded	1
disquieted	1
disputed	1
dispute	1
disputatious	1
disposi	1
displeased	1
display	1
dispersed	1
dispelled	1
disorders	1
disolving	1
dismay	1
disinterestedness	1
disinterest	1
disingenuous	1
disinclination	1
dishevelled	1
disgracesul	1
disgraced	1
disfusion	1
disficulty	1
disferently	1
disference	1
disentangling	1
disease	1
disdainsully	1
disdained	1
discussions	1
discussing	1
discusing	1
discriminating	1
discriminate	1
discreet	1
discovery	1
discovering	1
discomposed	1
disciplining	1
disciples	1
discharging	1
discernment	1
discernmenf	1
discerning	1
discerned	1
disapproving	1
disapproved	1
disappointments	1
disappearance	1
disadvantage	1
director	1
direct	1
diprnity	1
dipped	1
dious	1
diness	1
dine	1
dimples	1
dimity	1
diminished	1
diminish	1
dimensions	1
dimculties	1
dill	1
diliinction	1
dignitywhile	1
digest	1
dig	1
diftem	1
diffuses	1
diffused	1
difficult	1
differing	1
difference	1
dielsing	1
did.you	1
dict	1
diabolical	1
dew	1
devouring	1
devour	1
devote	1
devoid	1
devise	1
deviation	1
deviate	1
developing	1
develop	1
devastation	1
determinations	1
determinate	1
determin	1
detected	1
detain	1
destroys	1
destinies	1
despond	1
despairing	1
desolation	1
desolating	1
desolated	1
desk	1
desisted	1
desist	1
desiring	1
desined	1
desine	1
designedly	1
design	1
desertion	1
deserting	1
deserted	1
deseated	1
describes	1
descartes	1
derly	1
dering	1
deration	1
der	1
deprived	1
depression	1
depressing	1
deprecated	1
depravity	1
depository	1
deposited	1
deplore	1
departing	1
departed	1
denomonation	1
denomination	1
demonstrative	1
demonstration	1
demonstrates	1
demonstrated	1
demeanour	1
delusion	1
deluged	1
deluge	1
delivered	1
deliver	1
delirum	1
delirium	1
delineation	1
delightsul	1
delightfully	1
deliberately	1
deliberate	1
deli	1
delay	1
deigning	1
degraded	1
defraying	1
defray	1
defermin*	1
defender	1
defend	1
defect	1
deepest	1
decree	1
decliningyears	1
decline	1
declare	1
declamation	1
decisive	1
decently	1
deceiving	1
deceit	1
debtsbut	1
debauchery	1
debased	1
deaths	1
deathlike	1
deathbed	1
dealings	1
deaf	1
deadly	1
dead	1
dazzling	1
dawn	1
daugh	1
date	1
data	1
darting	1
darker	1
dangetous	1
dancing	1
damsels	1
damps	1
damages	1
daggers	1
cæsar	1
cypress	1
curtains	1
curtain	1
curiocity	1
cunning	1
culture	1
cultivating	1
culpable	1
ctin(t	1
cruelty	1
crowd	1
criticism	1
crimson	1
cries	1
cried	1
cri	1
credentials	1
create	1
crea	1
cravings	1
crate	1
crash	1
cqurtlfxv	1
cox	1
covtnev	1
covr«n£v>	1
covrtney	1
covrthet	1
covers	1
covered.with	1
cover	1
coutnsri	1
coutmkv	1
courtyard	1
courtwfiv	1
courtwey	1
courtnfct	1
courtneifc	1
courtmey	1
courtier	1
courteous	1
courses	1
countryman	1
counting-house	1
counties	1
counteract	1
couktitet	1
couhttfev	1
couhtnky	1
couhtnbt	1
coubtkey	1
cottrthet	1
cottagers	1
cotrutirxy	1
cotfrtney	1
costly	1
corrosives	1
correspondent	1
correspond	1
corres	1
corrected	1
corpse	1
corporal	1
corners	1
cordials	1
cord	1
cor	1
copious	1
copied	1
coorthky	1
coortheyv	1
cooler	1
cooilttfe*	1
convulsively	1
convulsions	1
convulsed	1
convoy	1
convincing	1
convicted	1
converts	1
convenient	1
convenience	1
convalescent	1
convalescence	1
contumely	1
controvert	1
contrive	1
contrasted	1
contradictions	1
contra	1
continueth	1
continuation	1
continual	1
contingences	1
continental	1
continent	1
contents	1
contented	1
contend	1
contemptible	1
contemplation	1
contemplating	1
contemplate	1
contemn	1
contaminate	1
contains	1
contain	1
contagious	1
consuse	1
consulting	1
consult	1
constancy	1
consr	1
conspired	1
conspiracy	1
consolatory	1
conslicting	1
consistent	1
consirmed	1
consir	1
consinement	1
considerations	1
considenceyet	1
consented	1
consecrate	1
consciously	1
conscience	1
conquered	1
connect	1
conllructed	1
conjuring	1
conjectures	1
conjec	1
congratulations	1
congratulation	1
congratulating	1
congratulated	1
confusedly	1
confused	1
conformation	1
conflagration	1
confirmed	1
conferred	1
confe	1
conductions	1
condolence	1
condescended	1
condemn	1
concurrence	1
conclusion	1
conciliating	1
conciliated	1
conception	1
concentraces	1
compulsory	1
comprehensible	1
comprehended	1
compound	1
complimenting	1
complication	1
completely	1
completed	1
complaint	1
complacency	1
competitions	1
competition	1
compass	1
comparisons	1
comparing	1
compared	1
comparative	1
companions	1
compa	1
communicates	1
commor	1
common-sense	1
commodious	1
commit	1
commissions	1
commissioned	1
commission	1
commiseration	1
commending	1
commended'it	1
commended	1
commencement	1
commenced	1
commence	1
commands	1
commanding	1
comfortless	1
cometli	1
cometh	1
combining	1
combine	1
combinations	1
combating	1
comb	1
colouring	1
coloured	1
collecting	1
collect	1
coll	1
colfrtwlit	1
colder	1
coitkttfet	1
cof	1
coerced	1
coat	1
coartvear	1
coach	1
cnot	1
cnlmer	1
cn	1
clung>round	1
clue	1
cloudy	1
clothes	1
cloth	1
closet	1
closely	1
clock	1
clearing	1
class	1
clasp	1
clarissa	1
cjuire	1
civilised	1
city	1
citizens	1
cities	1
cither	1
circumstanced	1
circumstanc	1
circulating	1
cinating	1
ciations	1
christian	1
choke	1
chimerical	1
chilled	1
chill	1
childbed	1
chief	1
chide	1
chessboard	1
cherishes	1
chequered	1
cheerless	1
chearsulness	1
chearsully	1
chatted	1
chasten	1
chaste	1
chase	1
chas	1
charmingly	1
charlemagne	1
charities	1
charitable	1
charging	1
charged	1
characteristics	1
characteristic	1
characterised	1
charac	1
char	1
chapv	1
chapters	1
champion	1
challenge	1
chairs	1
chai	1
ces	1
certaiftty	1
ceremonies	1
century	1
centre	1
censure	1
censorious	1
cellent^oman	1
celebrated	1
cede	1
cavern	1
causing	1
causelessly	1
catching	1
catch	1
catalogue	1
carries	1
carpet	1
cargo	1
caress	1
careful	1
cared	1
cards	1
capture	1
capriciously	1
caprices	1
capacities	1
capacitated	1
cannet	1
cankerworm	1
canker.worm^t	1
candotjpc	1
came^wider	1
cam	1
calmness	1
calmly	1
calmed	1
calls	1
calculation	1
cakulati	1
ca	1
c0v1tney	1
c0t7rtney	1
busied	1
bursts	1
bursting	1
burns	1
burn	1
bulk	1
built	1
bui	1
bufferings	1
brutallized	1
brutal	1
brown	1
brothers	1
brood	1
brink	1
brings	1
brightest	1
brighter	1
brightened	1
bries	1
bride	1
brehers	1
breathing	1
breathe	1
breaksasted	1
bread	1
brctzes	1
brathe	1
branch	1
brain	1
boyish	1
boy	1
bowing	1
bowed	1
bow	1
botd	1
bore	1
bookcases	1
bookcase	1
bone	1
bonds	1
bonafide	1
bom	1
bolv	1
boll	1
bolingbroke	1
boat	1
boasted	1
boardinghouse	1
boarders	1
bns	1
bmiteur\	1
blythlbme	1
blushes	1
blown	1
blovo	1
blotted	1
blot	1
blossoms	1
blossom	1
blop'd	1
bloom	1
bloodless	1
block	1
bloated	1
blister	1
bliss	1
blinds	1
blind	1
blighted	1
blessings	1
bleeds	1
bleed	1
blasts	1
blasted	1
blameable	1
black	1
birdi	1
billious	1
bigotry	1
bewilder	1
bewail	1
betraying	1
bestowed	1
bespoke	1
bespeaki»g	1
besalling	1
besallen	1
berer	1
bent	1
benignly	1
benevelent	1
benesits	1
benesa^refs	1
benefit	1
benefactors	1
bene	1
bending	1
bend	1
belonging	1
bell	1
believes	1
belief	1
beholds	1
beholding	1
behesits	1
behavi	1
behaved	1
behave	1
beguiled	1
beguile	1
begotten	1
beg'an	1
beg	1
bedside	1
bedford	1
bedewed	1
bedclothes	1
becomes	1
beautisul	1
beating	1
beaten	1
beams	1
beamed	1
beam	1
baseness	1
barrier	1
barky	1
barbarians	1
bap	1
bankruptcy	1
bankrupt	1
banking	1
bank	1
banesul	1
balsam	1
balmy	1
balms	1
ball	1
balancing	1
balance	1
baieness	1
bagshot	1
badly	1
backwards	1
backward	1
babe	1
azure	1
aye	1
axletree	1
awsul	1
awlent	1
awkward	1
awed	1
awe	1
awakens	1
await	1
aw&re	1
aver	1
avenue	1
aveided	1
availing	1
authority	1
augultus	1
augment	1
aud	1
aucustus	1
attributes	1
attributed	1
attribute	1
attracting	1
attracted	1
atten	1
attainments	1
attainable	1
attain	1
attacks	1
attacking	1
attach	1
atrocity	1
atone	1
atlive	1
atew	1
at'his	1
asylum	1
astronomy	1
astronomical	1
astray	1
assuring	1
assuredly	1
assurances	1
assortment	1
assord	1
assixed	1
assisting	1
assistant	1
assirmative	1
assigning	1
assiduity	1
assertion	1
asserted	1
assert	1
assented	1
assent	1
aspired	1
aspire	1
aspirations	1
aspic	1
aspersi	1
aslb	1
asforded	1
asford	1
asfliction	1
asfec	1
asexual	1
ascribe	1
ascetic	1
ascertained	1
ascendency	1
ascendancy	1
artists	1
artist	1
artisice	1
articles	1
arrogance	1
arriving	1
arrangement	1
arjd	1
aristides	1
arises	1
arise	1
aria	1
argument	1
argues	1
argue	1
ard	1
archness	1
archly	1
arch	1
arc	1
aptitude	1
apt	1
appropriated	1
apprise	1
appreciating	1
appreciate	1
appre	1
appointment	1
applying	1
apply	1
appiehensions	1
appellations	1
appearances	1
apostle	1
apoplectic	1
aping	1
anxious	1
antidote	1
antechamber	1
antagsnist	1
antagonists	1
answers	1
answering	1
anq\	1
ano	1
announcing	1
annihilating	1
anme&	1
animal	1
angle	1
angel	1
anevil	1
andy	1
andmy	1
andl	1
andcherished	1
and^should	1
and'spirit	1
anatomy	1
analysing	1
analyse	1
analogous	1
amount	1
amid	1
american	1
amended	1
ambitious	1
alternate	1
altered	1
alteration	1
alter	1
altars	1
alt	1
alrea	1
alow	1
almoner	1
almoit	1
allusions	1
allude	1
allowing	1
allotted	1
alleviating	1
alleviated	1
alleviate	1
allay	1
alie	1
alexander	1
alert	1
alarm	1
akin	1
ak	1
ajfectians%	1
airy	1
airs	1
airivith	1
aim	1
ails	1
ail	1
aik	1
aiding	1
agues	1
agoniz	1
agitations	1
aggregate	1
aggravated	1
agaia	1
afv	1
aftef	1
aft'ection	1
aft	1
afsection	1
afsect	1
afseclion	1
africans	1
afresh	1
afi	1
affur	1
affunder	1
affording	1
afflictions	1
afflicting	1
afflicted	1
affiiclions	1
affesl	1
affecyion	1
affectedly	1
affeclioii	1
affec	1
afaint	1
aethereal	1
ady	1
advised	1
advice	1
adverting	1
adverted	1
adversity	1
adverse	1
adversary	1
adventurous	1
advances	1
advancement	1
adulation	1
ads	1
admitting	1
admiring	1
admired	1
adjusting	1
adjusted	1
adjournment	1
adherence	1
adhere	1
addrls&ng	1
adapted	1
adamantine	1
acuteness	1
actuated	1
acting	1
acquit	1
acquiring	1
acquiescence	1
acquiesced	1
acquainting	1
acqaaintance	1
acknowledgements	1
achieved	1
ache	1
ach	1
accus	1
accuracy	1
accumulate	1
accounting	1
accountable	1
accosting	1
accords	1
accomplishment	1
accomplishing	1
accompanying	1
accompanies	1
accommodations	1
accommodating	1
accessible	1
accessary	1
accepted	1
accellerated	1
accelerated	1
accelerate	1
acced	1
acccount	1
abyss	1
abusing	1
abundance	1
absurdity	1
absurdities	1
abstractedly	1
absented	1
abroad	1
abou	1
abortive	1
abolition	1
abilities	1
abhorrent	1
abhorrence	1
abhor	1
abeau	1
abating	1
abashed	1
abasement	1
abaihed	1
a.temptttf	1
^oi	1
^iye	1
?»	1
?]	1
??;	1
?:	1
?,	1
?*	1
?)	1
?'*	1
?''	1
=	1
<pxysms	1
<<	1
<-	1
<*	1
<'	1
6<tttrt»air	1
4"gu$tus	1
3smma	1
/dle	1
//	1
/,	1
.»»..	1
.}	1
.?	1
.;	1
./\!	1
...	1
.**	1
.*	1
.)	1
.(	1
.",	1
."'	1
-?	1
-.;	1
-'*	1
-'	1
+eliefto	1
*♦	1
*»	1
*xise	1
*ormenting	1
*mma	1
*<	1
*.jtfadame	1
*.*	1
*,	1
*"	1
)."	1
(.	1
'•	1
'«	1
'.	1
'*.	1
'*'	1
''.	1
'"	1
&>	1
&-	1
&	1
$£	1
"*	1
"'	1
!},	1
!],	1
!),	1
!)	1
!'*	1
