.	785
,	628
'	600
a	301
the	298
-	297
;	244
i	214
and	180
of	174
|romannumeral|	159
:	154
to	147
|arabic1digit|	136
in	112
--	101
that	94
you	92
we	72
t	72
as	67
for	63
?	63
have	61
e	56
r	52
he	52
..	52
"	52
z	51
|arabic2digit|	48
had	47
it	45
our	44
o	44
was	41
this	40
is	40
not	37
(	37
ſo	35
your	35
w	35
but	35
\	34
were	33
his	32
by	32
u	30
their	30
s	30
n	30
him	30
f	30
are	30
at	29
>	29
no	27
)	27
would	26
an	26
.-	26
my	25
m	25
-.	25
on	23
be	23
with	22
all	22
us	21
they	21
if	21
*	20
which	19
when	19
ſome	18
upon	18
or	18
mr	18
men	18
j	18
into	18
do	18
smith	17
me	17
how	17
',	17
them	16
people	16
now	16
king	16
been	16
'-	16
then	15
out	15
good	15
ſuch	14
very	14
than	14
parliament	14
old	14
made	14
look	14
k	14
from	14
d	14
could	14
[	14
ſ	13
what	13
p	13
own	13
one	13
!	13
y	12
who	12
up	12
there	12
reign	12
man	12
em	12
can	12
]	12
ſſ	11
will	11
well	11
tell	11
over	11
late	11
did	11
ſhould	10
|arabic4digit|	10
time	10
never	10
more	10
has	10
great	10
got	10
gentlemen	10
friends	10
any	10
ſelf	9
told	9
think	9
other	9
know	9
	9
yet	8
ye	8
must	8
make	8
government	8
b	8
am	8
.'	8
~	7
whole	7
under	7
much	7
money	7
may	7
indeed	7
i'll	7
her	7
heard	7
ever	7
court	7
ſee	6
þ	6
|arabic5+digit|	6
true	6
tis	6
those	6
take	6
religion	6
re	6
q	6
poor	6
mind	6
might	6
kingdom	6
keep	6
il	6
come	6
care	6
before	6
bajs	6
always	6
=	6
<	6
-'	6
ﬂ	5
ﬁne	5
ſhall	5
ſay	5
ſame	5
|arabic3digit|	5
without	5
turn	5
took	5
these	5
th	5
taken	5
surprise	5
story	5
sir	5
run	5
principles	5
pray	5
point	5
occasion	5
most	5
means	5
land	5
kings	5
house	5
honour	5
give	5
g	5
ex	5
england	5
elevate	5
common	5
city	5
came	5
best	5
being	5
ar	5
al	5
about	5
-;	5
'.	5
ﬄ	4
ﬁnd	4
ſince	4
ſhe	4
ſelves	4
{	4
zand	4
way	4
vow	4
un	4
tt	4
too	4
together	4
thought	4
though	4
saddle	4
rays	4
put	4
purpose	4
party	4
often	4
notion	4
noble	4
new	4
nation	4
merit	4
mark	4
many	4
ma	4
lt	4
lord	4
like	4
last	4
lame	4
la	4
its	4
ing	4
h	4
go	4
get	4
found	4
flowers	4
favour	4
eminent	4
done	4
does	4
de	4
day	4
country	4
conscience	4
boys	4
better	4
able	4
.:	4
),	4
ﬁr	3
ſi	3
ſaid	3
}	3
zof	3
yours	3
wish	3
why	3
whose	3
while	3
war	3
two	3
trust	3
times	3
three	3
thing	3
themselves	3
sweet	3
royal	3
revolution	3
public	3
prince	3
power	3
person	3
past	3
parties	3
oſ	3
ought	3
oi	3
northeast	3
nor	3
nd	3
name	3
methods	3
memory	3
mean	3
management	3
makes	3
lw	3
lost	3
ll	3
live	3
leg	3
justice	3
judge	3
highest	3
gave	3
former	3
fo	3
fellow	3
fa	3
evil	3
everybody	3
every	3
enough	3
else	3
easily	3
diﬀerence	3
dissenters	3
days	3
com	3
che	3
charles	3
cause	3
cats	3
business	3
bring	3
board	3
ba	3
army	3
anything	3
among	3
aj	3
against	3
after	3
ad	3
actions	3
action	3
/	3
...	3
.-.-	3
.,	3
.'.	3
."	3
-\	3
-.,	3
';	3
"'	3
ﬂy	2
ﬂies	2
ﬁg	2
ﬁ	2
ſuﬀer	2
ſpent	2
ſor	2
ſoon	2
ſon	2
ſometimes	2
ſmall	2
ſide	2
ſet	2
ſave	2
£	2
zſ	2
zz	2
zwe	2
yf	2
yes	2
years	2
worthy	2
worthies	2
worth	2
worst	2
work	2
wit	2
william	2
wi	2
whom	2
white	2
whiggs	2
whem	2
wheels	2
wealthiſh	2
wasa	2
warm	2
wards	2
vw	2
virtues	2
virtue	2
villains	2
ve	2
va	2
v	2
used	2
um	2
ue	2
turned	2
tune	2
truth	2
tribes	2
timely	2
things	2
therefore	2
thc	2
thank	2
ten	2
tears	2
table	2
superiors	2
stateſ	2
state	2
so	2
slavery	2
services	2
saints	2
rz	2
right	2
riddle	2
reﬂect	2
respect	2
remorse	2
remember	2
reigns	2
reason	2
rea	2
rd	2
rather	2
ram	2
raised	2
quite	2
queen	2
qf	2
proteﬅants	2
proof	2
pro	2
private	2
prithee	2
pretended	2
practice	2
poﬅs	2
politics	2
poet	2
pll	2
please	2
place	2
piece	2
persons	2
paﬄ	2
pains	2
pa	2
oﬃcers	2
others	2
ofa	2
objects	2
obedience	2
nue	2
nothing	2
nn	2
ng	2
neither	2
nay	2
nature	2
nations	2
n'as	2
mrs	2
moon	2
modern	2
minute	2
mia	2
mad	2
m.d	2
lﬁ	2
ly	2
lour	2
looked	2
longer	2
long	2
london	2
ln	2
lives	2
little	2
lit	2
life	2
let	2
le	2
large	2
laid	2
lad	2
knew	2
kind	2
kept	2
juﬂ	2
judgement	2
iſ	2
irelmd	2
interest	2
ie	2
ice	2
honesty	2
honest	2
himself	2
hi	2
held	2
heads	2
half	2
greater	2
grants	2
god	2
glorious	2
getting	2
gentleman	2
gentle	2
gene	2
fzz	2
full	2
frighted	2
fm	2
fighting	2
few	2
fen	2
fault	2
fat	2
far	2
familiar	2
false	2
faithful	2
faculties	2
extraordinary	2
estate	2
especially	2
entered	2
enemies	2
ell	2
either	2
egg	2
dutch	2
diﬃcult	2
diſienters	2
diſcarded	2
discourse	2
df	2
devil	2
death	2
dead	2
courtier	2
conſciences	2
contrary	2
commiﬃoners	2
colonel	2
chin	2
certainly	2
cat	2
case	2
captain	2
call	2
ca	2
brought	2
brother	2
brave	2
bqr	2
bound	2
bold	2
big	2
beyond	2
believe	2
because	2
bays	2
aﬀections	2
axe	2
awe	2
away	2
aside	2
anybody	2
answer	2
ame	2
ali	2
advice	2
advantage	2
account	2
according	2
abuſing	2
abundance	2
ab	2
='	2
4	2
.£	2
.\	2
.;	2
.....	2
..-..-	2
..,	2
.-..	2
.-,	2
-:	2
-..	2
-.-	2
-*	2
+	2
*-	2
*'	2
'\-	2
'*	2
')	2
ﬅuﬀed	1
ﬅubborn	1
ﬅruck	1
ﬅretching	1
ﬅrermous	1
ﬅopp	1
ﬅill	1
ﬅicks	1
ﬅanding	1
ﬅ	1
ﬄwﬄmu/wﬄ	1
ﬄmyi	1
ﬄjazgdmþetxlogﬃ	1
ﬄam	1
ﬃndplcs	1
ﬃmþnnd	1
ﬃdﬁld	1
ﬂying	1
ﬂxc	1
ﬂung	1
ﬂroko	1
ﬂowery	1
ﬂo	1
ﬂmded	1
ﬂm?wm	1
ﬂirj	1
ﬂing	1
ﬂdhg	1
ﬂarcit	1
ﬂ1ould	1
ﬁﬅanw	1
ﬁx'd	1
ﬁx	1
ﬁve	1
ﬁt	1
ﬁrﬅahow	1
ﬁrﬅ	1
ﬁndqſhd	1
ﬁlly	1
ﬁl1jﬁjjll	1
ﬁk	1
ﬁgniﬁes	1
ﬁgniﬁe	1
ﬁenuroouogvosin	1
ﬁarﬃd	1
ﬁad	1
ﬀwoiiﬂd	1
ﬀlitl	1
ﬀiaasherivﬂ	1
ﬀi	1
ﬀh	1
ﬀ	1
ſﬃ	1
ſﬂn	1
ſſﬄxﬂhiﬂ	1
ſſſſ	1
ſſſi	1
ſſſhat	1
ſſ~.~	1
ſſzfamiliak	1
ſſwcttﬄbudib	1
ſſtþunfky	1
ſſtrﬂiﬂd	1
ſſomarﬁ	1
ſſl	1
ſſi	1
ſſht	1
ſſhis	1
ſſbu	1
ſſ\ahl	1
ſwafkizig.in	1
ſuﬀered	1
ſuﬀe1	1
ſuryhave	1
ſurly	1
ſur	1
ſultirxg	1
ſucha	1
ſtþﬂ	1
ſtd	1
ſqreayoug	1
ſpoiling	1
ſpeedy	1
ſpeakingnhe	1
ſpeaking	1
ſpeak	1
ſoundly	1
ſot	1
ſorit	1
ſorishcevevilz	1
ſoniewhhrelſe	1
ſomuthﬄ	1
ſomething	1
ſome.are	1
ſoflonge	1
ſoever	1
ſmn	1
ſlrimss	1
ſlip	1
ſions	1
ſingle	1
ſimthat	1
ſilf	1
ſiiﬂ	1
ſihﬂ	1
ſihouſe	1
ſiheiyzzk/cl	1
ſight	1
ſieuiſſ=ﬃ©*'?*	1
ſhuchas	1
ſhrts	1
ſhotſd	1
ſhoot	1
ſhen	1
ſh	1
ſg	1
ſevere	1
ſeveral	1
ſetves	1
ſerved	1
ſerv*d	1
ſerv	1
ſenvly	1
ſent	1
ſending	1
ſend	1
ſeemed	1
ſed	1
ſcore	1
ſbrislg	1
ſb	1
ſaſe	1
ſayt	1
ſawcy	1
ſatisiytd	1
ſation	1
ſalve	1
ſaferpoﬅ	1
ſafd	1
ſad	1
ſa1d	1
ſ>t3"ſſ	1
ſ<>	1
ſ'w	1
ſ""*'*9	1
þſxﬂd	1
þy	1
þwt	1
þrnaintaioz	1
þone	1
þly	1
þlow	1
þl	1
þgbdesgylvh	1
þg	1
þeﬀhat	1
þenevshro	1
þelſﬁk/iorſſe	1
þcommons	1
þalﬄ	1
®?atfir	1
©'1	1
£}'aca$itg	1
£z1'co5ite	1
£l	1
£.	1
£-.:	1
£-	1
£'-	1
~þa	1
~.*.	1
}....	1
|arabicprice|	1
|'s|	1
{®:	1
{,	1
zﬄzfgrdzgr	1
zﬄthin	1
zﬄbht	1
zﬁnd	1
zſſwr>lrl==ﬃ>ﬂdw	1
zſon	1
zſi	1
zſce	1
zþygz	1
z{ſſ*?'y$>	1
zzgbouc	1
zzds	1
zzagezuſmsga	1
zzafw	1
zypuﬀll	1
zyct	1
zwith	1
zwillingfco	1
zvgﬁ	1
zv	1
zuthink	1
zuoz	1
zuotha	1
ztzrz	1
zturn	1
ztriot	1
ztjﬄfﬃlaaﬀ	1
ztittﬁk	1
zthf	1
zthe	1
zthat	1
zsziﬁ	1
zsxft	1
zsm	1
zrzqwhzf	1
zrwoprzſſtrhrec	1
zrurzierstozheza	1
zrlaipk	1
zrdu	1
zr	1
zourbziﬁneſs	1
zouparc	1
zonþaﬂwiry	1
znce	1
zmatl	1
zmaking	1
zlrzjtkﬃct	1
zlq	1
zlmi	1
zll	1
zlittle	1
zleaf	1
zkepgin	1
zjzpejihypf	1
zjthjfo	1
zjh	1
zizday	1
zitj	1
ziram	1
zir	1
zif	1
zhowfpanz	1
zhliſhmenxzand	1
zhezzlzagl	1
zhavd	1
zhars	1
zha/izfzatzat	1
zg	1
zfrenc/a	1
zexxxlsxnen	1
ze	1
zdzplct/naggsain	1
zcoubffy	1
zapply	1
zan	1
zagrﬀxwþo	1
z=ple	1
z/e	1
z.a	1
z.>	1
yﬂl	1
yſiixiﬁiſſiſigl	1
y©	1
ywthe	1
yworthj	1
yvhoſe	1
yturn	1
yttmzbﬂr	1
ytis	1
yqu	1
ypu	1
ypbe	1
youzmentwpd	1
youtold	1
yourſide	1
yourpﬂicltcs	1
yourdiſcarding	1
yourawholc	1
young	1
youiſen	1
youfhoxi/	1
youan	1
you'll	1
yotzzjlaﬅ	1
yoiitzbto	1
yoiiimow	1
ylzis	1
yiou	1
ygﬄlt	1
ygwtgnil	1
ygu	1
yeﬁ%y]{ing	1
yeſit	1
yeytharla	1
yeuiu	1
yes.reveryibody	1
yery	1
yem	1
yellow	1
ydui	1
yar	1
y?=.x	1
y0u	1
xzﬁndin'g	1
xzr	1
xzlnſslring	1
xwtofei	1
xwastrne	1
xwas	1
xvalmonlyt	1
xt	1
xr	1
xoun	1
xlseiij	1
xkﬅxll	1
xkpntiſ/z	1
xk	1
xien	1
xhlyl	1
xhat	1
xhac	1
xguﬀa	1
xglzceowctiyoﬀ	1
xge	1
xg	1
xcal	1
xbdhdesyrkndaqze	1
x>r	1
x*ov'd.to	1
wﬃoip	1
wﬃectr	1
wﬁzﬁut	1
wﬁeb	1
wﬀd	1
wþtfas	1
wzﬄmﬁ	1
wzf	1
wzaive	1
wys	1
wyck	1
wrxz	1
wrreﬂis	1
wrote	1
writes	1
wren	1
wq=vzouldlþavc	1
wply	1
wp	1
wouldruin	1
wouldgain	1
woul	1
wou	1
wotſdyou	1
wortbini	1
worse	1
worrying	1
worm	1
world	1
workoſ	1
worked	1
word	1
wool	1
wonderfully	1
wonder	1
women	1
womah	1
wokrying	1
wo	1
wnﬂþirjted	1
wmplxirﬁct	1
wlmt	1
wl3swg1	1
wiﬄhinj"orr	1
wizlnaﬁuezlﬂiugs	1
wits	1
withﬄyctz	1
without7	1
within	1
withgyou	1
wit/tap	1
winter	1
win	1
wilkinſan	1
wilkin/on	1
wile	1
wiiqfhgnlzdxthq	1
wig	1
wicked	1
wi/1i4'rn	1
whore	1
whiggg	1
whig	1
whey	1
whether	1
whet	1
whereof	1
wherek	1
whereabotttsyyou	1
where	1
whercxwet	1
whengod	1
whenever	1
whena	1
wheel	1
wheat	1
whe	1
whatouſſti	1
whanyou	1
wha	1
wh	1
wfmt	1
weﬂwwith	1
weﬂleonſiderzif	1
weﬀzcohlgl	1
wezznew	1
wezgot	1
wewimpm	1
went	1
wenden	1
weir	1
weight	1
weglph	1
ween	1
wee	1
wed	1
weary	1
wear	1
wealths	1
wdſoon	1
wdrvzﬂtkpdnd	1
wdiﬂd	1
wbisgs	1
wbink	1
wbajs	1
waz	1
wayzl	1
ways	1
waxed	1
waszabout	1
wasthe	1
wasted	1
wasnosignof	1
wasiormetly	1
wasdead	1
warts	1
warrant	1
wants	1
wan	1
wall	1
wait	1
wa	1
w@iſm	1
w1tz	1
w/uggr	1
w*zzwf	1
vﬁzﬂ	1
vſſ	1
vzﬂy	1
vwwwf	1
vwn	1
vv	1
vu	1
vtﬂatns	1
vtxas	1
vthoﬀibd	1
vtbe	1
vtb	1
vrn	1
vras	1
vowr	1
votedz	1
voee	1
vneompriielzba	1
vlſilſiim	1
viſer	1
vitiated	1
villainies	1
vided	1
vice	1
viated	1
vhvvv	1
vhed*	1
vfznnz	1
vezſetq	1
verume	1
vertuein	1
verse	1
vers	1
ver	1
veptured	1
veny	1
ventuﬂ	1
ved	1
vdtm	1
vdiſcourſezat	1
vcryfoft	1
vcll	1
van	1
value	1
vall	1
vale	1
vaarazczarzon	1
v'de	1
uﬅ	1
uﬄct	1
uﬂl	1
uþodzyou	1
uthe	1
usſſhat	1
uskiwere	1
uses	1
usczzski	1
usage	1
urity	1
urd	1
uppermost	1
upona	1
upa	1
uonr	1
uof	1
unhappy	1
undone	1
undoe	1
underﬅand	1
understand	1
unde	1
uncvcr	1
uncorrnpt	1
umr	1
umm	1
um.'7er3ze	1
ult	1
ulblgyse	1
uku	1
uiywith	1
uieﬄafractured	1
uie	1
uhcp	1
ufttrrthnt	1
uetor	1
ues	1
uditnzlp	1
ucsnze	1
ucl	1
uc	1
ubliſh	1
uaþ	1
u\ſ	1
u1d	1
u..arﬂﬂ	1
u's	1
tﬁreefeore	1
tﬁoﬃ	1
tﬀmyſbjbmþ	1
tſu	1
tþekoguesin	1
tzis	1
tza	1
tyburn	1
ty	1
twq	1
twpeﬂs	1
twoor	1
twill	1
twbhﬂy	1
twas	1
turning	1
tue	1
ttﬁd	1
ttz	1
tto	1
trulyu	1
trueſi	1
trtltieſervegrfo	1
trouble	1
troops	1
tri	1
trgnﬂzcndent	1
trezyy	1
trenches	1
treaﬅerj	1
treaſtarj	1
treat	1
treasurer	1
treasure	1
treason	1
trea	1
trd	1
tranſcendentvcrt	1
tranſcendant	1
train	1
tra	1
tr	1
toſ	1
tozhonoureus	1
towards	1
toward	1
tov	1
touthe	1
tory	1
torrorem	1
torn	1
torlzaj	1
top	1
toourſide	1
toojbfg	1
tomake	1
tom	1
tollerate	1
tole	1
tolde	1
tol	1
togethertgand	1
tofriend	1
toapoﬅ	1
to..live>in	1
tnﬂrorﬂforfeitnfcﬀyout	1
tnmrr£he	1
tniﬃons	1
tnaltc	1
tllþaiss	1
tliroats	1
tlidﬂmdtſlﬄounds	1
tlhdt	1
tjlemcq	1
tiſſ.=hdﬁﬂv®fd	1
titude	1
title	1
tithe	1
tirue	1
tion	1
tin	1
timega	1
timc	1
tile	1
tiines	1
tii/"zhziz	1
ti	1
thﬄthcy	1
thﬁzcauſc	1
thﬁ	1
thy	1
throughout	1
throne	1
thries	1
thqn	1
thqi	1
thqdiﬂﬄejcnce	1
thoſe	1
thoweverl	1
thouſandsof	1
thouglwe	1
thonſandpoundsj	1
tho'i	1
thither	1
thisixiquiſitive	1
thirſ	1
thirty	1
thirds	1
thingj	1
thifdgﬂkeþping	1
thgfigijnl	1
thf	1
theﬄre	1
thezrp	1
thez'1aﬂ=	1
theyſi'll	1
theylllevpme	1
they.'llr	1
thewhole	1
theways	1
theteforelﬀ	1
thereﬁ	1
therex	1
therek	1
there"s	1
thercts	1
therbajx	1
theprinciples	1
theme	1
thema	1
theirs	1
theimbackd	1
theflﬂi.ﬀgﬁs	1
thefantboricy	1
thedeqthi	1
thecoxgwfy	1
thcsphakcm	1
thcoklcanr	1
thavs	1
thatſſ	1
thatreignz	1
thatmade	1
thatgreatﬄ	1
thatgreatand	1
thane	1
thanazﬂ	1
thafvfereﬂanch*	1
tha.n	1
th'ezf	1
tgroﬀ	1
tfygiin	1
tf'u9f'1t©*	1
teﬂz	1
tetflife	1
termed	1
tepj	1
tellers	1
tekl	1
tdlﬂtlgh	1
td..umziiite	1
tcnde	1
tbrﬁeﬃﬃvﬂe	1
tbr	1
tbagr	1
taw	1
task	1
taryg	1
taries	1
tare	1
tame	1
talks	1
talked	1
talk	1
taktnall	1
tainaﬅration	1
tain'd	1
tails	1
tadodﬀg	1
ta	1
t]1f*'comn1itfeee	1
t0ſs*d	1
t/xﬀ	1
t.b1=z	1
t's	1
sﬄ=	1
sþzia	1
szﬂrookcd	1
sz	1
syﬂem	1
sxr	1
swdips	1
swa3	1
sv0u	1
suﬀerersﬂns	1
sutptizeall	1
suppoﬂs	1
suppoſe	1
superanualted	1
sun/e	1
sumﬁxagalﬁﬁz	1
summons	1
summoned	1
summer	1
suixprdﬄlr	1
suehmas	1
suckﬅng	1
subſctip	1
subjcctpndgﬄour	1
stueſmamrwe	1
stubborn	1
stubbom	1
straw	1
stirrup	1
stink	1
steps	1
statues	1
statue	1
stations	1
stareſman	1
standing	1
stahjeliszwith	1
srfziyb	1
squeek	1
squai	1
spot	1
spirit	1
spezzkrxyiﬄout	1
speak	1
spart	1
spark	1
spades	1
sounden	1
soul	1
sot	1
solis	1
solicitors	1
snjſi	1
snife£s	1
smithﬂﬂd	1
smilniﬅry	1
smellers	1
smell	1
sm$!i.'ſiq£5	1
sly	1
slxoſpn	1
sliſcern	1
slink	1
slavsrr	1
sla	1
sl	1
skiſſd	1
skirts	1
skilpd	1
sit	1
siri	1
sinners	1
sin	1
si	1
show	1
shovels	1
shoulders	1
sheat	1
shamexon	1
sf	1
sey/e	1
sewamez	1
senſe	1
senſc	1
seli	1
seeuredlttlerd	1
seem	1
seat	1
sdf	1
sconſc	1
scazﬄaj	1
scaggia}.z\9	1
sarra	1
same	1
salary	1
sainmbw	1
sail0rsjacket	1
sagacity	1
safety	1
sacrament	1
sa	1
s'd	1
rﬂﬁt	1
rﬁi=ibz=lxu7ﬀzyaiihe	1
rﬀ	1
rſsy	1
rzﬂtuen	1
rzng	1
ryzw	1
rye	1
rxu	1
rwzith	1
rvoo	1
ruly	1
rule	1
ruive	1
ruintd	1
rui	1
rude	1
ruat	1
rt	1
rs	1
rry	1
rraisﬃ	1
rr	1
round	1
rooueuhaus	1
root	1
room	1
rome	1
rogues	1
robe	1
roaucs	1
roar	1
ro	1
rnpaiﬅdhjthethandtqf	1
rno	1
rm	1
rlzonnefs	1
riﬄnoi*th	1
ritedtand	1
rim	1
rightſh	1
rights	1
righteous	1
riderwho	1
ride	1
riches	1
richard	1
ri	1
rhime	1
rhgnsosdiwarz	1
rheﬄr	1
rgxpoſed	1
rgir	1
rfmmaa	1
rfiiend	1
reﬅrain	1
reﬅof	1
reﬂected	1
reﬁoﬄd	1
reſutre	1
reſormed	1
rezzzzvizzſzacqz	1
reyi	1
retvard	1
resolving	1
resolved	1
resolute	1
rescued	1
rer	1
repreſentationsin	1
represent	1
reprc/pnt	1
reported	1
report	1
repeated	1
remained	1
religiouſly	1
religious	1
religiong	1
relating	1
reignsﬂiſit	1
regard	1
regal	1
referred	1
reduced	1
red	1
rect	1
recovered	1
recompense	1
recommended	1
recommend	1
recgired	1
reccwe	1
rear	1
readiness	1
read	1
reach	1
rc	1
rbtﬁidff	1
rbinu	1
rb.wil	1
rattling	1
rate	1
rare	1
ran/e	1
ran	1
raiſeof	1
raising	1
raise	1
railing	1
r.vli	1
r*	1
qﬃccs	1
qﬂlikzv	1
qþnd	1
quitted	1
quit	1
quilrycot	1
quickly	1
qui	1
quar	1
qualification	1
qtzecn	1
qqþlþco	1
qqaclvﬁon	1
qoeox	1
qk	1
qj	1
qiﬁl	1
qhurclz	1
qfs1	1
qchaavzzvzsre	1
qbe	1
qatn	1
qairing	1
qa	1
pﬃnw	1
pﬂﬂff	1
pſſlhittſhtt	1
pziili	1
pyt	1
py	1
pxzzfmgngz	1
pxtgagchﬂ	1
pwwtpf	1
pvaﬂop	1
putﬄemuihﬀmind	1
pursue	1
purse	1
purpoſo	1
purpoſesf	1
pulﬂick	1
puhlieh	1
pubz	1
publiekwchnatge	1
ptehlie/e	1
pteaehets	1
prﬁife	1
przﬀsﬂﬀaſſm	1
prudent	1
proﬁt	1
proſitabletext	1
provided	1
prove	1
proposal	1
properties	1
pronounred	1
prolong	1
projeﬂ	1
projects	1
project	1
profound	1
profitable	1
proffered	1
proenyyzoſlﬀreamble	1
proceeded	1
probity	1
princiſſple	1
priests	1
priend	1
pricle	1
preﬁ	1
preſſgqt	1
preſtime	1
pretty	1
prettiy	1
pressing	1
preserve	1
preservation	1
present	1
premiſes	1
prelgnt	1
prefermencz	1
prefer	1
preachet	1
preacherszſor	1
preachers	1
preached	1
pre	1
prarſe	1
prag	1
practiced	1
praaiſed	1
pra	1
pqufzkb	1
ppppffqz	1
poﬁ	1
poﬀcſsnhafyou	1
poſﬁblyzdþ	1
pox	1
poverty	1
poundsper	1
potbanzz	1
possibly	1
pormpines	1
popular	1
populace	1
popery	1
pope	1
ponſecratron	1
pon	1
politicksz	1
polieieksﬂisyvubbnivni	1
points	1
poingthat	1
pnw	1
pnucipl	1
pnhlie/e	1
pn	1
plum	1
plttalte	1
plluaſu	1
plenary	1
pleased	1
plate	1
pland	1
plainnl	1
plain	1
placeſorlſitſe	1
places	1
pji	1
pittingrliire	1
pitleg	1
pitch	1
pioer	1
pint	1
pigs	1
pieces	1
pie	1
pictures	1
picture	1
pickaxes	1
phyſicak	1
phkfqþqsquhdþhfnyzpi	1
phavcrno	1
pgofoﬂbﬃbp	1
pfrliaenentsgg	1
pfn	1
peﬅruﬂion	1
pewter	1
petitioned	1
petitiol	1
perſvaﬂon	1
pert	1
persuaded	1
perrlza	1
perpetuaoe	1
peri	1
perfection	1
per	1
peopleﬄroiþ	1
peoplebelieve	1
people?xd0>yo	1
peo	1
penny	1
peers	1
peer	1
peep	1
peace	1
pdsrz	1
pcoplq	1
pbgſwidﬂzthcnmﬁiſi	1
paﬃon	1
paſſive	1
pay	1
patirion	1
patenuinthe	1
patent	1
pass	1
parſon	1
paryþicui	1
parting	1
partg	1
parqitidnof	1
parmſſm	1
parliaments	1
parliamentary	1
parliamenjr	1
parliameniiu	1
parity	1
parish	1
pardomwluich	1
parciesmy	1
parcel	1
paoor	1
panegyttidc	1
panegyric	1
pahlich	1
p1sves	1
oﬃces	1
oﬃcer	1
oﬃce	1
oﬃ	1
oﬂieers	1
oﬂices	1
oﬂhc	1
oﬂb	1
oﬁﬀwﬀoſsﬁggvarr	1
oﬁrbe	1
oﬁe	1
oﬁ	1
oﬀcnce	1
oﬀ	1
oſsthe	1
oſjobzjbn	1
oſgovernment	1
oxbyfeeling	1
owledge	1
owing	1
ow	1
ouziinmkﬂej	1
ours	1
ouk	1
ouilol	1
othkf	1
orioor	1
orders	1
order	1
orarorj	1
oppreﬅ	1
opposition	1
opinions	1
opinion	1
open	1
op	1
ooothouſandpounds	1
ook	1
oo	1
onyour	1
only	1
onl	1
oneﬀof	1
onezof	1
ones	1
onee	1
one'ca'n	1
omiﬂion	1
olmﬂzn	1
oldſiommon	1
ol	1
ok	1
oidtam	1
ohes	1
oh	1
ogues	1
ofﬂile=exeieſe	1
ofﬀi	1
ofſiitpj	1
ofzthecivil	1
ofzchriﬅ	1
ofyotn	1
ofxevery	1
oft	1
ofproﬁt	1
ofourreunning	1
ofomanag	1
ofmen	1
ofi=t	1
ofgovei	1
offraiſing	1
off	1
ofdll	1
oetheisnven	1
oefeatyougobﬁmazogand	1
oe	1
odt\cﬁe	1
odium	1
od	1
occur	1
occasional	1
obtained	1
observe	1
obedient	1
obb	1
oath	1
o.£©	1
o*ik	1
nſw	1
n£vy3al1dlſhoþ	1
nzthe	1
nzdzeipuﬂounuzy	1
ny	1
nvould	1
nv	1
nuﬂjy	1
numerpus	1
nual	1
ntſinptheix	1
ntrncz/t	1
ntlemen	1
ntiﬅalcen	1
nt	1
nrﬁviſhﬀd	1
nr	1
nptice	1
noxreſtﬅ	1
nowl	1
nouifﬂ	1
nough	1
notweﬁyritﬂybhrſﬂﬂﬀiﬀfdreﬂtþlt	1
notunderﬅantlthe	1
nottgmt	1
notice	1
notbeﬅcvﬁed	1
notables	1
nostre	1
nones	1
none	1
nolpiece	1
noise	1
nocomplaint	1
noblemans	1
nobilit	1
nnrnher	1
nlccy	1
nkn	1
nkets	1
nitrjg	1
nisi	1
nine	1
nieap	1
nictſecil	1
nics	1
nhouſe	1
nhc	1
ngﬃſiia	1
neyun	1
neyer	1
nevet	1
neverſnﬀer	1
nest	1
need	1
neceſſaryl	1
necessary	1
nbt	1
nbitttpdrvs	1
navy	1
naturp	1
nate	1
names	1
nal	1
n>oi1ſloo/cſi'd	1
mﬃnunagemprs	1
mﬂke	1
mﬁrt	1
mſtþbel	1
mſrbiljf	1
mſolved	1
mzzgm	1
mz	1
myself	1
my'ſclſ	1
mx	1
mwenber	1
mv/e	1
muﬅﬄdiverrzﬁe	1
muﬅalways	1
music	1
murraj	1
mueh	1
muchout	1
muchas	1
mt	1
msy	1
mrþyaſhytt	1
mremonﬅrate	1
mr.bgs*	1
mr.b4i'z	1
mq	1
mpleykl	1
mouﬁ	1
mouths	1
mouse	1
mournfor	1
mounted	1
mouldefd	1
motitli	1
motgnfwecabkzzﬃ	1
mortal	1
moroſs	1
months	1
monk	1
money*	1
monarchyſhow	1
mon	1
moment	1
mocl1	1
mob	1
mnﬁﬂ	1
mnyſpare	1
mmhttlcn	1
mme	1
mlﬂtﬂtﬂi	1
mldm	1
miﬅhfedoosreﬁthfes	1
miﬂeadmg	1
miſstd	1
miſeſortnnesinsbeing	1
miſ	1
mix	1
mitatiþr	1
mio/i	1
miniﬅets	1
miniﬂers	1
miniﬁſſ	1
miniﬁers	1
ministry	1
ministers	1
minds	1
mimſfreiiorx	1
milton	1
milt	1
mightily	1
mifſi	1
miev	1
midſt	1
meﬃlmvpuefom	1
methinks	1
met	1
merss	1
merits	1
mercyand	1
mer	1
meofl	1
ment	1
memorzfby	1
memorynof	1
member	1
meeting	1
meaﬂ	1
measures	1
mduﬁ	1
mdelpiumeve	1
mccmtiﬁu	1
mcaſh	1
mcancﬅ	1
maﬃ	1
maﬁtaﬂnþt	1
mazkeakepreſentatioa	1
mayan	1
maugre	1
matter	1
master	1
markets	1
marezi££x®s£ain	1
mar	1
mapageinent	1
mans	1
mani	1
managementzwas	1
managemeht	1
managed	1
manage	1
mammary	1
mamgemend	1
mal	1
makingikings	1
making>ſo	1
making	1
makethe	1
makea	1
major	1
majeﬂies	1
majesty	1
majefby	1
majcﬅies	1
mahhagemenci	1
madmzprgor	1
madeſhb	1
madean	1
machines	1
lﬂ	1
lﬁhﬁﬂwiſsﬂsﬁnd	1
lſſcv	1
lſſ*az	1
lſo	1
lſikſi	1
lſelves	1
l££eggz	1
lzzxt	1
lztel	1
lzexpþﬁﬀtþzﬃgqþave	1
lzencfactolzﬁ	1
lz	1
lyﬃ	1
lxality	1
lwh®\h©p	1
lvow	1
luveſent	1
lulﬁietez	1
lucky	1
ltﬅx	1
ltold	1
lto	1
ltn	1
lthe	1
ltfe	1
lremsnxþr	1
lqrd	1
lqfkw	1
lq	1
lpreſided	1
loſszof	1
loxd	1
lose	1
lopk	1
looktabout	1
looking	1
lomþa	1
logicians	1
lofzlimeﬃﬂin	1
lnﬀ	1
lntre	1
lntercﬅv	1
lmpoſitions	1
lmpeachtnentszandﬄtlre	1
lmereﬅ	1
lly	1
llnlthis	1
lkniisﬃ	1
ljﬁeefk	1
lj	1
liveww	1
livetil	1
liv"d	1
lis	1
linian	1
limb	1
likexhatbold	1
likely	1
likeeagles	1
liked	1
likc	1
lihert	1
lieutenant	1
lies	1
liefto	1
lid	1
lick	1
liberties	1
libcrti	1
liavi	1
li\$££{wlxic	1
li.l>t.rxnes	1
lhe	1
lhcfnattloﬂﬂmoj	1
lgcuzlc	1
lfzn	1
lfwe	1
lf	1
leſt	1
lewdneſs	1
lettgrs	1
letter	1
lesser	1
lessening	1
lenowcnot	1
lenemiesabt	1
lel'p	1
legend	1
legacy	1
left	1
led	1
leaving	1
leave	1
leather	1
learmng	1
lear	1
leafn	1
leadyou	1
lead	1
ldonvns	1
ldi	1
ld	1
lcﬂﬂictlﬁþoﬃl	1
lczſixiz	1
lcurs'd	1
lcizg	1
lbrty	1
lazﬅd	1
layﬂa	1
laying	1
laws	1
laurfeat	1
laureate	1
laund	1
laugh	1
lately	1
lar	1
lamely	1
lain	1
laidiourﬂeadsz	1
lack	1
labour	1
labbur	1
l>	1
l1ave®s1<	1
l13oy	1
l.l1'dyipp<	1
l.)ſſ0ſſ5££1&7£	1
l'liv*d3ﬁqg1®	1
l"znowit	1
l	1
kﬄiglztr	1
kwdw	1
kv	1
kss	1
kppfy	1
kpfsﬃge1ofla	1
knoyv	1
knowswho	1
knows	1
knowne	1
knougthat	1
knko	1
knightof	1
knaves	1
knaveries	1
kn	1
klly	1
klh	1
klfmll	1
kithe	1
kitchen	1
kingﬄmanagementisa	1
kingﬂaswrouldi	1
kingsbeph	1
kingdoms	1
kindncſs	1
kin	1
kilpd	1
kilkfgﬂſiir	1
kid	1
khe	1
khasra	1
keﬅ	1
keptoatu	1
keo	1
keepjn	1
kc	1
k1ng	1
jﬁﬁlicft	1
jſohnſapzx	1
jſibvllyoſtjyttxgg.ha	1
jzyour	1
jwa	1
jv	1
justify	1
just	1
ju	1
jtſff	1
jtfþts	1
jrerioﬂrr	1
jrages	1
jr	1
jq	1
jp	1
joy	1
joli	1
johnﬂtn	1
johnſhn	1
johnſbn	1
john	1
jofrﬁ	1
jobnſan	1
jo/znﬅm	1
jo/w/&yf	1
jnﬂice	1
jntcreﬅ	1
jmziai	1
jl	1
jkkajgnyouj	1
jjl	1
jjgna	1
jidmencz	1
jhthe	1
jhr	1
jhg'ffic	1
jhe	1
jfor	1
jfnlx	1
jew	1
jets	1
jczt	1
jctahnſon	1
jbþf	1
jbzzjr	1
jbtzli	1
jberſou	1
jaw	1
jarnd	1
james	1
jabfzſhn	1
j5bnſa	1
j*'zrjz	1
iﬄxtfﬂuﬁtu.as	1
iﬂmotqrz	1
iﬁmiﬂ	1
iſtieh	1
iſsicnce	1
iſi	1
iſe	1
iſay	1
iþqpfwf	1
iþptskayy	1
iþoipd	1
i©p<f*yilgſ>l?z	1
izzanothenzpnetey	1
izxamplez	1
izwould	1
izueﬅiopx	1
izt	1
izh	1
izfnl	1
iz'l	1
iythunoig	1
iy>itho	1
iundreclyeae	1
iuaiptik	1
iu	1
itﬁ	1
itxjfb	1
itout	1
itkgthezzﬁnndted	1
ithﬄmr	1
ithink	1
itaſerveszour	1
italie	1
it.we	1
istheorþ	1
isiaﬁqmfſſogt.able.impot*k£	1
isfffþue	1
isas	1
is1a	1
irz	1
iruth	1
irueﬁfruereﬅ	1
irliepmr.ba)3	1
ire/and	1
ire	1
ircume	1
ir	1
ipay	1
iovernment	1
iour	1
ioo	1
ionſieilﬁrthing	1
io.tw	1
inﬀb	1
inſormﬄ	1
inſeriou	1
inſe	1
inſamous	1
inſallibility	1
inſ	1
inwitþ	1
inwith	1
intreaſing	1
intoflte	1
interfered	1
intereﬂ	1
intdlbme	1
instruct	1
inseparable	1
inoesickerer	1
innocence	1
ink	1
iniquitieaof	1
inherent	1
ingſhiinﬀ	1
ingrateas	1
inform	1
ine	1
industry	1
indulq	1
indeetlzazlzgtg	1
increa/e	1
incognigoj	1
incbzﬂill	1
in?our*7=	1
in'ſomef	1
imﬂﬁqlfj	1
im®ſſphy	1
impudently	1
impudent	1
imp	1
immortal	1
immethe	1
imlﬄwe	1
imagirﬅdz	1
imagine	1
iltttcli	1
ilptiﬂ	1
illuﬅrate	1
ille	1
illa	1
ill7	1
ilk	1
ilf	1
ileazﬁrntletnoht	1
ikn1c>sum	1
ikep	1
iizo	1
iitell	1
iiquſi	1
iinean	1
iif	1
ihvaſive	1
ihtp	1
ihgratitudſe	1
iheﬃdeoſtrhth	1
ihat	1
ih	1
igte	1
igs	1
ighulivz	1
iffy	1
ifftntrzzitlw	1
if9r	1
iervingþw	1
ienquineinro	1
iences	1
idto	1
idlhivg	1
ideliſiﬁinﬁþese	1
idai	1
iczz	1
icxn	1
icnds	1
iavd	1
iam	1
iairlrofjzrteeﬂighsgua	1
iaa	1
ia	1
i>zso1	1
i/va/lop	1
i)iu	1
i'remember	1
i'ats.z	1
hﬁﬄmﬁﬂoﬁﬂdito	1
hﬁovlrþg	1
hﬀlﬄkﬄ	1
hſrs	1
hſ	1
hzuat	1
hzghl	1
hw	1
hutbeﬅowinga	1
hundred	1
humour	1
humble	1
humane	1
hue	1
htxmane	1
htt	1
hsr	1
hronghtit	1
howzz	1
hot	1
horse	1
horrid	1
hoofe	1
hon{c	1
honqﬂ	1
honours	1
honourable	1
honomtohlrname	1
honeﬂy	1
honeſiy	1
honehy	1
hone	1
honcﬅ	1
homegagain	1
hole	1
hold	1
holczwﬄld	1
hohſeenh.d	1
hogs	1
hoand	1
hls	1
hlatdra	1
hj	1
hiﬂsyjzissz	1
hiﬂoryﬄeasfd	1
hiſimiotzhis	1
hive	1
hit	1
hiszbrother	1
hisr	1
hisiholevg	1
hisesﬂtouyzzta	1
hind	1
himﬁ	1
himto	1
himin	1
high	1
hidden	1
hges	1
heﬀwas	1
hezret1flegﬁon	1
hew	1
hethzſhþects	1
herſwop	1
herself	1
hereupon	1
here	1
her'leaden	1
hepar	1
heng	1
help	1
heire	1
heexpoſes	1
heed	1
heart	1
hearken	1
hear	1
he*s	1
hd	1
hcldonlwzrxetin	1
hci	1
hbt	1
haﬄzfax	1
haﬁgiﬃbgﬂfdzﬂmﬂkfﬁ	1
haw	1
havexbeen	1
havet	1
haveiiuck	1
haveeſbdqn	1
havebeen	1
hath	1
hate	1
hast	1
happy	1
happen	1
hanﬀd	1
hanged	1
hang	1
hands	1
hamlet	1
hamecoclﬂd	1
halting	1
haf	1
hadyou	1
hadst	1
hadrivetted	1
hadnot	1
hadj	1
hadbeen	1
ha>d*been	1
ha	1
gﬂ/ervato	1
gﬂ	1
gſcatzabllltly	1
gzii	1
gxadicaxtzeyowsgrſtﬄd	1
gwſſ/qgﬂſﬄﬂ=	1
gutted	1
guilty	1
gsoaj	1
grow	1
grop	1
groaning	1
grlxkii	1
grelnlt	1
gregation	1
greatness	1
greasfd	1
greac	1
gratitude	1
grateful	1
granted	1
grandfawyand	1
granaries	1
gpacities	1
goſſggz'boﬂtbeogrzﬃggtrtr	1
governtnentz	1
gov	1
gotzintoxhis	1
gotten	1
gothis	1
goodthings	1
going	1
gofa	1
goeone	1
goc	1
gnat	1
gnamiz	1
gmcm	1
glﬃye	1
gloſſes	1
gkings	1
giﬁry	1
giveſſ	1
given	1
girdle	1
ghoſe	1
ghoſ	1
ggﬂﬂd	1
gg	1
gfzzlhgqaftwqoj	1
gery	1
ger	1
gentlemenglﬀloﬅ	1
gentlc	1
gent	1
generous	1
generalsas	1
generally	1
general	1
generahand	1
gences.don't	1
geese	1
ge	1
gcotirzted	1
gcntkman	1
gcnclemen	1
gazeetr	1
gawain	1
gaud	1
gain	1
gaeert	1
g9lﬀcic*is	1
g/'ggcrt	1
fﬂatueyl	1
fﬁlþeﬂzz	1
fſlſakt.z	1
fþtvjſſvſſppſſmqt	1
fzzyzpphftpzhzipzwthvmbþp.he	1
fzwl	1
fzrvſhſhffsd'&þqb	1
fz	1
fut	1
fury	1
fully	1
fulin	1
fuit	1
fuchefrom	1
ftienot	1
ft	1
fsþbozlb	1
front	1
fron	1
fright	1
friendslfotn	1
freedom	1
frdom	1
fraudiand	1
fpþeþkþ	1
fpk	1
foþ	1
fozuhe	1
founder	1
founded	1
foundation	1
foundatinn	1
fought	1
fother	1
forﬂ	1
forſooth	1
forz	1
forto	1
fort	1
formed	1
forget	1
foreigners	1
forces	1
footed	1
fools	1
fonctdzto	1
follzſlfd	1
folly	1
following	1
foilnuchas	1
foiand	1
foc	1
fnnds	1
fneczﬀzſﬂþdnzft	1
fn	1
fmuch	1
fmidxr	1
fly	1
flntoller	1
fll	1
flight	1
flexible	1
fleet	1
fleectl	1
flee	1
flank	1
flanders	1
fl'ake<7q>ſhq1r	1
fl	1
fk	1
fiziio	1
fit	1
firﬅ	1
first	1
fire	1
fineſs	1
fightingmont	1
fifthe	1
fifort	1
fifcyoi	1
fheyzwern	1
fg	1
ffw	1
ffqwp	1
ffieltſs	1
fffwþf®	1
fervour	1
fentlcmena	1
fenows	1
fellqws	1
fell0ws	1
feet	1
fee	1
fe	1
fdh	1
fcou	1
fbteﬂoﬄ	1
faſhioigiho	1
fazedr	1
fawnr	1
favourmow	1
favouritegand	1
favourite	1
fatal	1
fast	1
fand	1
famiſhnhich	1
family	1
families	1
fame	1
fall	1
fair	1
fain	1
face	1
f0££vurtiw	1
f'wlmt1*dd	1
eﬄoes	1
eﬁzdiverciggzmenﬂ	1
eﬁag	1
eﬀgiccfwl	1
eﬀeehi	1
eﬀee	1
eſſlaoiſſs	1
eſg	1
ezllowﬂ	1
ez	1
eyrmayzsndouglam	1
eyou	1
eyess	1
eyes	1
eye	1
exu	1
exsxvus	1
expreﬃons	1
expoſe	1
expiting	1
expeﬁl	1
expectztion	1
exeheqgxer	1
exciſion	1
exceſiptidn	1
exc/ze	1
exarnine	1
examine	1
exaltcd	1
exalred	1
exact	1
even	1
eut	1
europe	1
euery	1
etlfatfl	1
etice	1
eth	1
etel	1
et	1
esteemed	1
espouse	1
es1<l.ta	1
es	1
ers	1
err4srt	1
ernment	1
ern	1
ere	1
er"you1<ma\hj?em6tztt	1
er	1
epﬁ	1
epntation	1
enſſ	1
envy	1
enveterate	1
entinent	1
entice	1
enterprizes	1
ent	1
enquniing	1
enormities	1
engſſw	1
engliſhman	1
engliſh	1
enghﬅ	1
endeared	1
end	1
encouragement	1
enchanted	1
enamies	1
enabled	1
employpd	1
employments	1
employment	1
employed	1
emoyments	1
emittent	1
elivered	1
elevateiad	1
election	1
elder	1
ekn	1
eimcnmaﬂme	1
eight	1
ehe	1
eh	1
eggs	1
egation	1
efbeing	1
eeﬀcctzng	1
eemploying	1
eecleſiaﬅical	1
eeaſe	1
edward	1
ebwrz	1
eaﬁemd	1
eaſywho	1
eat	1
easy	1
earthen	1
ears	1
earnirſ	1
ear	1
eaj	1
each	1
eable	1
eaamake	1
e=vz<=n	1
e..q	1
dﬁuszzemvszzsaftgldsn	1
dﬁhicoglymade	1
d£thc	1
dzſcerning	1
dzkphucys	1
dz	1
dyſiiek	1
dyingnheﬁrapt	1
dyen	1
dye	1
dxgmffd	1
dust	1
dur	1
dumb	1
ds	1
drowniug	1
dropsa	1
drink	1
drgmty	1
drectedl	1
drbn	1
draw	1
dragooﬄd	1
dpreght	1
doyou	1
doubt	1
door	1
donﬁ	1
dont	1
donot	1
don	1
doiwi	1
doings	1
dogt	1
dogs	1
dog	1
dnſhwtfrwrari	1
dmlﬂz	1
dlﬁqijﬂcſhlfþwn	1
dlſfﬁors	1
diﬂintw	1
diﬀerenceiu	1
diſſenting	1
diſw	1
diſpi	1
diſpenſations	1
diſpcn	1
diſowﬄd	1
dixlldzndfjlwk	1
divided	1
divertixſg	1
divertingzj	1
diverting	1
diuma	1
dishes	1
discretion	1
discipline	1
direction	1
dioerſiﬂn	1
diligent	1
dignity	1
dignifſiyﬂ	1
diggi	1
difſolute	1
diet	1
dically	1
dia	1
di\ni	1
di	1
dgoc	1
dfﬁm	1
deﬁtdznt	1
deſiresof	1
deſignﬁtlrcznſhouldxhave	1
deſer	1
devouﬀd	1
devilst	1
desperate	1
design	1
deserving	1
describe	1
derr	1
depth	1
depress	1
depredationstdn	1
dek	1
defiance	1
defended	1
deep	1
deedghank	1
deed	1
dee	1
debt	1
dear	1
deal	1
deadwhogave	1
dea	1
ddﬅ	1
dbn7t	1
dba	1
dark	1
damnation	1
damnably	1
daliﬁe	1
dajs	1
daf	1
cﬁminal	1
cﬀ	1
cþ	1
czhdeﬀ	1
cz.hiem	1
cxpt	1
cxit	1
cutlers	1
customhouse	1
curin	1
cure	1
cumgaighing	1
culi	1
cu	1
cture	1
ctn	1
ctkﬁow	1
ctiﬂnﬂi	1
ctiſe	1
ction	1
ctilejh	1
ctances	1
ct	1
crqqk=d	1
criminals	1
crimes	1
crime	1
cried	1
creptnto	1
creditj	1
credit	1
cqmþaﬁy	1
cpﬁ	1
cps	1
coﬃmﬃﬃoners	1
covering	1
cover	1
courtﬀwith	1
courtzconſcience	1
courtiers	1
count	1
counfz	1
councils	1
council	1
coun	1
cou	1
cork	1
conſqignegs	1
conſorm	1
conſidet*ation	1
conſideroftheevil	1
conſider	1
conſer	1
conſcienctrup	1
conſciencem	1
conſcience	1
conſcien	1
conſcicnces	1
conſcicnce	1
conſci	1
conversation	1
cont1nu	1
constitution	1
consider	1
consent	1
conqueﬅ	1
connſelrl	1
conntil.segaalb	1
conn	1
confirm	1
confining	1
confess	1
conferr	1
condeſcend	1
condeſccnd	1
concomitant	1
conclu	1
concinuezgcuae	1
conceienceisthatp	1
cona	1
con	1
composed	1
complaintto	1
complaint	1
complained	1
competencyghyg	1
compel	1
compare	1
company	1
companions	1
compaiiy	1
communion	1
communicate	1
commiſſloners	1
commander	1
coma	1
colours	1
collected	1
cold	1
cockﬀd	1
cnſwere	1
cnſe	1
cntly	1
cnnzaqgmnndi	1
clþa	1
cluﬅergahd	1
cltppers	1
clemency	1
clearly	1
clear	1
claws	1
clary	1
city>ld'b'ggs..no	1
citizensmade	1
citgﬂjd	1
cieyft	1
cient	1
churches	1
church	1
chriﬅncd	1
choice	1
chiwdlvyz	1
chieﬂy	1
chemz	1
cheeks	1
cheatsz	1
cheats	1
charity	1
charge	1
cfm	1
cez	1
ceuldxnot	1
cesare	1
ces	1
certaſſml	1
certain*we=rawoccaſion	1
certain	1
centres	1
cement	1
ce	1
cdmt	1
cddtmiﬃonafter	1
ccts	1
cbadk	1
cauſes	1
cauſeof	1
caution	1
caumonx	1
catſhips	1
catsﬀn	1
catsjnh	1
catalo	1
cas	1
carrying	1
cap	1
canrzfd	1
canistoey	1
candnct	1
cancel	1
cananee/lar	1
campaign	1
calvaryywould	1
callﬁ	1
called	1
cal	1
cairm	1
cain	1
cabidct	1
cabbager	1
c'zty	1
bﬁj	1
bzzys	1
bzxarslsz	1
bzxarnple	1
bywpreaohing	1
bwz	1
buſmeſs	1
buſing	1
buſineik	1
buys	1
butxhalfz.ani	1
buttons	1
butto	1
butcher	1
bury	1
burs	1
burn	1
bupl	1
builthmaﬁr	1
buckpd	1
bublick	1
btothetjljt	1
btokms	1
btjs	1
btjijmihiﬀry	1
bt	1
brzﬂſi	1
briﬅies	1
brisk	1
brings	1
breech	1
break	1
bre	1
brains	1
bra	1
bowgcl	1
bounty	1
boundgapd	1
both	1
boom	1
boismrit	1
body	1
bo	1
bnic	1
blue	1
blockheadgrﬄ	1
bljl	1
blew	1
biﬂzops	1
biys	1
bite	1
bishops	1
bills	1
bil.ﬁx'd	1
biit	1
bigg	1
bi/lyzzewy	1
bhtdoes	1
bggall	1
bgey	1
bges	1
beﬅowednfome	1
beﬁdestbe	1
betrayed	1
bestow	1
beseech	1
berpoorl	1
bent	1
bend	1
bench	1
ben	1
below	1
beloved	1
belopﬀſor	1
belongs	1
believed	1
bel	1
bejs	1
beiſliaaldﬄze	1
beigszawgttbcr	1
begin	1
begging	1
began	1
beg	1
beforehow	1
beej	1
beautiful	1
bdjl	1
bcjszthisiss	1
bcfure	1
bbwt	1
bbrgaittztell	1
bayr	1
baye	1
baxter	1
batteries	1
basis	1
barrows	1
barns	1
barezfaﬀd	1
bajſ	1
bags	1
badgesof	1
badges	1
bad	1
backward	1
backs	1
back	1
babylon	1
b@ztb	1
b.c	1
aﬃiction	1
aﬂw	1
aﬂairs	1
aﬂ	1
aﬁl(}lpuﬅ	1
aﬁi	1
aﬁd	1
aﬀord	1
aſſaſily	1
aþthzng	1
azrgainﬂ	1
azr	1
axmm	1
awery	1
avote	1
ave	1
auſe	1
attrihnte	1
attended	1
attempt	1
attackkl	1
attack't	1
atonement	1
ato	1
ation	1
ate	1
asﬀitﬁwdre	1
astwas.th.at	1
asthe	1
assure	1
asmuch	1
aslours	1
asked	1
ask'd'never	1
ask	1
ashny	1
asawczr	1
as'ſſor	1
arthur	1
art/m	1
arref	1
arra@s>ﬃ.>®farrta	1
arnen	1
armyybutloſingthat	1
arms	1
armies	1
aritk	1
ari	1
argued	1
argue	1
arevoiution	1
arespring	1
areipleaſed	1
arcﬃll	1
arbitrar	1
apply	1
application	1
apoﬂle	1
apart	1
apan	1
aow>	1
aoteomkſs	1
aordinary	1
anz	1
anysubjeet	1
anyother	1
any'e	1
antvieotrzfvnih	1
angry	1
andﬂrlcormpt	1
andſuch	1
andſiho*	1
andzﬁurprize	1
andw	1
andtb	1
andpll	1
andmatnrskﬂllſiaﬁ	1
andlookkl	1
andldalll	1
andfays	1
andall	1
and.makes.uſe	1
and..cquld	1
ancplimþ	1
anco	1
amply	1
amor	1
amod.s	1
amj	1
amigbtliave	1
amezrq	1
amazentent	1
aman	1
alſo	1
alſaved	1
alz	1
alx	1
alwazs	1
always'ridict1l	1
altogether	1
als	1
already	1
along	1
alone	1
alntoſi	1
almoﬅruined	1
almighties	1
allzthdtz	1
allow	1
alllntents	1
alley	1
allb	1
alk	1
alaek	1
alacle	1
akendt	1
ak	1
ajuﬅ	1
ajuth*or	1
ajlﬀatkjzf	1
ajgreaﬂdiſadvantagc	1
air	1
aimed	1
aim	1
ai	1
ahfta	1
ah'<l	1
agoſimeea	1
againﬁ	1
againſſhiuyaruot	1
again	1
afterwards	1
afraid	1
aeﬅions	1
aetheechezqiuer	1
aecoung	1
advieeﬁor	1
adorned	1
admit	1
adjemrxedfrom	1
add	1
aczlsl	1
active	1
actionswere	1
act	1
acsh	1
acqngn	1
acoording	1
aconfounded	1
achlitcxjwleſſﬂhe	1
aching	1
ace	1
ac	1
abzgal	1
abuſingsof	1
abu	1
absolute	1
abs	1
abrave	1
above	1
abounding	1
abou	1
abominably	1
abode	1
abmgomtbe	1
abiifty	1
abgſed	1
abdication	1
abdicate	1
abdicare	1
aadazz	1
aabg	1
aa	1
a1ppeal	1
a1	1
\{'.:	1
\varrantthee	1
\h<	1
\\	1
\>	1
\./	1
\.,	1
\.'\.	1
\.	1
@;	1
@:	1
@	1
??.	1
?-:	1
?"	1
>your	1
>whicl1	1
>vorcd	1
>lines>do£pdrpeﬁ1ate	1
>>-<-=	1
>=*\1f1l=&a&qpy	1
>6	1
>1ﬃ	1
>-	1
>'	1
=ſayg	1
=qinﬂhﬁtiﬁigﬄitelﬁqnct	1
=end=	1
=bi>tttlrat	1
=abpﬁng	1
=:	1
=-.	1
<l1e>iif	1
<;	1
<8>but	1
<'	1
<%	1
9\	1
9	1
7andj®powerfu1	1
73gainfs	1
5thſſei	1
5enddﬀ1	1
4*>	1
3þ6ceſſ6fi	1
3z	1
3oy	1
3\	1
1zy*d	1
1ieﬁ	1
1heagyognehgzze	1
1ds	1
1cr\ing	1
1chelstory.ndi	1
1	1
0b]£=r+zza%pr	1
/>:	1
.\,	1
.@;	1
.@.	1
.<\>.	1
./	1
..:	1
..-\	1
..-..	1
..-.	1
..(	1
..'	1
.-\;	1
.-.	1
.">*'-	1
.".	1
-£:	1
-£	1
-~	1
-}	1
->-.-.-	1
->	1
-=..	1
-=	1
-.>\	1
-...>	1
-...	1
-.-';	1
-.*	1
-.'	1
-,	1
-*.	1
-**	1
-*'<'	1
-*'*	1
-';	1
-'.	1
-'-=	1
-'-	1
-'*"	1
-",	1
+;	1
*ſiſiﬀ	1
*smgch	1
*rntereﬅ	1
*liamcnt.s	1
*d££bis	1
*..w	1
*.':	1
*.	1
***	1
**	1
*'-	1
*'*-.	1
).-	1
(}	1
("	1
'®	1
'=-®-£	1
'..	1
'.,	1
'-=;	1
'-,	1
'*.	1
'**	1
'*'*"	1
&ﬁltlﬂs	1
&þȝzit/x	1
&peﬀcﬀidng	1
&mill	1
&lſſlþtzjtfndﬂo	1
&jj	1
&iﬁſſ	1
":	1
"-	1
"(	1
"')	1
"".	1
""*	1
""'	1
"""	1
""	1
!?	1
!$*:	1
!"	1
