,	3265
the	1807
.	1443
and	1265
of	1119
i	1040
to	972
a	809
"	750
;	626
in	474
it	458
my	446
he	426
that	402
you	380
not	358
is	356
his	345
have	311
for	297
but	292
was	267
with	262
as	257
be	239
me	215
at	203
."	198
j	197
we	195
had	184
him	183
if	182
|'s|	179
said	179
on	172
her	172
which	159
by	150
are	147
they	138
has	137
so	136
an	132
one	131
from	131
your	129
would	126
mr	123
no	119
will	116
this	115
all	113
been	112
when	111
were	111
or	110
she	106
than	97
our	97
should	94
who	90
what	85
out	85
millichamp	85
'	85
could	83
them	82
man	81
own	78
do	75
?"	73
|arabic1digit|	71
brother	70
more	69
very	68
their	68
never	68
into	67
here	67
only	65
oakwood	65
father	65
:	63
such	62
now	62
then	61
some	61
know	60
!	60
its	59
can	59
sir	57
over	56
good	56
think	55
?	55
did	53
may	52
freeman	52
every	52
us	51
am	51
margaret	50
well	48
upon	48
there	48
shall	48
might	48
love	48
other	47
house	46
without	45
though	45
see	45
made	45
goldacre	45
like	44
myself	43
must	43
great	43
two	42
time	42
much	42
up	41
these	41
make	41
horse	41
another	41
woman	40
uncle	40
gentleman	40
any	40
mrs	39
say	38
miss	38
letter	38
himself	38
half	38
cannot	38
believe	38
before	38
where	37
way	37
about	37
go	36
miles	35
after	35
side	34
road	34
old	34
little	34
thought	33
seen	33
down	33
whole	32
let	32
how	32
found	32
|romannumeral|	31
place	31
last	31
john	31
each	31
caradine	31
too	30
nothing	29
ma'am	29
give	29
both	29
told	28
till	28
having	28
day	28
called	28
young	27
water	27
part	27
mother	27
left	27
indeed	27
first	27
even	27
come	27
nevil	26
find	26
ever	26
replied	25
poor	25
ought	25
men	25
again	25
years	24
three	24
those	24
tell	24
still	24
small	24
says	24
nor	24
mind	24
horses	24
beautiful	24
same	23
read	23
perhaps	23
night	23
nephew	23
lake	23
daughter	23
best	23
always	23
set	22
saw	22
right	22
master	22
however	22
does	22
being	22
why	21
take	21
round	21
long	21
four	21
evening	21
came	21
above	21
*	21
work	20
village	20
through	20
room	20
morning	20
hand	20
done	20
better	20
sure	19
put	19
person	19
leave	19
lady	19
heart	19
head	19
friend	19
family	19
entered	19
enough	19
dear	19
country	19
church	19
almost	19
under	18
suppose	18
society	18
neither	18
looked	18
life	18
idea	18
hall	18
books	18
|arabic2digit|	17
world	17
wood	17
view	17
river	17
opinion	17
off	17
most	17
inn	17
happy	17
fear	17
business	17
while	16
visit	16
stranger	16
people	16
once	16
live	16
large	16
i'll	16
hands	16
going	16
bridge	16
against	16
wish	15
went	15
trees	15
soon	15
sometimes	15
reason	15
pleasure	15
pass	15
nature	15
money	15
mean	15
look	15
either	15
back	15
women	14
whether	14
turn	14
top	14
took	14
taken	14
something	14
reading	14
mountains	14
knew	14
i've	14
hundred	14
hope	14
gave	14
few	14
because	14
answer	14
afraid	14
account	14
!"	14
york	13
yet	13
together	13
stay	13
six	13
pardon	13
paper	13
mere	13
keep	13
hour	13
fine	13
farther	13
em	13
continued	13
.'	13
whom	12
vol	12
stopped	12
steep	12
saying	12
rock	12
power	12
peggy	12
passed	12
maria	12
many	12
manner	12
island	12
five	12
estate	12
don't	12
cried	12
covered	12
brought	12
besides	12
away	12
anything	12
among	12
ambleside	12
age	12
yesterday	11
winander	11
white	11
things	11
subject	11
stone	11
servant	11
rocks	11
pair	11
next	11
near	11
name	11
milli	11
kind	11
heard	11
he's	11
happiness	11
given	11
get	11
forget	11
except	11
end	11
dinner	11
conversation	11
company	11
common	11
children	11
champ	11
certain	11
care	11
between	11
behind	11
asked	11
ask	11
alone	11
added	11
year	10
write	10
walked	10
vale	10
tomorrow	10
sort	10
show	10
seems	10
sands	10
rose	10
roads	10
rich	10
quitted	10
possible	10
oi	10
necessary	10
mile	10
london	10
less	10
judge	10
immediately	10
ill	10
hill	10
higher	10
high	10
hear	10
ground	10
gone	10
fortune	10
form	10
follow	10
feet	10
eyes	10
expected	10
everything	10
door	10
distance	10
different	10
determined	10
comes	10
believed	10
beauty	10
arrived	10
animal	10
yours	9
worth	9
won't	9
within	9
town	9
towards	9
thee	9
ten	9
taking	9
spirit	9
simpson	9
shoes	9
several	9
seeing	9
return	9
regard	9
pocket	9
others	9
oatley	9
north	9
nobody	9
noble	9
new	9
manners	9
lovewell	9
least	9
laid	9
knows	9
kirkstone	9
keswick	9
intended	9
herself	9
guide	9
frequently	9
foot	9
feel	9
fault	9
far	9
doing	9
cross	9
brudenell	9
black	9
appeared	9
ancient	9
works	8
word	8
windows	8
wife	8
whip	8
walk	8
ullswater	8
times	8
themselves	8
superior	8
stood	8
stand	8
since	8
silent	8
sense	8
sea	8
scarcely	8
returned	8
received	8
purpose	8
present	8
park	8
order	8
opened	8
open	8
object	8
mistaken	8
mine	8
manor	8
making	8
longer	8
library	8
led	8
lay	8
just	8
itself	8
i'm	8
i'd	8
human	8
houses	8
housekeeper	8
hours	8
heavy	8
handsome	8
got	8
god	8
generally	8
followed	8
figure	8
fell	8
favour	8
england	8
eight	8
duty	8
doubt	8
distant	8
derwentwater	8
days	8
dale	8
course	8
choose	8
become	8
answered	8
writing	7
worse	7
woods	7
window	7
whose	7
week	7
waterfall	7
used	7
turned	7
trade	7
today	7
thing	7
thank	7
strength	7
steam	7
speak	7
south	7
sides	7
share	7
seven	7
servants	7
run	7
rocky	7
rather	7
probably	7
pounds	7
plate	7
persons	7
pay	7
ourselves	7
opposite	7
obliged	7
o	7
nose	7
native	7
met	7
mary	7
lost	7
likely	7
lest	7
james	7
history	7
gold	7
girl	7
friends	7
former	7
formed	7
flowers	7
fire	7
fields	7
exclaimed	7
employment	7
elizabeth	7
eat	7
discover	7
difficult	7
dark	7
cut	7
crossed	7
considered	7
consider	7
consent	7
circumstances	7
child	7
celebrated	7
beyond	7
below	7
beef	7
bad	7
aye	7
appears	7
allowed	7
ago	7
able	7
-	7
'*	7
|arabic3digit|	6
yourself	6
yes	6
wrong	6
walls	6
twenty	6
truth	6
tree	6
thousand	6
thinking	6
taste	6
tall	6
table	6
stronger	6
stands	6
st	6
soul	6
sitting	6
sign	6
short	6
shore	6
sex	6
service	6
sensible	6
second	6
seat	6
scene	6
sat	6
sacrifice	6
request	6
question	6
pudding	6
pieces	6
passes	6
party	6
paid	6
observed	6
oblige	6
number	6
needlework	6
natural	6
moor	6
mistress	6
methodists	6
method	6
marry	6
maid	6
looking	6
lie	6
length	6
learning	6
latter	6
late	6
lakes	6
known	6
knowledge	6
jane	6
islands	6
instead	6
impression	6
imagine	6
ideas	6
husband	6
home	6
hills	6
held	6
guest	6
greater	6
gentlemen	6
gate	6
full	6
forgotten	6
forgive	6
figures	6
female	6
fellow	6
extraordinary	6
expect	6
exactly	6
evil	6
empty	6
during	6
dined	6
dine	6
desire	6
description	6
deep	6
curiosity	6
cottage	6
close	6
chance	6
certainly	6
castle	6
broke	6
bring	6
bottom	6
border	6
blame	6
bishop	6
bible	6
bed	6
aunt	6
art	6
appearance	6
air	6
admired	6
acquainted	6
acquaintance	6
\	6
winter	5
weather	5
weary	5
warm	5
wanted	5
want	5
voice	5
use	5
trust	5
true	5
treated	5
travelled	5
therefore	5
tears	5
talents	5
strong	5
story	5
started	5
spot	5
son	5
sleep	5
situation	5
sister	5
shut	5
shillings	5
seldom	5
secure	5
sand	5
runs	5
running	5
romans	5
rode	5
robin	5
rest	5
require	5
remind	5
remembered	5
remained	5
remain	5
rejoined	5
receive	5
ready	5
quit	5
quarrel	5
prove	5
proper	5
principal	5
pray	5
please	5
placed	5
piece	5
ornamented	5
orders	5
ones	5
oliver	5
often	5
offer	5
notice	5
none	5
nine	5
nightcap	5
neighbours	5
need	5
narrow	5
mountain	5
motive	5
moment	5
minutes	5
merit	5
meat	5
means	5
meaning	5
mansion	5
makes	5
m	5
loves	5
loved	5
lord	5
linen	5
lancaster	5
kept	5
kent	5
joined	5
join	5
iron	5
interest	5
inhabitants	5
inferior	5
inclination	5
improvement	5
imagination	5
horn	5
hood	5
holds	5
hold	5
hair	5
habits	5
grown	5
grand	5
glass	5
gig	5
general	5
gardener	5
garden	5
friendship	5
formerly	5
food	5
fish	5
finest	5
fifty	5
felt	5
feelings	5
face	5
f	5
extremely	5
entrance	5
english	5
engine	5
employed	5
else	5
ease	5
dress	5
draw	5
doncaster	5
displeasure	5
discovered	5
directly	5
dignity	5
differ	5
desired	5
describe	5
descended	5
degree	5
curious	5
cumberland	5
correct	5
companion	5
commands	5
coming	5
change	5
centre	5
case	5
carried	5
broken	5
breakfast	5
bread	5
boots	5
boat	5
blue	5
birds	5
behaviour	5
began	5
beg	5
bear	5
bargain	5
attention	5
attended	5
assured	5
arrival	5
around	5
approach	5
agreeable	5
affords	5
affection	5
advertisement	5
across	5
(	5
|arabic4digit|	4
younger	4
y	4
wrote	4
worst	4
workmen	4
worked	4
words	4
wonder	4
wollstoncraft	4
wished	4
wiser	4
wheel	4
whatever	4
westmoreland	4
western	4
wear	4
walking	4
wales	4
vicar	4
ventured	4
value	4
vain	4
urge	4
unknown	4
unexpected	4
understanding	4
understand	4
twenty-six	4
trusted	4
traveller	4
transept	4
tower	4
tone	4
thus	4
they're	4
thanked	4
tha	4
taught	4
surprised	4
surely	4
supper	4
sun	4
summer	4
suffer	4
succeeded	4
subjects	4
stupendous	4
struck	4
street	4
stones	4
state	4
spurs	4
spinning	4
spin	4
smoke	4
smaller	4
skiddaw	4
situated	4
single	4
sincerely	4
silver	4
shot	4
shoot	4
shakespeare	4
separation	4
sent	4
send	4
seemed	4
seek	4
secret	4
scissors	4
school	4
scar	4
satisfied	4
sake	4
saint	4
safe	4
rustic	4
rule	4
ruins	4
roof	4
reside	4
requires	4
reign	4
reach	4
raised	4
raise	4
rain	4
quite	4
questions	4
qualified	4
purse	4
proud	4
prints	4
principle	4
pretty	4
prepared	4
preacher	4
pointed	4
pleased	4
pleasant	4
pillars	4
paul	4
patience	4
path	4
paternal	4
passion	4
parts	4
particular	4
pale	4
pains	4
ours	4
original	4
opportunity	4
oi'll	4
odd	4
occasion	4
objects	4
objection	4
oak	4
newby	4
neighbouring	4
necessity	4
n	4
museum	4
molly	4
modesty	4
miserable	4
mischief	4
milthrop	4
mil	4
middle	4
meet	4
maxim	4
magnificent	4
lower	4
lover	4
looks	4
lofty	4
lodge	4
living	4
likes	4
light	4
liberty	4
letters	4
legs	4
leaving	4
learn	4
lead	4
laugh	4
latin	4
larger	4
landlord	4
landed	4
land	4
knowing	4
king	4
journey	4
jacket	4
instantly	4
informed	4
information	4
ignorant	4
hut	4
huge	4
horseback	4
honour	4
hole	4
henry	4
help	4
height	4
he'd	4
hard	4
happened	4
hanging	4
h	4
grounds	4
green	4
greek	4
greatest	4
govern	4
goodness	4
goes	4
glad	4
giving	4
fox	4
fortunate	4
force	4
footman	4
fondness	4
fond	4
flat	4
finished	4
finds	4
field	4
feared	4
farmhouse	4
fancy	4
fall	4
fair	4
fail	4
eye	4
experience	4
enter	4
engaged	4
education	4
dunmail	4
dread	4
drawing	4
divided	4
dish	4
difficulty	4
destined	4
deserves	4
deserve	4
descent	4
departure	4
deal	4
custom	4
curate	4
crown	4
cromwell	4
county	4
cost	4
convinced	4
contents	4
congregation	4
confess	4
compared	4
comfort	4
coloured	4
cold	4
coat	4
coach	4
cloth	4
clergyman	4
civility	4
chose	4
choice	4
charm	4
character	4
chairs	4
ceased	4
cathedral	4
cascade	4
cartmel	4
carry	4
carriage	4
cap	4
can't	4
call	4
burst	4
building	4
broad	4
belzebub	4
beloved	4
believing	4
became	4
bade	4
assume	4
ascent	4
arm	4
argument	4
appear	4
angel	4
amusement	4
amused	4
alteration	4
also	4
already	4
along	4
allow	4
accompanied	4
absence	4
}	3
youth	3
you're	3
you'll	3
you'd	3
written	3
worthy	3
wore	3
withhold	3
wishing	3
wings	3
willing	3
wig	3
west	3
waters	3
watch	3
washing	3
warehouse	3
wanting	3
wall	3
walks	3
waiting	3
visitor	3
virtues	3
violent	3
viewed	3
vestry	3
venison	3
usual	3
useful	3
upstairs	3
upper	3
unfortunate	3
uncommon	3
unable	3
ugly	3
u	3
twelve	3
trouble	3
trotted	3
trifle	3
treasure	3
tracery	3
torrent	3
tonne	3
tongues	3
tom	3
tion	3
tide	3
thy	3
thrown	3
threw	3
thoughts	3
thin	3
thief	3
thick	3
th	3
tender	3
temper	3
telling	3
teach	3
tea	3
supposed	3
supported	3
supply	3
superiority	3
submit	3
studies	3
striking	3
strangers	3
stop	3
stockings	3
steps	3
step	3
steeper	3
stayed	3
station	3
stately	3
squire	3
spread	3
species	3
spare	3
sought	3
sold	3
smiling	3
smallest	3
slave	3
sinners	3
sinner	3
silk	3
sight	3
shown	3
shod	3
shilling	3
shaking	3
shades	3
seventeen	3
sentiments	3
sen	3
sell	3
self	3
seem	3
season	3
scenery	3
scarlet	3
satisfy	3
sail	3
rome	3
rival	3
ride	3
richard	3
reward	3
retired	3
retain	3
resumed	3
restrain	3
respectable	3
resolution	3
required	3
repeated	3
repaid	3
remembrance	3
remarkable	3
remainder	3
religion	3
red	3
recollect	3
real	3
reached	3
rate	3
r	3
quietly	3
queen	3
quarters	3
putting	3
pulpit	3
public-house	3
provide	3
proof	3
profound	3
produced	3
pride	3
prevail	3
poultry	3
post-chaise	3
possession	3
possessed	3
positive	3
politics	3
pointing	3
point	3
pocklington	3
plan	3
plain	3
pity	3
pictures	3
picture	3
petticoats	3
peter	3
perceive	3
pencil	3
peculiarities	3
peace	3
passage	3
particularly	3
parish	3
parents	3
palaces	3
painted	3
pain	3
pace	3
owner	3
offers	3
offered	3
offence	3
octagon	3
occupied	3
obtain	3
obedience	3
o'clock	3
notions	3
ness	3
neighbourhood	3
neighbour	3
neck	3
neatness	3
naturally	3
morals	3
monster	3
methodist	3
mentioned	3
mend	3
memory	3
matter	3
marriage	3
ma	3
low	3
lovers	3
lives	3
lifted	3
lies	3
lichamp	3
lets	3
leisure	3
leading	3
laughed	3
landscapes	3
labourer	3
labour	3
knock	3
kitchen	3
kings	3
kindness	3
keir	3
keeps	3
justly	3
it's	3
invented	3
introduced	3
introduce	3
intimate	3
interesting	3
insupportable	3
instance	3
inside	3
inns	3
influence	3
industry	3
impossible	3
imitate	3
ignorance	3
hurt	3
hunting	3
honesty	3
histories	3
highly	3
hesitated	3
hence	3
heiress	3
heaven	3
hawkeshead	3
hat	3
happen	3
hang	3
habit	3
gratitude	3
gratification	3
grass	3
glance	3
gives	3
gentle	3
gates	3
garments	3
g	3
future	3
furniture	3
french	3
fourteen	3
forgot	3
following	3
folks	3
fired	3
fingers	3
finding	3
fifteen	3
features	3
favoured	3
fate	3
farmer	3
faithful	3
faculties	3
exquisitely	3
expression	3
explanation	3
ex	3
engines	3
employments	3
emotions	3
eleven	3
elegant	3
easily	3
earth	3
ears	3
e	3
dry	3
drew	3
dressed	3
dreaded	3
doubts	3
distinguish	3
discovery	3
dirty	3
directed	3
die	3
destroy	3
deserving	3
demands	3
defence	3
darned	3
darn	3
d	3
cunning	3
cultivated	3
creatures	3
crag	3
cradle	3
cotton	3
convert	3
contempt	3
containing	3
contained	3
consideration	3
consequences	3
consequence	3
confined	3
compliment	3
commonly	3
comfortable	3
coffee	3
coachman	3
clouds	3
climbed	3
clear	3
claimed	3
civil	3
circular	3
churches	3
christ	3
chief	3
cherry	3
chariot	3
charged	3
characters	3
chain	3
ceremony	3
century	3
cathedrals	3
carved	3
carter	3
carabine	3
capable	3
buy	3
burns	3
buried	3
burden	3
built	3
boundary	3
bound	3
borrowdale	3
book	3
bolder	3
body	3
bit	3
bell	3
beds	3
beauties	3
beasts	3
barn	3
banks	3
bachelor	3
awake	3
avoid	3
attachment	3
astonishment	3
astonished	3
assistance	3
ascended	3
arrowby	3
arches	3
anybody	3
almighty	3
ah	3
agreed	3
afterwards	3
afternoon	3
advice	3
advantage	3
admitted	3
admirer	3
admiration	3
adieu	3
actions	3
acres	3
acknowledge	3
accept	3
?'	3
*'	3
)	3
|arabic5+digit|	2
you've	2
yore	2
yielded	2
yeoman	2
yellow	2
yards	2
wretched	2
wonders	2
wondering	2
witness	2
withstood	2
witherslack	2
withdraw	2
wind	2
wider	2
wide	2
wholly	2
whenever	2
whence	2
wheelbarrow	2
wet	2
wentbridge	2
weeks	2
weeds	2
webster	2
wealth	2
weakness	2
weak	2
ways	2
warrant	2
waistcoats	2
wagoner	2
vulgarity	2
visits	2
visited	2
visible	2
virtue	2
virgin	2
villages	2
vilest	2
vessels	2
verdure	2
venerable	2
velvet	2
various	2
variety	2
varied	2
valuable	2
valley	2
utmost	2
upright	2
unworthy	2
unnecessary	2
unless	2
universe	2
universally	2
uniform	2
understandings	2
ulphus	2
twice	2
twenty-three	2
turning	2
try	2
trout	2
trousers	2
triumphed	2
travels	2
travellers	2
travel	2
training	2
track	2
towns	2
towers	2
touches	2
totally	2
torn	2
topics	2
tonight	2
tolerably	2
title	2
ticed	2
throughout	2
throne	2
thread	2
thousands	2
thorn	2
third	2
thinks	2
thence	2
thanks	2
thankful	2
tha'rt	2
tew	2
testimony	2
terror	2
term	2
tawtop	2
talked	2
tale	2
t	2
system	2
sweetness	2
surrounded	2
surprise	2
surpass	2
surface	2
supposing	2
support	2
sunday	2
summon	2
sufficiently	2
sufficient	2
sufferings	2
succession	2
succeed	2
substitute	2
style	2
stumbling	2
studied	2
studded	2
strikes	2
streets	2
straight	2
stock	2
steeple	2
steady	2
staying	2
statues	2
stars	2
standing	2
stagecoach	2
stable	2
splendid	2
spite	2
spend	2
speaks	2
speaking	2
spared	2
spade	2
space	2
sound	2
sorry	2
sooner	2
sons	2
solitary	2
solid	2
solemn	2
sole	2
soldiers	2
soil	2
snuff	2
snow	2
snout	2
smooth	2
slow	2
slipped	2
slice	2
sleeping	2
sixth	2
sits	2
sit	2
singularities	2
simplicity	2
simple	2
silence	2
showed	2
shoe	2
shirt	2
shepherds	2
sheets	2
shan't	2
shaken	2
shake	2
sey	2
settled	2
services	2
served	2
separate	2
seated	2
seasons	2
scuttle	2
scripture	2
scots	2
scattered	2
sauce	2
sailors	2
saidgoldacre	2
safely	2
saddleback	2
sacred	2
rydal	2
rugged	2
ruby	2
rows	2
rowers	2
rowed	2
romantic	2
roman	2
roll	2
robbed	2
roast	2
rivers	2
rises	2
rise	2
rings	2
riding	2
rides	2
riders	2
ribbon	2
result	2
respecting	2
respect	2
republican	2
reproach	2
represents	2
represented	2
reply	2
repent	2
repeat	2
renounce	2
render	2
remove	2
remote	2
reminded	2
remember	2
regularly	2
regular	2
regarded	2
refused	2
reformation	2
reference	2
reduced	2
reasoned	2
reasonable	2
reared	2
reality	2
rapin	2
rapid	2
rank	2
ranges	2
ran	2
rainy	2
quitting	2
quiet	2
quantity	2
quality	2
pursuit	2
purposes	2
purchased	2
public	2
prudent	2
provides	2
pronounced	2
promised	2
promise	2
profane	2
prodigious	2
proceeded	2
proceed	2
pro	2
prize	2
privilege	2
prison	2
princess	2
price	2
prevailed	2
pretended	2
presumption	2
prescribed	2
preference	2
practised	2
practice	2
powerful	2
poverty	2
pound	2
pot	2
post	2
possibly	2
possibility	2
possessions	2
possess	2
portraits	2
portico	2
pool	2
policy	2
poets	2
poem	2
plundered	2
ploughed	2
plough	2
plenty	2
planting	2
places	2
pillion	2
pick	2
persuasion	2
personal	2
permission	2
period	2
perfectly	2
perfect	2
perceived	2
penrith	2
peal	2
pays	2
paused	2
pattern	2
patterdale	2
past	2
passing	2
partly	2
partiality	2
parted	2
parent	2
parapet	2
paltry	2
outside	2
outlet	2
otherwise	2
ornament	2
originally	2
oh	2
officers	2
office	2
occupies	2
occupations	2
occupation	2
occasions	2
observing	2
observe	2
obliterated	2
obliges	2
oaks	2
nursed	2
nubbuddy	2
notwithstanding	2
nicest	2
newspaper	2
news	2
neglected	2
neglect	2
neatly	2
neat	2
nay	2
naval	2
napoleon	2
names	2
mutton	2
move	2
mounted	2
motives	2
motionless	2
motion	2
mosses	2
moss	2
mortals	2
morocco	2
months	2
monsters	2
monarch	2
moind	2
modern	2
mistekken	2
mistake	2
misfortune	2
minded	2
millichump	2
mild	2
metal	2
mattock	2
matters	2
massive	2
masses	2
mass	2
marrying	2
marriot	2
married	2
market	2
mark	2
margin	2
manufactures	2
manufacturer	2
manufacture	2
manufactory	2
mankind	2
mally	2
maintain	2
main	2
maiden	2
machine	2
lying	2
lowdoor	2
loss	2
loose	2
lonely	2
loike	2
lock	2
load	2
liveries	2
lively	2
lived	2
lity	2
literally	2
limestone	2
liked	2
leven	2
leaves	2
leathes	2
learned	2
laying	2
lawn	2
law	2
laughing	2
lang	2
landscape	2
lancashire	2
lakers	2
ladies	2
labours	2
labouring	2
labourers	2
knots	2
knot	2
kingdom	2
killed	2
judgement	2
journeys	2
joking	2
joke	2
joint	2
jest	2
ise	2
invitation	2
interruption	2
intermixed	2
intention	2
intelligence	2
inquiring	2
inner	2
ingenious	2
ing	2
inform	2
infant	2
industrious	2
indulged	2
incompatible	2
income	2
including	2
included	2
include	2
impulse	2
importance	2
immense	2
imagined	2
imaginations	2
image	2
idol	2
idleness	2
hurry	2
hung	2
humour	2
humble	2
household	2
hospitality	2
hoping	2
honest	2
hire	2
highest	2
hest	2
hercules	2
helped	2
heartily	2
hearing	2
health	2
hawks	2
hastily	2
hare	2
halt	2
halfpence	2
hae	2
gun	2
guineas	2
grow	2
group	2
gross	2
groom	2
grey	2
grew	2
greeks	2
greece	2
greatly	2
graver	2
grant	2
grandeur	2
gown	2
governor	2
good-natured	2
golden	2
girls	2
giants	2
getting	2
genius	2
gee	2
gay	2
game	2
gallery	2
further	2
frequent	2
freedom	2
free	2
fourth	2
forward	2
forty	2
forms	2
fork	2
forgets	2
forest	2
football	2
fool	2
followers	2
flown	2
flower	2
flourished	2
flies	2
firm	2
fills	2
filling	2
filled	2
females	2
fells	2
fellow-creatures	2
fatigue	2
fastened	2
fashion	2
farmers	2
farm	2
fancied	2
familiar	2
falls	2
fallen	2
failed	2
expressed	2
express	2
explained	2
expense	2
expectations	2
expectation	2
exercise	2
executed	2
excuses	2
excellent	2
excel	2
examined	2
exact	2
everybody	2
everlasting	2
event	2
evenings	2
esteems	2
errors	2
error	2
errand	2
erected	2
equipage	2
equal	2
epic	2
entitled	2
entirely	2
enthusiastic	2
entering	2
ensue	2
enormous	2
engraving	2
engage	2
energy	2
endure	2
endeavoured	2
enchanting	2
en	2
emptied	2
empire	2
emotion	2
embroidery	2
eloquence	2
elegance	2
egg	2
effect	2
educated	2
edifice	2
economy	2
east	2
earnestly	2
early	2
dutiful	2
durst	2
dumb	2
drowned	2
drop	2
drive	2
drinking	2
drink	2
dressing	2
dreadful	2
drawn	2
drawings	2
drank	2
dozen	2
douglas	2
doubled	2
domestic	2
dogs	2
distress	2
distinguished	2
dissenters	2
disqualify	2
dispute	2
disposition	2
discussion	2
dirt	2
direction	2
died	2
dexterity	2
devices	2
detain	2
despised	2
despise	2
design	2
deserved	2
derives	2
depth	2
deprive	2
demanded	2
demand	2
delighted	2
delight	2
deity	2
defile	2
deer	2
declining	2
declined	2
dearest	2
de	2
daring	2
dare	2
dangerous	2
danger	2
dance	2
daily	2
curtains	2
current	2
cup	2
crowded	2
crossthwaite	2
creature	2
creator	2
counties	2
countenance	2
costly	2
cool	2
cook	2
convey	2
contradict	2
contracted	2
contract	2
continuing	2
continue	2
continually	2
contemplate	2
contain	2
considerable	2
conquer	2
confusion	2
confidence	2
conducted	2
condemn	2
concluded	2
concerned	2
con	2
composed	2
complexion	2
committed	2
commit	2
commanded	2
colt	2
coaches	2
clothes	2
cloak	2
clerks	2
city	2
circumstance	2
chronology	2
choosing	2
chooses	2
choir	2
childhood	2
chicken	2
charming	2
charity	2
charitable	2
channel	2
changed	2
chair	2
cause	2
catechism	2
castrigg	2
castlet	2
cast	2
carpet	2
carkered	2
careful	2
carding	2
cara	2
cannon	2
cane	2
calling	2
calculated	2
bye	2
bwlch	2
butter	2
busy	2
burr	2
burnt	2
burn	2
bubble	2
brooks	2
brink	2
bringing	2
brilliant	2
bright	2
bridle	2
breeding	2
breakfasted	2
boys	2
boxes	2
bowness	2
bow	2
bosom	2
born	2
bones	2
bonaparte	2
boasted	2
boast	2
blood	2
blocks	2
blockhead	2
blank	2
birth	2
bird	2
binding	2
bill	2
bigger	2
bidden	2
bestow	2
beside	2
beneath	2
belmont	2
beginning	2
begin	2
begged	2
becoming	2
beast	2
bay	2
barrowgate	2
barnsdale	2
bank	2
b	2
avail	2
authority	2
author	2
attracted	2
attendant	2
atmosphere	2
assures	2
assist	2
asleep	2
ashamed	2
ascertained	2
articulated	2
arrested	2
arose	2
arms	2
armed	2
arise	2
arguments	2
ardent	2
archbishop	2
apron	2
approaches	2
approached	2
applied	2
appian	2
apostles	2
antiquity	2
anticipating	2
anson	2
ancestors	2
altered	2
alike	2
ale	2
agree	2
agitating	2
afford	2
affectionate	2
affair	2
advantages	2
advanced	2
adorned	2
admit	2
admire	2
adhered	2
addressing	2
additional	2
action	2
act	2
acquisition	2
acomb	2
accustomed	2
accordingly	2
accord	2
accomplished	2
accommodation	2
accommodated	2
accidentally	2
abruptly	2
abroad	2
/	2
$	2
!'	2
ytf	1
yp	1
youv'e	1
youthful	1
yourselves	1
yorkshire	1
yoke	1
yo	1
yji'iii	1
yaller	1
wythburn	1
wunnot	1
wud	1
writings	1
writers	1
wrinkled	1
wrbh	1
wrapped	1
wounding	1
wounded	1
wound	1
wouldbe	1
worthily	1
worshipped	1
workwoman	1
workmanship	1
working	1
woollen	1
wooden	1
wooded	1
woodbine	1
wondered	1
wliich	1
withstand	1
witches	1
witchcraft	1
wit	1
wishful	1
wishes	1
wisely	1
wire	1
wing	1
wine	1
windward	1
winds	1
winding	1
win	1
willingly	1
williamites	1
william	1
wild	1
widow	1
widely	1
whot	1
whoile	1
whitbarrow	1
whisper	1
whigs	1
whereas	1
whereabouts	1
whenlwas	1
wheelbarrows	1
wesley	1
wescot	1
wencli	1
welsh	1
well-known	1
welfare	1
welcomed	1
welcome	1
weights	1
weight	1
weh	1
ween	1
wee	1
weaving	1
weavers	1
weaver	1
weapons	1
wealthy	1
weaker	1
we've	1
we're	1
we'll	1
wayward	1
waving	1
waves	1
watther.*	1
watermen	1
watched	1
waste	1
washed	1
warmth	1
wark	1
warehouses	1
wants	1
wanderer	1
wander	1
walmgate	1
wallow	1
waiter	1
waited	1
wait	1
waistcoat	1
waim	1
wagons	1
waggoners	1
wages	1
wager	1
w'mdthermere	1
vulgar	1
voyages	1
vows	1
vow	1
voluntarily	1
visitors	1
vision	1
violating	1
vines	1
views	1
victim	1
vessel	1
vent	1
veneration	1
vast	1
varnished	1
vanity	1
valued	1
valet	1
vainly	1
vague	1
vacant	1
vacancies	1
utterly	1
uttering	1
uttered	1
utter	1
utensils	1
usurpations	1
usually	1
usjirst	1
usj	1
using	1
usefully	1
urged	1
unwieldy	1
unvisited	1
unthought	1
unsparing	1
unsound	1
unskilful	1
unshaken	1
unreserved	1
unrequited	1
unrelenting	1
unreasonable	1
unravelled	1
unquestionably	1
unprecedented	1
unpleasant	1
unperceived	1
unpardonable	1
unparalleled	1
unnoticed	1
unmarked	1
unmade	1
unluckily	1
unloading	1
unlike	1
unkind	1
unjustly	1
university	1
universal	1
uniting	1
united	1
uninterrupted	1
uninclosed	1
uniformly	1
unheeding	1
unheeded	1
unheard	1
unhealthful	1
unhappinessl	1
ungrateful	1
ungentlemanly	1
unfortunately	1
unfeeling	1
unexpectedly	1
unequal	1
uneasiness	1
undoubtedly	1
undone	1
undivided	1
undiscovered	1
undertook	1
undertake	1
undersell	1
uncultivated	1
uncontrolled	1
uncommonly	1
uncles	1
uncertainty	1
uncertain	1
unattempted	1
unanswered	1
unaffected	1
ulverstone	1
tyrant	1
tyrannical	1
twining	1
twenty^four	1
twenty-seven	1
twenty-nine	1
twenty-five	1
turnips	1
turf	1
tures	1
turbury	1
tumbling	1
tulips	1
tub	1
ttheir	1
ttelook'stas	1
tt	1
truly	1
trubble	1
trough	1
triumph	1
trimmed	1
trim	1
trifling	1
trifles	1
tried	1
trial	1
trespassed	1
trembling	1
tremble	1
treats	1
treason	1
traverse	1
transcribe	1
transacted	1
trained	1
train	1
tragedy	1
traces	1
traced	1
trace	1
towering	1
tour	1
touching	1
touch	1
tormenting	1
tormented	1
tories	1
topography	1
topic	1
tooth	1
tongue	1
tongs	1
tombs	1
toime	1
toils	1
toiling	1
toe	1
toasting	1
tl>at	1
tjuvjof'l	1
tittering	1
titled	1
tissue	1
tisement	1
tis	1
tippled	1
tints	1
timid	1
tilling	1
tilings	1
ties	1
tidings	1
tides	1
thyself	1
thwaite	1
thursday	1
throwing	1
throw	1
threlkeld	1
threescore	1
threepence	1
threatening	1
threads	1
threadbare	1
thoughtful	1
thou	1
thoroughly	1
thorough	1
thomson	1
thomas	1
thoine	1
thoi	1
thirty-three	1
thirty	1
thirds	1
thickness	1
they've	1
they'd	1
thereof	1
theory	1
thee'dst	1
thanking	1
tfre	1
texture	1
testimonials	1
terrors	1
terrify	1
terrific	1
terrestrial	1
terre	1
terra	1
termed	1
terest	1
terdale	1
tenure	1
tenth	1
tent	1
tens	1
tend	1
tenanted	1
tenant	1
temptations	1
tempt	1
temple	1
tempers	1
temperance	1
tells	1
telegraph	1
tek	1
tearing	1
teakettle	1
td	1
taxes	1
tax	1
tastes	1
task	1
tan	1
tamed	1
tame	1
talltop	1
talks	1
talking	1
talk	1
tali	1
tales	1
talent	1
tains	1
tad	1
tacit	1
tables	1
ta	1
t'pley	1
t'anger	1
systems	1
symptoms	1
sworn	1
swiftness	1
swered	1
swell	1
sweetest	1
sweet	1
sweeping	1
sweep	1
sweden	1
swearing	1
swearer	1
swarm	1
swallowed	1
swain	1
swaet	1
suspected	1
suspect	1
survived	1
surrounding	1
surround	1
surrendered	1
surprising	1
surmises	1
surejy	1
supreme	1
supporting	1
supplying	1
supplied	1
suppliant	1
superiors	1
superintendent	1
superintend	1
sunshine	1
sung	1
sundays	1
summoned	1
summit	1
summerhouse	1
summary	1
sullen	1
sugar	1
suffolk	1
suffocated	1
suffering	1
suffered	1
suddenly	1
sudden	1
successors	1
successively	1
success	1
succeeds	1
subsided	1
subservient	1
subscription	1
subscribe	1
submitted	1
subjected	1
sty	1
sturdy	1
stump	1
study	1
stuck	1
stuarts	1
struggling	1
struggled	1
structure	1
strongly	1
strongest	1
stroking	1
strokes	1
stroke	1
striped	1
stripe	1
strings	1
strides	1
stretched	1
straw	1
strangely	1
strange	1
strahan	1
stowed	1
stoutest	1
stout	1
storyteller	1
stools	1
stolen	1
stocked	1
stitch	1
stirring	1
stimulants	1
stick	1
stealing	1
steadfast	1
statue	1
stations	1
stated	1
starve	1
starting	1
start	1
starching	1
starched	1
stalls	1
stalks	1
stain	1
stages	1
stage	1
staff	1
stack	1
stables	1
square	1
squab	1
springing	1
spring	1
spreading	1
spottiswoode	1
spontaneously	1
spoiled	1
splashed	1
spittle	1
spirits	1
spirited	1
sphere	1
spent	1
spell	1
speed	1
spectres	1
specimen	1
sparta	1
spaniel	1
span	1
spades	1
spacious	1
spaces	1
sovereigns	1
sovereign	1
southern	1
southerfell	1
southeast	1
soup	1
sounded	1
sordid	1
somehow	1
solution	1
solon	1
solomon	1
solidity	1
soliciting	1
solicited	1
soles	1
solemnly	1
solemnity	1
soldier	1
softer	1
soaked	1
snowy	1
snowdon	1
snatched	1
smooths	1
smollett	1
smoked	1
smitten	1
smiles	1
smiled	1
smile	1
smells	1
smart	1
smallness	1
slung	1
slowly	1
sloping	1
slippers	1
slight	1
slept	1
slender	1
sleepless	1
sleeper	1
slavery	1
slant	1
slander	1
slain	1
skulking	1
skowndril	1
skirted	1
skirt	1
skins	1
skin	1
skies	1
sixty	1
sixteen	1
situa	1
sisters	1
sion	1
singular	1
singled	1
singing	1
sinful	1
sinecure	1
sin	1
signal	1
sighted	1
sighed	1
sigh	1
sickness	1
sickly	1
sick	1
shy	1
shuttle	1
shuffling	1
shuddered	1
shrubs	1
shows	1
showder	1
shovel	1
shoulders	1
shoulder	1
shortly	1
shortest	1
shores	1
shops	1
shook	1
shocks	1
shire	1
shining	1
shelving	1
sheet	1
sheep	1
shed	1
she'd	1
shattered	1
sharp	1
sharks	1
shared	1
shape	1
shap	1
shanna	1
shanks	1
shame	1
shalta	1
shallowest	1
shallow	1
shakes	1
shade	1
sfrfr	1
sewed	1
severity	1
severely	1
seventy	1
settk	1
setting	1
setsj	1
sesso>	1
servitude	1
serve	1
sermons	1
sermon	1
seriously	1
serious	1
serenaded	1
separates	1
sential	1
sensations	1
sensation	1
sends	1
self-denial	1
selects	1
sees	1
seemingly	1
seeming	1
seed	1
secretly	1
secrecy	1
seaweeds	1
seawater	1
seats	1
seating	1
searched	1
sculptor	1
screens	1
screen	1
scratch	1
scouring	1
scoundrel	1
scoffers	1
schools	1
scenes	1
scarthing	1
scars	1
saysyo	1
sayings	1
saxon	1
sauntered	1
saturday	1
satisfaction	1
sash	1
sarvice	1
sartin	1
sane	1
sanctity	1
sample	1
sago	1
safety	1
saddle	1
sacrifices	1
sacrificed	1
s	1
russian	1
rushing	1
rushed	1
runaway	1
rules	1
ruler	1
ruled	1
ruined	1
ruggedness	1
rug	1
rudely	1
rude	1
ruddy	1
ruck	1
rubbish	1
rriy	1
royalists	1
rowing	1
rousseau	1
roused	1
rouse	1
rot	1
rosy	1
rooted	1
root	1
rom	1
rolling	1
roguery	1
rod	1
robert	1
robbut	1
robbing	1
robber	1
roar	1
rny	1
rncrecku	1
rivals	1
riots	1
ringing	1
rightly	1
righted	1
ridiculous	1
ridicule	1
rider	1
ridden	1
rid	1
richly	1
riches	1
richardson	1
rhetoric	1
revolting	1
revolted	1
revives	1
reverted	1
reverse	1
reveries	1
reverberated	1
revenues	1
revenue	1
returning	1
returnedhe	1
retreat	1
retire	1
retentive	1
rests	1
restrains	1
restore	1
responsibility	1
respects	1
respective	1
residuary	1
resides	1
resided	1
resemble	1
resemblance	1
requisition	1
requisite	1
requested	1
reputation	1
repulsive	1
republics	1
repressed	1
representing	1
representf	1
reprehended	1
report	1
repined	1
repented	1
repay	1
repairs	1
repaired	1
rents	1
removed	1
removal	1
remorse	1
remarks	1
remarked	1
remark	1
remains	1
rely	1
reluctance	1
religions	1
relievo	1
relieved	1
relations	1
relation	1
related	1
rejoinder	1
rejoice	1
rejecting	1
rejected	1
reject	1
reiterated	1
regulation	1
regulating	1
regret	1
region	1
regardless	1
refusing	1
refulgence	1
refuge	1
refreshment	1
reflections	1
reflection	1
redeem	1
rectory	1
recovering	1
recovered	1
recover	1
recompense	1
recommending	1
recommended	1
recommend	1
recognised	1
reckoning	1
reckon	1
recess	1
reception	1
receptacle	1
recent	1
receding	1
receded	1
recede	1
reasons	1
reasoner	1
rearing	1
rear	1
really	1
reads	1
readiness	1
reaches	1
re	1
ray	1
rattling	1
rascal	1
rare	1
rapscallion	1
rapidity	1
rapacity	1
ranunculuses	1
rant	1
ranks	1
ramsay	1
rallied	1
raising	1
rained	1
rack	1
racing	1
races	1
rabble	1
quired	1
quilting	1
quickness	1
quick	1
quay	1
quarter	1
quarrelling	1
quarftlling	1
qualities	1
qualification	1
puzzles	1
purtends	1
pursued	1
purest	1
pure	1
purchase	1
puppy	1
punishment	1
punctuality	1
punctual	1
pulled	1
pull	1
puddings	1
publication	1
psalm	1
provisions	1
province	1
provided	1
proves	1
proverb	1
proved	1
protest	1
protector	1
prospect	1
propriety	1
proprietor	1
proposed	1
proportioned	1
propensities	1
proofs	1
prompted	1
promoted	1
promontories	1
prolongs	1
prolong	1
projectors	1
project	1
progress	1
progeny	1
profligacy	1
professors	1
professions	1
profession	1
profes	1
profaneness	1
produce	1
proclaims	1
process	1
proceeding	1
proc	1
probable	1
printing	1
printer	1
printed	1
print	1
principles	1
prince	1
prime	1
priety	1
priests	1
prey	1
previous	1
preventing	1
prevent	1
pretext	1
pretending	1
pretence	1
preservation	1
presents	1
presenting	1
presented	1
presence	1
prepossessing	1
preparing	1
prepare	1
premature	1
prelude	1
prelate	1
prejudices	1
prefers	1
preferring	1
preferred	1
preferment	1
predominate	1
predicted	1
predicament	1
predecessor	1
precipice	1
preceptor	1
preceding	1
precedence	1
preaching	1
preach	1
pre	1
praise	1
practicable	1
powers	1
powdered	1
potted	1
potherbs	1
potatoes	1
potatoe	1
posterns	1
possibi	1
possessor	1
posible	1
pos	1
portionless	1
portfolios	1
porch	1
porcelain	1
pope	1
pools	1
pontefract	1
pont	1
ponderous	1
politeness	1
polite	1
polished	1
poisoned	1
poetry	1
pockling	1
pockets	1
pocketed	1
plumb	1
plucking	1
ploughman	1
plotted	1
pleasures	1
pleasing	1
pleasantly	1
playfellows	1
planted	1
plantations	1
plant	1
plainest	1
pittites	1
pitt	1
pitied	1
pitcher	1
pit	1
piously	1
pints	1
pins	1
pinks	1
pinch	1
pin	1
pillows	1
pillar	1
piles	1
pigs	1
pigheaded	1
pigeons	1
pies	1
picturesque	1
pictured	1
physiognomy	1
phrase	1
philosopher	1
philip	1
phenomenon	1
pharisees	1
phantom	1
pf	1
pewter	1
pew	1
petticoat	1
perverse	1
perused	1
persuaded	1
persuade	1
persecution	1
perplexity	1
perpendicular	1
permitted	1
performing	1
performances	1
perform	1
percival	1
perches	1
perception	1
perceiving	1
penruddock	1
penny	1
peninsula	1
penetration	1
pence	1
peel	1
peat	1
peachy	1
paying	1
pavement	1
pause	1
paths	1
pathetically	1
pat	1
pasturage	1
pastry	1
pastoral	1
pasted	1
passions	1
passengers	1
partner	1
partizan	1
partitions	1
parties	1
particulars	1
particle	1
parsonage	1
parson	1
parlour	1
parch	1
paralleled	1
papers	1
pannelled	1
panes	1
palmyra	1
palliation	1
pall	1
pairs	1
painting	1
paint	1
painful	1
paine	1
paii*	1
padlock	1
packages	1
oye	1
owned	1
owe	1
overwhelmed	1
overtook	1
overlook	1
overgrown	1
ouze	1
outvie	1
outlaw	1
outer	1
oung	1
ounce	1
orthography	1
ornaments	1
organ	1
ordinary	1
orderly	1
ordered	1
orator	1
opposition	1
oppose	1
opportunities	1
opinions	1
openly	1
openings	1
onours	1
omitted	1
omit	1
omission	1
oliverians	1
older	1
oin	1
oil	1
oifer	1
oi'm	1
oi'd	1
ofrighteous	1
ofiboots	1
offyour	1
offj	1
offended	1
oddity	1
occupy	1
obstructed	1
obstacle	1
observes	1
observation	1
obscure	1
oblong	1
objected	1
obeyed	1
obey	1
obedient	1
oars	1
oakwoob	1
oaken	1
oak'weod	1
oajcwood	1
oajcvxiood	1
oajcivood	1
oajciioood	1
o'yore	1
o'that	1
ny	1
nviction	1
nurse	1
numbers	1
nt	1
novels	1
notoriety	1
noticing	1
noticed	1
noses	1
norway	1
northern	1
noon	1
noblest	1
noblemen	1
nobility	1
ning	1
ninety	1
nineteen	1
nights	1
nightcaps	1
nicking	1
niche	1
newspapers	1
newly	1
newark	1
nevii	1
net	1
nessj	1
ner	1
nephews	1
nephe	1
nelson	1
nell	1
negus	1
negro	1
neglecting	1
needle	1
needed	1
nearly	1
nearett	1
nearest	1
nearer	1
natured	1
nation	1
narrowing	1
nankeen	1
named	1
nails	1
na	1
mysteries	1
myriads	1
muzzles	1
muttering	1
muslin	1
music	1
muscular	1
murderer	1
murder	1
muni	1
mun	1
multitude	1
muddy	1
mt	1
mrfc	1
moved	1
mounting	1
mountainous	1
moun	1
motto	1
mothers	1
mortification	1
mortgaged	1
mortgage	1
morrow	1
mornings	1
moral	1
moons	1
moon	1
month	1
monarchy	1
moments	1
modest	1
modes	1
moderate	1
model	1
mode	1
mock	1
mob	1
mixture	1
mixed	1
miuichamp	1
mitres	1
misery	1
miscellaneous	1
minute	1
mily	1
milthk>p	1
milliners	1
millighamp	1
millicliamp	1
mill	1
military	1
miliichamp	1
mijlichampj	1
miilichamp	1
miiad	1
midday	1
mid	1
metropolis	1
metamorphose	1
mester	1
mest	1
messenger	1
merry	1
mercury	1
ment	1
mending	1
mended	1
memories	1
memorable	1
members	1
melted	1
mell	1
meetinghouses	1
meeting	1
meditate	1
medicine	1
meats	1
measured	1
measure	1
meanly	1
meadows	1
meadow	1
matrimonial	1
mates	1
material	1
matchless	1
match	1
masters	1
masons	1
masculine	1
martin	1
marrow	1
markham	1
marked	1
marching	1
march	1
marble	1
maps	1
manure	1
manufacturing	1
manufactories	1
mania	1
manger	1
manfully	1
mands	1
manchester	1
management	1
managed	1
manage	1
mammon	1
maker	1
majestic	1
maintained	1
mainland	1
maimed	1
maids	1
mahogany	1
magnifier	1
magic	1
madness	1
machines	1
macedon	1
macbeth	1
macartney	1
ma'hap	1
lycurgus	1
lures	1
lune	1
lunatics	1
lucky	1
luck	1
lowest	1
lowdooiv	1
loveweli	1
loth	1
lot	1
losing	1
loo	1
loitering	1
loiterer	1
loiter	1
loiken	1
loiked	1
loik	1
logician	1
logic	1
lodgings	1
lodging	1
loath	1
loaf	1
loading	1
loaded	1
llivy	1
ll	1
liverpool	1
literature	1
literal	1
listen	1
lion	1
lime	1
lily	1
lightning	1
lightly	1
lids	1
libraries	1
levelled	1
level	1
lesser	1
lessens	1
lents	1
lengthened	1
legions	1
legged	1
legatees	1
leg	1
leeds	1
ledge	1
leather	1
leaning	1
leaf	1
leads	1
lately	1
latch	1
lasting	1
lantern	1
languages	1
language	1
lands	1
landmark	1
lamented	1
lads	1
lading	1
ladder	1
laced	1
lace	1
la	1
koind	1
know'st	1
knitting	1
knife	1
knelt	1
knees	1
knee	1
kindly	1
kids	1
kicked	1
keys	1
keswickl	1
kendal	1
keeper	1
kcstvick	1
k	1
jutting	1
justified	1
justice	1
jurisdiction	1
judgments	1
judged	1
jonson	1
jokes	1
joins	1
joinedme	1
job	1
jingle	1
jiigh	1
jhjs	1
jfa'**	1
jewish	1
jesus	1
jessamine	1
jerusalem	1
jealousy	1
jealous	1
jbrcast	1
jan	1
jade	1
jacobites	1
jack	1
j>er	1
ivory	1
iver	1
itis	1
itinerants	1
italy	1
italian	1
istence	1
issues	1
islanders	1
irritable	1
irresistible	1
irregular	1
iny	1
involved	1
involve	1
inviting	1
invited	1
invitations	1
invisible	1
inviolably	1
invincible	1
invested	1
invaders	1
intuitive	1
intuition	1
introducing	1
intrinsic	1
intolerable	1
interval	1
interrupts	1
interrupting	1
interrupted	1
interfere	1
interested	1
intercourse	1
intercepting	1
intellect	1
instructed	1
instruct	1
instituted	1
instances	1
insisting	1
insist	1
inserted	1
inseparably	1
inscription	1
insane	1
ins	1
inquiries	1
inquired	1
inon	1
innumerable	1
innocent	1
inlaid	1
ink	1
injustice	1
inhumanity	1
inherits	1
inheritor	1
inherited	1
ingleborough	1
ingenuousness	1
ingenuity	1
ingenousness	1
informs	1
influx	1
influenced	1
infinite	1
inferiors	1
infect	1
infancy	1
infallible	1
inexplicable	1
inexperience	1
inexorable	1
inevitably	1
inevitable	1
indulgent	1
indulgence	1
indulge	1
indisposition	1
indirectly	1
indifferent	1
indifference	1
indicated	1
indian	1
indiaman	1
india	1
independence	1
indelicate	1
indelible	1
indecision	1
inculcate	1
increases	1
increased	1
increase	1
incorporated	1
inconvenient	1
inconveniences	1
inconsistent	1
incompetent	1
incitement	1
inches	1
inchbald	1
inch	1
incendiary	1
inattentive	1
inake	1
inadvertently	1
inactivity	1
inactive	1
imprudent	1
improved	1
imprisoned	1
impressions	1
impressed	1
imposed	1
impose	1
importing	1
implored	1
impertinent	1
imperceptible	1
impelled	1
impassable	1
impartial	1
impairs	1
immoveable	1
immortality	1
immodesty	1
immediate	1
imitation	1
images	1
im	1
iiave	1
ihinters	1
ight	1
ice	1
iaradine	1
hypocrisy	1
hyacinths	1
hutton	1
husbandman	1
hur	1
hunted	1
hunger	1
hundreds	1
humours	1
humility	1
hume	1
humanity	1
howr	1
hovered	1
housemaids	1
house/	1
hot	1
hostler	1
host	1
hospital	1
horror	1
horrid	1
horrible	1
hopper	1
hopes	1
hoped	1
hoose	1
hooked	1
hoo	1
honours	1
honoured	1
homespun	1
hollow	1
hollingshed	1
holland	1
holding	1
holcroft	1
hobby	1
hive	1
hitherto	1
hither	1
historians	1
hired	1
hinges	1
hindrance	1
hind	1
highflyer	1
hig	1
hides	1
hidden	1
hi	1
hex	1
hesitation	1
hes	1
hero	1
heretics	1
hereford	1
hereditary	1
hereafter	1
hereabouts	1
herd	1
helveylin	1
hell	1
heirs	1
heir	1
heels	1
heed	1
hebrew	1
heavenly	1
heathen	1
heat	1
hears	1
hearers	1
heap	1
heads	1
headland	1
headed	1
headaches	1
headache	1
he'll	1
haunted	1
haunt	1
hates	1
hasten	1
hassal	1
harriot	1
hares	1
harder	1
hanna	1
handy	1
handkerchiefs	1
handkerchief	1
handed	1
hams	1
halves	1
hai	1
hadjbeen	1
ha	1
gusts	1
guns	1
gulliver	1
guessed	1
guess	1
guard	1
growth	1
grows	1
growls	1
growing	1
groundwork	1
groundless	1
greedy	1
gravely	1
gravelly	1
gravel	1
gratuity	1
gratify	1
gratified	1
gratifica	1
grateful	1
grassmere	1
grapes	1
grange	1
grandson	1
grandmother	1
grandfathers	1
grandfather	1
gradually	1
gradual	1
governs	1
government	1
governing	1
governed	1
gosh	1
goods	1
good-humour	1
goldaere	1
gojdacre	1
godwin	1
gnats	1
glows	1
glowing	1
gloves	1
gloom	1
glazed	1
glaslyn	1
glances	1
gilt	1
gilpin	1
gilding	1
gift	1
giddy	1
gets	1
gether	1
gentry	1
gentlefolks	1
generations	1
gejiuis	1
geeing	1
gauged	1
garment	1
ganging	1
ganged	1
gallop	1
galled	1
gallantry	1
gales	1
gal	1
gained	1
gain	1
gabriel	1
fust	1
furnishes	1
furnish	1
fullo	1
fullgrown	1
fulfils	1
fulfil	1
ftff	1
fronts	1
frocks	1
frock	1
fringing	1
fringed	1
frightful	1
frightened	1
fret	1
fresh	1
frequented	1
france	1
framed	1
frame	1
foxites	1
foulshaw	1
forty-two	1
fortnight	1
forsake	1
forming	1
forgetting	1
forgetfulness	1
forgetful	1
forfeit	1
foresee	1
foreboding	1
fording	1
forcibly	1
forbore	1
forbidden	1
forbearance	1
forbade	1
footpath	1
footmen	1
foolishness	1
fontaine	1
folded	1
foin	1
fo'sake	1
fm	1
flung	1
flowing	1
florist	1
florendines	1
floor	1
flock	1
floats	1
flights	1
fletcher	1
flesh	1
flea	1
flagellation	1
fixing	1
fix	1
fittest	1
fits	1
fitness	1
fit	1
firmness	1
firmly	1
firma	1
firffttvolume	1
fireside	1
fireplace	1
fins	1
finishing	1
finish	1
finer	1
fined	1
fifth	1
fifteenth	1
fiend	1
fielding	1
fiction	1
fewqr	1
fever	1
fete	1
festivity	1
fertile	1
ferrybridge	1
ferry	1
ferent	1
fer	1
fencibles	1
felony	1
felicity	1
feels	1
feeling	1
february	1
feather	1
fears	1
fearful	1
favours	1
favourite	1
favourable	1
fause	1
faults	1
fatiguing	1
fatigued	1
fathers	1
fat	1
faster	1
fast	1
fashionable	1
fascination	1
farthing	1
farmyard	1
farming	1
farce	1
fanciful	1
fancies	1
famous	1
families	1
fame	1
falling	1
falcon	1
faith	1
fairy	1
fainter	1
failings	1
facts	1
fact	1
faces	1
fabricating	1
fa	1
extremity	1
extremes	1
extent	1
extensive	1
extends	1
extending	1
extend	1
expressive	1
expressions	1
exposed	1
expose	1
exploits	1
explaining	1
experence	1
expensive	1
expects	1
expecting	1
expanse	1
expands	1
existing	1
existence	1
existed	1
exing	1
exhortations	1
exhibits	1
exhibitor	1
exhibiting	1
exhibit	1
exempt	1
executors	1
execute	1
excuse	1
excrescence	1
excluding	1
excludes	1
exclaiming	1
excited	1
excesses	1
excess	1
exceptions	1
excepted	1
excellence	1
exceedingly	1
exceeded	1
exceed	1
example	1
examination	1
everywhere	1
everard	1
events	1
eve	1
evanescent	1
eternity	1
estimable	1
esthwaite	1
esteem	1
establishing	1
establish	1
espied	1
especially	1
escorts	1
escaping	1
es	1
erudition	1
err	1
ered	1
equivalent	1
equality	1
epistolary	1
environed	1
enumerating	1
enumerate	1
entreaty	1
entire	1
entice	1
enthusiast	1
enthusiam	1
entertaining	1
entertained	1
entertain	1
enterprising	1
entangle	1
ensued	1
enlivened	1
enliven	1
enjoyment	1
enjoy	1
enigmatical	1
engraved	1
engagement	1
endured	1
ends	1
ended	1
endeavouring	1
endeavour	1
endangering	1
encumbrance	1
encourage	1
encounter	1
enabled	1
employs	1
employ	1
emont	1
emerging	1
embroidered	1
embraced	1
embowering	1
embosomedin	1
emblem	1
embellishing	1
embarked	1
embargo	1
em's	1
eloisa	1
ell	1
elephant	1
elbow	1
elasticity	1
elapse	1
ekgunt	1
eighteen	1
eggs	1
effort	1
effaced	1
eeded	1
edward	1
edge	1
economies	1
eating	1
eaten	1
easy	1
eastward	1
eastern	1
easiness	1
easier	1
earnest	1
earn	1
earl	1
dwelling	1
duties	1
dust	1
durability	1
dunnot	1
dunna	1
dun	1
dug	1
duced	1
dubble	1
drunkenness	1
drunk	1
druid	1
drove	1
drones	1
driving	1
dressing-room	1
dresses	1
dresser	1
drawbridge	1
dramatic	1
dragged	1
drag	1
drab	1
dr^w	1
downs	1
downright	1
doubtless	1
doubted	1
doubly	1
dost	1
doot	1
doors	1
doon	1
donation	1
dominions	1
domination	1
domesticated	1
domain	1
doctrines	1
docking	1
dobson	1
dixon	1
divine	1
divides	1
divide	1
diversifying	1
dive	1
disturbed	1
distresses	1
distraction	1
distinct	1
dissolving	1
dissected	1
dispositions	1
disposed	1
disposal	1
display	1
dispersed	1
disowned	1
disown	1
disobey	1
disobedient	1
dismounted	1
disinherited	1
dishonesty	1
disgusted	1
disgrace	1
disease	1
disdained	1
discriminate	1
discretion	1
discoveries	1
discourses	1
discouraged	1
discharged	1
discharge	1
direct	1
dinners	1
diningroom	1
dignitaries	1
dignified	1
digest	1
dif~	1
diffused	1
difficulties	1
differently	1
difference	1
differed	1
diet	1
dictated	1
diaper	1
diameter	1
dialect	1
dftie	1
devoted	1
devote	1
devil	1
deviated	1
determine	1
determination	1
detected	1
detect	1
detained	1
detached	1
detach	1
destitute	1
despotic	1
despises	1
desk	1
desirous	1
desirable	1
deserting	1
deserter	1
desert	1
described	1
derived	1
derision	1
derbyshire	1
deranged	1
deprives	1
deprived	1
deplorably	1
depicted	1
depended	1
departed	1
depart	1
denote	1
denomination	1
dennis	1
denmark	1
denied	1
demon	1
demanding	1
delve	1
dell	1
delineated	1
delightfully	1
delicious	1
delicacy	1
deliberation	1
delegated	1
delay	1
deira	1
degrees	1
degraded	1
degenerates	1
defrauded	1
deficient	1
deferred	1
deeply	1
deed	1
deduce	1
decorated	1
decorate	1
decline	1
declared	1
declare	1
declaration	1
decide	1
decent	1
decency	1
deceived	1
decease	1
debts	1
debauchery	1
death	1
dearth	1
deadly	1
dead	1
daylight	1
david	1
daughters	1
datigli&er	1
dates	1
dated	1
date	1
darning	1
damsel	1
damp	1
dales	1
dalemain	1
cut.a	1
customer	1
customary	1
cushions	1
cushion	1
curwen	1
curling	1
curb	1
cum	1
cub	1
crust	1
cruel	1
crowned	1
crowholm	1
crowds	1
crossing	1
cropping	1
crimson	1
crimped	1
crime	1
crevices	1
crevice	1
credulity	1
creditor	1
credited	1
creation	1
created	1
create	1
cream	1
crea	1
craggy	1
cow	1
courteseying	1
court	1
couple	1
counting-house	1
counterpane	1
counterbalance	1
countenances	1
counted	1
council	1
couk	1
couch	1
cottons	1
cots	1
costume	1
correspondent	1
corrects	1
correctness	1
corporeal	1
corners	1
corner	1
corn	1
coquet	1
copy	1
copper	1
copes	1
coote	1
cooks	1
convincing	1
conviction	1
conveys	1
conveying	1
conversion	1
conversed	1
converse	1
convention	1
controversy	1
contrive	1
contribute	1
contrary	1
contradicted	1
contracting	1
contented	1
contemptible	1
contemplated	1
contemned	1
contains	1
consume	1
consulted	1
consult	1
consul	1
constructed	1
constitutions	1
constitute	1
consternation	1
constant	1
consisted	1
consist	1
consigned	1
consign	1
considering	1
considerably	1
consented	1
consciousness	1
conscious	1
conscience	1
conqueror	1
conquering	1
conquered	1
connected	1
conna	1
conjuring	1
conjecturing	1
conjecture	1
congregate	1
congratulate	1
congenial	1
confounded	1
conformity	1
confinement	1
confession	1
confessed	1
confer	1
coney	1
cone	1
conductor	1
conduct	1
condit	1
condescended	1
condemned	1
conciliating	1
concerning	1
conceived	1
conceive	1
concealed	1
conceal	1
concave	1
comtemplate	1
compulsion	1
comprises	1
comprehend	1
complimented	1
complete	1
complaisance	1
complaining	1
complained	1
competition	1
competence	1
compensate	1
compartments	1
compare	1
companions	1
communications	1
communicating	1
communicated	1
commodious	1
commission	1
commerce	1
comments	1
commended	1
commences	1
commanding	1
commander	1
command	1
comforts	1
comest	1
combined	1
combinations	1
combination	1
combed	1
columbus	1
colours	1
colour	1
colonel	1
colman	1
collateral	1
coldness	1
coated	1
coarsest	1
coarser	1
coal	1
clumsy	1
clumps	1
cloudless	1
clouded	1
clothed	1
closer	1
cloose	1
clod	1
clock	1
clipped	1
climbing	1
clid	1
clever	1
clerk	1
clergymen	1
clearly	1
cleared	1
cleaning	1
clay	1
clapped	1
claims	1
claim	1
cither	1
citadel	1
circumstanced	1
circuit	1
circle	1
churchyard	1
chump	1
christmas	1
christians	1
christian	1
chosen	1
chimney-piece	1
chimney	1
chiefest	1
chests	1
chestnut	1
chest	1
cherish	1
cheese	1
cheerful	1
cheeked	1
cheating	1
cheated	1
cheapest	1
cheaper	1
cheap	1
chaucer	1
chat	1
charmed	1
charges	1
charge	1
chapterhouse	1
chances	1
champion	1
chalices	1
chained	1
chaffing	1
cessions	1
certainty	1
censure	1
cemetery	1
cement	1
celestial	1
ceeded	1
cede	1
ceases	1
cease	1
cautious	1
causeways	1
causeway	1
caused	1
caught	1
catholics	1
catholic	1
catalogue	1
castlereagh	1
casting	1
cases	1
casements	1
cased	1
carving	1
carters	1
cart	1
carries	1
carriages	1
carlos	1
cargo	1
careless	1
cards	1
card	1
caradinb	1
captivity	1
captive	1
captain	1
capricious	1
capital	1
canvas	1
canting	1
candidly	1
candid	1
calm	1
calls	1
callous	1
calculations	1
calculate	1
cajoleries	1
caeadine	1
cabbages	1
byxme	1
butterflies	1
buttered	1
butt	1
busts	1
busi	1
bush	1
bury	1
burton	1
bursting	1
burin	1
burdett	1
burdens	1
bunches	1
bulky	1
buildings	1
build	1
buffetings	1
buck	1
brutes	1
brute	1
brushwood	1
brude	1
brown	1
broadsword	1
broadest	1
broader	1
britain	1
bricks	1
breezes	1
breed	1
breeches	1
breath	1
breast	1
breaking	1
breaker	1
break	1
breadth	1
brazen	1
bray	1
branches	1
bran	1
bowl	1
bowels	1
bounds	1
boundaries	1
bough	1
borrowed	1
borrow	1
bore	1
borders	1
bordering	1
bookworm	1
bookseller	1
bookcases	1
boodther	1
boldness	1
bold	1
boiling	1
boiled	1
boileau	1
boil	1
boats	1
boatmen	1
boatman	1
boards	1
board	1
blustered	1
bluddy	1
bloom	1
blockheads	1
block	1
blind	1
blew	1
blessing	1
blessedness	1
bleaching	1
blcside	1
blast	1
blanket	1
bladders	1
blacksmith	1
blackened	1
blacked	1
bitterness	1
bitter	1
birmingham	1
bin	1
bidding	1
bid	1
betrayed	1
bestowed	1
bespeak	1
besoide	1
besmeared	1
besieged	1
bequest	1
benevolence	1
benefits	1
bench	1
ben	1
belonging	1
belong	1
bellows	1
bellingham	1
believes	1
beleddy	1
beings	1
behold	1
begun	1
begging	1
befallen	1
bees	1
beer	1
bee	1
becomes	1
beckoned	1
beautifully	1
beaumont	1
beaten	1
beat	1
bears	1
beamed	1
beacon	1
bathers	1
bath	1
basso	1
bassenthwaite	1
bars	1
barrier	1
barrel	1
barndoor	1
barnby	1
bare	1
banker	1
banished	1
banish	1
banding	1
banded	1
band	1
ballad	1
bacchus	1
ay	1
awful	1
aware	1
awakes	1
awakening	1
awaited	1
awa	1
avert	1
aversion	1
availed	1
authors	1
auspices	1
auger	1
auditors	1
audience	1
au	1
attraction	1
attire	1
attentively	1
attentive	1
attentions	1
attends	1
attending	1
attendants	1
attempting	1
attained	1
attacks	1
attack	1
attached	1
attach	1
athens	1
astonish	1
assuring	1
assure	1
assuming	1
assumes	1
associate	1
assists	1
asses	1
assert	1
assembly	1
assembled	1
assemblage	1
ass	1
aspire	1
asking	1
aside	1
ashness	1
ash	1
ascend	1
artificial	1
articulate	1
article	1
arter	1
arrive	1
arrest	1
arrayed	1
arranged	1
arnst	1
army	1
arly	1
arises	1
arisen	1
arid	1
argue	1
architect	1
arched	1
archbishops	1
arch	1
appropriate	1
approaching	1
apprehension	1
apprehend	1
appointed	1
apply	1
apple	1
appendages	1
appellation	1
appearances	1
appeal	1
apparel	1
apostle	1
apartments	1
apartment	1
ao	1
anywhere	1
anxiety	1
antiquities	1
anticipate	1
antagonist	1
answers	1
answering	1
answerable	1
ansjvered	1
annually	1
annoyance	1
annoy	1
announcing	1
announced	1
annals	1
anis	1
animosities	1
animated	1
anguish	1
angles	1
anger	1
angels	1
anecdotes	1
ane	1
anditwas	1
andes	1
anderson	1
ander	1
ancients	1
ancf	1
anarrow	1
analysing	1
analogy	1
an't	1
amuse	1
amiss	1
amiable	1
ami	1
amends	1
ame	1
alternate	1
altar	1
aloud	1
allude	1
alloy	1
allowing	1
allowance	1
alley	1
alleviation	1
allan	1
alive	1
alighted	1
algebra	1
alfred	1
alf	1
alexander	1
alehouse	1
alas	1
alarmed	1
airings	1
airing	1
aired	1
aid	1
ahem	1
agreement	1
agreeabler	1
agitation	1
agitated	1
aggravation	1
ages	1
agent	1
afforded	1
affections	1
affect	1
affable	1
aether	1
advertise	1
adversary	1
adver	1
advances	1
advance	1
adores	1
adopts	1
adopted	1
admission	1
admiral	1
admirable	1
adjourn	1
adjoining	1
adds	1
addresses	1
addressed	1
adding	1
add	1
adapted	1
adams	1
adam	1
actuated	1
actually	1
activity	1
acre	1
acquits	1
acquiring	1
acquired	1
acquire	1
acquainting	1
acquaint	1
acli	1
acknowledges	1
aching	1
aches	1
ach	1
according	1
accompanying	1
accompaniments	1
accommodations	1
accommodates	1
accommodate	1
accident	1
access	1
acceptation	1
acceptance	1
acceptable	1
absurdity	1
abstracted	1
absolute	1
absent	1
abomination	1
abode	1
abide	1
aber	1
abbey	1
abaate	1
aas	1
^>	1
^	1
[	1
*jtt|in^	1
*.*.,	1
*,	1
**	1
',	1
''	1
'!	1
&,	1
%	1
".	1
!,	1
