,	2610
the	1716
of	1202
and	924
to	885
.	696
i	629
a	570
;	532
in	459
"	392
my	388
which	309
it	308
you	296
with	274
is	266
that	262
was	252
her	243
not	207
me	204
he	189
by	182
for	178
his	176
as	170
but	164
on	162
from	160
have	156
its	142
!	142
olivia	135
had	135
your	132
:	127
an	114
she	112
at	108
this	105
be	103
all	97
their	96
heart	95
him	89
or	88
when	86
who	84
are	82
|romannumeral|	74
st	73
."	72
most	70
|arabic1digit|	69
more	67
were	65
we	64
has	64
every	62
so	61
colonel	60
mind	59
love	59
clair	59
|'s|	58
no	58
little	58
those	57
if	57
yet	56
our	56
one	55
some	54
can	54
they	53
could	53
than	51
shall	51
'	51
will	50
friend	50
only	49
would	48
am	48
said	47
been	47
?	46
there	45
such	45
passion	45
man	45
first	45
them	44
what	43
life	42
should	41
over	41
moment	41
while	40
too	39
ever	39
own	38
into	38
whose	37
virtue	37
still	37
never	36
very	35
myself	35
even	35
letter	34
soul	33
sentiment	32
may	32
*	32
object	31
must	31
us	30
though	30
now	30
think	29
then	29
do	29
did	29
abbey	29
where	28
time	28
how	28
made	27
last	27
power	26
feelings	26
character	26
being	26
upon	25
nature	25
like	25
dear	25
air	25
thousand	24
these	24
many	24
almost	24
through	23
however	23
emotions	23
conduct	23
friendship	22
feel	22
eyes	22
dangerous	22
any	22
world	21
point	21
other	21
much	21
indeed	21
alone	21
against	21
spirits	20
sentiments	20
passions	20
oh	20
nor	20
influence	20
day	20
bosom	20
always	20
well	19
up	19
two	19
sometimes	19
return	19
reason	19
morning	19
existence	19
cannot	19
before	19
!"	19
society	18
look	18
good	18
feeling	18
death	18
best	18
believe	18
voice	17
thy	17
thought	17
since	17
once	17
itself	17
human	17
great	17
felt	17
eye	17
evening	17
|arabic2digit|	16
woman	16
without	16
tender	16
sir	16
seemed	16
scarcely	16
less	16
both	16
back	16
under	15
smile	15
sense	15
same	15
s	15
room	15
received	15
peace	15
out	15
night	15
mine	15
might	15
make	15
major	15
longer	15
long	15
know	15
hour	15
happiness	15
found	15
few	15
young	14
vice	14
read	14
pleasure	14
melancholy	14
manner	14
left	14
least	14
hope	14
general	14
find	14
fear	14
father	14
f	14
emotion	14
yourself	13
whom	13
took	13
tell	13
sweet	13
soon	13
say	13
misery	13
hopes	13
give	13
full	13
earth	13
beyond	13
between	13
away	13
arms	13
another	13
after	13
affections	13
tears	12
taken	12
see	12
returned	12
principles	12
part	12
next	12
meet	12
gave	12
frequently	12
far	12
desmond	12
brother	12
beloved	12
ah	12
?"	12
wish	11
true	11
till	11
t	11
sympathy	11
situation	11
short	11
sensibility	11
prudence	11
possible	11
name	11
men	11
m	11
house	11
honour	11
herself	11
hand	11
force	11
family	11
excited	11
circumstance	11
cause	11
book	11
attention	11
written	10
worthy	10
work	10
whole	10
vol	10
unfortunate	10
truth	10
subject	10
self	10
round	10
respect	10
resist	10
refined	10
rather	10
present	10
perhaps	10
new	10
let	10
j	10
idea	10
himself	10
heaven	10
grandfather	10
fatal	10
errors	10
entered	10
early	10
does	10
connexion	10
ardent	10
wretched	9
wishes	9
window	9
vain	9
thus	9
thou	9
therefore	9
supported	9
superior	9
species	9
silent	9
silence	9
seek	9
secret	9
rousseau	9
place	9
people	9
patrick	9
party	9
opinion	9
o	9
nothing	9
memory	9
marked	9
knew	9
insensibly	9
imagination	9
home	9
head	9
harp	9
half	9
folly	9
favourite	9
excite	9
evils	9
equally	9
enough	9
destroy	9
despair	9
delight	9
countenance	9
conceal	9
charming	9
certainly	9
came	9
bliss	9
believed	9
beautiful	9
awakened	9
awaken	9
among	9
acquaintance	9
about	9
wife	8
weakness	8
weak	8
tone	8
times	8
thoughts	8
taught	8
talents	8
strength	8
spirit	8
side	8
right	8
progress	8
opportunity	8
old	8
often	8
music	8
miss	8
marriage	8
magic	8
looked	8
lips	8
light	8
leave	8
law	8
late	8
joys	8
impossible	8
hearts	8
heard	8
having	8
future	8
friends	8
fixed	8
face	8
exquisite	8
error	8
effort	8
each	8
destiny	8
delightful	8
conscious	8
come	8
changed	8
certain	8
arm	8
appeared	8
alive	8
alas	8
agitated	8
'*	8
yesterday	7
within	7
wholly	7
tomorrow	7
today	7
table	7
suppose	7
support	7
sun	7
spot	7
speak	7
sorrow	7
small	7
sent	7
scene	7
rested	7
rest	7
reflection	7
refinement	7
raised	7
proportion	7
principle	7
powers	7
pleasures	7
others	7
opposite	7
observed	7
notice	7
northeast	7
mother	7
moral	7
minds	7
means	7
mankind	7
lost	7
lively	7
lay	7
la	7
just	7
joy	7
interesting	7
intercourse	7
instrument	7
indifference	7
increased	7
ignorance	7
ideas	7
hear	7
given	7
formed	7
forget	7
followed	7
fishing	7
expression	7
evil	7
esteem	7
effects	7
effect	7
e	7
down	7
door	7
done	7
disappointment	7
delirium	7
dare	7
d	7
common	7
cold	7
chair	7
castle	7
carried	7
captain	7
capable	7
beings	7
beam	7
author	7
assume	7
art	7
again	7
added	7
according	7
absence	7
(	7
yours	6
years	6
witchcraft	6
wished	6
visits	6
victim	6
used	6
united	6
unhappy	6
understanding	6
trembled	6
treat	6
transient	6
touched	6
together	6
thrown	6
throbbed	6
threw	6
terminate	6
take	6
system	6
susceptible	6
superiority	6
sufficient	6
suffer	6
style	6
stood	6
spoke	6
sorcery	6
soothing	6
soft	6
simple	6
servant	6
seen	6
secure	6
says	6
saw	6
restore	6
request	6
refuse	6
receive	6
r	6
que	6
promised	6
profound	6
presented	6
precious	6
period	6
perfection	6
perfect	6
ought	6
opinions	6
off	6
neglect	6
near	6
loved	6
live	6
laid	6
kind	6
justice	6
judgement	6
interest	6
impassioned	6
immediately	6
here	6
hands	6
gracious	6
god	6
go	6
glance	6
genius	6
fond	6
fancy	6
experience	6
excuse	6
exclaimed	6
evident	6
everything	6
escape	6
energy	6
eloisa	6
ears	6
dwelled	6
drawn	6
dissimulation	6
dinner	6
days	6
criminal	6
crime	6
cool	6
consciousness	6
con	6
commonplace	6
circumstances	6
children	6
child	6
cherished	6
care	6
breakfast	6
beneath	6
attempted	6
appearance	6
answer	6
animated	6
amiable	6
agitation	6
|arabic3digit|	5
word	5
why	5
went	5
way	5
volume	5
visit	5
virtues	5
understood	5
unceasing	5
unalterable	5
trust	5
trace	5
town	5
touching	5
ties	5
tenderness	5
taste	5
success	5
subdue	5
strong	5
stole	5
step	5
state	5
stability	5
sphere	5
sound	5
souls	5
sought	5
sorrows	5
something	5
similar	5
serious	5
sanction	5
rises	5
rich	5
resigned	5
reserve	5
repose	5
rendered	5
render	5
recollection	5
purity	5
proof	5
produced	5
probably	5
pressed	5
prejudice	5
poignant	5
placed	5
phlegmatic	5
passed	5
pang	5
operations	5
open	5
occurred	5
nearly	5
mutual	5
mr	5
mountains	5
mingled	5
met	5
mere	5
meant	5
mean	5
makes	5
lover	5
learned	5
leaning	5
laws	5
lady	5
known	5
kindred	5
kindness	5
k	5
judge	5
ireland	5
involuntarily	5
insensible	5
impulse	5
imprudent	5
ignorant	5
husband	5
hours	5
held	5
greater	5
g	5
firm	5
fell	5
feet	5
feared	5
fair	5
extent	5
example	5
enjoy	5
engaged	5
embrace	5
either	5
efforts	5
drew	5
draw	5
doubt	5
distance	5
died	5
determined	5
destruction	5
delicious	5
delicate	5
de	5
dance	5
correspondence	5
conversation	5
considered	5
consider	5
confirmed	5
confess	5
colour	5
circle	5
chance	5
certainty	5
breast	5
body	5
blush	5
bid	5
beauty	5
baronet	5
attractive	5
assertion	5
arrival	5
arid	5
appears	5
apartment	5
affection	5
admiration	5
^	5
.,	5
write	4
whether	4
watched	4
watch	4
warm	4
walk	4
vehemence	4
various	4
usual	4
unable	4
tusculum	4
truly	4
tried	4
trembling	4
treasures	4
towards	4
told	4
things	4
thee	4
tf	4
temptation	4
suspicion	4
surely	4
sure	4
struck	4
stranger	4
spring	4
speaks	4
speaking	4
source	4
sophistry	4
solitary	4
solemn	4
sober	4
smiles	4
single	4
simplicity	4
sigh	4
shed	4
shadows	4
set	4
seem	4
seeing	4
seduced	4
seated	4
scale	4
satisfaction	4
sarcasm	4
sacred	4
rose	4
rny	4
rising	4
resign	4
remained	4
recollect	4
put	4
produce	4
previous	4
preux	4
presence	4
powerful	4
possession	4
possessed	4
pointed	4
pleasing	4
please	4
playful	4
play	4
perturbation	4
person	4
penetrating	4
past	4
parents	4
page	4
orb	4
opposed	4
oppose	4
offer	4
obvious	4
obtain	4
number	4
noble	4
neither	4
natural	4
native	4
morality	4
moderation	4
moderate	4
mistress	4
minutes	4
merits	4
merit	4
merely	4
mentioned	4
married	4
manners	4
malicious	4
madness	4
loves	4
lord	4
listened	4
lines	4
le	4
laugh	4
labyrinth	4
knows	4
king	4
interrupted	4
intended	4
insinuated	4
influenced	4
indulgence	4
independence	4
illiberal	4
idle	4
henry	4
heavens	4
hast	4
h	4
grave	4
got	4
gone	4
glowing	4
glow	4
generally	4
free	4
frame	4
form	4
follow	4
fit	4
fine	4
favour	4
fancied	4
faith	4
faintly	4
faded	4
extreme	4
extend	4
et	4
enthusiasm	4
enemy	4
enemies	4
endearing	4
enchantment	4
en	4
elegant	4
ear	4
divinity	4
distant	4
dissolution	4
difficult	4
die	4
destroyed	4
destined	4
desire	4
delivered	4
delights	4
degree	4
defiance	4
dead	4
dancing	4
cruel	4
crowd	4
country	4
continued	4
constitution	4
constantly	4
consequently	4
consequence	4
conscience	4
confidence	4
cherish	4
characters	4
caught	4
carriage	4
careless	4
call	4
burst	4
brought	4
broken	4
breathes	4
better	4
beheld	4
because	4
b	4
authors	4
arrived	4
apparent	4
anxious	4
also	4
agony	4
age	4
afford	4
affected	4
advanced	4
admired	4
address	4
add	4
accompanied	4
accept	4
]	4
/	4
*'	4
youthful	3
younger	3
yes	3
worth	3
worst	3
worlds	3
works	3
words	3
whatever	3
wept	3
weaker	3
warmth	3
warmed	3
walked	3
virtuous	3
violent	3
villainy	3
view	3
vapours	3
unworthy	3
until	3
universe	3
unison	3
unconscious	3
u	3
tyranny	3
twenty	3
turned	3
turn	3
tree	3
treasure	3
tranquillity	3
toleration	3
timidity	3
tie	3
throbs	3
themselves	3
termed	3
tendency	3
temple	3
talked	3
sweetly	3
survived	3
survive	3
surrounded	3
supreme	3
suppress	3
supposed	3
suns	3
suffering	3
suffered	3
sublimity	3
storm	3
stopped	3
standard	3
stand	3
sprung	3
sounds	3
song	3
sole	3
smiled	3
sinks	3
silly	3
shrunk	3
servants	3
sentimental	3
sensibly	3
senses	3
sensations	3
self-denial	3
seized	3
seems	3
seduction	3
security	3
scorn	3
scepticism	3
scenes	3
saint	3
rushed	3
run	3
robbed	3
ride	3
revived	3
returning	3
retired	3
retain	3
restraint	3
responsively	3
resignation	3
resentment	3
reposed	3
repeating	3
repeated	3
remote	3
regret	3
refuge	3
recovery	3
really	3
reading	3
rapturous	3
ran	3
question	3
q	3
pursuits	3
pure	3
pulse	3
prove	3
promise	3
profane	3
pressure	3
preservation	3
prejudices	3
potent	3
poetry	3
poetical	3
pleasant	3
pianoforte	3
philosopher	3
peruse	3
peculiar	3
pay	3
paused	3
patience	3
path	3
passing	3
passage	3
partial	3
parent	3
paper	3
packet	3
overwhelming	3
ossian	3
order	3
oppression	3
opposing	3
opening	3
op	3
oft	3
occur	3
observing	3
observe	3
observation	3
nourish	3
nicest	3
neighbourhood	3
nay	3
narrow	3
mysterious	3
move	3
monarch	3
moments	3
mode	3
misfortunes	3
misfortune	3
mental	3
ment	3
medium	3
maturity	3
master	3
mark	3
malignant	3
lurking	3
low	3
lose	3
london	3
livy	3
listening	3
lingering	3
lighted	3
leaf	3
large	3
irresistible	3
iny	3
invitation	3
intimate	3
intentions	3
instinct	3
insanity	3
innocent	3
inimical	3
infallibility	3
individual	3
incapable	3
imprudence	3
impressions	3
impression	3
imposed	3
imperceptible	3
impatient	3
impatience	3
imagine	3
hurried	3
horses	3
hold	3
hitherto	3
high	3
heresy	3
help	3
heiress	3
heavy	3
heavenly	3
happy	3
happily	3
hangs	3
guilty	3
group	3
grounds	3
greatly	3
gravity	3
gratification	3
gradually	3
graces	3
going	3
gloomy	3
glair	3
gives	3
gentleman	3
generous	3
gay	3
gathering	3
gallantry	3
frequent	3
fortune	3
fortunate	3
forms	3
forced	3
fondly	3
follows	3
following	3
flying	3
fly	3
flowery	3
fled	3
fiat	3
female	3
favourable	3
fate	3
families	3
fallible	3
fall	3
extinction	3
extenuation	3
expected	3
expectations	3
excessive	3
evinced	3
eventually	3
events	3
escaped	3
equable	3
entirely	3
enthusiastic	3
energies	3
end	3
enable	3
empire	3
elevation	3
elected	3
earthly	3
dwell	3
drop	3
divine	3
discovered	3
discover	3
disappointed	3
disappoint	3
directed	3
direct	3
dignity	3
different	3
dew	3
deviation	3
desires	3
description	3
derived	3
depravity	3
delusive	3
deity	3
define	3
deepest	3
declared	3
decided	3
deceived	3
decay	3
dearest	3
dared	3
danger	3
criminality	3
corner	3
cordiality	3
cordial	3
convince	3
consigned	3
consent	3
confused	3
confined	3
condemn	3
conceived	3
conceive	3
concealed	3
composure	3
complicated	3
common-sense	3
coincidence	3
clung	3
clouds	3
cloud	3
closed	3
citizens	3
chill	3
charm	3
change	3
cease	3
ce	3
caused	3
catch	3
carry	3
calm	3
called	3
calculated	3
brothers	3
breathed	3
breath	3
bow	3
boundless	3
boundaries	3
bound	3
books	3
bodies	3
boast	3
blushed	3
bloom	3
betrayed	3
become	3
became	3
beams	3
avoided	3
attentions	3
attended	3
attachment	3
attached	3
association	3
artless	3
artifice	3
around	3
arise	3
arguments	3
argument	3
approach	3
apprehensions	3
apprehension	3
appointed	3
apathy	3
angel	3
already	3
airs	3
affliction	3
affair	3
adieu	3
actuated	3
active	3
action	3
account	3
accompany	3
able	3
-	3
**	3
#	3
}	2
zimmerman	2
zephyre	2
yon	2
writing	2
wretchedness	2
wounds	2
worldly	2
wore	2
women	2
witness	2
withered	2
withdraw	2
wit	2
wisest	2
wisdom	2
wing	2
win	2
willing	2
wild	2
whence	2
werter	2
well-being	2
weep	2
weary	2
wearied	2
warranted	2
war	2
wandering	2
waiting	2
vulgar	2
vow	2
voltaire	2
vita	2
visionary	2
vision	2
violence	2
violation	2
vigour	2
vibration	2
venture	2
venom	2
veneration	2
varying	2
variety	2
variation	2
vanished	2
valued	2
value	2
valley	2
vainly	2
uttered	2
using	2
ushered	2
use	2
unsuspecting	2
unmerited	2
union	2
unguarded	2
ungovernable	2
unfortunately	2
unfolds	2
uneasiness	2
understand	2
undermining	2
unconnected	2
unbounded	2
unaffected	2
un	2
twice	2
turpitude	2
turning	2
tu	2
triumphed	2
trials	2
trembles	2
treacherous	2
traits	2
toys	2
touches	2
touch	2
tottering	2
totally	2
tones	2
title	2
thrill	2
thinking	2
thank	2
th	2
terms	2
terminated	2
ter	2
tenor	2
tend	2
ten	2
temperament	2
tarnished	2
talk	2
tale	2
taking	2
swear	2
suspicions	2
surprise	2
surface	2
sur	2
supernatural	2
summit	2
sufficiently	2
sufficiency	2
suffers	2
sufferings	2
suddenly	2
sudden	2
successful	2
succeeded	2
submits	2
sublime	2
subjects	2
sub	2
study	2
struggle	2
strongly	2
stronger	2
stringe	2
strengthened	2
strengthen	2
stratagems	2
strain	2
stillness	2
stifled	2
statute	2
splendour	2
spite	2
spirited	2
spinola	2
spent	2
spend	2
spells	2
sorry	2
soothed	2
son	2
solitude	2
soften	2
smiling	2
slumbering	2
slumbered	2
slow	2
slip	2
slightly	2
slavery	2
sketches	2
sketched	2
six	2
sink	2
similitude	2
silver	2
sighs	2
sighed	2
sides	2
si	2
shrinks	2
shown	2
showing	2
showers	2
show	2
shoulder	2
shores	2
shone	2
shining	2
shelter	2
shadow	2
sex	2
severity	2
several	2
settled	2
setting	2
served	2
seriously	2
sentence	2
sensation	2
send	2
selfish	2
self-love	2
seizes	2
seemingly	2
seeming	2
secretly	2
second	2
sec	2
seat	2
seal	2
scandal	2
save	2
sat	2
sake	2
sad	2
sa	2
ruin	2
romantic	2
romance	2
roman	2
rode	2
rne	2
rise	2
rightly	2
reward	2
revolve	2
revenge	2
revelled	2
retire	2
result	2
restless	2
resistance	2
reserved	2
requisite	2
reputation	2
representative	2
repository	2
reports	2
report	2
replied	2
renounce	2
renders	2
remember	2
remarks	2
remarked	2
relieved	2
relation	2
regiment	2
regard	2
reflections	2
reflect	2
recrimination	2
recover	2
recognised	2
reception	2
receiving	2
recede	2
recalled	2
reared	2
realising	2
realised	2
real	2
ready	2
reads	2
reaching	2
reaches	2
rank	2
ramble	2
raise	2
queen	2
quantity	2
qu'elle	2
pursuit	2
purse	2
purpose	2
punishment	2
punish	2
prudent	2
province	2
providence	2
provided	2
prostrate	2
prosecution	2
propriety	2
prompted	2
prom	2
prohibition	2
professional	2
professed	2
proceed	2
private	2
prevent	2
preserves	2
preserve	2
prepossessing	2
premeditated	2
premature	2
prejudiced	2
precipice	2
precepts	2
precedes	2
pray	2
possibly	2
possessor	2
possesses	2
position	2
poison	2
points	2
poets	2
pocket	2
plunder	2
pleasingly	2
pleaded	2
playing	2
played	2
plaintive	2
plain	2
placid	2
pierre	2
picture	2
physician	2
philosophers	2
philanthropy	2
phenomena	2
petrarch	2
petits	2
perverted	2
perusal	2
performance	2
perch	2
perceive	2
pensive	2
penetration	2
pen	2
pause	2
paul	2
passages	2
parting	2
particularly	2
participating	2
participates	2
participated	2
par	2
panegyric	2
palpitation	2
painful	2
paces	2
p	2
owe	2
overwhelmed	2
overbearing	2
ourselves	2
ot	2
ostentatious	2
organised	2
opened	2
onde	2
omnipotent	2
officer	2
offering	2
offered	2
obstacles	2
obey	2
oath	2
nourished	2
noticed	2
notes	2
note	2
none	2
news	2
newly	2
ness	2
necessity	2
necessary	2
naturally	2
national	2
mysteries	2
musing	2
musical	2
mournful	2
mounted	2
mortal	2
moon	2
modified	2
modern	2
mistaken	2
misses	2
miserable	2
miles	2
midst	2
mercy	2
memento	2
meekness	2
mechanical	2
meadows	2
maxims	2
matter	2
maternal	2
mass	2
marks	2
manuscript	2
malice	2
liveliest	2
lived	2
literary	2
listen	2
lip	2
line	2
limited	2
lifeless	2
level	2
lesson	2
les	2
lend	2
leinster	2
led	2
leaves	2
learn	2
leads	2
lead	2
latent	2
languor	2
landscape	2
lake	2
ladies	2
labour	2
knowledge	2
knowing	2
knee	2
keen	2
jealousy	2
jealous	2
james	2
italian	2
irritated	2
involved	2
invidious	2
invariable	2
introduced	2
intimacy	2
interwoven	2
interview	2
intervals	2
interrupt	2
interested	2
intellectual	2
insupportable	2
insult	2
instant	2
instances	2
inspire	2
insensibility	2
inquiries	2
innocence	2
injuring	2
injured	2
inherent	2
inhabitant	2
ings	2
information	2
inflicts	2
inferiority	2
infant	2
inestimable	2
induced	2
indolence	2
indisposition	2
indifferent	2
independently	2
independent	2
indebted	2
increase	2
inconsistent	2
income	2
inarticulate	2
inadequate	2
impunity	2
impracticable	2
importance	2
implore	2
impetuous	2
impetuosity	2
imperfect	2
impelled	2
immoderate	2
imaginary	2
illicit	2
ill-fated	2
il	2
ihe	2
idolatry	2
ice	2
hung	2
hundred	2
humble	2
hourly	2
hospitality	2
horse	2
horrors	2
horror	2
horace	2
hopeless	2
historian	2
hence	2
health	2
haughty	2
hates	2
hat	2
hastening	2
harmony	2
harassed	2
hanging	2
handsome	2
hail	2
guise	2
guidance	2
guarini	2
guarded	2
ground	2
grief	2
gratify	2
grateful	2
grant	2
grand	2
graceful	2
grace	2
golden	2
goethe	2
glowed	2
glory	2
gloom	2
glad	2
gifts	2
gift	2
gentle	2
gazing	2
gauge	2
gathered	2
gardener	2
fut	2
fury	2
further	2
furnishes	2
fully	2
fugitive	2
frigid	2
friendly	2
freezing	2
frailties	2
fragrant	2
fragrance	2
fragments	2
foundation	2
forward	2
forth	2
former	2
formal	2
foot	2
flung	2
flown	2
flower	2
flight	2
flew	2
flattery	2
fixing	2
fire	2
fingers	2
finger	2
finest	2
filled	2
fill	2
fight	2
fidelity	2
ff	2
feed	2
features	2
fears	2
fe	2
fatally	2
fastidious	2
fascinating	2
faithful	2
faintest	2
faint	2
fails	2
faculty	2
extremes	2
extraordinary	2
extorted	2
extinguished	2
extends	2
extending	2
expressed	2
expostulations	2
expect	2
expatiate	2
expand	2
existing	2
existed	2
exhausted	2
exhaled	2
exertions	2
exertion	2
exempt	2
executed	2
exclusively	2
exclaiming	2
excellence	2
exaggeration	2
evenings	2
eulogium	2
estimated	2
esteemed	2
est	2
erudite	2
envy	2
envied	2
enriched	2
enjoyments	2
enjoyment	2
engage	2
endow	2
endeavours	2
endeavoured	2
encourage	2
enchantress	2
embraced	2
else	2
eloquence	2
elevated	2
elapse	2
effusions	2
education	2
easily	2
ease	2
eagerly	2
eager	2
duties	2
du	2
drops	2
dress	2
dreadful	2
dreaded	2
dread	2
draws	2
drawing-room	2
drawing	2
drapery	2
doomed	2
doctrine	2
divided	2
distressing	2
dissimilarity	2
display	2
disinterested	2
dishonourable	2
discovery	2
discovers	2
dined	2
dine	2
diffidence	2
difficulty	2
difference	2
dictates	2
detect	2
despised	2
despise	2
desolate	2
deserves	2
desert	2
deprived	2
deprive	2
depressed	2
depress	2
deny	2
demesne	2
delusions	2
delivering	2
delighted	2
delicacy	2
defined	2
defend	2
deep	2
decision	2
deception	2
deceive	2
dearly	2
deal	2
deadly	2
dawn	2
darkness	2
dark	2
danced	2
custom	2
curiosity	2
cruelty	2
critic	2
cried	2
creature	2
creator	2
creation	2
created	2
cowardice	2
course	2
counteract	2
cor	2
coquetry	2
copying	2
convinced	2
conviction	2
conversing	2
converse	2
contrast	2
contradictory	2
contradiction	2
continue	2
continuation	2
contempt	2
contemplation	2
consumes	2
consternation	2
constant	2
considers	2
consequences	2
congeniality	2
congenial	2
confusion	2
conception	2
compound	2
composed	2
company	2
clothed	2
clarissa	2
claim	2
chords	2
chord	2
chilled	2
chiefs	2
chid	2
chevalier	2
cheerful	2
cheered	2
cheek	2
charms	2
charge	2
charac	2
centre	2
central	2
celestial	2
celebrated	2
cautious	2
cast	2
case	2
caresses	2
calendar	2
busy	2
business	2
busied	2
burden	2
brink	2
brilliant	2
bright	2
bride	2
breffni	2
break	2
brave	2
boy	2
bowed	2
bounty	2
born	2
bonds	2
bon	2
blushes	2
blunted	2
blissful	2
blinded	2
blessing	2
blessed	2
blast	2
bitterly	2
birth	2
binds	2
bids	2
bewitching	2
betrothed	2
betrays	2
bestowed	2
bend	2
belonging	2
belief	2
beholdeth	2
behold	2
becomes	2
bear	2
bat	2
banish	2
bacon	2
awful	2
avoid	2
avenue	2
auditor	2
attributes	2
attract	2
attempts	2
attempt	2
attainment	2
attack	2
atom	2
astronomical	2
astonishing	2
assumes	2
assumed	2
assist	2
assimilate	2
assembly	2
artificial	2
arrow	2
arrogance	2
arose	2
armed	2
argues	2
ardours	2
arbitrary	2
approved	2
approached	2
appreciate	2
applause	2
appetite	2
ap	2
anxiety	2
anxieties	2
animosity	2
animation	2
animating	2
anguish	2
angels	2
ancient	2
amuse	2
although	2
along	2
allusion	2
alluded	2
aid	2
agonised	2
aggregate	2
affinity	2
affects	2
affect	2
advantage	2
advance	2
adored	2
admit	2
adherence	2
adequate	2
addition	2
adapted	2
acute	2
acted	2
act	2
acrimony	2
acquiescence	2
acme	2
acknowledged	2
accuracy	2
accidental	2
abyss	2
abruptly	2
above	2
abilities	2
?.	2
<	2
-,	2
*,	2
)	2
".	2
~	1
youth	1
year	1
yea	1
ye	1
yarn	1
y	1
xxxvil	1
xvhelming	1
xr	1
wrote	1
wrong	1
writes	1
writers	1
writ	1
wretchedly	1
wretch	1
wreathed	1
wrap	1
wounding	1
worthiest	1
worn	1
worm	1
working	1
woods	1
wonted	1
won	1
woe	1
witnessing	1
withdrew	1
witches	1
witcheries	1
witch	1
wiser	1
wise	1
winter	1
winning	1
windows	1
winding	1
wind	1
wim	1
wily	1
wilmot	1
willingly	1
willc	1
wiles	1
wildness	1
wildly	1
wildest	1
wilderness	1
wielded	1
wide	1
wicket	1
whtfch	1
whomyou	1
whither	1
whir	1
whien	1
whenw/ego	1
whelmed	1
whdness	1
whc>	1
whafc	1
wet	1
west	1
wert	1
weltering	1
weird	1
weil	1
weight	1
weighs	1
weh	1
weeping	1
weeks	1
week	1
wedding	1
web	1
weathercock	1
wears	1
wean	1
wc'iries	1
watt	1
wasting	1
wasp	1
warrantable	1
warrant	1
warned	1
warmly	1
warmer	1
wants	1
wanted	1
want	1
wanderings	1
wandered	1
wan	1
walls	1
walking	1
wake	1
waited	1
wage	1
waded	1
w	1
vve	1
vuol	1
vtctim	1
vowed	1
vou	1
vortex	1
von	1
voluntary	1
volition	1
volatility	1
voglie	1
vo\v	1
vo	1
vl	1
vivacity	1
vital	1
visions	1
visibly	1
visible	1
virtuously	1
virtite	1
virginie	1
virgil	1
vir	1
violet	1
violator	1
violates	1
violated	1
violate	1
vintage	1
vindicate	1
villas	1
villain	1
villages	1
views	1
viewed	1
vie	1
victorious	1
vicissitudes	1
vicious	1
vices	1
vibrated	1
vibrate	1
vere	1
vera	1
venus	1
ventured	1
vent	1
vengeance	1
ven	1
veiled	1
vehe	1
vaut	1
vasty	1
vast	1
variance	1
vapour	1
vaporous	1
vapidity	1
vapid	1
vanquished	1
vanity	1
vanishes	1
vanced	1
values	1
valuable	1
valour	1
valais	1
vague	1
vacancy	1
utterly	1
uttering	1
utopia	1
utmost	1
utility	1
usurped	1
useless	1
urging	1
urge	1
upsala	1
unworthiness	1
unusual	1
unto	1
unthinking	1
untarnished	1
unswayed	1
unsullied	1
unsuccessful	1
unsubstantial	1
unstudied	1
unsophisticated	1
unsophisti	1
unshaken	1
unqualify	1
unpropitious	1
unprincipled	1
unprecedented	1
unpolluted	1
unpleasantness	1
unperceived	1
unobserved	1
unnoticed	1
unnecessary	1
unmoved	1
unluckily	1
unknown	1
unkindness	1
unkind	1
universes	1
unites	1
unite	1
unique	1
uninterrupted	1
uninteresting	1
uninfluenced	1
unimpassioned	1
uniform	1
unfounded	1
unfortunates	1
unforeseen	1
unfolding	1
unfeeling	1
unexpected	1
unex	1
unequal	1
uneasy	1
une	1
undisturbed	1
undisguised	1
undermine	1
undergoing	1
undeniable	1
uncongenial	1
uncommon	1
uncertainty	1
uncertain	1
unblemished	1
unbiassed	1
unaptly	1
umpire	1
ui	1
uesmokd	1
uambre	1
tying	1
twixt	1
twining	1
twines	1
twilight	1
tv	1
tutelar	1
turous	1
turkish	1
turf	1
tunable	1
tumultuous	1
tully	1
tulations	1
tues	1
tue	1
ttiat	1
trusted	1
trunk	1
truant	1
troy	1
troops	1
troop	1
triumphs	1
triumph	1
trite	1
trifles	1
trifle	1
tribute	1
tribunals	1
trial	1
tremor	1
tremblingly	1
tremble	1
trees	1
treaty	1
treatise	1
treated	1
traveller	1
transported	1
transport	1
transcribed	1
tranquil	1
traitors	1
traces	1
traced	1
tpows	1
tp	1
tot	1
tortured	1
torrent	1
torments	1
torment	1
tny	1
tnore	1
tnergy	1
tne	1
tl.is	1
tivated	1
tits	1
tissue	1
tis	1
tions	1
tinually	1
tints	1
tint	1
tinged	1
timidly	1
timid	1
timepiece	1
tike	1
tih	1
tied	1
thwarted	1
thusand	1
thursday	1
thumbed	1
ths	1
throw	1
throbbing	1
throb	1
thrilled	1
thrice	1
three	1
threatened	1
thrcugh	1
thorns	1
thj5	1
thither	1
thirty	1
thirst	1
thing	1
thine	1
thft	1
thesis	1
thermometer	1
thereby	1
theory	1
theologists	1
theme	1
theft	1
thecoionel	1
theappian	1
thb	1
thanked	1
thajt	1
textor	1
testified	1
terrified	1
termination	1
terminating	1
terminates	1
tenderest	1
tenantry	1
tenance	1
tenacious	1
tempted	1
temptations	1
temples	1
tempered	1
temper	1
temoin	1
temerity	1
temained	1
tects	1
tear	1
teach	1
tbfi	1
task	1
talisman	1
talent	1
tal	1
takes	1
tainted	1
tacit	1
ta	1
t>olicitatig|	1
t>last	1
t<jt	1
t(ur	1
syren	1
sycophantic	1
sword	1
switzerland	1
swiss	1
swift	1
swelled	1
swell	1
sweetest	1
sweeter	1
swam	1
sustaining	1
sustain	1
suspicious	1
suspected	1
susceptibility	1
surtout	1
surrounding	1
surprised	1
surpassed	1
surmounting	1
surmises	1
surmise	1
surge	1
supremely	1
supremacy	1
supposition	1
supposing	1
supportable	1
supplicates	1
supplicate	1
superstitious	1
superscription	1
superannuated	1
sup	1
sunken	1
sunbeam	1
summers	1
summerhouse	1
sum	1
sully	1
sulky	1
suit	1
suicide	1
sui>	1
suggest	1
suflfusest	1
suffused	1
successively	1
succession	1
succeeds	1
subtilizing	1
substituted	1
subsisted	1
subsist	1
subsides	1
subscribed	1
sublimed	1
sublimated	1
subdued	1
suavity	1
sua	1
sturdy	1
stunning	1
stuff	1
studious	1
studies	1
struggles	1
struggled	1
structure	1
strove	1
strongest	1
stroke	1
strives	1
strings	1
strikingly	1
striking	1
strewed	1
stretch	1
strenuously	1
strengthens	1
street	1
strangers	1
strange	1
strains	1
strained	1
story	1
stop	1
stolen	1
stoic	1
sting	1
stimulus	1
stilly	1
steward	1
steps	1
stem	1
steals	1
steal	1
steadiness	1
steadfast	1
stay	1
starved	1
starting	1
started	1
stars	1
star	1
stanzas	1
standing	1
spying	1
spurious	1
sprites	1
springs	1
spread	1
spontaneous	1
spoken	1
spoiled	1
spoil	1
splenetic	1
spenser	1
spends	1
spell	1
speechless	1
speech	1
speck	1
specific	1
spark	1
space	1
southward	1
southern	1
southeast	1
sources	1
soulj	1
sotil	1
sort	1
sorbonne	1
sophistical	1
sooty	1
sooths	1
sooth	1
soliloquy	1
solicitude	1
solely	1
solecism	1
soil	1
softness	1
softly	1
softening	1
softened	1
sociality	1
social	1
soaring	1
snatch	1
snares	1
slumber	1
sluice	1
slowly	1
slower	1
slily	1
slights	1
slight	1
slept	1
sleep	1
slave	1
slackened	1
skipping	1
skill	1
situated	1
sit	1
sisterhood	1
sioned	1
sion	1
sing	1
sincere	1
simplest	1
simpering	1
similarly	1
similarity	1
silences	1
signer	1
sign	1
sight	1
sighing	1
sickness	1
sick	1
sibility	1
sian	1
sia	1
shun	1
shudder	1
shrink	1
shrine	1
showed	1
shots	1
shorthand	1
shortest	1
shooting	1
shocked	1
shock	1
shields	1
sheds	1
sharps	1
shallow	1
shakespeare	1
shadowy	1
shades	1
shaded	1
shade	1
shackles	1
sexes	1
severe	1
seven	1
settle	1
ses	1
serviceable	1
service	1
serves	1
serve	1
sermetits	1
seriousness	1
series	1
serene	1
sequestration	1
separated	1
separate	1
sententious	1
sensuality	1
sensitively	1
sensitive	1
sensible	1
sensibilities	1
sends	1
sending	1
selected	1
select	1
seldom	1
seeu	1
seeks	1
seea	1
seducing	1
seduce	1
sedley	1
sedentary	1
secures	1
secured	1
sect	1
seasons	1
season	1
searching	1
sear	1
scrutinous	1
screen	1
scream	1
scoffed	1
science	1
school	1
schism	1
scheme	1
sceptre	1
scenery	1
scattered	1
scapulary	1
saying	1
saving	1
saul	1
sash	1
sarti	1
sarcastic	1
sanguinely	1
sanguine	1
sanctity	1
sanctions	1
sanctioned	1
sail	1
sages	1
sage	1
sagacity	1
safety	1
safeguard	1
safe	1
sacrificing	1
sacrificed	1
sacrifice	1
sacking	1
s'amorne	1
rvot	1
rustling	1
rusting	1
rusted	1
ruse	1
running	1
ruins	1
ruined	1
rugged	1
rude	1
rts	1
roused	1
rourltes	1
rounded	1
rouncl	1
rough	1
rosary	1
roof	1
romantically	1
romans	1
robed	1
road	1
rnan	1
rivalry	1
rivalling	1
rites	1
rite	1
risk	1
risible	1
ripened	1
rigid	1
riens	1
ridiculous	1
ri	1
rheumatism	1
rfvust	1
revive	1
reverend	1
revered	1
reveal	1
returns	1
retribution	1
retreating	1
retreated	1
retiring	1
retinue	1
retaliation	1
resumed	1
restriction	1
restrained	1
restored	1
restoration	1
respects	1
respectively	1
respective	1
respec^	1
resorting	1
resolutions	1
resolution	1
resistless	1
resigning	1
resents	1
resentfully	1
resent	1
resembles	1
rescuing	1
requires	1
required	1
requested	1
repugnant	1
reproof	1
reproaching	1
reproachful	1
reproach	1
repress	1
representation	1
reposing	1
replying	1
reply	1
repining	1
reperuse	1
repented	1
repeat	1
repay	1
reparation	1
repand	1
repaired	1
repaid	1
rental	1
renowned	1
renovating	1
renovated	1
ren	1
remplissent	1
removed	1
remove	1
removal	1
remotest	1
remorse	1
remission	1
remembrance	1
remembering	1
remains	1
remain	1
reluctance	1
relinquished	1
relinquish	1
relics	1
relatives	1
relatively	1
relative	1
relapse	1
rejoice	1
reiteration	1
reiterated	1
reinsta.~d	1
regulus	1
regulated	1
regions	1
refusing	1
refused	1
refusal	1
refulgence	1
refreshed	1
reflects	1
reflecting	1
reflected	1
refines	1
refine	1
reference	1
reduces	1
reduce	1
rector	1
rectitude	1
rection	1
rectified	1
recovered	1
record	1
reconnoitring	1
reconciles	1
recommended	1
recommendation	1
recommend	1
recollections	1
recollec	1
reciprocity	1
receptacle	1
recent	1
receded	1
recapitulation	1
recall	1
rebellion	1
reassured	1
reasons	1
reasoning	1
reasonable	1
rear	1
reap	1
reanimate	1
reality	1
realise	1
readily	1
rays	1
ravisius	1
ravings	1
rational	1
rapture	1
rapt	1
rapid	1
ransacking	1
ranked	1
ranged	1
ranee	1
rampart	1
rambled	1
rait	1
raises	1
raillery	1
raging	1
rage	1
radiance	1
racter	1
quoted	1
quote	1
quiet	1
quickset	1
quia	1
qui	1
questioned	1
quand	1
qualities	1
qual	1
qthw	1
qot	1
qair	1
puzzled	1
puteolan	1
pursue	1
purple	1
purifies	1
punished	1
puffendorf	1
publicity	1
publication	1
public	1
prying	1
provoke	1
proves	1
proudest	1
proud	1
protracted	1
protection	1
protected	1
prospect	1
prose	1
prosaic	1
propitious	1
prophetic	1
property	1
propensity	1
propensities	1
pronounced	1
prone	1
promotion	1
prominent	1
prolong	1
progression	1
profit	1
productive	1
productions	1
production	1
procured	1
proceeding	1
proceeded	1
probity	1
probation	1
probable	1
pro	1
privileges	1
privation	1
prisoned	1
printer	1
princess	1
princes	1
prince	1
pride	1
preys	1
previously	1
prevails	1
prevailing	1
presumption	1
pression	1
preside	1
presents	1
prerogative	1
prepossession	1
preparing	1
prepared	1
prepare	1
prejudicial	1
preference	1
prefer	1
preeminence	1
predilection	1
precision	1
precise	1
precipitate	1
preached	1
prattle	1
praise	1
practice	1
poured	1
possessing	1
pose	1
portion	1
port	1
poor	1
poney	1
pompey	1
polluted	1
politesse	1
poisonous	1
pointing	1
poignancy	1
poetesses	1
poet	1
poems	1
plunges	1
plenary	1
pledges	1
plausible	1
platonic	1
planets	1
planet	1
plan	1
plaisirs	1
plagiarism	1
pity	1
pitied	1
pistols	1
pistol	1
pious	1
pining	1
pines	1
pined	1
pillow	1
pilgrimage	1
piety	1
pierced	1
piece	1
picturesque	1
physical	1
philosophy	1
phenomenon	1
phantom	1
phalanx	1
pew	1
petulance	1
pettishness	1
perverting	1
pervading	1
persuades	1
perspective	1
personal	1
personage	1
persona	1
persevering	1
persecutes	1
pernicious	1
permitted	1
permit	1
permanent	1
permanency	1
perform	1
perfidy	1
perfido	1
perfectly	1
perfections	1
perceptions	1
perceptible	1
perceived	1
per	1
peom	1
pensioners	1
penetrated	1
pened	1
pencil	1
peevish	1
peers	1
pedant	1
peculiarly	1
peculation	1
pects	1
pectedly	1
pebble	1
peasants	1
peasantry	1
peasant	1
peaches	1
paying	1
pauses	1
patronises	1
patron	1
patriotism	1
patriot	1
pastors	1
pas	1
partook	1
parted	1
parte	1
partaking	1
parson	1
parole	1
park	1
parity	1
parish	1
parental	1
paradoxical	1
paradoxes	1
pants	1
panach	1
pamela	1
palpitates	1
palpitated	1
palm	1
pallid	1
palliation	1
palliate	1
paleness	1
pal	1
painted	1
pains	1
pain	1
paid	1
pages	1
pacification	1
owner	1
owned	1
owing	1
overwhelms	1
overthrows	1
overthrow	1
overthrew	1
overothers	1
outsteps	1
outlines	1
outlaws	1
ours	1
ouee	1
ostentation	1
oscure	1
oscar	1
os	1
orphan	1
original	1
orgies	1
ore	1
ordinary	1
ordered	1
oration	1
opulence	1
oppressive	1
opposition	1
opposes	1
opponent	1
operated	1
operate	1
ont	1
omniscience	1
omar	1
oliyia	1
olable	1
oj>en	1
oit	1
oftener	1
ofi	1
offices	1
offended	1
offend	1
offences	1
offence	1
ofcarolan	1
odour	1
occupied	1
occupation	1
occasions	1
occasioned	1
occa	1
oc	1
obtains	1
obtained	1
observations	1
obscures	1
obscured	1
obscure	1
oblivion	1
obliterated	1
obliquity	1
obliged	1
obligation	1
objets	1
objects	1
obedience	1
ob	1
oat	1
o\vn	1
o'halioran	1
nymphe	1
nurtured	1
nuptials	1
npregnated	1
nouvelle	1
nous	1
nourishment	1
nourishes	1
notions	1
nothings	1
nonsense	1
non	1
nods	1
node	1
nod	1
nights	1
nice	1
nial	1
ni^ht	1
nfct	1
newfound	1
neutrality	1
nets	1
nervous	1
nem	1
neighbouring	1
negligence	1
neg	1
needed	1
need	1
necklace	1
nearest	1
nearer	1
natures	1
naturalists	1
natura	1
nation	1
narrowed	1
nager	1
nacom	1
na	1
n	1
mystery	1
myriad	1
mutually	1
musician	1
muscles	1
murmurs	1
murdered	1
munster	1
mucy	1
mt>st	1
mrs	1
moving	1
movements	1
movement	1
moved	1
mourning	1
mourn	1
motionless	1
motion	1
mosaic	1
mortify	1
mortified	1
mornings	1
morni	1
moralist	1
moonlight	1
moonbeam	1
months	1
month	1
montaigne	1
monstrously	1
monstrous	1
monster	1
monde	1
monday	1
monarchs	1
momentary	1
modify	1
modest	1
moderated	1
mit	1
misty	1
mists	1
mist	1
miserably	1
mirror	1
mire	1
minutiae	1
minute	1
minor	1
mingling	1
mingle	1
minded	1
militate	1
mildly	1
mild	1
midnight	1
michal	1
mets	1
methodized	1
meteors	1
metastasio	1
metaphors	1
merciful	1
mentions	1
mention	1
mence	1
melting	1
melted	1
meeting	1
measure	1
me1ress	1
mctfe	1
mature	1
matters	1
material	1
mastery	1
masculine	1
martial	1
market	1
marginal	1
manly	1
maniac	1
manage	1
malignity	1
malbranche	1
majesty	1
maitres	1
mais	1
maintain	1
maid	1
magnify	1
magnificent	1
magnanimity	1
magisterial	1
madam	1
mad	1
machiavel	1
mac	1
ma	1
lydia	1
ly	1
lvhen	1
luxury	1
luxuriant	1
lurid	1
luntary	1
luminary	1
lulled	1
luibit	1
ls	1
loving	1
lovers	1
lovely	1
loveliness	1
louis	1
loud	1
loss	1
losing	1
loses	1
looks	1
looking	1
longings	1
lolling	1
loitered	1
lodk'd	1
lodged	1
lock	1
loaded	1
living	1
lives	1
livelihoodby	1
littleton	1
litnbs	1
literal	1
listens	1
list	1
lismariic	1
liquidate	1
linger	1
limoges	1
limits	1
limitation	1
limbs	1
likely	1
lights	1
lighten	1
ligament	1
lifted	1
libertine	1
liberte	1
liberating	1
liberality	1
liberalise	1
lias	1
liable	1
levelled	1
leurs	1
lessons	1
lessening	1
lessened	1
lessen	1
lengthen	1
length	1
lena	1
leisure	1
legions	1
legere	1
legal	1
leg	1
lect	1
leaving	1
leaping	1
leaned	1
laying	1
lawrr	1
lawn	1
laurel	1
laura	1
laughter	1
laughing	1
latter	1
latin	1
language	1
lamorosa	1
lament	1
ladyship	1
lad	1
l^art	1
l>y	1
kt	1
kss	1
koran	1
knowi	1
kiss	1
kingdom	1
kill	1
kept	1
keeping	1
justv	1
justly	1
justified	1
jura	1
junto	1
jumping	1
jum	1
judges	1
judged	1
joined	1
join	1
jnory	1
jl	1
jirst	1
jie	1
ji	1
jf	1
jeuille	1
jamais	1
ititent	1
itght	1
itch	1
iscertain	1
irritate	1
irritable	1
irritability	1
irresistibly	1
irregular	1
irreclaimable	1
irradiating	1
irr	1
irony	1
irksome	1
ir	1
ipver	1
iolence	1
invulnerable	1
involves	1
involvement	1
involuntary	1
invoked	1
invitations	1
invigorated	1
inveterate	1
investigation	1
investi	1
invention	1
inveigh	1
invariably	1
invaluable	1
intrude	1
introduction	1
intrinsic	1
intreats	1
intoxicated	1
inti	1
interval	1
interdictions	1
intentionally	1
intention	1
intent	1
intensity	1
intend	1
intelligent	1
insufferable	1
instructive	1
instigation	1
instigated	1
instance	1
inspired	1
insolent	1
insisted	1
insinuating	1
insinuates	1
insignificance	1
inseparable	1
insatiable	1
insane	1
inquisitorial	1
inquisitor	1
inquired	1
innovation	1
innately	1
inmate	1
injury	1
injurious	1
injuries	1
injure	1
initiated	1
iniquitous	1
inimicalities	1
inherits	1
inheritress	1
inherently	1
inhabitants	1
ingenuous	1
ingbe	1
infused	1
informations	1
influences	1
inflicted	1
inflexibility	1
inflamed	1
infinitely	1
infidelity	1
infested	1
inferior	1
infectious	1
infamy	1
inevitable	1
industrious	1
induction	1
individuals	1
individually	1
indissoluble	1
indispensably	1
indiscriminate	1
indicative	1
indication	1
indescribable	1
independentand	1
indefinite	1
ind	1
incurred	1
incur	1
inculcated	1
inculcate	1
increasing	1
incorporates	1
inconsequent	1
inconsequence	1
incompatible	1
incoherent	1
included	1
inclined	1
inclination	1
incantation	1
inc	1
inaptly	1
inagic	1
inadvertencies	1
inaccessible	1
imputed	1
improvement	1
improbable	1
imprisonment	1
impressive	1
impossibile	1
imposing	1
imposes	1
impos	1
import	1
implies	1
implicit	1
impious	1
immunities	1
immoral	1
immolation	1
imminent	1
immaterial	1
imitation	1
imbecility	1
imagined	1
imaginations	1
images	1
illustrated	1
illustrate	1
illuminated	1
ills	1
illiberally	1
ill	1
iixated	1
ii<v.ery	1
ignominious	1
igno*	1
idolise	1
idol	1
ibe	1
iadifference	1
i>y	1
i'objet	1
hypocrite	1
hyperbole	1
hydras	1
hy	1
hut	1
hurt	1
humiliation	1
hume	1
humblest	1
humbled	1
humanity	1
hum	1
hug	1
hu	1
hrs	1
howel	1
hovers	1
hovering	1
hover	1
houses	1
houi	1
host	1
horsemen	1
horrid	1
horizon	1
hoped	1
honours	1
honouring	1
honoured	1
honesty	1
honestly	1
honest	1
holy	1
holds	1
historians	1
hii	1
highly	1
highest	1
higher	1
hib	1
hi	1
hglkess	1
hesitating	1
hers	1
heroism	1
heroic	1
hero	1
heresies	1
heralds	1
henceforth	1
heloise	1
heliogabalus	1
heir	1
heights	1
height	1
heedlessly	1
hedge	1
hectic	1
hecate	1
heaved	1
heavea	1
heat	1
hearted	1
heals	1
heads	1
haven	1
hath	1
hated	1
hate	1
hastily	1
harvest	1
harpies	1
harboured	1
harasses	1
haps	1
happiest	1
happier	1
handwriting	1
hamlet	1
halfway	1
hair	1
haggard	1
hackneyed	1
habits	1
habit	1
habiliments	1
h?rp	1
guiltless	1
guilt	1
guif	1
guided	1
guide	1
guiche	1
guests	1
guessed	1
guess	1
guerre	1
guarmi	1
guardian	1
gsnell	1
growth	1
growing	1
gronnded	1
grisly	1
grew	1
green	1
greek	1
gravely	1
grasp	1
granted	1
grandpapa	1
grandison	1
grandeur	1
granddaughter	1
gradual	1
gradations	1
gradationary	1
graced	1
grac	1
governs	1
gossips	1
gospel	1
goodness	1
good-natured	1
goethje	1
goddess	1
goal	1
gnard	1
gloss	1
glitters	1
glimpse	1
glee	1
gleamed	1
glazed	1
glare	1
glanced	1
giving	1
giver	1
girt	1
girls	1
girl	1
gilds	1
gifted	1
getting	1
get	1
gently	1
genteel	1
geniuses	1
genial	1
gazed	1
gaul	1
gauges	1
gation	1
gather	1
gate	1
gart	1
garden	1
galloped	1
gallant	1
gale	1
gait	1
gaiety	1
gabriel	1
futility	1
furniture	1
furnished	1
fulminate	1
fullest	1
fulfil	1
fuint	1
ft	1
fs	1
frustration	1
frustrated	1
fruits	1
fruition	1
fruit	1
frozen	1
frivolous	1
friar	1
freshness	1
fresh	1
frequency	1
frenzy	1
french	1
freely	1
freeing	1
freedom	1
frederic	1
freddo	1
fraudulently	1
franticty	1
frantic	1
framing	1
frames	1
framed	1
frailty	1
fragility	1
fourteenth	1
four	1
founded	1
fostering	1
fostered	1
foster	1
fosse	1
forming	1
formian	1
forma	1
forgot	1
forgiving	1
foreign	1
forces	1
forbearance	1
forbear	1
footstep	1
foolish	1
fontaine	1
fondness	1
foliage	1
fluttering	1
fluttered	1
flushed	1
flush	1
flows	1
flowing	1
flowed	1
flow	1
florence	1
float	1
flexible	1
flesh	1
flattered	1
flatter	1
flats	1
flat	1
flame	1
flambeaux	1
five	1
fitness	1
firmness	1
firginie	1
fir	1
finished	1
finish	1
finesses	1
finesse	1
finally	1
final	1
fievv	1
fiercest	1
fields	1
fickle	1
fibres	1
fibre	1
fhom	1
fever	1
festivals	1
fervour	1
fervid	1
felony	1
fellow-creatures	1
fellow	1
feigned	1
feels	1
feelr	1
feelingly	1
feeding	1
feeble	1
fed	1
fearing	1
fcave	1
favourites	1
faultless	1
fault	1
fathers	1
fatherly	1
fat	1
fastening	1
fastened	1
fand	1
fancifully	1
familiarity	1
fame	1
falteringly	1
false	1
fallibility	1
fallen	1
fallacy	1
fait	1
fairy	1
fainted	1
fain	1
failure	1
fail	1
fading	1
faculties	1
facts	1
fact	1
facilitate	1
fabricius	1
fabrications	1
extremely	1
extort	1
external	1
extermination	1
extenuate	1
extensive	1
expresssion	1
expressing	1
exposed	1
expose	1
explicitly	1
expire	1
expiated	1
experienced	1
expectation	1
expatiated	1
expanse	1
expands	1
exotic	1
exists	1
exist	1
exerts	1
exerted	1
exert	1
exercise	1
exemption	1
exempted	1
execution	1
exclaim	1
exchanged	1
excesses	1
excess	1
excepting	1
except	1
excel	1
exceed	1
examples	1
examining	1
examination	1
exalt	1
exaggerated	1
exactly	1
evidently	1
everywhere	1
event	1
eve	1
eur	1
etiquette	1
eternity	1
eternal	1
estimate	1
estimable	1
esteems	1
established	1
essence	1
especially	1
escaping	1
es	1
ers	1
erer	1
erects	1
erected	1
ere	1
equity	1
equilibrium	1
equality	1
epistolary	1
epistle	1
epigram	1
epicurean	1
eopy	1
eoganmore	1
enviable	1
entreaties	1
entreat	1
enthusiasts	1
enthroned	1
entertain	1
enterprise	1
enter	1
ensure	1
ensued	1
ennobling	1
ennoble	1
enlivens	1
enlisted	1
enlist	1
enlarge	1
enjoys	1
engrossed	1
engross	1
england	1
engagement	1
enforces	1
enforced	1
endurance	1
endowment	1
endowing	1
endowed	1
endangered	1
encumbrance	1
encroachments	1
encouragement	1
encountered	1
enclose	1
encircled	1
enchanting	1
emport	1
emporium	1
employed	1
empires	1
emphatically	1
eminently	1
eminence	1
emesa	1
embraces	1
embosoms	1
embody	1
embitter	1
embarrassment	1
emanations	1
emanation	1
elysium	1
elsewhere	1
eloquently	1
eloquent	1
eloise	1
elicited	1
elevate	1
electricity	1
elder	1
elbow	1
elasticity	1
elapsed	1
eight	1
effectual	1
effectsyou	1
effected	1
efface	1
ef	1
educated	1
edition	1
edge	1
eddies	1
ed	1
ecstasy	1
ecliptic	1
easy	1
east	1
easier	1
earned	1
earn	1
earliest	1
dying	1
dwells	1
dwelling	1
dust	1
during	1
duration	1
durability	1
dulls	1
dull	1
duellist	1
duel	1
duchess	1
ds	1
dry	1
drowned	1
dropped	1
drooping	1
drooped	1
drives	1
drive	1
dressed	1
dreams	1
dream	1
dreadfully	1
drawings	1
draught	1
dozen	1
dow	1
doves	1
doux	1
doubts	1
doubtless	1
doubly	1
doting	1
doth	1
dotage	1
dormant	1
donne	1
dominions	1
dominant	1
doctor	1
divinest	1
divert	1
diverse	1
dit	1
disunice	1
distrust	1
distraction	1
distract	1
distinguished	1
distinctly	1
distinction	1
distinct	1
distilled	1
dissolved	1
dissolve	1
dissocial	1
dissipated	1
dissipate	1
disseminate	1
disrespectfully	1
disregarded	1
dispute	1
dispositions	1
displays	1
displaying	1
displayed	1
dispensing	1
dispels	1
dispel	1
dismissing	1
dismiss	1
dislike	1
dishonesty	1
disguises	1
disgrace	1
disengaging	1
discussing	1
discussed	1
discrimination	1
discoveries	1
disciple	1
discern	1
disappeared	1
disappearance	1
directs	1
directions	1
direction	1
dines	1
dimly	1
dilate	1
digression	1
digress	1
diffuses	1
diffused	1
dictate	1
diamonds	1
diamond	1
dialectician	1
dhe	1
dfd	1
devout	1
devotee	1
devoid	1
devil	1
deviating	1
deviated	1
develop	1
deux	1
determine	1
detected	1
detailer	1
destroys	1
destitute	1
destine	1
destin	1
despite	1
desperate	1
despairing	1
despaireth	1
desolates	1
desk	1
deserve	1
descended	1
descend	1
deriving	1
derive	1
dereliction	1
dered	1
deposited	1
deposit	1
deploring	1
deplores	1
deplored	1
deplore	1
dependence	1
dependant	1
departed	1
denied	1
demure	1
demonstration	1
demonstrates	1
demolish	1
demned	1
demerits	1
demand	1
delusion	1
deluding	1
delighting	1
delicately	1
delicacies	1
deliberative	1
deliberately	1
delay	1
del	1
degrees	1
defy	1
deformity	1
definite	1
deficient	1
defended	1
defence	1
defeated	1
deemed	1
deeds	1
decreeing	1
decorums	1
decoration	1
declivity	1
declining	1
declaimer	1
declaim	1
decisive	1
deceptions	1
debts	1
debility	1
debasement	1
deathblow	1
david	1
dauntless	1
daughter	1
daring	1
dar	1
dans	1
dangers	1
daily	1
d'amitti	1
cypher	1
cynosure	1
cwd~	1
curious	1
cupid	1
cup	1
cumaean	1
culture	1
cultivation	1
culpable	1
ctamitie	1
crystal	1
crudo	1
crucible	1
crowning	1
crooked	1
croma	1
crld	1
criticism	1
criterion	1
crept	1
credo	1
creder	1
credence	1
creatures	1
crawl	1
cradles	1
cowards	1
cowardly	1
covered	1
cover	1
cousin	1
courage	1
countess	1
counterpoised	1
countermanded	1
counterfeit	1
count	1
councils	1
couds	1
cotillon	1
corridor	1
corrective	1
correct	1
corps	1
corneille	1
cor.n	1
copy	1
coppice	1
copiousness	1
copied	1
copernican	1
conviviality	1
convivial	1
convive	1
convincing	1
conveyed	1
conveyance	1
converses	1
conversations	1
convention	1
contrive	1
contrasted	1
contrary	1
contraction	1
contract	1
continually	1
continual	1
contingent	1
continent	1
contest	1
contentment	1
contented	1
content	1
contemptuous	1
contemplates	1
contained	1
consummate	1
constitutes	1
constitute	1
conspire	1
consistent	1
considerable	1
consequent	1
consented	1
conquest	1
conquer	1
connected	1
conjured	1
conjure	1
conjuration	1
congra	1
conge	1
conforme	1
conflicts	1
confirmation	1
conference	1
confer	1
conducts	1
condescension	1
condescends	1
condescended	1
condemned	1
concomitant	1
conclusions	1
conclusion	1
conciliates	1
concession	1
concerted	1
concerning	1
concern	1
concentrate	1
conceiving	1
conceals	1
concealment	1
composition	1
composing	1
compose	1
compliments	1
compliment	1
complied	1
complexion	1
complete	1
complaint	1
complain	1
competition	1
compensate	1
compassionate	1
compassion	1
compared	1
compare	1
companion	1
compact	1
communicating	1
committing	1
commented	1
commentaries	1
comment	1
commencing	1
commands	1
comm	1
comfortless	1
comes	1
combinations	1
combated	1
combat	1
columns	1
colours	1
colouring	1
coloured	1
collected	1
coldness	1
coldly	1
colder	1
coke	1
coincides	1
coil	1
cogitations	1
coffee	1
coeval	1
coeurs	1
codex	1
cnre	1
clumsy	1
clown	1
clouded	1
closet	1
closer	1
closely	1
clime	1
climax	1
climacteric	1
clergy	1
cleopatra	1
clementi	1
clemency	1
clause	1
clatr	1
classic	1
class	1
clamorous	1
clairj	1
claiming	1
claik	1
claift	1
cku'r	1
civil	1
cit	1
circumspection	1
circumscribe	1
circulating	1
circulated	1
circuit	1
circe	1
ciceronian	1
chus	1
christianity	1
choir	1
choice	1
chivalric	1
chit-chat	1
chinese	1
chimney	1
chilling	1
childish	1
chief	1
chide	1
chi	1
chesterfield	1
cheminfesant	1
cheer	1
cheeks	1
che	1
charter	1
charmed	1
charme	1
charles	1
charlemagne	1
charging	1
characteristical	1
characteristic	1
channel	1
changes	1
changer	1
champion	1
cha	1
cf	1
ceux	1
ces	1
centrifugal	1
censures	1
censure	1
censor	1
cemented	1
cement	1
celestjal	1
celebrating	1
cede	1
cedar	1
ceases	1
ceased	1
cealment	1
cave	1
caution	1
cautioa	1
causelessly	1
cato	1
catholic	1
catered	1
cated	1
catching	1
catalogue	1
casting	1
cassar	1
cargo	1
cares	1
carefully	1
career	1
cards	1
carcass	1
capricious	1
caprice	1
capitularies	1
capacitated	1
canst	1
canons	1
canidia	1
candour	1
candidly	1
calmed	1
calculation	1
calamity	1
caesars	1
caesar	1
bustling	1
burning	1
burke	1
btit	1
brutus	1
brood	1
broke	1
british	1
brings	1
brightest	1
brighter	1
briefly	1
brief	1
bridegroom	1
bridal	1
brejfni	1
brehon	1
bred	1
breathings	1
breathing	1
breasts	1
breaking	1
bravery	1
branches	1
bramin	1
brain	1
bracton	1
bracelet	1
botanical	1
bosoms	1
bordering	1
bondage	1
bond	1
bolingbroke	1
bny	1
bn.ie	1
blue	1
blossom	1
blood	1
blight	1
blended	1
bleeding	1
bleed	1
blasted	1
blank	1
blackstone	1
blackest	1
black	1
bitterness	1
bitter	1
birthday	1
bind	1
billet	1
bien	1
bidis	1
bias	1
bewitches	1
beware	1
betrayer	1
bet	1
bestowing	1
bestow	1
bestead	1
bertinism	1
berkley	1
benevolence	1
benefits	1
benefit	1
bending	1
ben	1
below	1
bell	1
believing	1
behind	1
begun	1
begging	1
began	1
bees	1
bedlam	1
bed	1
becks	1
beaufort	1
beating	1
beatific	1
beat	1
bears	1
beard	1
beamy	1
beaming	1
beads	1
battle	1
bating	1
bathes	1
basket	1
basis	1
basil	1
bashaw	1
barriers	1
bare	1
bar	1
bane	1
baleful	1
balcony	1
balance	1
bail	1
baian	1
bade	1
bad	1
backgam	1
awoke	1
awakens	1
awaits	1
await	1
avowal	1
avidity	1
avert	1
aversion	1
aver	1
avail	1
authority	1
authorise	1
austin	1
aussi	1
augustus	1
augustan	1
aught	1
auditress	1
auditors	1
auburn	1
aubert	1
attribute	1
attracts	1
attractions	1
attracted	1
attitudes	1
attitude	1
attentive	1
attendants	1
attendant	1
attendanceon	1
attain	1
atoms	1
astronomically	1
astronomers	1
astonishment	1
astonished	1
assure	1
assurance	1
associate	1
assert	1
assent	1
assassin	1
assaissonne	1
asperity	1
aspects	1
aspect	1
asked	1
ashes	1
ascertain	1
ascendancy	1
ascend	1
arts	1
artlessly	1
artillery	1
articulate	1
article	1
artfully	1
artery	1
artd	1
arrogate	1
arrogant	1
arriving	1
arrive	1
arrested	1
arranging	1
armistice	1
aristides	1
arising	1
arguing	1
argue	1
argenteus	1
arentis	1
ardour	1
arch	1
ar	1
approximation	1
approves	1
approv	1
appropriate	1
approaching	1
apprehend	1
appreciating	1
apply	1
applied	1
application	1
appearances	1
apostle	1
apostate	1
apostasy	1
anything	1
anxiously	1
antony	1
antiquity	1
antipathy	1
anticipation	1
anticipated	1
anticipate	1
anti	1
answered	1
annihilation	1
annexed	1
animate	1
ani	1
angry	1
anger	1
andyet	1
ancients	1
anathematized	1
analysed	1
amour	1
amount	1
amor	1
amidst	1
amiability	1
ami	1
amazement	1
amateur	1
amarilla	1
aman	1
alticus	1
alternately	1
altered	1
altercation	1
altar	1
alphabet	1
allurement	1
allowed	1
allowance	1
allow	1
allotted	1
alliances	1
alike	1
alienate	1
alf	1
alexanders	1
alarmed	1
alarm	1
alamanni	1
al	1
aiu	1
airy	1
aimed	1
aime	1
aim	1
aibie	1
ai	1
agonising	1
agonies	1
agitations	1
agents	1
africa	1
afraid	1
afforded	1
afflicting	1
affianced	1
affectionate	1
affectiomfrom	1
affectedly	1
affectation	1
afas	1
advice	1
adventitious	1
adopts	1
adopted	1
adopt	1
admitting	1
admits	1
admiring	1
admires	1
admire	1
addressing	1
additional	1
adding	1
ad	1
actual	1
acts	1
actor	1
actions	1
across	1
acquisition	1
acquirement	1
acquainted	1
acquaiiitance	1
acknowledges	1
acknowledge	1
acheron	1
accustomed	1
accused	1
accuse	1
accusation	1
accurately	1
accounts	1
accounted	1
accomplishment	1
accompanying	1
accident	1
acceptance	1
acceptable	1
accedence	1
academic	1
abstraction	1
abstract	1
absent	1
absences	1
abortive	1
abjured	1
ab	1
aaron	1
^that	1
^fts	1
^bf	1
\vhenever	1
\ve	1
\-	1
\	1
..	1
.'"	1
--	1
-"	1
*eart	1
*?"	1
*<	1
*.	1
******	1
',	1
$.	1
":	1
"'	1
""	1
!,	1
