,	5711
the	3673
of	1970
to	1802
.	1722
and	1690
a	1273
in	1027
he	937
his	914
her	845
was	792
;	779
that	771
"	733
with	666
she	548
it	539
as	514
had	512
for	495
at	454
i	438
him	390
which	369
not	358
by	320
this	307
but	306
my	300
:	291
from	285
be	284
on	282
now	265
all	259
upon	246
me	245
so	240
who	236
|arabic1digit|	230
is	220
were	210
."	204
no	199
their	194
one	188
|'s|	185
have	182
—	181
you	176
they	175
them	172
more	172
when	171
thou	171
antonia	170
an	167
would	165
did	163
into	154
then	140
what	135
some	135
or	134
could	132
said	130
been	128
himself	127
thy	116
than	113
out	113
if	112
will	109
such	107
only	103
up	101
should	99
thee	95
even	95
most	94
little	94
time	92
old	91
being	89
yet	88
first	86
however	84
any	84
other	83
its	83
day	83
again	82
well	79
very	79
these	79
therefore	78
herself	78
after	78
every	76
there	75
still	75
rudolph	75
marie	74
do	73
found	72
?	72
richard	69
never	69
?"	69
!	68
manner	67
having	67
are	67
too	66
has	66
your	65
where	65
soon	65
hand	65
night	64
how	63
without	62
might	61
made	61
good	61
while	60
walter	60
felt	60
about	60
father	59
returned	58
our	58
nor	58
life	58
before	58
man	57
much	56
same	55
friend	55
agnes	55
towards	54
seemed	54
own	54
gertrude	54
became	54
young	53
we	53
castle	53
appeared	53
am	53
thus	52
'	52
over	51
myself	51
may	50
take	48
once	48
ever	48
both	48
two	47
order	47
must	47
down	47
!"	47
youth	46
those	46
everything	46
length	45
death	45
brunhilda	45
return	44
nothing	44
days	44
many	43
heart	43
whose	42
away	42
world	41
through	41
present	41
long	41
like	41
cried	41
whole	40
mind	40
love	40
exclaimed	40
become	40
thought	39
replied	39
evening	39
although	39
years	38
whom	38
peter	38
mother	38
heard	38
god	38
egbert	38
can	38
under	37
phial	37
three	36
soul	36
make	36
last	36
here	36
grave	36
find	36
either	36
daughter	36
came	36
began	36
took	35
power	35
horror	35
eyes	35
black	35
treasure	34
few	34
bird	34
woman	33
since	33
room	33
morning	33
indeed	33
gave	33
another	33
account	33
wife	32
quite	32
place	32
master	32
let	32
lay	32
far	32
children	32
voice	31
until	31
taken	31
suddenly	31
saw	31
poor	31
open	31
bottle	31
art	31
always	31
together	30
money	30
hope	30
great	30
following	30
among	30
also	30
(	30
went	29
tears	29
possible	29
person	29
perceived	29
means	29
hast	29
hands	29
give	29
each	29
back	29
way	28
stood	28
neither	28
just	28
earth	28
during	28
door	28
come	28
walther	27
spirit	27
others	27
lost	27
looked	27
longer	27
light	27
house	27
horrible	27
conrad	27
bosom	27
already	27
words	26
wild	26
us	26
sorcerer	26
small	26
side	26
off	26
latter	26
instantly	26
immediately	26
filled	26
done	26
devil	26
country	26
brought	26
blood	26
whether	25
spirits	25
put	25
passed	25
part	25
husband	25
gold	25
continued	25
arms	25
able	25
wilt	24
times	24
themselves	24
set	24
received	24
ordered	24
often	24
name	24
less	24
happy	24
given	24
frequently	24
disappeared	24
dame	24
constance	24
certain	24
beheld	24
attention	24
strange	23
son	23
something	23
short	23
possession	23
joy	23
golden	23
full	23
dead	23
called	23
against	23
afterwards	23
vol	22
though	22
somewhat	22
sleep	22
shall	22
observed	22
obliged	22
new	22
look	22
left	22
ill	22
half	22
dog	22
determined	22
between	22
beautiful	22
wish	21
venningen	21
struck	21
rather	21
martin	21
know	21
fair	21
ezekiel	21
dreadful	21
discovered	21
asked	21
around	21
appearance	21
wood	20
sum	20
round	20
rest	20
pass	20
moment	20
mine	20
former	20
eye	20
estates	20
end	20
companion	20
chamber	20
best	20
arrived	20
work	19
whenever	19
sound	19
sight	19
seen	19
sat	19
root	19
passion	19
mountains	19
held	19
heaven	19
head	19
hardly	19
fell	19
evil	19
entered	19
attached	19
anxious	19
alone	19
wine	18
tree	18
thoughts	18
see	18
rosalia	18
retired	18
quickly	18
purpose	18
oh	18
lady	18
itself	18
hour	18
fellow	18
feel	18
dear	18
conducted	18
cause	18
almost	18
trees	17
town	17
think	17
seek	17
secret	17
rich	17
promised	17
meet	17
lest	17
known	17
inquired	17
increased	17
imagination	17
home	17
hastened	17
finding	17
figure	17
feet	17
dost	17
distance	17
creature	17
affection	17
wonderful	16
wished	16
various	16
vain	16
use	16
thing	16
terrific	16
swanhilda	16
stranger	16
seized	16
say	16
paid	16
noble	16
nature	16
midnight	16
men	16
melancholy	16
knew	16
idea	16
further	16
form	16
face	16
entirely	16
deep	16
countenance	16
count	16
constantly	16
considered	16
cast	16
bis	16
appear	16
anything	16
*'	16
zarowka	15
threw	15
subject	15
state	15
spring	15
spot	15
sometimes	15
solitude	15
sent	15
purchased	15
pleasure	15
parents	15
near	15
moon	15
met	15
imp	15
hold	15
hitherto	15
get	15
fear	15
fancy	15
endeavoured	15
departed	15
demand	15
dark	15
daily	15
cross	15
considerable	15
cavern	15
beneath	15
acquainted	15
worthy	14
window	14
why	14
tone	14
things	14
terror	14
tales	14
steed	14
song	14
seven	14
saying	14
rocks	14
quitted	14
pay	14
past	14
offered	14
obtained	14
lively	14
lived	14
least	14
keep	14
host	14
ground	14
friends	14
fresh	14
fortune	14
forth	14
fire	14
enough	14
continually	14
company	14
care	14
breast	14
bed	14
astonishment	14
approached	14
|romannumeral|	13
|arabic2digit|	13
within	13
wealth	13
unfortunate	13
turned	13
thyself	13
thereby	13
sun	13
standing	13
sooner	13
society	13
single	13
right	13
really	13
proceeded	13
pocket	13
next	13
mistress	13
making	13
laid	13
kind	13
journey	13
holy	13
hollow	13
greatly	13
go	13
gallant	13
formed	13
feeling	13
favour	13
extraordinary	13
equally	13
ducats	13
dreams	13
dream	13
dread	13
died	13
contrary	13
cold	13
child	13
bring	13
assistance	13
apartment	13
according	13
abode	13
word	12
warm	12
truth	12
treasures	12
table	12
sudden	12
spoke	12
singular	12
save	12
receive	12
rage	12
prussia	12
placed	12
people	12
parrot	12
offer	12
object	12
mysterious	12
mouth	12
monster	12
mere	12
looking	12
leave	12
human	12
hideous	12
hellers	12
happiness	12
got	12
future	12
female	12
fate	12
fall	12
failed	12
fail	12
experienced	12
existence	12
else	12
does	12
couch	12
consolation	12
close	12
church	12
charms	12
bitter	12
better	12
beauty	12
woods	11
whilst	11
visited	11
utmost	11
told	11
taking	11
stream	11
season	11
search	11
satisfied	11
rose	11
remained	11
remain	11
ran	11
purchase	11
property	11
prince	11
presence	11
prepared	11
piece	11
opportunity	11
neighbours	11
nearly	11
nay	11
misery	11
matter	11
maiden	11
magic	11
lately	11
lamb	11
instead	11
hours	11
heavy	11
hair	11
glass	11
girl	11
feelings	11
family	11
early	11
distant	11
displayed	11
delight	11
danger	11
damasus	11
conscience	11
conduct	11
clouds	11
cheeks	11
certainly	11
cartridges	11
carriage	11
cannot	11
burst	11
beside	11
bad	11
awoke	11
awakened	11
above	11
yourself	10
weary	10
visit	10
vengeance	10
unhappy	10
tomb	10
till	10
ten	10
sunk	10
stone	10
sought	10
soldier	10
service	10
rock	10
rendered	10
related	10
reason	10
reached	10
ray	10
provided	10
probably	10
presented	10
pieces	10
opened	10
occurred	10
occasions	10
observing	10
necessary	10
merely	10
merchant	10
lucretia	10
konigsburg	10
knight	10
inn	10
ignatius	10
hither	10
hearing	10
greatest	10
going	10
gloomy	10
garden	10
frightful	10
fixed	10
fine	10
fatal	10
farther	10
expected	10
ere	10
education	10
disturbed	10
dawn	10
curiosity	10
covered	10
cottage	10
continue	10
case	10
carry	10
caresses	10
carefully	10
calling	10
call	10
body	10
angels	10
affected	10
accordingly	10
year	9
wolfe	9
wishes	9
wind	9
whence	9
whatever	9
war	9
wandered	9
walls	9
village	9
venture	9
vault	9
usual	9
unknown	9
turn	9
terrible	9
tale	9
t	9
support	9
suitor	9
spite	9
spaniard	9
shortly	9
several	9
served	9
seem	9
seeing	9
scene	9
scarcely	9
requested	9
repose	9
reply	9
recalled	9
prove	9
pressed	9
prayed	9
possessed	9
play	9
pious	9
period	9
perhaps	9
path	9
pain	9
native	9
marriage	9
lying	9
locks	9
learned	9
laugh	9
large	9
inform	9
influence	9
horse	9
honest	9
high	9
hear	9
health	9
handsome	9
grief	9
gradually	9
friendly	9
fourth	9
formerly	9
followed	9
follow	9
exactly	9
event	9
eternal	9
escaped	9
escape	9
enjoyed	9
drew	9
darkness	9
cry	9
covenant	9
consider	9
completely	9
companions	9
closed	9
circumstances	9
character	9
carried	9
bride	9
bore	9
bestowed	9
beloved	9
bargain	9
avail	9
approaching	9
apprehension	9
answered	9
altogether	9
alas	9
agreed	9
added	9
abandoned	9
*	9
youthful	8
woodpecker	8
wight	8
wherefore	8
wand	8
venerable	8
trifling	8
thine	8
tent	8
sword	8
suspicion	8
supernatural	8
sufficient	8
succeeded	8
strength	8
stopped	8
smile	8
slumber	8
situation	8
sister	8
similar	8
shoulders	8
serious	8
sang	8
rid	8
riches	8
reproaches	8
recollection	8
ready	8
read	8
prosperity	8
precious	8
perceiving	8
perceive	8
pale	8
occasion	8
obtain	8
number	8
nevertheless	8
nest	8
need	8
miserable	8
meeting	8
lovely	8
loud	8
lipkowski	8
j	8
intended	8
informed	8
increase	8
impression	8
hugo	8
horseman	8
honour	8
highest	8
happened	8
ghastly	8
gentleman	8
gained	8
forthwith	8
forget	8
fled	8
favourable	8
fallen	8
exhausted	8
excited	8
exceedingly	8
endure	8
emotion	8
earnest	8
dress	8
doves	8
despair	8
desired	8
desire	8
deposited	8
deed	8
dance	8
creatures	8
course	8
courage	8
costly	8
conceal	8
cheerful	8
bertha	8
because	8
beauties	8
aught	8
asleep	8
anguish	8
air	8
age	8
affairs	8
advanced	8
witchcraft	7
wholly	7
whoever	7
wealthy	7
warsaw	7
warning	7
wake	7
veins	7
vayvod	7
uttered	7
unless	7
ulric	7
true	7
trembled	7
treated	7
totally	7
tomorrow	7
success	7
storm	7
step	7
stanislaus	7
stand	7
sorcerers	7
solitary	7
sold	7
sign	7
show	7
shot	7
services	7
servants	7
rushed	7
rolled	7
rising	7
restore	7
respect	7
repentance	7
regard	7
refuse	7
reflection	7
real	7
purse	7
proposal	7
produced	7
proceed	7
price	7
preserved	7
powerful	7
possess	7
pleased	7
plant	7
persons	7
performed	7
perdition	7
peace	7
particularly	7
otherwise	7
offspring	7
occasioned	7
o	7
neighbouring	7
neck	7
murdered	7
mountain	7
mortal	7
mill	7
mild	7
merciful	7
memory	7
meanwhile	7
mass	7
low	7
loss	7
lips	7
led	7
knees	7
kept	7
joyous	7
jewels	7
jew	7
iron	7
inquire	7
hue	7
horrors	7
horrid	7
history	7
hence	7
help	7
heller	7
grey	7
grew	7
glow	7
giving	7
friendship	7
french	7
flung	7
flame	7
five	7
finally	7
fillet	7
fill	7
fast	7
faint	7
except	7
estate	7
enjoyment	7
endeavours	7
employed	7
effect	7
easy	7
duties	7
due	7
drove	7
draught	7
disposed	7
discourse	7
desolate	7
descended	7
delightful	7
degree	7
deeply	7
declared	7
curse	7
cost	7
cook	7
constant	7
consequently	7
confidence	7
comply	7
compelled	7
coin	7
circle	7
cheek	7
ceased	7
caused	7
built	7
brow	7
brave	7
bottom	7
bestow	7
besides	7
behind	7
bear	7
attire	7
attended	7
attendants	7
aspect	7
artist	7
arrival	7
approach	7
animal	7
aloud	7
alarm	7
advice	7
across	7
accompanied	7
abyss	7
**	7
)	7
",	7
«	6
|arabic3digit|	6
written	6
writing	6
wretch	6
wrapped	6
wont	6
whereupon	6
wherein	6
wants	6
venice	6
ven	6
veil	6
vassals	6
utter	6
union	6
trifle	6
trembling	6
tranquil	6
touched	6
throw	6
third	6
terrified	6
tell	6
tear	6
surrounded	6
surprised	6
suppose	6
suffered	6
subterraneous	6
street	6
story	6
stories	6
steep	6
stars	6
spent	6
spell	6
spectre	6
speaking	6
speak	6
sorrowful	6
sorrow	6
sitting	6
sinner	6
silent	6
sick	6
share	6
sex	6
sell	6
seldom	6
seeker	6
rome	6
rise	6
rescue	6
reports	6
report	6
repaired	6
removed	6
remember	6
relate	6
regarded	6
reflected	6
raven	6
raised	6
quit	6
proved	6
powers	6
possibly	6
physician	6
perfectly	6
passions	6
passing	6
partner	6
partly	6
particular	6
pardon	6
opposite	6
opinion	6
opening	6
ones	6
obtaining	6
notwithstanding	6
monks	6
mirth	6
mark	6
mantle	6
luck	6
loved	6
lose	6
loaded	6
lie	6
leaves	6
late	6
knowing	6
intention	6
inspired	6
innocent	6
indifference	6
incessantly	6
image	6
ihe	6
idle	6
hundred	6
household	6
horses	6
hoped	6
hilda	6
harz	6
greater	6
german	6
generally	6
general	6
gaze	6
free	6
four	6
forms	6
forgot	6
fly	6
flowers	6
flight	6
flew	6
fears	6
fearing	6
feared	6
faithful	6
fain	6
expressed	6
expectation	6
examine	6
error	6
enjoyments	6
enjoy	6
engaged	6
eloquence	6
elapsed	6
ear	6
dressed	6
doomed	6
doctor	6
disturb	6
discover	6
directed	6
devoted	6
desires	6
deserted	6
deceased	6
dealer	6
dared	6
court	6
couple	6
conversation	6
convent	6
contempt	6
consequence	6
concealed	6
comrade	6
committed	6
coloured	6
clearly	6
clear	6
childhood	6
cheer	6
change	6
cave	6
casting	6
buried	6
burden	6
bright	6
bridegroom	6
box	6
bound	6
born	6
boon	6
blessed	6
beyond	6
behold	6
begin	6
begged	6
beast	6
avoid	6
attempt	6
assured	6
assumed	6
assume	6
anxiety	6
along	6
allowed	6
allow	6
aid	6
aged	6
affliction	6
address	6
acted	6
act	6
accustomed	6
accomplished	6
accepted	6
absence	6
[	6
.'	6
♦'	5
yesterday	5
wings	5
willing	5
wicked	5
white	5
whispered	5
warrant	5
warmth	5
walk	5
waiting	5
visions	5
villas	5
ventured	5
value	5
valley	5
uttering	5
used	5
unnoticed	5
uneasiness	5
twice	5
turning	5
turks	5
try	5
trouble	5
tried	5
tranquillity	5
touch	5
talisman	5
supposed	5
summoned	5
suffer	5
strong	5
stones	5
stepped	5
sports	5
spoken	5
speedily	5
source	5
silver	5
severity	5
serve	5
secure	5
secrets	5
second	5
seat	5
sea	5
scruples	5
scattered	5
satisfaction	5
sake	5
rotenburg	5
ridicule	5
returning	5
restored	5
resolution	5
resembling	5
request	5
religion	5
reflecting	5
red	5
recollect	5
readily	5
re	5
rate	5
r	5
quality	5
purchaser	5
public	5
profound	5
produce	5
prey	5
prevailed	5
prevail	5
preceding	5
prayer	5
pray	5
poverty	5
possessor	5
point	5
please	5
plain	5
persuasion	5
personal	5
perform	5
party	5
painter	5
ordinary	5
orders	5
occupied	5
occasionally	5
numerous	5
nosegay	5
none	5
ningen	5
newly	5
neighbourhood	5
neighbour	5
narrative	5
murderer	5
murder	5
mortality	5
moreover	5
mood	5
months	5
moments	5
mankind	5
magnificent	5
lovers	5
living	5
live	5
listened	5
lightly	5
liberal	5
legends	5
language	5
lament	5
labour	5
kindly	5
invited	5
invisible	5
interest	5
indulge	5
induced	5
induce	5
imposed	5
impetuous	5
impatience	5
ideas	5
hunger	5
hung	5
hill	5
hereafter	5
hell	5
heed	5
guests	5
granted	5
gone	5
glowing	5
glance	5
game	5
gain	5
furnished	5
furious	5
frederick	5
forwards	5
forward	5
forehead	5
flames	5
fit	5
features	5
faith	5
express	5
existed	5
execution	5
events	5
eternity	5
equal	5
entreaties	5
entertain	5
enchanted	5
efforts	5
eagerly	5
eager	5
dreary	5
double	5
domestics	5
distress	5
disclosed	5
die	5
destruction	5
destroyed	5
destiny	5
desirous	5
derived	5
depart	5
delusion	5
delivered	5
delighted	5
delicious	5
degrees	5
dearly	5
deadly	5
current	5
cup	5
created	5
convinced	5
continual	5
consumed	5
consort	5
consisted	5
consideration	5
confined	5
confessed	5
conceived	5
command	5
closely	5
city	5
circumstance	5
charming	5
chariot	5
chair	5
chain	5
cage	5
busied	5
burning	5
brocken	5
break	5
bread	5
block	5
bliss	5
bishop	5
bent	5
belonged	5
beholding	5
becoming	5
becomes	5
aye	5
awaken	5
attracted	5
attack	5
ask	5
article	5
arose	5
apprehensions	5
appointed	5
announced	5
angry	5
amid	5
altar	5
ah	5
affections	5
adopted	5
adjoining	5
acquaintance	5
accompany	5
access	5
'*	5
•'	4
yield	4
yes	4
ye	4
wringing	4
wretched	4
wound	4
worlds	4
worldly	4
wonder	4
wide	4
wherewith	4
wept	4
welcome	4
weight	4
wedding	4
weak	4
waves	4
waved	4
water	4
wares	4
wallet	4
wall	4
wait	4
voices	4
vod	4
visits	4
vision	4
visible	4
virtue	4
violence	4
victim	4
vessels	4
vay	4
varlet	4
vapour	4
upwards	4
united	4
unholy	4
uneasy	4
understand	4
ugly	4
turkish	4
turf	4
truly	4
troubled	4
troops	4
troop	4
trial	4
treatment	4
treat	4
travelling	4
travelled	4
transformed	4
train	4
tops	4
tongue	4
tis	4
thunder	4
thrust	4
thousand	4
thither	4
thirst	4
thick	4
territory	4
terrifying	4
tavern	4
taste	4
tall	4
suspicious	4
suspicions	4
stupid	4
strict	4
stay	4
st	4
spread	4
splendid	4
specimen	4
sparkling	4
spared	4
solemn	4
smallest	4
slept	4
situated	4
simple	4
silence	4
shuddering	4
shuddered	4
shudder	4
shown	4
showed	4
shook	4
shepherds	4
shepherd	4
shalt	4
shadows	4
servant	4
separation	4
sentiment	4
send	4
seize	4
secretly	4
secrecy	4
seated	4
screamed	4
satisfy	4
saluted	4
salutations	4
rustling	4
run	4
romance	4
rode	4
rocky	4
road	4
reward	4
revived	4
retiring	4
respects	4
resolved	4
residence	4
resided	4
require	4
remembrance	4
remains	4
remaining	4
relics	4
rejoiced	4
regain	4
recovery	4
recovered	4
recover	4
receipt	4
recall	4
reaching	4
rarely	4
rapidly	4
rapid	4
pure	4
prudent	4
provision	4
prosperous	4
proprietor	4
proper	4
proofs	4
promise	4
princess	4
priest	4
pretended	4
preparing	4
preparations	4
preface	4
poured	4
post	4
poland	4
pockets	4
pleasures	4
pleasing	4
pleasant	4
playful	4
plan	4
pillow	4
pilgrimage	4
picture	4
pestilence	4
permit	4
perfect	4
pedlar	4
parchment	4
palace	4
ought	4
opulent	4
offering	4
occupation	4
obscured	4
nobody	4
narrow	4
namely	4
named	4
n	4
music	4
moved	4
motionless	4
motion	4
mortals	4
monstrous	4
misfortunes	4
minutes	4
method	4
measure	4
mean	4
matters	4
mask	4
marks	4
mansion	4
mad	4
m'ith	4
lustre	4
lover	4
lot	4
lonely	4
lofty	4
load	4
lo	4
limbs	4
leaving	4
learn	4
laughter	4
laughed	4
labours	4
knows	4
knocked	4
kissed	4
kiss	4
justice	4
joined	4
intercourse	4
intelligence	4
innocence	4
inheritance	4
information	4
inflamed	4
inconsiderable	4
impossible	4
imagine	4
illness	4
hurry	4
housewife	4
housekeeping	4
hopes	4
holding	4
hint	4
hills	4
highly	4
height	4
heated	4
haste	4
hard	4
hans	4
halls	4
ha	4
guardian	4
grown	4
grim	4
grant	4
glad	4
girls	4
germany	4
gently	4
gentle	4
gazing	4
gazed	4
gay	4
garment	4
gallants	4
g	4
furniture	4
fully	4
fruit	4
fro	4
frequent	4
frame	4
fortunate	4
forgotten	4
food	4
fond	4
followers	4
flashed	4
fix	4
fingers	4
fiery	4
fiend	4
festivities	4
faithfully	4
fairy	4
extreme	4
expose	4
expiring	4
experiment	4
exclaiming	4
exchange	4
everywhere	4
entertainment	4
enter	4
endeavour	4
encouraged	4
enclosed	4
enamoured	4
elizabeth	4
effort	4
echoed	4
easily	4
ease	4
dying	4
dwelled	4
dusky	4
duration	4
ducat	4
dressing	4
dreamed	4
doubt	4
doors	4
domestic	4
doctrine	4
divine	4
distinguished	4
displeasure	4
displeased	4
display	4
discovery	4
discovering	4
disclose	4
disappointed	4
different	4
dice	4
diamonds	4
desert	4
description	4
describe	4
depended	4
dependants	4
departure	4
demanded	4
delirium	4
delay	4
deities	4
debts	4
damsel	4
customer	4
curious	4
cries	4
credit	4
crash	4
cracow	4
corpse	4
corner	4
conviction	4
conversed	4
considering	4
confidential	4
condition	4
concluded	4
conceive	4
comrades	4
compassionate	4
compassion	4
communicate	4
common	4
commit	4
commands	4
collected	4
clay	4
chase	4
charm	4
charge	4
characters	4
changed	4
celebrated	4
captain	4
canst	4
camp	4
business	4
building	4
brun	4
bridal	4
breath	4
brazen	4
bravery	4
brain	4
bow	4
blissful	4
blessings	4
bitterly	4
birch	4
bim	4
betrayed	4
betray	4
bethink	4
belonging	4
believed	4
behalf	4
begone	4
bedside	4
beams	4
bark	4
awful	4
aware	4
aversion	4
avaricious	4
avarice	4
attentively	4
attend	4
attained	4
assuring	4
assist	4
aside	4
ascertain	4
ascended	4
articles	4
arrive	4
arranged	4
arm	4
arise	4
apparition	4
apparent	4
apollo	4
apart	4
anticipated	4
angel	4
ancient	4
amiable	4
alarmed	4
agreeably	4
agony	4
affectionate	4
adventure	4
adorned	4
adhered	4
adding	4
action	4
acquaint	4
acknowledged	4
acknowledge	4
accursed	4
accomplish	4
absorbed	4
abroad	4
^	4
),	4
'.	4
',	4
♦	3
•	3
wounded	3
wouldst	3
worth	3
worked	3
wore	3
wonted	3
women	3
withdrew	3
withal	3
witch	3
wit	3
windows	3
wildly	3
widow	3
whisper	3
whereby	3
wheel	3
west	3
weeks	3
ways	3
wars	3
ware	3
want	3
wandering	3
walked	3
waking	3
w	3
volumes	3
violet	3
vigour	3
viewed	3
view	3
victims	3
vanished	3
vampire	3
valuable	3
valour	3
universal	3
unfortunately	3
undisturbed	3
understanding	3
unconscious	3
unable	3
u	3
tyrannical	3
twenty	3
twelve	3
tumultuous	3
trying	3
triumphant	3
tricks	3
treaty	3
transport	3
track	3
traces	3
trace	3
tormented	3
top	3
tones	3
tolerably	3
toilet	3
throwing	3
throughout	3
thirty	3
thinking	3
thin	3
thereupon	3
thanks	3
thank	3
terrors	3
tenderness	3
tenderly	3
tended	3
tempered	3
sympathy	3
swoon	3
swallow	3
suspected	3
sure	3
supper	3
superb	3
sunny	3
sumptuous	3
suitable	3
suggested	3
sufficiently	3
succour	3
successful	3
subsided	3
style	3
sturdy	3
strictest	3
stretched	3
strangers	3
store	3
steps	3
statue	3
stake	3
spouse	3
splendour	3
spinning	3
spectres	3
spark	3
spare	3
spanish	3
sounds	3
sounded	3
souls	3
sort	3
sorry	3
sorrows	3
son-in-law	3
softly	3
snow	3
smiling	3
sleeping	3
sky	3
sincere	3
significant	3
sighs	3
sighed	3
sides	3
shut	3
shrubs	3
shrine	3
shower	3
shouldst	3
shone	3
shame	3
shake	3
shades	3
severely	3
severe	3
sentiments	3
sentence	3
sensations	3
selves	3
self	3
seeking	3
secured	3
science	3
scent	3
scenes	3
saved	3
savage	3
satisfactory	3
satan	3
sale	3
safe	3
sad	3
sacrifice	3
sack	3
rustic	3
roused	3
risk	3
ridiculed	3
ride	3
retinue	3
restrain	3
respecting	3
respectable	3
resounded	3
reserved	3
reproached	3
representing	3
represented	3
reported	3
replace	3
repeat	3
render	3
remove	3
remainder	3
religious	3
relation	3
regret	3
region	3
refused	3
reflections	3
reflect	3
reduced	3
redoubled	3
recur	3
recourse	3
recompense	3
recognised	3
reclined	3
reckoning	3
recesses	3
reality	3
reader	3
rays	3
rash	3
rapturous	3
rapture	3
rapidity	3
raise	3
quick	3
question	3
putting	3
purposes	3
purple	3
provide	3
proverb	3
proud	3
prostrated	3
proposition	3
prolong	3
procure	3
proceeding	3
procedure	3
probability	3
privately	3
private	3
principle	3
prevented	3
prevent	3
pressing	3
prepare	3
prayers	3
praised	3
praga	3
potent	3
possessions	3
plundered	3
plucked	3
played	3
places	3
pitch	3
pilgrim	3
piety	3
picked	3
physicians	3
permission	3
perforce	3
penetrating	3
peasant	3
pause	3
patience	3
parting	3
paper	3
panting	3
pains	3
painful	3
pace	3
owner	3
overtake	3
overpowered	3
overcome	3
outlet	3
original	3
oppressed	3
odour	3
ocean	3
obey	3
oath	3
nurses	3
nuptials	3
nuptial	3
nun	3
nought	3
notions	3
noticed	3
notes	3
notable	3
nocturnal	3
noblemen	3
nobleman	3
nine	3
naturally	3
nails	3
mystic	3
moving	3
mounted	3
mould	3
motte	3
morrow	3
moral	3
monk	3
modestly	3
model	3
mistake	3
missed	3
misfortune	3
mirthful	3
mingled	3
midst	3
middle	3
methinks	3
merry	3
mentioned	3
matron	3
manners	3
malignant	3
makes	3
maids	3
maidens	3
madness	3
luxurious	3
lucky	3
lower	3
loveliness	3
loth	3
losing	3
loon	3
lives	3
listen	3
liquid	3
liis	3
letting	3
letter	3
leapt	3
laying	3
land	3
lamp	3
lamentations	3
ladies	3
ladder	3
la	3
knavish	3
killed	3
joys	3
jovial	3
jest	3
italy	3
island	3
involuntarily	3
intoxicated	3
intervals	3
intentionally	3
instrument	3
instance	3
insomuch	3
inquiry	3
injury	3
inhabitant	3
inferior	3
inevitably	3
indulgence	3
indulged	3
individual	3
indispensable	3
indignation	3
indifferent	3
indescribable	3
inclined	3
impulse	3
important	3
import	3
impart	3
immense	3
i'll	3
hushed	3
hunting	3
humour	3
humble	3
hoping	3
homeward	3
hoarse	3
hoard	3
hired	3
herbs	3
henceforth	3
heavens	3
heartily	3
heap	3
hath	3
hate	3
harm	3
happier	3
handkerchief	3
hall	3
hadst	3
habit	3
guide	3
groschen	3
grisly	3
grinning	3
green	3
greedy	3
gratitude	3
grateful	3
goodness	3
glittered	3
glee	3
gigantic	3
generous	3
gate	3
gambling	3
gaining	3
furiously	3
fragrance	3
fountain	3
forgiveness	3
forest	3
forced	3
force	3
foot	3
folly	3
follows	3
folds	3
flying	3
flower	3
flour	3
floor	3
flee	3
flask	3
firm	3
final	3
fifty	3
fields	3
field	3
fiction	3
festival	3
felicity	3
fathers	3
farewell	3
fancies	3
familiar	3
false	3
fairly	3
fact	3
f	3
extremely	3
explained	3
expense	3
expedition	3
executed	3
execute	3
exclaim	3
exchanged	3
examined	3
evinced	3
equipped	3
equipage	3
envy	3
enveloped	3
entitled	3
entertained	3
entering	3
english	3
enemy	3
endured	3
endearments	3
enchantment	3
enchanting	3
employ	3
emperor	3
element	3
ecstasy	3
economy	3
earthy	3
earthly	3
ears	3
earnestly	3
earliest	3
e	3
dwelling	3
drops	3
drop	3
driving	3
driven	3
drink	3
dreaming	3
draw	3
dowry	3
doubted	3
disposition	3
dispose	3
disorder	3
dismiss	3
discerned	3
disappointment	3
directly	3
dignified	3
difficult	3
difference	3
dexterity	3
determination	3
deprived	3
demanding	3
deliver	3
deepest	3
deemed	3
decorated	3
declare	3
decked	3
decayed	3
decay	3
damp	3
dagger	3
custom	3
curses	3
cure	3
crime	3
cover	3
courtesy	3
countenances	3
corruption	3
convince	3
converted	3
convenient	3
contract	3
content	3
containing	3
console	3
consented	3
connexion	3
conjured	3
conjecture	3
confided	3
concerning	3
comprehend	3
commission	3
commissary	3
commenced	3
comfort	3
comes	3
comely	3
circulated	3
choose	3
chilled	3
chiefly	3
chief	3
chest	3
cheerless	3
chastisement	3
chance	3
ceremony	3
cellar	3
catch	3
cask	3
cartridge	3
carrying	3
cabinet	3
bye	3
bursting	3
brook	3
brooding	3
broken	3
broke	3
bringing	3
bridge	3
boy	3
booty	3
bolted	3
board	3
blue	3
blow	3
bloodred	3
blessing	3
bitterness	3
betook	3
beggar	3
beard	3
beaming	3
beamed	3
battle	3
bashfulness	3
barren	3
barked	3
ball	3
bade	3
awake	3
await	3
availed	3
authorities	3
aud	3
auburn	3
attired	3
attempted	3
attain	3
attacked	3
attachment	3
assure	3
assisted	3
assembled	3
ass	3
arising	3
ardent	3
apparently	3
apparel	3
anxiously	3
antics	3
answer	3
anger	3
amulet	3
ample	3
altered	3
al	3
aim	3
ago	3
afford	3
adventures	3
adieu	3
addressing	3
addressed	3
add	3
acquired	3
accidentally	3
abundance	3
absent	3
abide	3
abandon	3
'•	3
««	2
«'	2
~	2
zealous	2
zeal	2
youths	2
younger	2
yon	2
yoke	2
yearly	2
ycleped	2
yawning	2
yard	2
y	2
wrote	2
wrinkled	2
wreath	2
wounds	2
worse	2
worn	2
worm	2
wondrous	2
wonderfully	2
wondered	2
won	2
wolf	2
witnesses	2
witnessed	2
withered	2
withdraw	2
witches	2
winning	2
wines	2
willingly	2
wilh	2
wilderness	2
widowed	2
wholesome	2
wherewithal	2
wheelbarrow	2
wert	2
well-known	2
welcomed	2
weeping	2
weber	2
wearied	2
weal	2
waterfall	2
watchman	2
watched	2
watch	2
waste	2
wash	2
wary	2
warrior	2
warn	2
warmest	2
wanted	2
wanderer	2
wan	2
wainscoat	2
wa	2
vulgar	2
volume	2
vividly	2
vital	2
visitors	2
visage	2
virtues	2
violently	2
violent	2
victory	2
venus	2
ventures	2
vented	2
veit	2
vast	2
varied	2
vacancy	2
useless	2
urged	2
urge	2
uproar	2
unworthy	2
unwilling	2
unwell	2
unusual	2
untoward	2
unseasonable	2
unmixed	2
uniting	2
uninhabitable	2
unheard	2
unexpected	2
undetermined	2
undertook	2
undertaking	2
undertake	2
undergone	2
uncommon	2
unclean	2
uncle	2
un	2
twilight	2
tumult	2
troublous	2
troublesome	2
troubles	2
tresses	2
tremble	2
treating	2
traversed	2
traveller	2
travel	2
transports	2
transported	2
transferring	2
tranquillize	2
trance	2
traffic	2
traditions	2
trade	2
toy	2
torrent	2
torn	2
torment	2
tongues	2
tome	2
token	2
toad	2
tinge	2
tin	2
tie	2
tidings	2
tide	2
thunderstruck	2
thrown	2
thrice	2
threshold	2
threats	2
threatened	2
thoy	2
thousands	2
thorn	2
thi	2
thereon	2
thereof	2
therein	2
theme	2
th	2
testimony	2
testament	2
terms	2
tender	2
tenant	2
tempted	2
tempt	2
temporary	2
temple	2
temper	2
telling	2
teeth	2
taught	2
task	2
tarry	2
tarried	2
talents	2
talent	2
tail	2
tables	2
syllable	2
swept	2
sweet	2
sweeps	2
sweat	2
swear	2
swallowed	2
suspecting	2
surrounding	2
surpassing	2
sureties	2
supposing	2
supported	2
supply	2
supplicated	2
superstition	2
superior	2
summit	2
summer	2
suffice	2
sufferings	2
suffering	2
sucking	2
sucked	2
succeed	2
subjects	2
stupor	2
studying	2
strove	2
strohmian	2
stripped	2
strike	2
stricken	2
stretch	2
streets	2
streaming	2
streaks	2
strain	2
stout	2
stole	2
stock	2
stirred	2
stipulated	2
stern	2
stature	2
station	2
start	2
stared	2
stands	2
stained	2
staff	2
square	2
squandered	2
spurred	2
springs	2
springing	2
spin	2
spiced	2
sphere	2
spend	2
spells	2
speed	2
speech	2
space	2
sorcery	2
sorceress	2
soothing	2
sooth	2
solicitude	2
sole	2
social	2
sober	2
sneer	2
snatched	2
snatch	2
snake	2
smallpox	2
slumbers	2
slowly	2
slender	2
sledge	2
skill	2
sit	2
sisters	2
sire	2
sir	2
sink	2
singing	2
sing	2
sin	2
simplicity	2
signified	2
signal	2
sigh	2
shrugged	2
shrewdly	2
showing	2
shoulder	2
shooting	2
shivering	2
shine	2
sheep	2
shedding	2
shed	2
shapes	2
shaped	2
shape	2
shadow	2
shade	2
seventy-two	2
settled	2
setting	2
servitude	2
serviceable	2
serpent	2
series	2
separates	2
separate	2
sentinel	2
senses	2
sense	2
sending	2
seems	2
seeming	2
searching	2
seal	2
scorn	2
scattering	2
says	2
saviour	2
saving	2
sauce	2
satanic	2
sank	2
sanction	2
salvation	2
salute	2
salutation	2
saint	2
saddle	2
sacrifices	2
sacred	2
sacks	2
sable	2
s	2
rushing	2
rush	2
rung	2
rosy	2
roses	2
roots	2
rooted	2
rooms	2
roof	2
rolling	2
robes	2
roads	2
rises	2
riot	2
righteousness	2
riding	2
rider	2
richest	2
rewarded	2
revenge	2
revelry	2
revealed	2
retreat	2
retirement	2
retire	2
resumed	2
resistance	2
resigned	2
resign	2
resembled	2
resemble	2
resemblance	2
rescuing	2
required	2
repulsed	2
repent	2
repair	2
renounce	2
renewed	2
reminded	2
relief	2
reliance	2
relating	2
rejoined	2
rejected	2
regularly	2
regions	2
regarding	2
refusal	2
refreshment	2
refreshing	2
reestablished	2
reentered	2
reechoed	2
redemption	2
rectitude	2
recounting	2
recollections	2
recollected	2
recoiled	2
reclining	2
reckless	2
reception	2
receiving	2
reasons	2
realities	2
reading	2
readiness	2
reach	2
rare	2
rancour	2
raged	2
rabbi	2
quondam	2
questions	2
queer	2
qualities	2
pushed	2
pursuers	2
purport	2
purified	2
purchasing	2
puppet	2
punishment	2
punished	2
published	2
publicly	2
prussian	2
prudish	2
providence	2
protesting	2
protection	2
protecting	2
protect	2
prospects	2
proposed	2
proportioned	2
proportionably	2
prophet	2
properly	2
promising	2
project	2
prognosticated	2
procession	2
pro	2
prize	2
prithee	2
principally	2
princes	2
princely	2
priests	2
priestess	2
previously	2
previous	2
pretty	2
preserve	2
presently	2
presenting	2
predictions	2
predicted	2
precisely	2
precipices	2
praise	2
practice	2
potion	2
possibility	2
possessing	2
possesses	2
portrait	2
portion	2
popular	2
poisoned	2
pointed	2
plunder	2
playing	2
plants	2
planted	2
plans	2
planets	2
plainly	2
placing	2
pillars	2
pile	2
pierce	2
pictures	2
philosophy	2
phantom	2
petrified	2
persist	2
perishing	2
perish	2
perfume	2
pensive	2
penetrate	2
pearls	2
paying	2
paws	2
patient	2
paternal	2
passionate	2
passage	2
parts	2
participated	2
parental	2
paramour	2
paradise	2
panted	2
paltry	2
paleness	2
pair	2
paced	2
p	2
oysters	2
overjoyed	2
overcast	2
outward	2
outside	2
ottmar	2
orphan	2
offend	2
odd	2
obstinate	2
objects	2
objection	2
oak	2
nursery	2
nunnery	2
nowonder	2
nowhere	2
novelty	2
nourishment	2
notice	2
note	2
nose	2
noises	2
noise	2
niofht	2
nights	2
neglect	2
needs	2
needlework	2
needle	2
needest	2
necromancy	2
nearest	2
nearer	2
naturalist	2
natural	2
nation	2
narrator	2
narratives	2
mystery	2
muster	2
musaus	2
murmuring	2
murmured	2
mouths	2
mournful	2
mount	2
mouldering	2
mortgaged	2
morn	2
mordecai	2
monsters	2
modern	2
mock	2
moaned	2
mission	2
miss	2
mischief	2
milk	2
miles	2
milder	2
merits	2
merit	2
mercy	2
menials	2
medicine	2
meantime	2
meadow	2
mazes	2
may'st	2
maturely	2
maternal	2
materials	2
masked	2
mary	2
marvels	2
marvellous	2
marked	2
manifestation	2
manage	2
mammon	2
malicious	2
maintained	2
magician	2
madman	2
madame	2
lulled	2
lull	2
loose	2
lonesome	2
lone	2
lis	2
lines	2
lime	2
likewise	2
likeness	2
liim	2
lightning	2
lightened	2
lies	2
liberty	2
liberated	2
levelled	2
letters	2
lesson	2
lessened	2
lend	2
leathern	2
leaping	2
leading	2
lavish	2
laughing	2
later	2
lastly	2
lapse	2
lapped	2
lap	2
landlord	2
lamented	2
lad	2
lack	2
labourer	2
knot	2
knights	2
knife	2
knee	2
knave	2
kitchen	2
king	2
kinds	2
kindest	2
kicked	2
kibitz	2
keys	2
keeps	2
k	2
juvenile	2
jumping	2
judges	2
judged	2
judge	2
joyful	2
jealousy	2
jealous	2
j^	2
iu	2
italian	2
irritated	2
irrecoverably	2
intolerable	2
intimate	2
interview	2
interested	2
intercede	2
intend	2
intemperate	2
intemperance	2
instruments	2
instigation	2
instigated	2
instant	2
instances	2
inspiring	2
inquisitive	2
inquiring	2
inmost	2
ink	2
injustice	2
inherited	2
inhabitants	2
informing	2
infinite	2
infernal	2
industry	2
indebted	2
increasing	2
inclinations	2
inclination	2
incessant	2
incapable	2
imprecation	2
importunity	2
imploring	2
implore	2
impetuously	2
imperious	2
imperial	2
impelled	2
impatient	2
immediate	2
imbibed	2
imagining	2
images	2
illumined	2
ill-will	2
ignorant	2
ideal	2
ia	2
hurried	2
hunter	2
huge	2
howl	2
hostile	2
hospitality	2
horns	2
horn	2
hopeless	2
hood	2
honourable	2
hole	2
ho	2
hira	2
hinting	2
hiin	2
hie	2
hers	2
heroine	2
herdsman	2
herb	2
helpless	2
hellish	2
heedless	2
heavier	2
heavenly	2
heath	2
hearts	2
heads	2
headed	2
haunted	2
hatred	2
hated	2
hastily	2
hastening	2
hasten	2
happily	2
hankering	2
handsomely	2
handed	2
gushed	2
guilty	2
guilt	2
guest	2
guarded	2
groweth	2
grow	2
groaning	2
grievously	2
greetings	2
greenwood	2
graves	2
grass	2
grandfather	2
grace	2
gotten	2
goose	2
goods	2
goodman	2
gondolier	2
goest	2
goblets	2
gnashing	2
gloom	2
gladly	2
gifted	2
giant	2
ghost	2
getting	2
gesture	2
germans	2
gentry	2
gentlemen	2
genius	2
genie	2
gathered	2
gaiety	2
furnish	2
fur	2
funds	2
fumes	2
fullness	2
fulfil	2
frustrated	2
frustrate	2
fruits	2
fruitless	2
frost	2
fright	2
freshness	2
freely	2
fraught	2
franconia	2
frailty	2
forty	2
fortunately	2
forfeit	2
forever	2
forefathers	2
footsteps	2
fool	2
fondness	2
folk	2
folded	2
flocks	2
floated	2
float	2
flattering	2
firmament	2
finished	2
finish	2
finger	2
finest	2
finances	2
figured	2
fictions	2
fever	2
fete	2
festivity	2
fervour	2
ferdinand	2
fed	2
favourite	2
favoured	2
faults	2
fatigued	2
fasting	2
fascinating	2
fascinated	2
fare	2
fancied	2
faithless	2
fairies	2
fade	2
fable	2
eyesight	2
extolled	2
extinguished	2
extensive	2
extended	2
expression	2
expired	2
expiration	2
experience	2
expenses	2
expended	2
expelled	2
expectations	2
expanded	2
exile	2
exhorted	2
exhilarating	2
exhibited	2
exhibit	2
exertion	2
exciting	2
excellent	2
exceeded	2
example	2
examining	2
evils	2
everybody	2
everlasting	2
eve	2
eternally	2
esteem	2
establishment	2
espouse	2
especially	2
erected	2
equipments	2
envious	2
entrusted	2
entreaty	2
entrance	2
entire	2
entertainments	2
enterprise	2
entangled	2
enraged	2
enjoying	2
endowed	2
endeavouring	2
encircled	2
embraced	2
embrace	2
ellrich	2
elegant	2
elegance	2
eighth	2
efficacy	2
effected	2
educate	2
ecstatic	2
eating	2
east	2
eagerness	2
dwell	2
dust	2
dumb	2
drooping	2
drive	2
dried	2
drawn	2
drawing	2
draperies	2
drank	2
drained	2
doubtless	2
doubtful	2
doorway	2
doom	2
doing	2
documents	2
disturbs	2
distraction	2
distracted	2
dissolved	2
dissolve	2
dissolute	2
dissipated	2
disquietude	2
dispute	2
dismissed	2
dismay	2
disgust	2
disguise	2
disgraced	2
disease	2
discreet	2
disconsolate	2
discern	2
disagreeable	2
directions	2
difficulties	2
diet	2
didst	2
devouring	2
devise	2
devastating	2
detested	2
detailed	2
detail	2
desperate	2
desolation	2
desist	2
designs	2
deserving	2
descent	2
des	2
dered	2
deprive	2
deposition	2
deportment	2
dependant	2
departing	2
deny	2
demands	2
deliverer	2
delirious	2
delicate	2
deliberate	2
defraud	2
defile	2
decrees	2
decreasing	2
declined	2
decision	2
deceive	2
deceit	2
deathbed	2
dearer	2
dazzled	2
daylight	2
date	2
darted	2
daring	2
dancing	2
dainty	2
d	2
cut	2
curtains	2
cups	2
culinary	2
cuirass	2
crutch	2
cruel	2
crowing	2
crouched	2
crone	2
crept	2
creep	2
crazy	2
crazed	2
craved	2
courtisan	2
courteous	2
council	2
couldst	2
cough	2
corporeal	2
cork	2
cordial	2
copy	2
contrived	2
contrition	2
contributed	2
contentment	2
contented	2
contained	2
consonant	2
consoled	2
considerably	2
consent	2
connected	2
conjectures	2
confused	2
conflict	2
confirmed	2
confess	2
complexion	2
completed	2
complaints	2
compensation	2
commissioned	2
commended	2
commanded	2
coming	2
combat	2
colours	2
colour	2
collecting	2
coldness	2
colder	2
coined	2
cock	2
coal	2
clothes	2
cloth	2
clock	2
cloaks	2
cloak	2
clasped	2
clapped	2
clap	2
claim	2
citizen	2
circumspection	2
christians	2
christian	2
christ	2
chose	2
choked	2
choice	2
chivalry	2
chill	2
childish	2
cheerfully	2
cheating	2
cheat	2
charmed	2
chapel	2
changes	2
certainty	2
ceremonies	2
centre	2
censured	2
celebrate	2
caution	2
causes	2
caught	2
cattle	2
catalogue	2
cat	2
cash	2
carousing	2
cares	2
cared	2
captivated	2
caprices	2
capable	2
cap	2
candle	2
calmly	2
buy	2
build	2
brown	2
brotherly	2
broad	2
brilliant	2
brilliancy	2
brightly	2
brightest	2
brief	2
breeze	2
branches	2
bower	2
boundless	2
books	2
book	2
bones	2
boldness	2
boldly	2
blushed	2
blossoms	2
blooming	2
bloom	2
bloodthirsty	2
bitterest	2
birds	2
bind	2
bill	2
bidding	2
bias	2
beware	2
betake	2
beseeched	2
bequeath	2
benevolent	2
benevolence	2
benefit	2
benefactress	2
benediction	2
bench	2
below	2
believe	2
beings	2
behaviour	2
beating	2
beat	2
baron	2
barber	2
baptism	2
banquet	2
bank	2
banished	2
backwards	2
bacchanalian	2
baal	2
b	2
azure	2
awe	2
awaking	2
awaited	2
avoided	2
avere	2
autumn	2
authors	2
author	2
aunt	2
au	2
attendant	2
attacking	2
atmosphere	2
asylum	2
astonished	2
assuredly	2
assurances	2
associated	2
assiduity	2
asserted	2
assembly	2
asking	2
ashamed	2
ascribed	2
ascend	2
arts	2
arranging	2
army	2
arisen	2
ardour	2
appropriate	2
apprehend	2
apply	2
appease	2
appears	2
appalling	2
appalled	2
apartments	2
ap	2
announcing	2
animated	2
andrew	2
amount	2
amiss	2
amidst	2
amazement	2
alms	2
almanac	2
allowance	2
alike	2
alighted	2
alienated	2
alarming	2
ail	2
aiitonia	2
ai	2
agues	2
agreeable	2
agree	2
agonised	2
agitation	2
agitated	2
ages	2
afraid	2
affright	2
afforded	2
affirmed	2
affair	2
advised	2
adversaries	2
advantages	2
advantage	2
advance	2
adorers	2
admitted	2
admission	2
admiration	2
admirably	2
admirable	2
additional	2
addition	2
adapted	2
actually	2
actual	2
acts	2
accuse	2
accident	2
accept	2
abrupt	2
<	2
.'"	2
-	2
).	2
!'	2
♦•	1
♦*	1
♦'that	1
♦'i	1
•<	1
»	1
«•	1
})	1
}'.	1
||	1
|	1
{	1
zounds	1
zocha	1
zealously	1
za	1
z	1
yourselves	1
yours	1
yolk	1
ym	1
yellowish	1
yell	1
yea	1
yawns	1
yards	1
wrought	1
wrong	1
wronff	1
writers	1
wrested	1
wrecks	1
wreck	1
wreathing	1
wrath	1
wrap	1
woultl	1
wouid	1
worthless	1
worshipful	1
wormwood	1
worms	1
works	1
wooing	1
wooer	1
wooden	1
woo	1
wondrously	1
womankind	1
wolfgang	1
woe	1
wlien	1
wliellier	1
wizards	1
wizard	1
wits	1
witnessing	1
witness	1
witless	1
withstand	1
withheld	1
withering	1
witfy	1
wisp	1
wishing	1
wishest	1
wisely	1
wise	1
winter	1
winner	1
wink	1
wing	1
windings	1
win	1
wiles	1
wilds	1
wihi	1
wield	1
widower	1
widely	1
whosoever	1
whiz	1
whither	1
whinings	1
whimsical	1
whilom	1
wherever	1
whereabout	1
wheels	1
western	1
wench	1
wenceslaus	1
well-meaning	1
weiofht	1
weening	1
weeds	1
web	1
wear	1
weakness	1
wbom	1
wbo	1
waxed	1
wavingat	1
watery	1
waters	1
watchfulnessj	1
wasting	1
washing	1
warned	1
warmer	1
ward	1
wantonly	1
wanton	1
wands	1
wander	1
walpurgis	1
waller	1
walks	1
walking	1
waki	1
waitirjg	1
waited	1
waistcoat	1
wailing	1
wagging	1
waggery	1
wages	1
wager	1
wafer	1
v¥herever	1
vvitli	1
vulture	1
vrring	1
vrhich	1
voyage	1
voucher	1
von	1
voluptuous	1
volunteer	1
volhynia	1
volatile	1
vogue	1
vocation	1
vk'ith	1
vjl	1
vixen	1
vivifying	1
vivid	1
vivants	1
vivacity	1
vitulity	1
vith	1
vistula	1
visitor	1
visitings	1
visiting	1
visitant	1
visages	1
virtuous	1
virgin	1
virago	1
viper	1
vintner	1
villainy	1
villages	1
vile	1
views	1
vibrates	1
viaticum	1
vfll	1
veyief	1
vexed	1
vexatious	1
vexation	1
vessel	1
vermilion	1
verbal	1
venturing	1
vent	1
venomous	1
venom	1
venninofen	1
venningens	1
vennin	1
vendor	1
vehemently	1
vegetables	1
vaunt	1
vaults	1
vaulted	1
vated	1
vassal	1
vas	1
varying	1
vary	1
varlets	1
variety	1
varieties	1
variegated	1
vanity	1
valued	1
valuables	1
valleys	1
valiantly	1
val	1
vainly	1
vahip	1
vague	1
v^enningen	1
utterly	1
utterance	1
utensils	1
usury	1
usurers	1
usually	1
urselincs	1
urgent	1
upbraiding	1
upbraid	1
uo\v	1
unwelcome	1
unwary	1
unvaried	1
untruths	1
unto	1
untimely	1
unsuspecting	1
unspeakably	1
unspeakable	1
unseen	1
unsavoury	1
unrestrained	1
unregarding	1
unqualified	1
unprovided	1
unpropitious	1
unpleasant	1
unperishable	1
unperceived	1
unopened	1
unobserved	1
unnerved	1
unmoved	1
unmeaning	1
unlocked	1
unloading	1
unlamented	1
unjust	1
unites	1
unite	1
unique	1
unintelligible	1
uninhabited	1
unimportant	1
uniformly	1
uniform	1
unheeded	1
unharmed	1
unhappiness	1
unhallowed	1
unfrequently	1
unformed	1
unfolded	1
unfold	1
undressing	1
underwood	1
understands	1
undergo	1
undefinable	1
uncultivated	1
uncovered	1
uncourteous	1
unconquerable	1
uncharitable	1
unbuckled	1
unbolted	1
unblushing	1
unbeliever	1
unawares	1
unattainable	1
unanswered	1
unaffected	1
unacquainted	1
unaccustomed	1
unacceptable	1
ul	1
ujeans	1
uized	1
uiy	1
uicnt	1
ui	1
uat)ng'»	1
tyrannised	1
twenty-fourth	1
tutoress	1
turpitude	1
turbulent	1
tuown	1
tunity	1
tumuws	1
tuiiasulle	1
tuesday	1
tub	1
ttt	1
trusty	1
trusting	1
trusted	1
trunks	1
trumpet	1
trumpery	1
trude	1
troopers	1
trodden	1
triumphantly	1
trip	1
trinkets	1
tridy	1
trickle	1
tremulous	1
tremendous	1
tremblingly	1
treasury	1
treasurr	1
treacherous	1
travelleth	1
travellers	1
trappings	1
transplanted	1
translator	1
translations	1
translation	1
translated	1
transitoriness	1
transfixed	1
transaction	1
tranquillizing	1
tranquillised	1
tranqnil	1
trait	1
trained	1
tradition	1
trades	1
traced	1
tp	1
touching	1
touches	1
tottering	1
tottered	1
torturhig	1
tortured	1
torture	1
torrents	1
tormentor	1
tormenting	1
toper	1
toothless	1
toothers	1
toother	1
tool	1
tonne	1
tonib	1
tolerated	1
tolerable	1
toils	1
togo	1
togive	1
tofranconia	1
today	1
tobias	1
toa	1
tne	1
tlirew	1
tliow	1
tle	1
tlat	1
tkeir	1
tjiat	1
tittle	1
title	1
tippling	1
tioti	1
tions	1
tint	1
tinged	1
ting	1
tiik	1
tigress	1
tier	1
tield	1
tieck	1
tieatnient	1
tidn	1
tickled	1
thursday	1
thuringia	1
thundered	1
thumb	1
thrusting	1
throng	1
throbbing	1
throb	1
thriving	1
thrilling	1
thrifty	1
threatening	1
threaten	1
thread	1
thouheedest	1
thou'rt	1
thoii	1
thk	1
thirteenth	1
thirsty	1
thirsted	1
thirfy	1
thino	1
thiner	1
thief	1
thence	1
themes	1
theft	1
thb	1
thawed	1
thanked	1
thai	1
teuaiils	1
tete-a-tete	1
testator	1
terpait	1
terminate	1
termed	1
term	1
tenor	1
tenement	1
tenderhearted	1
tendence	1
tend	1
tenants	1
tempter	1
temples	1
tempest	1
temperament	1
tells	1
tellectual	1
teaching	1
teach	1
tbologists	1
taxing	1
taunts	1
tasting	1
tastes	1
tartars	1
tapster	1
tapis	1
tapers	1
taper	1
tangibly	1
talons	1
talking	1
talkative	1
talk	1
takinc	1
takest	1
takes	1
taint	1
tails	1
taiigiit	1
syren	1
sympathise	1
symmetry	1
sylphs	1
swooner	1
swooned	1
swollen	1
swiftly	1
swift	1
swells	1
sweetness	1
sweetheart	1
sweeping	1
swearing	1
sway	1
swan	1
svbicli	1
suspended	1
surviving	1
survive	1
surveyed	1
surreptitiously	1
surrendered	1
surprising	1
surprise	1
surpassed	1
surmount	1
surmises	1
surmised	1
surface	1
supremely	1
supreme	1
suppressed	1
supposition	1
supposes	1
supporting	1
supplied	1
supplications	1
supplication	1
supplicate	1
supplant	1
superstructures	1
superseded	1
superintendant	1
superintendance	1
superinten	1
superin	1
supercilious	1
super	1
sunset	1
sunrise	1
sunken	1
sung	1
sundry	1
sunday	1
sums	1
sumptuousness	1
summon	1
summits	1
sultling	1
sulphureous	1
sulphur	1
suited	1
suit	1
sufhcient	1
suffers	1
suck	1
successor	1
successively	1
succeeding	1
subterranean	1
substraction	1
substitute	1
substantial	1
substance	1
subsisting	1
subsequently	1
submit	1
submissively	1
submissive	1
subdued	1
sua	1
stygian	1
stupidity	1
stung	1
stuffed	1
stuff	1
study	1
student	1
struoolinir	1
struggles	1
struggled	1
struggle	1
strongly	1
stronger	1
strolled	1
stroking	1
stroked	1
striving	1
strictly	1
stretching	1
strengthened	1
strengthen	1
streaui	1
streamed	1
streaked	1
stratagem	1
strangle	1
strangest	1
strajiger	1
strains	1
stormy	1
storms	1
stork	1
stories.lfl	1
stores	1
stored	1
stop	1
stoop	1
stomach	1
stocked	1
stnall	1
stised	1
stipulation	1
stillness	1
stilettos	1
sticks	1
stick	1
stewards	1
steeple	1
steeping	1
steel	1
stayed	1
states	1
stately	1
starve	1
starts	1
starting	1
started	1
star	1
standers	1
staked	1
stairs	1
staircase	1
stair	1
stain	1
staggered	1
stag	1
staft	1
squirrel	1
squatted	1
squandering	1
spur	1
sprite	1
spreadingout	1
sprayed	1
sprang	1
spouting	1
sportively	1
sporting	1
sport	1
spoilt	1
spoils	1
spoil	1
split	1
splen	1
spleeu	1
spleen	1
spilled	1
spends	1
spending	1
speedy	1
speeches	1
spectral	1
spectacle	1
speaks	1
sparrow	1
sparkled	1
sparingly	1
spahi	1
spacious	1
sown	1
sovereign	1
south	1
sources	1
sottish	1
sot	1
sorrowfully	1
sorro<vs	1
sordid	1
sorcehers	1
soort	1
sons	1
sonriewhat	1
sonorous	1
songs	1
somewhere	1
sometime	1
somehow	1
sombre	1
solve	1
solidity	1
solicited	1
solicitations	1
solicit	1
solemnised	1
soldiers	1
sojourning	1
soiue	1
softest	1
softened	1
soften	1
soft	1
sod	1
sociable	1
sob	1
snugly	1
snows	1
snipe	1
snffers	1
sneering	1
snare	1
snap	1
snakes	1
smote	1
smooth	1
smitten	1
smith	1
smiled	1
smarting	1
smart	1
smaller	1
slunk	1
slow	1
sloping	1
slipped	1
slip	1
sliipwreck	1
slightest	1
slen«	1
sleepeth	1
sleepers	1
sleeper	1
sleepcth	1
slackened	1
skull	1
skin	1
skilful	1
sketched	1
six	1
site	1
sisterly	1
sister-in-law	1
sirrah	1
sio^ned	1
sinks	1
sinking	1
singinaf	1
sincerest	1
simpering	1
simon	1
similarity	1
silly	1
silesia	1
silenced	1
siia	1
signifies	1
signet	1
sig	1
shyness	1
shy	1
shudders	1
shroud	1
shrines	1
shrieking	1
shrieked	1
shriek	1
shrewd	1
shrew	1
showers	1
shouts	1
shouldsl	1
shouidst	1
shouhl	1
shortness	1
shore	1
shoot	1
shocked	1
shirt	1
ship	1
shereplied	1
shelter	1
shell	1
shelf	1
sheds	1
sheavas	1
sharpened	1
sharp	1
shared	1
shakespeare	1
shaken	1
shaggy	1
shafts	1
shadowy	1
sew	1
severest	1
settle	1
settiuo^	1
serving	1
servest	1
serves	1
servanis	1
seriously	1
serenity	1
serene	1
seration	1
separated	1
sensuality	1
sensual	1
sensible	1
senseless	1
sensation	1
sends	1
sen	1
selling	1
self-denial	1
sekker	1
sei	1
seest	1
seers	1
seer	1
seemingly	1
seed	1
seduction	1
seducing	1
seducer	1
security	1
securing	1
securely	1
secreted	1
seconds	1
seaside	1
seashore	1
seals	1
scrutinise	1
scruti	1
scrupulous	1
scruple	1
scrivener	1
scriptures	1
scri	1
screwed	1
screeching	1
screaming	1
scream	1
scraping	1
scouts	1
scout	1
scliulze	1
schiras	1
scheming	1
scepticism	1
scented	1
scenery	1
scattereth	1
scarlet	1
scanty	1
scandalous	1
scandal	1
scales	1
scaled	1
scald	1
sc	1
saxony	1
sawmill	1
savouring	1
savings	1
saucy	1
sation	1
satiated	1
sand	1
sanctified	1
sallow	1
saints	1
sailed	1
saidlipkowski	1
sage	1
sagacity	1
sagacious	1
safer	1
sacrilegious	1
sacrilege	1
sacrificed	1
sacrament	1
sabbath	1
ruuqolpu	1
rushes	1
runs	1
running	1
rummaged	1
rumbling	1
rules	1
ruins	1
ruined	1
rugged	1
ruffianly	1
rudolpl	1
rudely	1
ruddy	1
ruddiness	1
rubbed	1
rtiphael	1
rriany	1
rows	1
rowka	1
rove	1
route	1
rousing	1
rouse	1
rottenburg	1
roseate	1
rosab'a	1
romish	1
romantic	1
romans	1
roman	1
rogowski	1
rod	1
rocollec	1
robe	1
robbed	1
rob	1
roasted	1
roared	1
riveted	1
rivals	1
rival	1
ripe	1
rioting	1
rioted	1
rigorous	1
rightful	1
ried	1
richness	1
richly	1
richer	1
rib	1
rgiust	1
re|)osed	1
rewritten	1
revolved	1
revoke	1
reviving	1
revive	1
revert	1
reverie	1
reverence	1
revered	1
revenging	1
revels	1
revelling	1
revellers	1
reveller	1
returns	1
retrogradation	1
retributive	1
retard	1
retaliate	1
retained	1
retailed	1
restraint	1
restrained	1
restorative	1
restlessness	1
restless	1
resting	1
rested	1
responsed	1
respective	1
resort	1
resolves	1
resolutely	1
resolute	1
resigning	1
resides	1
reserve	1
resentment	1
resent	1
resemblest	1
rescued	1
requited	1
requital	1
requisite	1
requires	1
requestofyou	1
requesting	1
reputation	1
repugnance	1
reproof	1
representations	1
representation	1
represent	1
repositories	1
reposing	1
reposest	1
reposed	1
repented	1
repentant	1
repeating	1
repeatedly	1
repeated	1
repast	1
repass	1
repartees	1
repaid	1
renumerate	1
rents	1
renting	1
rent	1
renown	1
renovated	1
renouncing	1
renounced	1
renews	1
renders	1
removes	1
remote	1
remnants	1
remind	1
remembered	1
remedy	1
remarks	1
remarked	1
reluctant	1
reluctance	1
religiously	1
relieved	1
relentless	1
relative	1
relates	1
rejoice	1
rejectest	1
reissued	1
reigned	1
reign	1
rehearsing	1
regulated	1
regulate	1
regretted	1
regardless	1
refreshments	1
refreshed	1
refresh	1
refrain	1
refinement	1
refined	1
refi	1
refcring	1
reeled	1
reed	1
redoubling	1
redden	1
redcloak	1
recurred	1
recreations	1
recreation	1
recovering	1
reconnoitre	1
reconciliation	1
reconciled	1
reconcile	1
recommended	1
recognise	1
reckon	1
recite	1
recess	1
receipts	1
recaptivate	1
recapitulatir)g	1
recalling	1
rebounding	1
reasonable	1
reared	1
reappearance	1
reappear	1
readiest	1
reachest	1
ravings	1
ravaged	1
rattling	1
rational	1
ratio	1
rated	1
rashness	1
rashly	1
raost	1
rank	1
ranging	1
ranged	1
range	1
rang	1
rambles	1
ram	1
rallies	1
raising	1
rainy	1
rain	1
rags	1
rae	1
radiance	1
race	1
quoting	1
quoth	1
quitting	1
quilted	1
quieting	1
quieted	1
quicken	1
questioned	1
querist	1
quently	1
quenched	1
quench	1
queen	1
quarters	1
quarter	1
quarrels	1
quaking	1
quagmire	1
quaffing	1
quaffed	1
q	1
puttest	1
pursuits	1
pursuing	1
pursued	1
pursue	1
purposely	1
purling	1
purity	1
purgatory	1
purer	1
purely	1
punishments	1
punishes	1
punish	1
pungent	1
punctuality	1
pulse	1
pulls	1
pullet	1
pull	1
puffed	1
puerile	1
puddingy	1
prussians	1
prudence	1
proxy	1
provitled	1
provinces	1
province	1
providently	1
provender	1
proudly	1
protested	1
prospect	1
propriety	1
proposals	1
prophetic	1
prophesied	1
proof	1
pronounce	1
promptest	1
promotion	1
promises	1
projjosed	1
projector	1
projected	1
progress	1
prognostics	1
progeny	1
profoundly	1
proficient	1
proficiency	1
professor	1
profess	1
profane	1
profanation	1
productive	1
productions	1
production	1
producing	1
prodigal	1
procuring	1
procured	1
process	1
proceeds	1
problem	1
probity	1
probable	1
privy	1
privilege	1
prison	1
printer	1
priesthood	1
pride	1
pricked	1
prevalent	1
prevails	1
pretext	1
pretentions	1
pretension	1
pretendest	1
pretend	1
pretence	1
presumptuous	1
presumptive	1
presume	1
presses	1
presides	1
presided	1
preserves	1
presentwho	1
presents	1
presentiments	1
presentiment	1
prescribed	1
prepossessing	1
prepossessed	1
preparatory	1
premises	1
premature	1
prejudicial	1
prejudices	1
prejudice	1
pregel	1
preferred	1
predominant	1
preciseness	1
precipitately	1
precipitate	1
precipice	1
precedingday	1
precedents	1
praying	1
praycst	1
prattle	1
prating	1
prague	1
practises	1
powerfully	1
pouring	1
pour	1
potosi	1
potentates	1
postpone	1
possesser	1
positively	1
portrayed	1
ponds	1
pondency	1
poltroon	1
polite	1
poisonous	1
poetry	1
poetical	1
poet	1
plunged	1
plumeb	1
plumage	1
pluhged	1
plug	1
pluck	1
pledging	1
pledged	1
pledge	1
pleasantly	1
pleading	1
plead	1
plea	1
plaything	1
playmates	1
plaguy	1
pity	1
pities	1
pitiable	1
piteous	1
pitchfork	1
pitched	1
pistols	1
piqued	1
piously	1
piousbishopof	1
pined	1
pine	1
pinching	1
pin	1
pilgrimao	1
pilgrimages	1
pilfered	1
piled	1
piercing	1
pierced	1
piefy	1
pictured	1
piaceinit	1
phrenzied	1
phrensied	1
phoenix	1
philippic	1
philip	1
phials	1
phiaj	1
phantoms	1
petulant	1
pettish	1
petitioner	1
peterpaid	1
perturbation	1
persuaded	1
perspiration	1
personified	1
personage	1
persecuted	1
perplexity	1
perplexing	1
perplexed	1
perpendicular	1
perished	1
periods	1
peril	1
perfection	1
peregrinations	1
peregrination	1
perceivest	1
perceives	1
perambulations	1
perambulation	1
peradventure	1
penny	1
penitents	1
penetrated	1
pencils	1
pencil	1
penance	1
pen	1
pelled	1
peeping	1
peeped	1
pedler	1
pebbles	1
peasants	1
peasantry	1
pearl	1
pearance	1
peal	1
peaceful	1
peaceable	1
pawed	1
paul	1
patron	1
patrimony	1
patriarch	1
patiently	1
paths	1
pastures	1
pastor	1
passes	1
passengers	1
passau	1
partout	1
particulars	1
parted	1
partake	1
parsimonious	1
parlour	1
parisian	1
parallel	1
para	1
papers	1
pamper	1
paly	1
palsied	1
palming	1
pallid	1
palled	1
palates	1
pairof	1
paintings	1
paint	1
pained	1
packed	1
packages	1
pack	1
p^eance	1
owls	1
owl	1
owi	1
owed	1
overwhelmed	1
overweening	1
overturning	1
overlooked	1
overheard	1
overflows	1
overcloud	1
overbearing	1
outwit	1
outunanimously	1
outstretching	1
outrider	1
outof	1
ourselves	1
ours	1
ou	1
otound	1
otbat	1
osso	1
os	1
ornithology	1
orni	1
ornaments	1
orison	1
oris	1
originals	1
origin	1
oriental	1
organ	1
ordering	1
orbs	1
oratory	1
oppressive	1
oppression	1
opposing	1
oppose	1
opportunities	1
oppor	1
opponent	1
opium	1
opined	1
opiate	1
openest	1
ood	1
onco	1
on'^the	1
omitted	1
ominous	1
omen	1
older	1
oinning	1
oidy	1
oi	1
ofven	1
oft	1
ofltspring	1
ofltered	1
oflt	1
oflfer	1
ofl^spring	1
ofl^	1
ofl	1
officiousness	1
officer	1
office	1
offfrora	1
offers	1
offending	1
offended	1
oettingen	1
odoriferous	1
ode	1
od	1
ocular	1
occurrences	1
occurrence	1
occupying	1
occupy	1
occupies	1
occupier	1
occupant	1
occult	1
obtains	1
obtainest	1
obstacles	1
obstacle	1
observefl	1
observe	1
obsequious	1
obscurity	1
obscure	1
obnoxious	1
obliterated	1
obliafed	1
objected	1
obeyed	1
obedience	1
oaks	1
oa	1
o'ershadowed	1
nursed	1
nuremburg	1
nue	1
nowski	1
nourish	1
notso	1
noted	1
notary	1
not?he	1
nostrils	1
north	1
noon	1
nolonger	1
noisy	1
noil	1
noihing	1
nod	1
nobly	1
nmch	1
njy	1
niy	1
nities	1
niour	1
nioon*beains	1
ningof	1
ningens	1
nimble	1
nijrht	1
nighttime	1
nightly	1
nightingale	1
niece	1
nie	1
nicholas	1
niceties	1
nicest	1
niayest	1
ni^ht	1
news	1
nether	1
nes	1
nerves	1
nerve	1
neo	1
neighed	1
neigbouring	1
negro	1
necessity	1
necessities	1
necessify	1
nd	1
naubert	1
naturfe	1
nations	1
nasty	1
narration	1
nameless	1
naively	1
naine	1
mysteriously	1
mysteries	1
mv^'^	1
muttering	1
mutilated	1
mute	1
mustering	1
musket	1
musilus	1
musical	1
murmurs	1
murderess	1
munlcred	1
mumbled	1
multitude	1
multiplication	1
muc'*	1
mr	1
movements	1
mournfully	1
mourner	1
mounting	1
mountaitis	1
mouldered	1
motive	1
motioned	1
mossy	1
mosses	1
moss	1
mortification	1
mortally	1
mornings	1
morgenbrodsthal	1
morgenbrod'svalley	1
moravia	1
moou	1
moor	1
moonlight	1
moonbeam	1
monthly	1
month	1
monstrously	1
monotous	1
monastery	1
momentarily	1
molanchoiy	1
moistened	1
modesty	1
modest	1
moderate	1
models	1
mode	1
mocked	1
moans	1
moaning	1
mixed	1
mitigate	1
mithdrew	1
mite	1
misty	1
mistaken	1
missing	1
mishapen	1
miscreant	1
mischievous	1
mirror	1
miraculous	1
miracle	1
minutiae	1
minutely	1
minute	1
mint	1
minion	1
ming	1
miners	1
miner	1
mimself	1
milton	1
milldam	1
military	1
mile	1
mildness	1
mildew	1
mien	1
midday	1
mid-air	1
mho	1
mewing	1
metal	1
messengers	1
messenger	1
mess	1
merrily	1
merited	1
mercantile	1
mentioning	1
mention	1
mentally	1
mental	1
mend	1
menacing	1
members	1
member	1
melodious	1
meekly	1
meek	1
medley	1
meditations	1
meditates	1
mechanic	1
meats	1
meaning	1
meal	1
meadows	1
mays	1
mayest	1
maurice	1
maundy	1
mattress	1
materially	1
mater	1
masters	1
masses	1
mas	1
martyrdom	1
martinmas	1
marry	1
marriagable	1
mario	1
mariner	1
mar	1
mansions	1
manoeuvre	1
manifested	1
manfully	1
manauement	1
managed	1
malignity	1
maliciously	1
malice	1
malady	1
makinaf	1
makers	1
majrnificenco	1
majesty	1
maintenance	1
maintain	1
mail	1
maidenly	1
magnificently	1
magnificence	1
magnet	1
magnanimity	1
magistrates	1
magistrate	1
magdeburg	1
magdalen	1
magazine	1
ma	1
m^ith	1
m'onderful	1
m'hole	1
m'as	1
m	1
luxuries	1
luxuriant	1
luther	1
lusus	1
lustful	1
lust	1
luscious	1
luother	1
lunenburg	1
lunatic	1
lumpish	1
lulling	1
luind	1
lugions	1
luggage	1
ludicrous	1
lucretiato	1
lucifer	1
lubeck	1
lowering	1
lowered	1
loving	1
lovest	1
loves	1
loverof	1
louder	1
lothar	1
loses	1
lord	1
looks	1
lookingfoot	1
longtime	1
longest	1
longed	1
loneliness	1
lonel	1
loiter	1
loins	1
log	1
lodging	1
lodge	1
locusts	1
locksmith	1
lock	1
loathsome	1
lmp	1
lml	1
llow	1
llie	1
lli)ltenburg	1
llarz	1
liveress	1
liveliness	1
livelier	1
liule	1
litlierto	1
literature	1
listeu	1
listening	1
liquor	1
lip	1
links	1
link	1
linger	1
ling	1
lined	1
linden	1
limits	1
limit	1
lily	1
likely	1
lighted	1
lifeless	1
lieu	1
lid	1
licence	1
liberally	1
liberality	1
liaviflo	1
liad	1
lewd	1
levity	1
lesser	1
lessening	1
lessen	1
ler	1
lent	1
lenient	1
lengthy	1
lengthstrange	1
lengthened	1
lending	1
lena^th	1
leisurely	1
legs	1
legions	1
legend	1
legal	1
lebrecht	1
leap	1
leaned	1
leaf	1
leaders	1
leader	1
lead	1
lawyers	1
law	1
lave	1
laun	1
lattices	1
latterfelt	1
latitude	1
latch	1
lasts	1
lasted	1
lassitude	1
larders	1
lapdog	1
languor	1
landscape	1
lands	1
landgrave	1
lameu	1
laments	1
lamenteth	1
lamentable	1
lame	1
ladyship	1
laden	1
lacerated	1
laboured	1
laborious	1
label	1
kowski	1
konigsburg.*	1
konigsberg	1
knowledge	1
knowest	1
knotty	1
knocking	1
knock	1
knevv	1
knelt	1
kneeling	1
kissing	1
kinghts	1
kindness	1
kindled	1
kindle	1
kinder	1
killing	1
killer	1
kill	1
kf	1
key	1
keeping	1
keeper	1
kabala	1
jvlartin	1
juncture	1
jumped	1
jump	1
juice	1
juggler	1
jstep	1
jsiorfj	1
jppearance	1
joyously	1
joyfully	1
journeying	1
jostling	1
jose	1
jong	1
jocund	1
jmy	1
jmtjj	1
jjs	1
jives	1
jigiwe^tojme	1
jieard	1
jiad	1
jewellery	1
jesu	1
jests	1
jesting	1
jegellons	1
jeers	1
jeer	1
jbrun	1
jaws	1
jaundiced	1
jagged	1
jacob	1
jack	1
j3rnnkard	1
j.n	1
iviarie	1
itj	1
itestless	1
item	1
issuing	1
issued	1
ishrink	1
ished	1
irritable	1
irrevocably	1
irresolute	1
irresistible	1
irreproachable	1
irony	1
irksome	1
iously	1
ionia	1
inwardly	1
inward	1
involve	1
involuntary	1
invoking	1
invoke	1
invite	1
invitations	1
invitation	1
inventions	1
invent	1
inveigled	1
inveighed	1
invaluable	1
inughing	1
intrigue	1
intimation	1
intimacy	1
interval	1
interrupting	1
interrupt	1
interrogation	1
interred	1
interr	1
internal	1
interim	1
interferes	1
interfere	1
interests	1
interchange	1
intercession	1
intercepted	1
interceding	1
interceded	1
intentions	1
intent	1
intensity	1
intendance	1
intellectual	1
intel	1
insupportable	1
instructions	1
instruction	1
instructed	1
instruct	1
instantaneously	1
insolent	1
insolence	1
insisting	1
insisted	1
insinuated	1
insight	1
inside	1
inserted	1
inseparably	1
inseparable	1
insensible	1
insensate	1
insane	1
inroads	1
inquiries	1
inquiet	1
innumerable	1
innocents	1
innkeeper	1
inmate	1
inky	1
injure	1
injunction	1
injudicious	1
injagination	1
iniportunate	1
iniowapj^eared	1
inherits	1
inheritor	1
inhabits	1
inhabiting	1
inhabited	1
ingredient	1
ingale	1
ing	1
inflicting	1
inflicted	1
inflammable	1
infidels	1
inferiority	1
infatuated	1
infantine	1
infancy	1
infamy	1
inexplicable	1
inexhaustible	1
inevitable	1
ineffably	1
ineffable	1
industrious	1
indulging	1
indulgent	1
indolence	1
individuals	1
indisputable	1
indiscribably	1
indignity	1
indignantly	1
indigence	1
indiflterence	1
indiffer	1
indidged	1
indicated	1
indian	1
indespensable	1
indescribably	1
independent	1
indemnified	1
incurred	1
incurable	1
incredulous	1
inconvenient	1
inconstant	1
inconsolable	1
inconsiderately	1
inconsiderate	1
inconceivable	1
incompatible	1
income	1
incision	1
incensories	1
inauguration	1
inaugurate	1
inamorata	1
inactive	1
inaccessible	1
inability	1
in)parted	1
impute	1
impunity	1
imps	1
imprudent	1
imprudence	1
improvement	1
improved	1
imprinting	1
imprinted	1
impressions	1
impregnated	1
impotent	1
imposture	1
impose	1
import.int	1
implored	1
implicit	1
impious	1
impertinent	1
impertinence	1
imperiousness	1
imperceptibly	1
impenetrable	1
impending	1
impatiently	1
imniediately	1
immutable	1
immoderate	1
immersed	1
immemorial	1
immeasurable	1
imitated	1
imbedded	1
imaoination	1
imagined	1
illustrious	1
illustrations	1
illusion	1
ills	1
illing	1
ill-gotten	1
ileed	1
ilarz	1
il	1
iirg	1
iiouse	1
iio^ht	1
iiie	1
iigure	1
iierself	1
iiave	1
ii)g*	1
ihoughl	1
ihom	1
ihen	1
ignominy	1
ignoble	1
ig	1
idly	1
idleness	1
idiot	1
ice	1
iby	1
i3ertha	1
hypocritical	1
hypocrisy	1
hymns	1
hymn	1
hy	1
huts	1
husbands	1
hurt	1
hurls	1
huntsman	1
hunts	1
huntress	1
hunted	1
hungry	1
hungary	1
humours	1
hummed	1
humid	1
humanity	1
hues	1
hovering	1
hove	1
houses	1
hourglass	1
hot	1
hostilities	1
hostess	1
hospitable	1
horseback	1
horribly	1
horizon	1
hook	1
hoofs	1
hoofed	1
honours	1
honeymoon	1
honey	1
honestly	1
homer	1
homages	1
homage	1
holster	1
holiest	1
holiday	1
hob	1
hjoment	1
hiui	1
historian	1
hisses	1
hisintenlion	1
hippocrene	1
hints	1
hink	1
hinjself	1
hindering	1
hin	1
himi	1
highroad	1
high-spirited	1
hied	1
hiding	1
hideously	1
hid	1
hey	1
hewed	1
hesitation	1
hesitated	1
hesitate	1
heroically	1
heroes	1
herein	1
hereabouts	1
henceforward	1
hempen	1
hem	1
helps	1
helpmate	1
helplessness	1
heller^	1
heir	1
heightens	1
heightened	1
heels	1
heeded	1
hedge	1
hebrew	1
heavenj	1
hearty	1
hearths	1
hearth	1
heartfelt	1
heaps	1
heaped	1
healthy	1
heal	1
hcrway	1
havitig	1
havinof	1
havings	1
havelalwaysforebodedthis	1
haunts	1
haunt	1
hatl	1
hateful	1
hasty	1
harshness	1
harshly	1
harsh	1
harpies	1
harmlessness	1
harlot	1
hardware	1
hardened	1
harbour	1
harassing	1
harass	1
happiest	1
happens	1
happen	1
hangman	1
hanged	1
hang	1
handsomest	1
handful	1
halj	1
hal	1
hairy	1
hail	1
haggard	1
habits	1
habitations	1
habitation	1
h	1
guttural	1
gushing	1
gush	1
guise	1
guillotine	1
guile	1
guild	1
guides	1
guidance	1
guardianship	1
guard	1
gtood	1
growth	1
growling	1
group	1
grounds	1
grouj^^^^that	1
groschens	1
groping	1
groans	1
groan	1
grinned	1
grind	1
grin	1
grimm	1
grieving	1
grieved	1
grieve	1
griefs	1
greeks	1
greediness	1
greece	1
grating	1
grapes	1
grandchildren	1
grand	1
grained	1
gracious	1
graceful	1
government	1
gourmands	1
gossips	1
goon	1
gooduatured	1
goodraan	1
good-natured	1
gondola	1
goiiscious	1
goes	1
gods	1
goddess	1
goblin	1
goblet	1
goal	1
gnomes	1
gnawn	1
gnawing	1
glut	1
glory	1
gloominess	1
gloomily	1
gloomiest	1
globe	1
glittering	1
glimpse	1
glimmering	1
glimmered	1
glided	1
gleam	1
glares	1
glances	1
glanced	1
gladness	1
gives	1
gilt	1
gilded	1
gifts	1
gift	1
gernrian	1
genii	1
genies	1
genial	1
generously	1
generation	1
genera	1
gen	1
gem	1
gathering	1
gates	1
gas	1
garrison	1
garments	1
garland	1
gardener	1
gambols	1
gambler	1
galloped	1
gall	1
gains	1
futurity	1
fury	1
funeral	1
fund	1
functionary	1
fullest	1
fulfilled	1
fuhy	1
fugitives	1
ftuher	1
ftln	1
frugality	1
frugal	1
froze	1
frowns	1
frotn	1
front	1
frolicsome	1
frisking	1
friday	1
frequented	1
frenzy	1
freischutz	1
freight	1
frees	1
freeing	1
fre	1
fray	1
frauds	1
fraternity	1
frankincense	1
frail	1
fra	1
fowling	1
fowler	1
fourths	1
fourteen	1
fouque	1
fouqu^	1
fouqu6	1
fountains	1
foundations	1
foundation	1
foulmouthed	1
fought	1
fou	1
fossils	1
fortified	1
forthcoming	1
forsworn	1
forsook	1
forsaking	1
forrestcr	1
fororettinor	1
formula	1
forming	1
forlorn	1
forhaving	1
forgiven	1
forgive	1
forgetting	1
forgetful	1
forgave	1
foretaste	1
forests	1
foresaw	1
foreign	1
foregoing	1
forego	1
forebodings	1
foreboding	1
forcing	1
forbore	1
forboding	1
forbode	1
forbidding	1
forbid	1
forbear	1
forbade	1
footpath	1
footman	1
footed	1
foolishly	1
foolish	1
fondly	1
folks	1
foliage	1
fold	1
foggy	1
fog	1
foe	1
foaming	1
flushed	1
flowed	1
flouted	1
flood-tide	1
flood	1
flocked	1
flock	1
flit	1
flirtedby	1
flinty	1
flinging	1
fling	1
flies	1
fliction	1
flesh	1
fleeting	1
flees	1
fleece	1
flavour	1
flattery	1
flat	1
flash	1
flapped	1
fixing	1
fixes	1
fitting	1
fist	1
firocken	1
firmly	1
fireside	1
fires	1
fireplace	1
fir	1
fiohtinof	1
finely	1
finds	1
findng	1
financial	1
fin	1
filthy	1
fills	1
filling	1
filial	1
fiincied	1
fiil	1
figures	1
fifth	1
fifteen	1
fiercely	1
fienil	1
fide	1
fh	1
fetters	1
feti^jusfa^if	1
fetes	1
festivals	1
fervently	1
females	1
fellows	1
fellest	1
felicily	1
feigned	1
feels	1
feed	1
feature	1
feats	1
feathers	1
feasting	1
feast	1
fearlessly	1
fearfjd	1
favourably	1
fault	1
fattening	1
fatigue	1
fathom	1
father-in-law	1
fastening	1
fastened	1
fasted	1
fashion	1
fascination	1
fasci	1
farm	1
faraily.<	1
fantastic	1
fanofs	1
fangs	1
fang	1
fancying	1
fancifully	1
fanciful	1
familiarly	1
familiarity	1
familiarised	1
fame	1
faltered	1
falsehood	1
falcon	1
fairyland	1
fairyism	1
faintness	1
faintly	1
fainter	1
fails	1
failings	1
fading	1
faded	1
faculties	1
facility	1
faces	1
fabulous	1
exultingly	1
exulting	1
exultation	1
exuberance	1
extricated	1
extricate	1
extrenielj^	1
extremity	1
extravagant	1
extraordmary	1
extra	1
extohing	1
extinguish	1
extent	1
extend	1
extant	1
exstatic	1
exquisite	1
expressing	1
exposure	1
expostulated	1
exposed	1
explanation	1
explain	1
expensive	1
expeditiously	1
expeditious	1
expecting	1
expect	1
expatiated	1
expansion	1
expand	1
exorcism	1
exorcised	1
exists	1
existing	1
exist	1
exhorting	1
exhortations	1
exhortation	1
exhort	1
exhaled	1
exerted	1
exert	1
exemption	1
executive	1
executions	1
execrations	1
excused	1
excuse	1
excursive	1
exculpate	1
exclusively	1
exclusive	1
exclamations	1
excite	1
excessive	1
excess	1
exceptions	1
excepting	1
exceed	1
examples	1
examiiied	1
exactness	1
exact	1
ex	1
evincing	1
evident	1
evidence	1
eulogium	1
eternalgod	1
essential	1
essence	1
essays	1
espousals	1
especial	1
escapeherwith	1
errors	1
erect	1
erase	1
eradicated	1
equals	1
episcopal	1
epanorthosis	1
environs	1
entwining	1
entrust	1
entreated	1
enticed	1
entice	1
enthralled	1
entertaining	1
enterestthe	1
enteredst	1
ensure	1
ensuing	1
ensues	1
ensuel	1
enriched	1
enrapturing	1
enrage	1
enormous	1
enonoh	1
eno^ased	1
enlivened	1
enlisted	1
enlighten	1
engrossed	1
engagements	1
engage	1
eng	1
energy	1
ended	1
encumber	1
encounter	1
encomiums	1
enchantresses	1
enchain	1
ence	1
enabled	1
ena^affed	1
en	1
emptied	1
empoisoned	1
employments	1
emotions	1
emigration	1
emerged	1
emerge	1
embroidery	1
embroiderers	1
embracing	1
emaciated	1
elysium	1
elsewhere	1
eloquently	1
elf	1
elements	1
elector	1
eldest	1
elders	1
elder	1
ejaculations	1
eisenach	1
eighty	1
eight	1
eggs	1
egg	1
efficacious	1
effects	1
effaced	1
educated	1
eder	1
ed	1
economical	1
ebullitions	1
eberhard	1
ebb	1
eat	1
eastern	1
earnings	1
earnestness	1
earned	1
earn	1
early'youth	1
earlier	1
dye	1
dwells	1
dwellings	1
duty	1
dutiful	1
dusk	1
durst	1
dunnest	1
duly	1
dulous	1
dull	1
duke	1
dug	1
duder	1
duce	1
dubious	1
dsjre	1
dry	1
drunken	1
drug	1
drubbino	1
dropping	1
dropped	1
droll	1
drivers	1
drinking	1
dreaui	1
drearaeth	1
dreamest	1
dreading	1
dreaded	1
drawinjt	1
drain	1
dragon	1
drag	1
downstairs	1
dove	1
doubled	1
doth	1
dote	1
dotard	1
doof	1
donation	1
don't	1
domain	1
doleful	1
doit	1
doinos	1
doff	1
doer	1
doctress	1
divulge	1
division	1
divinity	1
divining	1
divide	1
diverting	1
divert	1
diversion	1
dition	1
ditficulty	1
ditches	1
distrust	1
distributed	1
distresses	1
distressed	1
distortions	1
distorted	1
distinct	1
dissuade	1
dissolving	1
dissipate	1
dissertations	1
dissension	1
dissatisfied	1
disposing	1
displaying	1
dispersing	1
dispersed	1
disperse	1
dispatch	1
disorderly	1
dismal	1
disinclined	1
dished	1
dish	1
disgraceful	1
disgorged	1
disengaged	1
diseases	1
diseased	1
disdainful	1
disdained	1
discussion	1
discussed	1
discretion	1
discreetly	1
discovers	1
discoverable	1
discord	1
discontinued	1
discontinue	1
discontent	1
disconcerted	1
discipline	1
discharging	1
discharge	1
discernible	1
disbanded	1
direction	1
dire	1
dine	1
din	1
dilettante	1
dilapida	1
dig	1
diflferent	1
difficulty	1
dido	1
diamond	1
diablerie	1
dew	1
devoutly	1
devours	1
devour	1
devotional	1
devotion	1
devotedly	1
devining	1
devine	1
devils	1
deviation	1
detestation	1
determining	1
detection	1
detected	1
detained	1
detain	1
detached	1
destruc	1
destroying	1
destroyest	1
destroyer	1
destitute	1
destinies	1
destines	1
destine	1
destination	1
desponding	1
despondency	1
despicable	1
despairing	1
desolating	1
desisted	1
desiring	1
desirable	1
designedst	1
design	1
deserved	1
deserve	1
deserts	1
deserter	1
describing	1
described	1
descend	1
descanting	1
derness	1
deriving	1
depository	1
depictured	1
depicted	1
denounce	1
denoted	1
denominated	1
denies	1
denied	1
demons	1
demoiselle	1
demise	1
demeaned	1
dembinski	1
delivery	1
delineated	1
delights	1
delightfully	1
delicacy	1
deliberated	1
delayed	1
deity	1
deign	1
dehiy	1
defiled	1
deficient	1
defer	1
defended	1
defects	1
defeat	1
deeraest	1
deer	1
deeper	1
deem	1
deeds	1
decrepitude	1
decrepit	1
decorations	1
decorate	1
declining	1
decline	1
declaring	1
declares	1
declaratio!i	1
decided	1
decency	1
deceived	1
decease	1
decamp	1
debt	1
debit	1
deaf	1
deadened	1
de	1
daybreak	1
dawned	1
dauahters	1
dashing	1
dashed	1
dart	1
darest	1
dare	1
daphne	1
dangerously	1
dangerous	1
dancer	1
danarerous	1
damped	1
damnable	1
dames	1
dale	1
dainties	1
daggers	1
d'honneur	1
cyprus	1
cypresses	1
cypress	1
customs	1
customers	1
customary	1
custody	1
cursion	1
culti	1
culprit	1
cuderi	1
cryas	1
crutch.\\l	1
crushed	1
cruelty	1
cruelly	1
crucifix	1
crowds	1
crowded	1
crowd	1
crossway	1
crossing	1
crosses	1
crossed	1
crooked	1
criticism	1
critical	1
criminal	1
crest	1
cresses	1
creed	1
credulity	1
creditors	1
creditfor	1
credence	1
creator	1
creation	1
cre	1
crawling	1
crawl	1
cravings	1
cravest	1
crags	1
craggy	1
crag	1
crafty	1
craft	1
crackled	1
crackbrained	1
coyness	1
coyest	1
coy	1
coxcomb	1
coward	1
cow	1
covetohsness	1
covet	1
covering	1
cousin	1
cousacrated	1
courtship	1
courtiers	1
courageously	1
couples	1
counts	1
countrymen	1
countries	1
countess	1
counterpart	1
counteracting	1
counteract	1
counter	1
counsel	1
councils	1
coun	1
couiteous	1
couimunicate	1
couhl	1
coughing	1
coughed	1
correspond	1
correctness	1
correct	1
cornucopiae	1
cordiality	1
cora	1
copiously	1
cooper	1
coolness	1
cooking	1
convicted	1
convertest	1
convert	1
conversion	1
converse	1
conversant	1
conuuon	1
conuuitted	1
controlling	1
control	1
contrive	1
contrast	1
contradiction	1
contracted	1
contents	1
contentious	1
contention	1
contentedly	1
contend	1
contemptuous	1
contemporaries	1
contemplation	1
contemplate	1
consumption	1
constitution	1
consolotary	1
consoling	1
consolatory	1
consists	1
consi	1
consecrated	1
consciousness	1
conscious	1
conrade	1
conquest	1
connubial	1
connoisseur	1
conjuring	1
conjurations	1
conjecturing	1
conjectured	1
congregated	1
congratulations	1
confusion	1
confirmation	1
confidently	1
confidant	1
confessor	1
confessional	1
confession	1
confessing	1
condusive	1
conducts	1
conditions	1
condemned	1
concubine	1
conclusions	1
conclusion	1
concerted	1
concerned	1
conception	1
conceals	1
concealing	1
concave	1
con	1
compunctious	1
compunction	1
compulsive	1
compromise	1
composure	1
composedly	1
compliment	1
complied	1
complicated	1
compliant	1
compliance	1
complete	1
complaisance	1
complained	1
complain	1
compatible	1
compass	1
compared	1
comparable	1
compact	1
commonly	1
commodities	1
committee	1
commissions	1
commiserate	1
commerce	1
comments	1
comment	1
commendations	1
commencing	1
commence	1
cominis	1
comforts	1
comfortless	1
comforted	1
comfortably	1
comfortable	1
combined	1
combating	1
combated	1
com[)ly	1
column	1
colotir	1
colliers	1
collector	1
collection	1
coldhearted	1
coincidence	1
coidd	1
cogitations	1
coffin	1
cocoa	1
coarse	1
coachman	1
coach	1
clutches	1
club	1
cloudy	1
clouded	1
clothed	1
closof	1
clinking	1
climbed	1
climb	1
cliff	1
clieerf	1
clenching	1
clefts	1
clearer	1
class	1
clasping	1
clasp	1
clapping	1
clamour	1
clamber	1
claims	1
claimed	1
clad	1
cities	1
circulation	1
circuitous	1
circling	1
circles	1
circled	1
ciiffinto	1
christendom	1
choicest	1
chisels	1
chiromancy	1
chios	1
chin	1
chimed	1
chim	1
chilling	1
childbearing	1
chided	1
chew	1
chequered	1
cheerfulness	1
checking	1
checked	1
check	1
cheaper	1
che	1
chatting	1
chattels	1
chastisements	1
chastise	1
chasm	1
charnel	1
charles	1
charity	1
charitably	1
charitable	1
charges	1
chapter	1
chapman	1
chaplain	1
chanced	1
chambers	1
chambermaids	1
chairs	1
cha	1
cession	1
census	1
cellars	1
celerity	1
ceived	1
ceiling	1
ceases	1
cea^jed	1
cavalry	1
cavaliers	1
cautious	1
cautions	1
cautioned	1
catlike	1
cates	1
caterpillars	1
catching	1
catastrophe	1
castles	1
casta	1
cases	1
casements	1
carved	1
carthusian	1
carriest	1
carries	1
carriages	1
carpet	1
carpathian	1
carouse	1
carl	1
caricature	1
career	1
cards	1
card	1
car	1
caprice	1
capon	1
capital	1
capering	1
canvassed	1
canova	1
cankering	1
candlesticks	1
candidly	1
candid	1
canals	1
campaign	1
calumnies	1
callad	1
calendar	1
calculate	1
calamitous	1
caiue	1
cain	1
cadaverous	1
cabbage	1
cabals	1
bystanders	1
byackermann	1
busy	1
busily	1
bushy	1
bushwood	1
bush	1
burnt	1
burns	1
burned	1
burgundy	1
burgomaster	1
buoyed	1
bunch	1
bullet	1
builds	1
buildings	1
bugles	1
buckle	1
bructorix	1
brows	1
brouffht	1
broidery	1
briinhilda	1
brigthly	1
brightened	1
bridle	1
briar	1
breviary	1
brethren	1
breathless	1
breathing	1
breathed	1
breathe	1
breaks	1
breaking	1
breakfast	1
breadth	1
bravely	1
braunsberg	1
brauns	1
branded	1
branching	1
branch	1
brake	1
brains	1
braggart	1
boys	1
boyish	1
boyhood	1
boxes	1
bowlings	1
bowling	1
bowl	1
bowels	1
bouses	1
bounds	1
bouncing	1
bounce	1
bought	1
boughs	1
bou	1
bottomed	1
bottlii	1
bottlfe	1
botanizing	1
bot	1
bosoms	1
bosoju	1
borrowed	1
borders	1
bordering	1
booth	1
boot	1
bookseller	1
bony	1
bonds	1
bolt	1
bollle	1
bold	1
boisterous	1
boiling	1
boighese	1
bog	1
bodies	1
boasting	1
boast	1
blushes	1
blown	1
bloody	1
blocksberg	1
blindness	1
blindly	1
blinded	1
blight	1
bless	1
bleed	1
blaze	1
blast	1
blank	1
blame	1
blackking	1
bjiboon	1
birthdays	1
birthday	1
birth	1
biped	1
bio^	1
biisching	1
bickerings	1
bible	1
biali	1
bewitched	1
bewildered	1
bewhitched	1
bewailed	1
bewail	1
betrothed	1
betokening	1
bethrothment	1
bethought	1
bestows	1
bestowing	1
besmeared	1
beseems	1
beseeching	1
berg	1
bereft	1
ber	1
bequest	1
beoan	1
benison	1
bemoaned	1
belly	1
bell	1
belioldest	1
believer	1
belief	1
belabour	1
behoves	1
behove	1
beginning	1
beggpd	1
beg	1
befriend	1
befilting	1
befell	1
befallen	1
bedfellow	1
bedewing	1
bedewed	1
beckonest	1
beaver	1
beautifully	1
beauteous	1
beau	1
beats	1
beasts	1
bears	1
bearing	1
beariligjueeded	1
bearded	1
beam	1
bb^ddb	1
battlements	1
battlefield	1
bathed	1
bath	1
bat	1
bastukai	1
basis	1
bashful	1
base	1
bartholomew	1
barter	1
bars	1
barrow	1
barred	1
barking	1
bargains	1
bare	1
barbarous	1
barafain	1
bar	1
banquets	1
banqueting	1
banks	1
banishment	1
banish	1
baneful	1
bamburg	1
balls	1
baked	1
bait	1
bagfull	1
bag	1
backzo	1
backward	1
baboon	1
babarous	1
a|as	1
a|)peared	1
axe	1
awkwardness	1
awkward	1
awfully	1
awestruck	1
awakening	1
awaiting	1
avould	1
avitches	1
avitch	1
avished	1
aviay	1
avhy	1
avert	1
aveather	1
avaunt	1
avalking	1
availing	1
auureth	1
autumnal	1
autonia	1
authority	1
authoritative	1
authenticated	1
austria	1
auspicious	1
auk	1
auiid	1
augury	1
augmented	1
auditory	1
auditors	1
auditor	1
audience	1
audible	1
audacity	1
atthattime	1
atteudanf	1
attentive	1
attentions	1
attending	1
attediied	1
attaching	1
attach	1
ate	1
asundered	1
assumption	1
assuming	1
assorted	1
associates	1
associate	1
assistest	1
assislance	1
assis	1
assigned	1
assertions	1
asserting	1
assailed	1
aspirings	1
aspire	1
aspen	1
asinine	1
ascertaining	1
ascertained	1
artists	1
artificial	1
arri	1
arrested	1
arrest	1
arraying	1
arrayed	1
array	1
arrant	1
arrangements	1
arrangement	1
armies	1
armed	1
arithmetic	1
arises	1
aright	1
argus	1
ardently	1
arbour	1
apron	1
april	1
approved	1
approachino	1
apprise	1
apprehensiod	1
apprehended	1
applied	1
applications	1
apples	1
apple	1
appellation	1
appearing	1
appearest	1
appearances	1
apparatus	1
apostrophes	1
apostles	1
apostate	1
aperture	1
ape	1
apathy	1
apace	1
aoot	1
aoain	1
anywhere	1
anyone	1
anxieties	1
anx	1
antonin	1
anton	1
antoiiia	1
antlers	1
antiquarians	1
anticipating	1
annual	1
anniversaries	1
annihilates	1
annihilated	1
annihilate	1
animate	1
anguished	1
angrily	1
angle	1
anew	1
anecdotes	1
andrcm	1
andi'his	1
ancients	1
anaffected	1
ana	1
amusing	1
amusement	1
amused	1
amuse	1
amsterdam	1
amply	1
amours	1
amongst	1
amen	1
amass	1
altliongh	1
althouoh	1
alternations	1
alternately	1
alterations	1
alter	1
ally	1
allusion	1
allureth	1
allows	1
allotved	1
allotted	1
allogetlier	1
allied	1
alleviation	1
alive	1
albrechl	1
akin	1
ajjnes	1
ajiy	1
aitar	1
airy	1
ainan	1
ain	1
aimed	1
ailed	1
aii	1
aifording	1
aided	1
aground	1
agrievcd	1
agrani	1
agram	1
agitating	1
agility	1
aghast	1
agents	1
agency	1
ag	1
aftections	1
aftection	1
afresh	1
aflx)rd	1
aflfectionate	1
aflfair	1
aflects	1
afilictions	1
afilicted	1
affords	1
affnes	1
afflictions	1
afflict	1
affixed	1
advisedly	1
advancing	1
advances	1
adorning	1
adorn	1
adored	1
adopting	1
admonitions	1
admonition	1
admitting	1
admirer	1
adhering	1
adduced	1
addi	1
activity	1
acting	1
acquiring	1
acquiescence	1
achievements	1
accustoms	1
accused	1
accurately	1
accountable	1
accomplishments	1
accomplishment	1
accompanying	1
accompanies	1
accommodating	1
accommodate	1
accidental	1
acceptable	1
accent	1
accelerated	1
acceijt	1
accede	1
abused	1
abuse	1
abundantly	1
abundant	1
absurdities	1
abstinence	1
absences	1
absconding	1
abomination	1
abject	1
abilities	1
abhor	1
abbess	1
abated	1
aay	1
a\^alter	1
a\	1
^'	1
\yalter	1
?<	1
?*'	1
?"'	1
1)|ood	1
/well	1
/	1
.^[	1
..	1
.*..	1
.**	1
.*	1
.)	1
.''	1
."'	1
-,	1
*♦	1
*•	1
*'lf	1
(>	1
("	1
'^	1
'?	1
'-	1
"^	1
".	1
!"•	1
