,	6716
.	4820
to	3393
and	3160
the	3105
i	3054
;	2231
of	2213
my	1726
a	1498
you	1333
—	1320
in	1166
her	1129
me	1071
he	1005
that	944
it	902
for	825
she	762
with	756
is	736
his	710
will	683
said	671
your	650
was	627
but	611
not	588
be	581
as	575
have	560
this	530
mr	516
him	492
at	475
we	437
|'s|	415
!	394
had	340
our	333
all	328
them	325
upon	321
are	311
us	306
lord	289
an	289
am	286
lady	284
by	277
?	276
:	269
from	268
they	264
|arabic3digit|	254
mrs	250
dear	244
so	241
miss	237
shall	232
which	231
would	227
sir	223
if	223
were	213
has	212
their	210
on	205
do	202
into	199
friend	199
who	198
no	195
what	188
one	180
after	177
saville	176
or	176
|arabic1digit|	173
time	170
'	170
more	168
should	162
father	157
own	155
sophia	152
when	151
very	151
there	150
some	150
selby	149
myself	148
then	146
heart	143
give	141
"	141
every	138
let	135
know	133
young	132
letter	131
could	130
see	129
can	128
make	127
bennet	127
both	124
belmour	123
take	122
other	122
took	121
day	121
family	120
well	119
may	119
good	119
any	119
out	118
house	118
friends	118
told	115
than	115
made	115
mother	114
soon	113
before	113
must	112
|arabic2digit|	111
came	111
man	109
think	108
now	108
company	108
most	107
son	105
much	105
two	104
b	103
wife	101
ladies	100
too	99
went	98
s	94
how	94
been	93
hand	92
till	91
wish	90
up	89
same	87
present	87
lucas	87
elliott	87
madam	86
life	86
here	86
franklin	84
such	83
fortune	83
did	83
return	82
only	82
love	80
first	80
come	80
leave	79
way	78
these	78
seemed	78
go	78
|romannumeral|	77
thought	77
d	77
child	77
freewill	75
tell	74
hope	74
happy	74
gave	72
happiness	70
barclay	70
without	69
person	69
say	68
great	68
yet	67
long	67
daughter	67
again	67
situation	66
part	66
never	66
melcombe	65
gentleman	64
called	64
where	63
looked	63
honour	63
cannot	62
children	61
woman	60
servant	60
under	59
pleasure	58
those	57
received	57
over	57
men	57
friendship	57
favour	57
home	56
returned	55
put	55
last	55
brother	55
away	55
about	55
whom	54
speak	54
little	54
like	54
everything	54
answer	54
another	54
account	54
nothing	53
might	53
himself	53
oh	52
kind	52
hear	52
each	52
better	52
answered	52
wrote	51
visit	51
sister	51
."	51
proper	50
jones	50
amiable	50
wishes	49
look	49
joy	49
service	48
place	48
asked	48
rest	47
next	47
evening	47
behaviour	47
send	46
left	46
best	46
many	45
found	45
ever	45
down	45
saw	44
mine	44
nor	43
desired	43
accept	43
though	42
receive	42
hour	42
hands	42
character	42
also	42
off	41
mind	41
heard	41
find	41
expect	41
yourself	40
year	40
use	40
still	40
room	40
manner	40
between	40
believe	40
being	40
barton	40
sukey	39
since	39
perhaps	39
offered	39
name	39
morning	39
care	39
brought	39
yours	38
world	38
its	38
indeed	38
door	38
air	38
write	37
word	37
while	37
sent	37
girl	37
collins	37
virtue	36
meet	36
given	36
edward	36
always	36
against	36
worthy	35
wait	35
past	35
order	35
obliged	35
heaven	35
going	35
attention	35
affection	35
wished	34
several	34
marriage	34
directly	34
clayton	34
subject	33
spoke	33
notice	33
conversation	33
years	32
towards	32
three	32
tears	32
right	32
reason	32
rather	32
done	32
back	32
want	31
smiled	31
opinion	31
new	31
married	31
husband	31
either	31
dinner	31
acquaintance	31
why	30
together	30
taken	30
state	30
set	30
saying	30
respect	30
just	30
herself	30
generous	30
call	30
business	30
..	30
(	30
whole	29
tender	29
stay	29
spirits	29
says	29
power	29
pleased	29
however	29
get	29
fine	29
fear	29
eyes	29
easy	29
country	29
youth	28
women	28
spirit	28
rose	28
hopes	28
gentlemen	28
enough	28
embraced	28
consequence	28
ask	28
short	27
serious	27
ready	27
poor	27
paid	27
night	27
knew	27
johnson	27
horton	27
grief	27
carried	27
begged	27
agreeable	27
advice	27
acquainted	27
whether	26
passed	26
living	26
health	26
guardian	26
god	26
farmer	26
expected	26
desire	26
bring	26
trust	25
share	25
seen	25
sat	25
note	25
moment	25
girls	25
engaged	25
don't	25
does	25
compliments	25
certain	25
act	25
thousand	24
spent	24
society	24
old	24
maria	24
length	24
led	24
late	24
interesting	24
gratitude	24
escape	24
cousin	24
anna	24
times	23
through	23
servants	23
pounds	23
opportunity	23
opened	23
offer	23
live	23
ladyship	23
keep	23
interest	23
few	23
duty	23
distress	23
bad	23
among	23
things	22
read	22
pray	22
polite	22
pay	22
mean	22
eye	22
engagement	22
conduct	22
carry	22
breakfast	22
behaved	22
began	22
attend	22
anything	22
virtuous	21
trouble	21
resolved	21
resolution	21
refused	21
possible	21
politeness	21
people	21
particulars	21
particular	21
o'clock	21
necessary	21
lordship	21
looks	21
known	21
kept	21
immediately	21
hardly	21
goodness	21
gone	21
forward	21
days	21
companion	21
assistance	21
already	21
-	21
whose	20
village	20
valentine	20
thanked	20
thank	20
suppose	20
silent	20
protection	20
passion	20
once	20
often	20
occasion	20
money	20
letters	20
least	20
laughed	20
hundred	20
greatest	20
future	20
following	20
excuse	20
equal	20
earl	20
doubt	20
death	20
danger	20
courage	20
beg	20
yes	19
turn	19
thus	19
threw	19
sometimes	19
second	19
round	19
parsonage	19
others	19
ordered	19
means	19
manners	19
liberty	19
followed	19
duties	19
crosby	19
choose	19
acknowledge	19
above	19
suffer	18
something	18
show	18
school	18
reward	18
regard	18
proposal	18
please	18
pity	18
permission	18
parlour	18
ought	18
office	18
obligation	18
near	18
marshal	18
kindness	18
judge	18
got	18
further	18
fair	18
even	18
enjoy	18
early	18
daughters	18
bond	18
beloved	18
age	18
afraid	18
words	17
week	17
therefore	17
terms	17
table	17
success	17
step	17
sit	17
retired	17
reply	17
relation	17
partner	17
met	17
merit	17
making	17
j	17
invitation	17
horse	17
hereafter	17
head	17
hardy	17
half	17
glad	17
explain	17
endeavour	17
end	17
encourage	17
distance	17
course	17
countenance	17
case	17
afterwards	17
)	17
within	16
welcome	16
truth	16
true	16
story	16
ship	16
satisfaction	16
sake	16
rejoice	16
refuse	16
ran	16
promised	16
prepared	16
observed	16
noble	16
mentioned	16
mention	16
marry	16
low	16
london	16
lately	16
hours	16
hoped	16
grew	16
face	16
excellent	16
deserve	16
claim	16
church	16
butler	16
bed	16
because	16
bear	16
assured	16
almost	16
affectionate	16
wept	15
voice	15
unless	15
thanks	15
stopped	15
shown	15
showed	15
sense	15
saluted	15
really	15
proud	15
promise	15
principles	15
prayers	15
point	15
permit	15
parents	15
orders	15
open	15
offices	15
observe	15
obligations	15
nature	15
mistress	15
lost	15
introduce	15
intended	15
honoured	15
history	15
generosity	15
folly	15
felt	15
fellow	15
entered	15
else	15
dance	15
consent	15
comfort	15
college	15
circumstances	15
brerewood	15
bowed	15
blessings	15
arrived	15
arrival	15
appearance	15
allowed	15
•	14
whenever	14
walk	14
vice	14
utmost	14
turned	14
surprise	14
style	14
soul	14
sight	14
side	14
settled	14
secret	14
sailor	14
respects	14
reserve	14
raised	14
purpose	14
party	14
paper	14
munden	14
master	14
mamma	14
longer	14
lest	14
less	14
large	14
impatient	14
hither	14
high	14
held	14
handsome	14
giving	14
full	14
follows	14
event	14
encouraged	14
ease	14
died	14
determined	14
dearest	14
continue	14
conceal	14
bride	14
board	14
birth	14
became	14
acknowledgments	14
.'	14
walked	13
town	13
tomorrow	13
thursday	13
t	13
surprised	13
supper	13
seems	13
recovered	13
proceed	13
presented	13
peace	13
parties	13
pair	13
nay	13
months	13
minute	13
lover	13
lead	13
kindly	13
horses	13
honest	13
hint	13
having	13
happiest	13
guard	13
fashion	13
far	13
equally	13
education	13
during	13
drew	13
danced	13
credit	13
coming	13
coach	13
catherine	13
bates	13
aud	13
attentions	13
assist	13
appear	13
allow	13
advise	13
adieu	13
accepted	13
*	13
written	12
whatever	12
wedding	12
waiting	12
used	12
treaty	12
sweet	12
surely	12
sure	12
subjects	12
sitting	12
sensible	12
satisfied	12
request	12
recover	12
reasons	12
presently	12
post	12
pass	12
otherwise	12
obtain	12
month	12
minutes	12
minuet	12
loved	12
law	12
inform	12
influence	12
hearts	12
happened	12
grateful	12
george	12
former	12
forgive	12
fears	12
fanny	12
enjoyed	12
employed	12
dressed	12
disagreeable	12
curiosity	12
converse	12
contempt	12
concerning	12
circumstance	12
charge	12
ceremony	12
blushed	12
attended	12
arms	12
angel	12
alone	12
agreed	12
affections	12
acquaint	12
able	12
withers	11
view	11
vain	11
upstairs	11
united	11
thou	11
thinks	11
taste	11
supposed	11
superior	11
study	11
small	11
sincerity	11
seem	11
seat	11
scheme	11
quite	11
protector	11
proposed	11
performed	11
none	11
neither	11
neighbourhood	11
need	11
music	11
m	11
lived	11
listen	11
likely	11
laid	11
knows	11
kneeled	11
judgement	11
john	11
hold	11
general	11
garden	11
finding	11
expense	11
excused	11
everybody	11
events	11
esteem	11
entirely	11
dispose	11
deliverance	11
degree	11
concern	11
communicate	11
comes	11
cheerful	11
calls	11
alas	11
affected	11
address	11
absence	11
yon	10
wit	10
window	10
watch	10
tried	10
thing	10
ten	10
tea	10
strove	10
stand	10
staid	10
spend	10
sincere	10
sex	10
serve	10
remain	10
r	10
qualities	10
properly	10
prevent	10
preparing	10
post-chaise	10
politely	10
plan	10
piece	10
perfectly	10
parish	10
parent	10
ourselves	10
obey	10
nobody	10
neighbours	10
makes	10
louisa	10
likewise	10
lie	10
inquired	10
increase	10
ill	10
happily	10
hall	10
freedom	10
forget	10
farther	10
f	10
extremely	10
expressed	10
explanation	10
expectations	10
estate	10
esq	10
entertainment	10
employment	10
effect	10
dress	10
doctor	10
different	10
desirous	10
desiring	10
designs	10
design	10
departure	10
declared	10
dare	10
dangers	10
creature	10
convinced	10
connexion	10
commands	10
circle	10
cause	10
calypso	10
burst	10
blessing	10
behalf	10
avoid	10
aside	10
arm	10
apply	10
amends	10
acknowledged	10
yesterday	9
writings	9
withdrew	9
wanted	9
urged	9
unhappy	9
uncle	9
try	9
treated	9
support	9
sunk	9
sufficient	9
stokes	9
started	9
speaking	9
sincerely	9
settle	9
separate	9
scene	9
sacred	9
rev	9
remember	9
remainder	9
rejoiced	9
recommended	9
recollect	9
rank	9
question	9
pursuit	9
public	9
proof	9
presents	9
pocket	9
places	9
perform	9
perceive	9
patience	9
parted	9
pacquet	9
occasions	9
modesty	9
mistaken	9
matter	9
kissed	9
journey	9
invited	9
interested	9
intention	9
intelligence	9
informed	9
homage	9
hastened	9
hasten	9
gives	9
five	9
feel	9
fate	9
fast	9
disdain	9
discharge	9
deserves	9
confidence	9
concerned	9
commission	9
comforts	9
comforted	9
body	9
bless	9
behave	9
begin	9
become	9
attack	9
approve	9
appeared	9
ah	9
affair	9
advised	9
adventure	9
actually	9
waited	8
value	8
usual	8
unwilling	8
throw	8
threatened	8
tells	8
suffered	8
strange	8
stood	8
spare	8
silence	8
saucy	8
retire	8
restore	8
renewed	8
relations	8
related	8
recovery	8
recommend	8
reception	8
prudence	8
principal	8
preserve	8
presence	8
possession	8
pleasures	8
played	8
play	8
persons	8
perceived	8
pen	8
pardon	8
ones	8
offended	8
oblige	8
objection	8
object	8
monitor	8
march	8
loves	8
loss	8
lively	8
lay	8
language	8
knowledge	8
k	8
justice	8
interview	8
intend	8
inquire	8
ia	8
humble	8
hesitated	8
hers	8
grove	8
ground	8
goes	8
g	8
friendly	8
friday	8
form	8
follow	8
finished	8
favourite	8
faithful	8
explained	8
expectation	8
exactly	8
engage	8
enclose	8
emotions	8
emotion	8
embrace	8
eldest	8
easily	8
earnestly	8
downstairs	8
desires	8
depend	8
delivered	8
delighted	8
delicacy	8
declined	8
confused	8
common	8
clothes	8
choice	8
chamber	8
chaise	8
chair	8
cambridge	8
brings	8
books	8
blessed	8
beside	8
ball	8
aunt	8
approach	8
appoint	8
alteration	8
airs	8
affectionately	8
affectation	8
advantages	8
action	8
according	8
accident	8
widow	7
wholly	7
weeks	7
wants	7
understand	7
thither	7
taught	7
talk	7
takes	7
summons	7
stage	7
sorry	7
smile	7
sleep	7
six	7
severe	7
seven	7
services	7
seek	7
seated	7
searle	7
safe	7
rode	7
road	7
revenge	7
resign	7
resentment	7
reluctance	7
regards	7
raptures	7
pursue	7
promote	7
pride	7
pretensions	7
presume	7
prepare	7
precaution	7
polish	7
plainly	7
placed	7
pitied	7
pain	7
overcome	7
opinions	7
obedient	7
mutual	7
morrow	7
lose	7
lodgings	7
livermore	7
liked	7
light	7
leisure	7
laws	7
latter	7
lads	7
la	7
joined	7
island	7
invite	7
introduced	7
insisted	7
inclination	7
humanity	7
human	7
hitherto	7
hi	7
fully	7
fix	7
finish	7
familiar	7
fallen	7
fall	7
expression	7
express	7
expenses	7
eternal	7
earth	7
e	7
due	7
draw	7
domestic	7
distant	7
discover	7
directions	7
difficulty	7
difficulties	7
detain	7
deserved	7
depends	7
degrees	7
declare	7
decide	7
dancing	7
cruel	7
convince	7
constant	7
companions	7
cold	7
close	7
charms	7
charming	7
change	7
boy	7
besought	7
bade	7
assumed	7
aspire	7
argument	7
approbation	7
application	7
apartment	7
anybody	7
answers	7
amelia	7
advantage	7
accordingly	7
accomplished	7
accompany	7
>	7
.,	7
wrong	6
warm	6
virtues	6
vanity	6
unfortunate	6
uneasy	6
understood	6
twenty	6
tuesday	6
trial	6
treatment	6
today	6
title	6
thy	6
thrown	6
thinking	6
thee	6
tenderness	6
summoned	6
submit	6
strong	6
stick	6
speaks	6
sons	6
snares	6
smith	6
smiling	6
slept	6
separation	6
sentiments	6
seeming	6
secure	6
schoolfellow	6
schemes	6
saturday	6
run	6
returns	6
restored	6
residence	6
reproached	6
report	6
repeated	6
repeat	6
rely	6
relate	6
reflection	6
reach	6
quiet	6
prudent	6
provided	6
profession	6
proceeded	6
preparations	6
praised	6
postilions	6
pointed	6
pocketbook	6
perfect	6
parade	6
papers	6
ours	6
obliging	6
obedience	6
o	6
noue	6
mortified	6
minority	6
memoirs	6
melancholy	6
lot	6
looking	6
lips	6
lesson	6
lend	6
laughing	6
laugh	6
lamented	6
knowing	6
kinsman	6
jealous	6
introduction	6
intimate	6
intercourse	6
instead	6
instant	6
insist	6
inquiries	6
inn	6
information	6
increased	6
impertinent	6
impatiently	6
ignorant	6
idea	6
humour	6
hospitality	6
hinted	6
higher	6
hearing	6
hard	6
handkerchief	6
graces	6
godfather	6
genteel	6
free	6
frankness	6
formerly	6
forgotten	6
fixed	6
fetters	6
fetch	6
female	6
feet	6
faults	6
families	6
expired	6
execute	6
example	6
escaped	6
enter	6
ended	6
endeavoured	6
enabled	6
earthly	6
direct	6
dine	6
difference	6
despair	6
departed	6
demand	6
delay	6
deeply	6
decline	6
debts	6
dearer	6
dared	6
cover	6
continuation	6
contents	6
consideration	6
consider	6
congratulations	6
congratulate	6
conclude	6
concealed	6
composed	6
commended	6
chosen	6
chaises	6
certainly	6
briefly	6
bosom	6
bold	6
bid	6
ber	6
benefit	6
behind	6
ballroom	6
attempt	6
attachment	6
assurance	6
art	6
ardently	6
applauded	6
apparent	6
alliance	6
affecting	6
affairs	6
adventures	6
add	6
acknowledgements	6
absolutely	6
abated	6
.;	6
),	6
}	5
yourselves	5
younger	5
worse	5
wednesday	5
weakness	5
watkins	5
warning	5
warn	5
warmest	5
walking	5
vivacity	5
visited	5
uneasiness	5
uncertain	5
tutor	5
truly	5
trembled	5
treat	5
tour	5
tonight	5
thoughts	5
thirty	5
third	5
thence	5
themselves	5
tear	5
talking	5
taking	5
ta	5
supply	5
sung	5
sunday	5
sun	5
summer	5
sum	5
succeed	5
stranger	5
stop	5
station	5
stable	5
spoken	5
spectator	5
softly	5
sober	5
signs	5
sign	5
shortly	5
shop	5
shook	5
self	5
selbt	5
seeing	5
scruple	5
ruin	5
robin	5
robbed	5
respectable	5
reserved	5
requires	5
remembered	5
remarks	5
reluctantly	5
refusal	5
reading	5
readiness	5
re	5
questions	5
purchase	5
providence	5
prospect	5
propose	5
property	5
probation	5
prevailed	5
pretty	5
preferred	5
practice	5
possibly	5
pleases	5
picture	5
persuade	5
performing	5
patroness	5
patient	5
path	5
partiality	5
p	5
overwhelmed	5
offers	5
nymphs	5
nurse	5
notwithstanding	5
nearer	5
narrative	5
mouth	5
motives	5
modest	5
mischief	5
method	5
marks	5
lovers	5
lovely	5
lodging	5
lodged	5
locked	5
lives	5
learning	5
learn	5
land	5
jumped	5
iu	5
itself	5
intentions	5
intends	5
instantly	5
infinite	5
income	5
implore	5
implicit	5
impatience	5
hired	5
highly	5
help	5
harpsichord	5
hair	5
guest	5
grant	5
gracefully	5
goddess	5
getting	5
gained	5
funeral	5
frightened	5
frequently	5
french	5
freely	5
four	5
fortunate	5
fortitude	5
forth	5
formed	5
foolish	5
fell	5
felicity	5
features	5
fancy	5
faithfully	5
faith	5
exert	5
exclaimed	5
establishment	5
employ	5
elopement	5
effects	5
eat	5
drawing-room	5
doubts	5
double	5
doors	5
dolly	5
doing	5
distracted	5
disappointment	5
direction	5
diningroom	5
described	5
depart	5
delightful	5
delayed	5
declining	5
deceived	5
deal	5
cultivate	5
crisis	5
couple	5
copy	5
convenient	5
contrive	5
continually	5
continent	5
contend	5
consult	5
consented	5
congratulated	5
confusion	5
confirm	5
complain	5
command	5
christian	5
cheerfulness	5
celebrated	5
cares	5
cards	5
card	5
candle	5
break	5
bravo	5
box	5
bow	5
borough	5
bis	5
bel	5
begun	5
beauty	5
awkward	5
avoided	5
asylum	5
assume	5
aspect	5
ardent	5
alter	5
agree	5
ago	5
afford	5
advanced	5
admonitions	5
adjourned	5
addressed	5
added	5
actions	5
accomplishments	5
«	4
|arabicprice|	4
writes	4
worth	4
works	4
wondered	4
wives	4
witness	4
withdraw	4
wishing	4
wise	4
wisdom	4
willing	4
william	4
whispered	4
whisper	4
whey	4
whence	4
welcomed	4
wear	4
wc	4
waved	4
warned	4
w	4
visiting	4
violent	4
utter	4
urge	4
understanding	4
u	4
twelve	4
transported	4
train	4
traces	4
tonne	4
tired	4
tie	4
tenderly	4
tempted	4
temper	4
telling	4
talked	4
swear	4
suspense	4
susan	4
surround	4
suitable	4
suit	4
succeeded	4
strength	4
street	4
stock	4
stepped	4
steady	4
stayed	4
st	4
sought	4
sorrows	4
solicit	4
softened	4
sisters	4
sighed	4
sides	4
settling	4
settlements	4
separated	4
senses	4
sends	4
seldom	4
scenes	4
save	4
satisfy	4
samuel	4
safety	4
rushed	4
roof	4
ring	4
revere	4
resumed	4
result	4
resignation	4
reside	4
represented	4
repose	4
repent	4
rendered	4
remonstrance	4
remains	4
remained	4
relieved	4
reconcile	4
receipt	4
rational	4
raillery	4
quality	4
punishment	4
prospects	4
proposals	4
proceedings	4
probably	4
private	4
prevented	4
prevail	4
pressed	4
prejudice	4
preferment	4
preface	4
precious	4
praises	4
posterity	4
portmanteau	4
persuaded	4
permitted	4
paused	4
patiently	4
paternal	4
passions	4
particularly	4
pale	4
owe	4
ou	4
ostend	4
orphan	4
obtained	4
obliges	4
nuptials	4
notions	4
noise	4
nearly	4
navy	4
mourning	4
mour	4
mounted	4
motive	4
morals	4
montpelier	4
message	4
mentor	4
memory	4
member	4
meeting	4
ma	4
luxury	4
likes	4
lifted	4
library	4
leaving	4
lawful	4
keeps	4
justify	4
july	4
joys	4
join	4
jest	4
jarvis	4
interrupt	4
interfere	4
instructions	4
insinuating	4
insensible	4
innocent	4
ingratitude	4
ingenuousness	4
informing	4
infinitely	4
indignation	4
indifferent	4
indifference	4
incessantly	4
improved	4
impossible	4
impose	4
imitate	4
hence	4
heir	4
hated	4
hastily	4
haste	4
guests	4
grown	4
grow	4
greatly	4
greater	4
gratify	4
grantham	4
glimpse	4
gentry	4
gain	4
fulfil	4
frances	4
france	4
fortunes	4
forming	4
forbid	4
forbade	4
fond	4
fly	4
flew	4
fit	4
figure	4
fetched	4
fastened	4
fashionable	4
farewell	4
faltering	4
false	4
extreme	4
expose	4
expedition	4
exercise	4
executed	4
excursion	4
excited	4
exceedingly	4
evidently	4
especially	4
enlarged	4
engagements	4
encourages	4
enclosed	4
enchantress	4
eminent	4
eloped	4
eleven	4
elegant	4
election	4
dunton	4
dropped	4
drive	4
divine	4
disturbed	4
disposal	4
display	4
disgrace	4
discovered	4
disapprove	4
disappointed	4
directed	4
difficult	4
devoted	4
devote	4
determine	4
destiny	4
description	4
descended	4
deny	4
demanded	4
delicate	4
dejected	4
deep	4
declaration	4
decision	4
decent	4
deceive	4
curate	4
creditors	4
covers	4
covered	4
counsel	4
correspondence	4
conversing	4
conversed	4
contracted	4
continued	4
consulted	4
considered	4
considerable	4
consequences	4
confirms	4
confess	4
conference	4
conducted	4
conclusion	4
concluded	4
conceive	4
composure	4
complained	4
complacency	4
coldness	4
clever	4
clergyman	4
claimed	4
chose	4
cheerfully	4
cheer	4
cheeks	4
chatted	4
changed	4
cases	4
capt	4
capital	4
capable	4
bustle	4
bull	4
broke	4
brides	4
bound	4
book	4
bills	4
bill	4
bids	4
bestowed	4
bell	4
believed	4
begins	4
aware	4
attempted	4
assure	4
asleep	4
ashamed	4
artful	4
arid	4
approaching	4
appears	4
appeal	4
apologised	4
angry	4
anger	4
amused	4
agreement	4
agonies	4
afforded	4
adore	4
admire	4
acting	4
acquitted	4
acquit	4
acquired	4
accomplishment	4
accompanied	4
accepting	4
acceptance	4
ability	4
abashed	4
\	4
'.	4
',	4
£	3
youths	3
y	3
writing	3
writer	3
wretched	3
wretch	3
withdrawn	3
wine	3
windows	3
wind	3
westminster	3
weeping	3
watched	3
warrant	3
ward	3
wa	3
vulgar	3
vows	3
voluptuousness	3
voluntary	3
visits	3
visitors	3
virgin	3
villains	3
vile	3
victory	3
victim	3
veil	3
various	3
vanities	3
vacation	3
upper	3
unworthy	3
unobserved	3
union	3
ungrateful	3
unexceptionable	3
undertaking	3
uncertainty	3
turning	3
trusted	3
triumph	3
trifling	3
tree	3
transitory	3
transcribe	3
trade	3
touched	3
tongue	3
tome	3
tidings	3
threatens	3
theirs	3
temptations	3
temptation	3
tavern	3
suspicions	3
suspect	3
surrender	3
superfluous	3
suffers	3
succeeding	3
strongly	3
stronger	3
stratagem	3
stout	3
storm	3
stolen	3
steward	3
steps	3
stands	3
stairs	3
staffordshire	3
square	3
sprightly	3
southwark	3
somewhat	3
skill	3
sketch	3
single	3
sin	3
simplicity	3
signed	3
sickness	3
shouted	3
shoes	3
shed	3
shadow	3
sexes	3
severely	3
settlement	3
sentiment	3
seized	3
sees	3
security	3
season	3
sea	3
scotland	3
scorn	3
schools	3
schoolboy	3
scholar	3
sauntered	3
satisfactory	3
sam	3
sakes	3
sailors	3
sail	3
sacrifice	3
ruined	3
robinson	3
rny	3
rising	3
riotous	3
ridiculous	3
ride	3
rich	3
reverence	3
revered	3
returning	3
retain	3
restraints	3
restraint	3
restrained	3
restrain	3
respective	3
resisted	3
resigned	3
resent	3
requisite	3
reproach	3
replied	3
repay	3
render	3
remove	3
remorse	3
remembrance	3
remarkable	3
religion	3
relieve	3
relief	3
reliance	3
released	3
relationship	3
relating	3
regularity	3
regret	3
reflect	3
rector	3
reconciliation	3
recompense	3
recommending	3
recollections	3
recollected	3
reckon	3
real	3
reads	3
readily	3
ray	3
rapture	3
rallied	3
raise	3
quitted	3
quarrel	3
qualified	3
purchased	3
pupils	3
publicly	3
provide	3
promising	3
promises	3
professed	3
produced	3
procure	3
prize	3
privately	3
preserved	3
preparation	3
prayed	3
portion	3
port	3
points	3
plentiful	3
plain	3
piety	3
permits	3
period	3
penny	3
penetration	3
peckham	3
paying	3
pavilion	3
patron	3
pairs	3
oxford	3
owed	3
overjoyed	3
overflowed	3
oppose	3
operations	3
opening	3
observation	3
nie	3
news	3
net	3
neighbour	3
necessaries	3
natural	3
narration	3
nancy	3
mysteries	3
ms	3
moreton	3
monday	3
moments	3
misery	3
mingled	3
minds	3
minded	3
miles	3
mil	3
midst	3
mermaid	3
mercy	3
mental	3
mc	3
matrimony	3
match	3
mansion	3
managed	3
manage	3
lower	3
lodge	3
linen	3
likeness	3
lessen	3
leaves	3
lease	3
learned	3
leading	3
laudable	3
larger	3
knees	3
king	3
key	3
james	3
italy	3
interrupted	3
intelligent	3
instruct	3
inspire	3
inside	3
inquiry	3
inquiring	3
ing	3
inexpressible	3
indulge	3
induced	3
inclined	3
incidents	3
improvements	3
improve	3
improper	3
imposed	3
important	3
importance	3
impertinently	3
ihave	3
ideas	3
housemaid	3
horseback	3
hoiden	3
hints	3
highest	3
heavy	3
hat	3
hast	3
happier	3
happen	3
habit	3
h	3
guide	3
grave	3
gratified	3
granted	3
grand	3
gracious	3
governess	3
glory	3
gift	3
gerard	3
generally	3
gallantry	3
furniture	3
furnish	3
forty	3
foresaw	3
forego	3
follies	3
flight	3
flag	3
finishing	3
figures	3
feelings	3
fearful	3
feared	3
favourable	3
fault	3
fatigues	3
fatigued	3
fatigue	3
farm	3
fanner	3
fainting	3
fainted	3
faint	3
faculties	3
extend	3
expecting	3
exerted	3
execution	3
excite	3
excess	3
except	3
established	3
errors	3
entrusted	3
entice	3
entertained	3
endeavours	3
enchanted	3
employs	3
elliot	3
effort	3
effectually	3
educated	3
earnest	3
ear	3
dutiful	3
drove	3
driven	3
drinking	3
drink	3
dread	3
drawn	3
dramatic	3
doubtless	3
disturb	3
distressed	3
distinguished	3
distinguish	3
distinction	3
disposition	3
disposed	3
displeasure	3
displeased	3
disorder	3
dislike	3
disgust	3
disguised	3
discovery	3
disclosed	3
disciples	3
dignity	3
dictates	3
determination	3
despise	3
designed	3
deserving	3
describe	3
deposit	3
deportment	3
depended	3
denied	3
deliver	3
de	3
daylight	3
date	3
darling	3
dangerous	3
dances	3
current	3
curacy	3
crown	3
crew	3
courtship	3
court	3
cost	3
conversations	3
contriving	3
continues	3
continual	3
contest	3
contented	3
constantly	3
compose	3
compliment	3
complexion	3
complete	3
compelled	3
compassion	3
comforter	3
collected	3
coffeehouse	3
clock	3
civil	3
city	3
chooses	3
childhood	3
charmingly	3
charmer	3
characters	3
chance	3
chagrin	3
cavalier	3
cautious	3
castle	3
cast	3
carries	3
carriage	3
carefully	3
canting	3
brow	3
brothers	3
broken	3
brisk	3
brief	3
bred	3
breathe	3
breath	3
born	3
blush	3
blame	3
blackwall	3
bim	3
bestow	3
beseech	3
benevolent	3
benevolence	3
benefactor	3
belonged	3
becomes	3
beckoned	3
beautiful	3
base	3
bar	3
banknotes	3
band	3
baggage	3
bachelor	3
awoke	3
awe	3
awakened	3
august	3
au	3
attractions	3
attorney	3
attentive	3
attending	3
attendance	3
attached	3
astonished	3
assumes	3
assisted	3
assistant	3
assiduities	3
assembly	3
arts	3
around	3
arose	3
army	3
approached	3
apprehensions	3
appointment	3
applause	3
appetite	3
anywhere	3
ancestors	3
amusements	3
amusement	3
amuse	3
amply	3
ambition	3
altar	3
alarmed	3
ail	3
agreeably	3
affront	3
affluence	3
affliction	3
advowson	3
advance	3
admired	3
additional	3
addition	3
active	3
acknowledgment	3
accountable	3
accord	3
accidental	3
accents	3
absorbed	3
abroad	3
?"	3
**	3
''	3
•'	2
„	2
»	2
|arabic5+digit|	2
|arabic4digit|	2
{	2
yqu	2
yard	2
worthies	2
worldly	2
working	2
worked	2
work	2
wore	2
wood	2
won	2
wines	2
wilt	2
wiih	2
wicked	2
whither	2
white	2
whist	2
whim	2
whilst	2
wherever	2
weep	2
wed	2
weak	2
waving	2
water	2
watching	2
warms	2
wanting	2
vowed	2
votaries	2
violin	2
violence	2
villain	2
views	2
veracity	2
venus	2
ventured	2
venerable	2
vanished	2
valued	2
vacant	2
uttered	2
useless	2
useful	2
urging	2
until	2
unparalleled	2
unnecessary	2
unknown	2
unite	2
ungovernable	2
unformed	2
understands	2
unbolted	2
tyrant	2
twenty-five	2
turns	2
trying	2
trustees	2
trinkets	2
trimmed	2
trifle	2
tremulous	2
trembling	2
treasure	2
travels	2
travel	2
transports	2
transport	2
transfer	2
tranquillity	2
tranquil	2
traitor	2
trading	2
tradesmen	2
towns	2
tout	2
tor	2
tom	2
token	2
toils	2
tny	2
timidity	2
ties	2
tier	2
tied	2
tickets	2
thrice	2
threatening	2
threaten	2
thirteen	2
thankfully	2
th	2
tete	2
terrible	2
tenets	2
tenderest	2
temporary	2
telemachus	2
teach	2
tapped	2
tales	2
talents	2
system	2
symptoms	2
swore	2
swim	2
sweetness	2
sustain	2
suspicion	2
suspected	2
suppress	2
supposes	2
supported	2
supplicating	2
supped	2
superiority	2
suitors	2
suggestions	2
sufficiently	2
successful	2
substitute	2
subdue	2
styles	2
studied	2
struck	2
strives	2
strive	2
strictest	2
strengthened	2
strangers	2
stockings	2
stir	2
steal	2
steadiness	2
stature	2
stately	2
stared	2
standing	2
spread	2
spot	2
sponsor	2
spoiled	2
spirited	2
speed	2
speculation	2
spared	2
sorrow	2
sordid	2
soothed	2
songs	2
somebody	2
solicited	2
solemn	2
softness	2
social	2
sobbed	2
so-so	2
smooth	2
slut	2
slower	2
slight	2
slave	2
sink	2
singular	2
silently	2
signify	2
signals	2
shut	2
shrugged	2
shows	2
showing	2
shock	2
shield	2
shelter	2
shake	2
seville	2
sets	2
serves	2
seriously	2
series	2
sentence	2
sensual	2
sensation	2
sennet	2
sending	2
sell	2
select	2
seduction	2
secured	2
secrets	2
secondly	2
seamen	2
scrutinise	2
scruples	2
scholars	2
scarcely	2
scale	2
savixle	2
savilte	2
savili.e	2
saucebox	2
satire	2
sallied	2
saint	2
safely	2
rustic	2
running	2
rudeness	2
row	2
rout	2
rob	2
rne	2
rivals	2
rise	2
rind	2
rightly	2
ridicule	2
rid	2
richmore	2
riches	2
richard	2
rewards	2
revived	2
revive	2
reversed	2
reverse	2
respecting	2
respectful	2
resources	2
resolutions	2
resided	2
reserving	2
reserves	2
resented	2
resemble	2
rescue	2
required	2
require	2
requests	2
reprove	2
reproaches	2
repented	2
renew	2
removed	2
remittance	2
reminded	2
remind	2
remedy	2
remarked	2
relaxed	2
regulate	2
regular	2
regions	2
refuses	2
reformation	2
referred	2
refer	2
reduced	2
redoubled	2
recovering	2
recollection	2
reckoned	2
reasoning	2
ravishers	2
rashly	2
rang	2
questioned	2
que	2
quarter	2
putting	2
pursued	2
pure	2
pupil	2
punish	2
published	2
prude	2
providing	2
proved	2
prove	2
protect	2
prolong	2
project	2
progress	2
profligate	2
profligacy	2
profess	2
procured	2
presumption	2
premeditated	2
prejudices	2
prejudiced	2
preference	2
praying	2
practised	2
pouts	2
polishing	2
pleasantry	2
pleasant	2
plea	2
plays	2
plate	2
pillow	2
physician	2
philosophy	2
persevere	2
persecutors	2
perils	2
peril	2
performance	2
perfection	2
penitence	2
penetrate	2
peer	2
pays	2
pause	2
paths	2
pastor	2
passes	2
passengers	2
passage	2
partnership	2
partners	2
partial	2
parentage	2
paradise	2
papa	2
painted	2
owned	2
owing	2
owes	2
overtake	2
overheard	2
overflowing	2
outward	2
outside	2
outset	2
ornaments	2
originally	2
ordinary	2
ordering	2
opposite	2
omen	2
oftener	2
offend	2
october	2
ocean	2
occurred	2
obtaining	2
obscurity	2
objects	2
obeyed	2
nursed	2
numerous	2
number	2
novice	2
nought	2
notes	2
nonsense	2
nod	2
nobler	2
nightgown	2
needle	2
necessity	2
neat	2
nearest	2
n	2
mutually	2
mt	2
moved	2
move	2
mouthful	2
motions	2
motion	2
mortify	2
mortification	2
mortal	2
morris	2
moderate	2
mixed	2
missed	2
misinformed	2
misfortunes	2
misapprehension	2
mis	2
methodism	2
methinks	2
merits	2
merely	2
mekombe	2
mediation	2
measures	2
measure	2
meant	2
matters	2
maternal	2
material	2
mate	2
mary	2
marsden	2
marriages	2
manuscript	2
manoeuvre	2
manager	2
maid	2
mad	2
loudon	2
loses	2
loser	2
lorton	2
loose	2
longs	2
longed	2
livings	2
listened	2
list	2
lip	2
limits	2
lighted	2
lieu	2
liberal	2
liable	2
levity	2
lessons	2
lent	2
legacy	2
leaning	2
leads	2
lawyers	2
lawyer	2
laughter	2
lane	2
landlord	2
lam	2
lad	2
labyrinth	2
labour	2
knights	2
knight	2
knee	2
kisses	2
kinds	2
kindest	2
keeping	2
justified	2
juno	2
june	2
joyfully	2
joyful	2
journal	2
jour	2
joseph	2
jack	2
isle	2
irregularities	2
iri	2
io	2
inward	2
involved	2
inviting	2
intrusion	2
intrepidity	2
intimacy	2
intercepted	2
integrity	2
insults	2
insists	2
insensibly	2
injure	2
initiate	2
inherited	2
informs	2
inferior	2
inexplicable	2
inestimable	2
ineffectual	2
indulgence	2
indulged	2
inducement	2
induce	2
indiscreet	2
inconvenient	2
included	2
incident	2
improving	2
impression	2
impertinence	2
immediate	2
imbibed	2
imagination	2
image	2
ilford	2
ignorance	2
idle	2
huzza	2
husbands	2
hurt	2
hurrying	2
hurried	2
houses	2
hospitable	2
honte	2
honourable	2
homes	2
holding	2
hobson	2
hit	2
hinder	2
hei	2
heartily	2
heartfelt	2
heads	2
hazard	2
haughty	2
hate	2
hasty	2
harbour	2
happens	2
hang	2
handsomely	2
handed	2
habitation	2
ha	2
guarded	2
grounds	2
green	2
greatness	2
graciously	2
grace	2
governor	2
godmother	2
glass	2
gladly	2
genius	2
gazed	2
gathered	2
gallant	2
gaiety	2
furnished	2
function	2
frustrated	2
frugal	2
fresh	2
frank	2
founded	2
foster	2
fortnight	2
forsake	2
forgot	2
forgiveness	2
foreign	2
forced	2
footing	2
foot	2
fool	2
food	2
folks	2
folded	2
flock	2
fits	2
firm	2
finest	2
filled	2
fifty	2
fields	2
fidelity	2
festivity	2
fervently	2
favoured	2
fathers	2
fatherly	2
fatal	2
fastening	2
farthest	2
farming	2
fancied	2
fan	2
familiarity	2
failed	2
fail	2
extravagance	2
external	2
extenuate	2
expressive	2
expressing	2
exposed	2
explicit	2
experience	2
expects	2
exhibit	2
exertion	2
exceeded	2
ex	2
evident	2
everlasting	2
estimate	2
estates	2
errant	2
equipage	2
entreated	2
entreat	2
entitled	2
entertaining	2
entertain	2
enliven	2
enjoyment	2
engrossed	2
england	2
engaging	2
enemy	2
encounter	2
enable	2
employments	2
emissaries	2
emaciated	2
elford	2
elegance	2
elect	2
elder	2
eight	2
effrontery	2
efforts	2
effectual	2
ef	2
edwaud	2
edge	2
economy	2
eating	2
ears	2
dwell	2
dream	2
dreadful	2
dreaded	2
drawing	2
drawers	2
drank	2
drama	2
doubtful	2
doctrine	2
divided	2
distribute	2
distemper	2
dissatisfied	2
dispelled	2
discussed	2
discovers	2
discourse	2
discouraged	2
disconcerted	2
disapprobation	2
disadvantage	2
dining	2
dined	2
dies	2
die	2
diamond	2
detestable	2
despised	2
desirable	2
desert	2
depraved	2
deposited	2
dependence	2
deliverer	2
defiance	2
defects	2
defect	2
declaring	2
deception	2
deceiving	2
debt	2
dawn	2
daily	2
cyprus	2
cymon	2
customary	2
cursed	2
cunning	2
cue	2
cruelty	2
critical	2
crime	2
creatures	2
creator	2
coxcomb	2
courtsied	2
courtesied	2
counting	2
corrupted	2
correct	2
corneille	2
cordial	2
coolly	2
convey	2
converted	2
convenience	2
continuance	2
contemptible	2
contained	2
contagious	2
consumptive	2
consents	2
consciousness	2
connexions	2
conjugal	2
conjectures	2
congratulation	2
conform	2
confirmed	2
confession	2
confessed	2
condition	2
conceals	2
compulsion	2
compromise	2
compositions	2
complimented	2
completion	2
completely	2
completed	2
complaints	2
complains	2
compass	2
comparison	2
compared	2
communications	2
commons	2
commonly	2
commending	2
comfortable	2
colour	2
coldly	2
closely	2
cloak	2
clearly	2
clear	2
clay	2
classics	2
civility	2
christmas	2
christianity	2
choosing	2
chiefly	2
chief	2
checked	2
check	2
chase	2
chariot	2
chaperon	2
chairs	2
certificate	2
celebrate	2
catch	2
cash	2
carriages	2
captain	2
candidate	2
cage	2
buy	2
buried	2
brunette	2
bridge	2
brideman	2
bridegroom	2
brere	2
breakfasted	2
bravery	2
bounty	2
bought	2
bolted	2
boat	2
boarding	2
boarder	2
bo	2
bloomsbury	2
blinds	2
blamed	2
bitter	2
birthday	2
bias	2
beyond	2
beunet	2
betrayed	2
besieged	2
benuet	2
benefits	2
belonging	2
begs	2
begging	2
befallen	2
bedside	2
bedchamber	2
becoming	2
beats	2
bearer	2
baptised	2
bank	2
banishment	2
bands	2
balance	2
baffle	2
badly	2
aye	2
awaken	2
avows	2
avow	2
authority	2
author	2
austere	2
auspicious	2
audi	2
attentively	2
attends	2
attempts	2
attain	2
attacked	2
assuring	2
assurances	2
assistants	2
assignees	2
assembled	2
aspired	2
asking	2
artifice	2
article	2
arrive	2
arrears	2
arising	2
arise	2
arguments	2
ardour	2
ardleigh	2
arch	2
arbiter	2
april	2
approved	2
apprized	2
apprehensive	2
apprehension	2
appointed	2
applaud	2
apartments	2
anxious	2
anticipate	2
announced	2
announce	2
animation	2
angelic	2
andrew	2
ample	2
amendment	2
altered	2
aloud	2
along	2
alien	2
ale	2
alarm	2
airing	2
agriculture	2
afternoon	2
advocate	2
advertise	2
adventurers	2
advantageous	2
adored	2
adonis	2
admonition	2
admitted	2
admittance	2
admit	2
addresses	2
ad	2
acts	2
activity	2
across	2
acquits	2
acquainting	2
acknowledgement	2
accusing	2
accounts	2
accommodations	2
access	2
abused	2
absolute	2
abilities	2
abate	2
^	2
?.	2
<	2
/	2
.*	2
.''	2
.!'	2
--	2
-,	2
*'	2
);	2
).	2
';	2
&	2
$	2
!.	2
!"	2
♦ith	1
♦	1
■	1
•that	1
•pects	1
•ommended	1
•nterest	1
»'	1
«vety	1
¥	1
}'	1
|	1
zeal	1
ytust	1
ypur	1
yov	1
youx	1
youvig	1
youryear	1
yourfather	1
youngest	1
young.woman	1
youis	1
youi*	1
youa	1
you.at	1
yorick	1
yop	1
yonr	1
yoiulg	1
yoi.ng	1
yoi*	1
yoa	1
yo	1
yery	1
yellow	1
yearned	1
yea	1
xxxvil	1
xxvl	1
xua	1
xny	1
xlt	1
xliil	1
xiettis	1
xerted	1
w«te	1
wtdnesday	1
writers	1
wretches	1
wrestle	1
wreath	1
wrath	1
wrapped	1
wpuld	1
woven	1
wot	1
worst	1
worship	1
worried	1
workmen	1
wonders	1
woes	1
woe	1
wlvjch	1
wluch'contained	1
witnessed	1
withstand	1
withmy	1
withan	1
with^reen	1
wiser	1
wiped	1
winter	1
winks	1
winked	1
winhed	1
wings	1
wilson	1
williams	1
willed	1
wilhelmina	1
wiles	1
wild	1
wif$	1
wide	1
wickedness	1
whoever	1
whitechapel	1
whistled	1
whisked	1
whipping	1
whining	1
whichever	1
wherein	1
whereby	1
whereas	1
west-india	1
welt	1
well.ordered	1
well-known	1
weepi	1
wedneijay	1
weddings	1
wears	1
weapons	1
weapon	1
weaned	1
wean	1
wealthy	1
wealth	1
weaknesses	1
weakens	1
wayi	1
watchful	1
watches	1
wasting	1
warrants	1
warnings	1
warmth	1
warmly	1
wandered	1
wan	1
walls	1
wallet	1
walks	1
wake	1
waiters	1
waist	1
wainscotted	1
wagon	1
wag	1
vying	1
vvill	1
vvait	1
vs	1
vp	1
voyage	1
vote	1
votary	1
volume	1
voltaire	1
volley	1
vnfor	1
visitor	1
violently	1
viol	1
villi	1
villainy	1
villa	1
vexed	1
vexation	1
veteran	1
vested	1
vessels	1
vessel	1
venture	1
vent	1
vening	1
vengeance	1
venetian	1
venerate	1
ve	1
vault	1
vas	1
variety	1
varies	1
varied	1
valuation	1
valuable	1
valet	1
valent	1
vainly	1
vacations	1
v/ortliy	1
v.lucas	1
uulcineamay	1
utility	1
utensils	1
ut	1
usury	1
usually	1
usj	1
us&fr	1
urgent	1
urganda	1
upreme	1
upoti	1
uponamy	1
unwieldy	1
unwelcome	1
unutterable	1
unused	1
untruth	1
unto	1
unthinking	1
untainted	1
unsuccessful	1
unseen	1
unseasonable	1
unsaid	1
unprofitably	1
unprincipled	1
unportioned	1
unpolitely	1
unpleasant	1
unpardonable	1
unoffending	1
unmasked	1
unmask	1
unlucky	1
unlocking	1
unlocked	1
unkindness	1
unkind	1
unjustly	1
unjust	1
university	1
universities	1
universal	1
uninvited	1
uniform	1
unhinged	1
unheard	1
unhandsomely	1
ungratefully	1
ungracious	1
ungenerous	1
unfortunately	1
unforeseen	1
unfolds	1
unfeigned	1
unfashionable	1
unexpectedly	1
undress	1
undoubtedly	1
undetermined	1
undertakings	1
undertaken	1
undertake	1
undertahe	1
undergo	1
undaunted	1
uncorrupted	1
uncommon	1
unbroken	1
unavailing	1
unanimated	1
unacquainted	1
unable	1
un	1
uiswers	1
uisi	1
uie	1
ug	1
ueverend	1
tyrants	1
tyranno	1
tyiss	1
txpences	1
twice	1
twenty-second	1
twenty-one	1
tweed	1
tuitiay	1
tu	1
ttents	1
truths	1
trustee	1
trunk	1
truce	1
troubte	1
troubles	1
triumphantly	1
trip	1
trio	1
tries	1
trie	1
tribunal	1
treats	1
tread	1
treachery	1
treacherous	1
travelling	1
traveller	1
travelled	1
transplanted	1
transpire	1
transmit	1
transient	1
transferred	1
transcript	1
trance	1
trampling	1
traiw	1
traits	1
traitors	1
training	1
tragedy	1
traduced	1
tradesman	1
track	1
traced	1
trac	1
toxtcates	1
toward	1
touch	1
tottering	1
totally	1
tossed	1
toss	1
tortured	1
torrents	1
tormentor	1
tormented	1
tore	1
toothless	1
tolerably	1
tojio	1
tojind	1
todo	1
to.you	1
to.mrs	1
to.corrupt	1
to'the	1
to%riish	1
tnur	1
tlio»e	1
tleman	1
tkuis	1
tkis	1
tkat	1
tiresome	1
tious	1
tions	1
tion	1
tins	1
tinder	1
timid	1
tillctson	1
tijl	1
tiiing	1
tii*	1
tigate	1
tiers	1
thyself	1
thurs	1
thrive	1
threshold	1
threat	1
thread	1
thp	1
thoughtfulness	1
thorn	1
this^ubjecf	1
thirteenth	1
thing^ou	1
thidg	1
therein	1
theory	1
theology	1
themj	1
theme	1
theis	1
theft	1
theatre	1
the.white	1
the.door	1
the'crisis	1
thavk	1
thankfulness	1
thankful	1
thai	1
tha	1
tfti*er	1
tfould	1
tfoe	1
tfian	1
tfatfur	1
testify	1
test	1
tertain	1
terror	1
terrified	1
terribly	1
terrestrial	1
terrace	1
term	1
tenure	1
tenfold	1
tenant	1
tempter	1
tempt	1
tempered	1
teeth	1
tedious	1
teasing	1
teased	1
tb	1
tates	1
task	1
tas	1
tapt	1
taller	1
tall	1
talks	1
tale	1
tained	1
tails	1
tail	1
tafcltf	1
tabernacle	1
t'thck	1
systems	1
syren	1
sympathy	1
sylph	1
syhia	1
sword	1
swollen	1
switzerland	1
swimmingly	1
swered	1
swelled	1
sweets	1
sweetly	1
sweethearts	1
sweeten	1
swam	1
swallow	1
swains	1
sustains	1
sustained	1
suspended	1
survived	1
survive	1
survey	1
surrounded	1
surrenders	1
surrendered	1
surprisingly	1
surprising	1
surest	1
sures	1
supreme	1
suppresses	1
suppressed	1
supposition	1
supporting	1
supportable	1
supersede	1
superiors	1
superintendant	1
sunshine	1
sullens	1
sukeyr	1
suits	1
suggests	1
suggestion	1
suggested	1
suggest	1
suflferer	1
suffices	1
suffice	1
sufferings	1
sufferers	1
sueh	1
sudden	1
suckled	1
such'things	1
successor	1
succession	1
substance	1
subsists	1
subsided	1
subsequent	1
submission	1
sublime	1
subjected	1
subdued	1
stuffed	1
studies	1
stubborn	1
strongest	1
strokes	1
stroke	1
strohe	1
striking	1
strikes	1
strike	1
strictures	1
strict	1
strengthen	1
streets	1
stream	1
stratagems	1
strait	1
straggling	1
stories	1
stomach	1
stole	1
sto	1
stmiction	1
stirring	1
stirred	1
stings	1
stiict	1
stifled	1
sternness	1
stem	1
steeple	1
staying	1
stationed	1
starts	1
start	1
standard	1
stale	1
stages	1
stady	1
stables	1
srentntii	1
sqphia	1
spurn	1
sptak	1
spruce	1
spring	1
sported	1
spoil	1
spliced	1
spite	1
spied	1
sperrtand	1
spends	1
spending	1
spell	1
speedily	1
speeches	1
speech	1
spectators	1
specious	1
speakers	1
sparkled	1
sox	1
soutbivark	1
soutbivari	1
source	1
sounded	1
souli	1
sou	1
sotfhiat	1
sorts	1
sort	1
sophiasighed	1
soothing	1
sooner	1
somewhere	1
solicitude	1
solicitous	1
soliciting	1
solicitations	1
solicitation	1
solemnised	1
soir	1
soil	1
softest	1
softer	1
soften	1
soft	1
sod	1
socket	1
sociably	1
sobriety	1
snug	1
sneeringly	1
sneer	1
sneaking	1
snatched	1
snare	1
smuggler	1
smart	1
slowness	1
slop	1
sll	1
slje	1
slip	1
slilby	1
slie	1
slender	1
sleeve	1
sleepy	1
slapped	1
slack	1
skirts	1
ske	1
situations	1
situated	1
sitivc	1
sister.<&l	1
sirs	1
sins	1
sinner	1
sing	1
sincerest	1
simplex	1
simple	1
simper	1
similar	1
silly	1
silk	1
signified	1
significant	1
signature	1
sighing	1
sigh	1
sie	1
sided	1
sick	1
sible	1
siaidmylord	1
si	1
shyness	1
shutters	1
shunned	1
shun	1
shuffled	1
shudder	1
shrink	1
shrine	1
shrieked	1
shower	1
shout	1
shouldlie	1
shoulder	1
shocking	1
shocked	1
shirts	1
shipmate	1
shining	1
shines	1
shilling	1
shifts	1
shi	1
shethe	1
sherlock	1
sher	1
sheets	1
sheet	1
sheer	1
she.read	1
shay	1
sharing	1
sharers	1
sharer	1
shame	1
shalt	1
shakespeare	1
shair	1
shah	1
shagreen	1
sexby	1
severest	1
seventeen	1
sevenfold	1
seuthiuark	1
setting	1
setdements	1
servjce	1
serving	1
served	1
serpent	1
sermons	1
seriousness	1
sera	1
september	1
sensibility	1
sensibilities	1
sensations	1
senility	1
senator	1
seme	1
selly	1
selhy	1
selfish	1
self-denial	1
selbx	1
seer	1
seducing	1
seduced	1
sedentary	1
sedate	1
secrecy	1
seconds	1
seconding	1
seconded	1
seats	1
seasoned	1
seasonable	1
searched	1
search	1
sealed	1
se1by	1
sct««hy	1
scornfully	1
scolding	1
sclby	1
scl	1
sciences	1
schooling	1
scanty	1
sc	1
sayxlie	1
sayille	1
savltlie	1
saviuet	1
saviue	1
savitls	1
savilx.e	1
saville's'arm	1
savilih	1
savilee	1
saviio.e	1
savii.le	1
saved	1
savage	1
saunter	1
satirised	1
sarcasm	1
sanv	1
sans	1
sanction	1
sanctify	1
samaritan	1
salutes	1
salutations	1
salts	1
saloon	1
sajd	1
sairl	1
saille	1
safer	1
sadness	1
saddle	1
sadden	1
sad	1
sack	1
sa	1
s^rl	1
rut	1
rustics	1
rural	1
rung	1
ruminations	1
rules	1
rule	1
ruffled	1
rudely	1
rttenve	1
rt	1
rs	1
rriy	1
rriorrow	1
rowland	1
roused	1
ron	1
romped	1
rome	1
rolled	1
roe	1
rodrigo	1
robbers	1
roan	1
roads	1
rizing	1
rivulets	1
riveted	1
risk	1
rises	1
risen	1
ripens	1
ripe	1
rinaldo	1
rigid	1
rights	1
righjt	1
rigged	1
riel	1
riding	1
ridicules	1
ridiculed	1
rides	1
riddance	1
richly	1
richardson	1
ribbon	1
rhe	1
rflother	1
rewarded	1
revolts	1
revolted	1
reviving	1
reverend	1
revenged	1
reveal	1
reunite	1
retrospect	1
retreat	1
retorted	1
retort	1
retiring	1
retained	1
restrains	1
restores	1
resting	1
respectives	1
respected	1
resource	1
resolute	1
resist	1
resigns	1
residuary	1
resides	1
resident	1
resembles	1
resembled	1
rescuing	1
requesting	1
requested	1
repulsed	1
reproof	1
reprisals	1
represent	1
reposed	1
repentance	1
repartees	1
repairing	1
repaired	1
repaid	1
rent	1
renounced	1
renounce	1
rennet	1
renj^	1
renewing	1
rend	1
removing	1
remonstrated	1
reminding	1
remembrauce	1
remarkably	1
remaining	1
relucts	1
reluctant	1
relish	1
religiously	1
religious	1
relies	1
relied	1
relic	1
relented	1
release	1
relays	1
relatives	1
relapse	1
rejoicings	1
rejoicing	1
rejected	1
reins	1
regulator	1
regularly	1
regretted	1
regimen	1
regarded	1
regain	1
refuge	1
refreshment	1
refrain	1
reflections	1
reflecting	1
reflected	1
refinement	1
refined	1
reference	1
reestablished	1
reduce	1
redeem	1
red	1
reconciled	1
recompensed	1
recommends	1
recommendation	1
reciting	1
recite	1
receiving	1
recapitulate	1
rec	1
rebuke	1
reb	1
reassured	1
reasoned	1
reasonableness	1
reap	1
realty	1
reality	1
realities	1
realised	1
realise	1
reached	1
rea	1
rcom	1
raw	1
ravisher	1
ravished	1
raved	1
rave	1
rapturous	1
rapped	1
rap	1
ranklin	1
rambles	1
rallies	1
rakes	1
rairs	1
rains	1
railleries	1
rage	1
racter	1
rack	1
race	1
r.^asswe	1
quivered	1
quit	1
quietness	1
quietly	1
quieted	1
quickly	1
quence	1
quartetto	1
quarters	1
quarrelled	1
quarantine	1
qualify	1
qualifications	1
quadrille	1
qtit	1
qther	1
qh	1
qffers	1
q	1
puzzles	1
pushed	1
pursuits	1
pursuing	1
purse	1
purport	1
purest	1
purer	1
purchasing	1
puppy	1
punished	1
punctual	1
pulling	1
pulled	1
puilosopiios	1
puffed	1
publics	1
prudery	1
prudently	1
proxy	1
provision	1
provides	1
prouder	1
proteetor	1
protectress	1
prosperity	1
prosecute	1
propriety	1
proportion	1
prophecies	1
propensities	1
propeirly	1
pronounces	1
promis	1
promenades	1
prognostics	1
profusion	1
profuse	1
profound	1
proficient	1
proficiency	1
professions	1
produce	1
proceeds	1
probable	1
prizes	1
privy	1
privileges	1
prisoners	1
prisoner	1
principle	1
principals	1
prince	1
primness	1
priestess	1
preys	1
pretension	1
pretends	1
pretended	1
pretence	1
presumed	1
pressing	1
preserves	1
presept	1
presenting	1
presentiment	1
prescribed	1
presages	1
prepossess	1
premium	1
prelude	1
preliminaries	1
prefers	1
prefer	1
prefacing	1
predominant	1
predilection	1
predictions	1
preciseness	1
precise	1
precipitation	1
precepts	1
preceptors	1
preceptor	1
precept	1
precautions	1
precarious	1
preacher	1
preach	1
prays	1
prayer	1
prattle	1
prated	1
prate	1
praited	1
praise	1
practical	1
poverty	1
pouring	1
pourer	1
poured	1
pound	1
postillions	1
possessors	1
possessed	1
positive	1
portions	1
portioned	1
pone	1
pomps	1
pompany	1
politest	1
pojite	1
poison	1
pointing	1
pockets	1
plunged	1
plump	1
ploughman	1
plots	1
plot	1
plished	1
pliilocles	1
plied	1
plenty	1
plenti	1
pleasura	1
pleasing	1
pleaded	1
plaything	1
playing	1
playford	1
plausible	1
planned	1
planks	1
plague	1
placidness	1
placid	1
pitying	1
pitched	1
pit	1
piquet	1
pipe	1
pious	1
pint	1
pining	1
pimples	1
pillion	1
piijae	1
piepared	1
pieces	1
picked	1
physicians	1
phuun	1
phrases	1
phrase	1
phoh	1
pf	1
petty	1
pery	1
perverted	1
pert	1
persuading	1
perspiration	1
personified	1
personal	1
persisted	1
persevered	1
persecutor	1
persecuted	1
perpetual	1
performs	1
perceptions	1
percents	1
peon	1
penetrated	1
penelope	1
pendent	1
pencil	1
pedantry	1
pedant	1
peculiarity	1
peculiarities	1
peculiar	1
peaceful	1
payment	1
pave	1
patrons	1
patrence	1
pathetically	1
patched	1
pat	1
pastoral	1
parts	1
partook	1
partition	1
parting	1
particularising	1
parti	1
partake	1
parlours	1
pardons	1
parasite	1
paraphernalia	1
paramour	1
paltry	1
pallid	1
paired	1
paint	1
pacquet^	1
packets	1
packed	1
pack	1
p/oceed	1
oxen	1
ox	1
owt	1
ow	1
ovev	1
overwise	1
overwhelms	1
overset	1
overruled	1
overreach	1
overpowered	1
overflowings	1
overemm	1
overdressed	1
overcame	1
outwitted	1
outrageous	1
otity	1
ostentatious	1
orthodox	1
orisons	1
oris	1
origin	1
ordep	1
ordained	1
ordainad	1
ordain	1
oration	1
option	1
opt	1
oppressed	1
on»these	1
oneway	1
ona	1
omitted	1
omit	1
omens	1
older	1
old-fashioned	1
ogles	1
offing	1
officiate	1
offering	1
offenders	1
offence	1
of.men	1
of.advising	1
odious	1
oddest	1
occurrences	1
occasionally	1
occasional	1
obstinate	1
obstacles	1
obstacle	1
observing	1
observable	1
obsequiousness	1
obnoxious	1
objections	1
objected	1
oberon	1
ob	1
oat	1
oar	1
oaken	1
oak	1
oa	1
o.an	1
o'glock	1
o'clvck	1
o'chci	1
o'c/ocj	1
ny	1
nursery	1
nuptial	1
nu	1
nqt	1
noviciate	1
nov	1
nottefore	1
notion	1
notcertain	1
not/ting	1
nose	1
norton	1
noose	1
nonchalance	1
nominate	1
nominal	1
noen	1
nods	1
nodded	1
nobleman	1
niy	1
nion	1
ninon	1
nine	1
niethought	1
nies	1
nient	1
nice	1
nformation	1
newspapers	1
newperplexity	1
never/ailing	1
neutral	1
nest	1
nereusly	1
nephew	1
negotiating	1
negotiate	1
negociatt	1
neglecting	1
neglected	1
negative	1
needless	1
needed	1
neck	1
neatness	1
neatly	1
naturel	1
natured	1
naturally	1
native	1
names	1
named	1
naivete	1
n'ecn	1
mystlf	1
mysteryr	1
mystery	1
mysteriously	1
mysterious	1
muur	1
muttered	1
mute	1
musical	1
murmured	1
munj>en	1
munckn	1
mukjs	1
mukden	1
mtts	1
mtndaj	1
mtended	1
mrv	1
mrsi	1
mrs.crosby	1
mrs..barclay	1
mrrers	1
mr.johnson	1
moves	1
mournful	1
mourner	1
motherly	1
morton	1
mortgaged	1
mortals	1
mortality	1
mornings	1
moreover	1
moralising	1
moral	1
monosyllables	1
monitors	1
monde	1
monarch	1
mon	1
momentary	1
moire	1
moderns	1
modern	1
modems	1
modelled	1
mode	1
moat	1
mo	1
mn	1
mmditiis	1
miy	1
mixture	1
mitigated	1
misunderstanding	1
mistresses	1
mistakes	1
missing	1
missgro	1
misrepresented	1
misled	1
misfortune	1
miserable	1
mirth	1
mirror	1
mio	1
minuets	1
minors	1
ming	1
minerva	1
mills	1
milk	1
miliey	1
mile	1
miity	1
miis	1
mignon	1
mies	1
midwife	1
middling	1
mibs	1
mi	1
mf.lcombe	1
meu	1
methods	1
methodized	1
methodist	1
messalina	1
mess	1
mere	1
mercies	1
merchant	1
mer	1
mentors	1
mended	1
members	1
melcomri	1
melcomre	1
melcome	1
melcombefs	1
meixombe	1
meets	1
meditations	1
meditation	1
meditating	1
meditated	1
medicines	1
medicine	1
mediator	1
meddling	1
mecymon	1
meaning	1
meanest	1
meals	1
mdcombe	1
mcnden	1
mayoffer	1
maybe	1
mauvaise	1
mau	1
matrona	1
matrimonial	1
mathematics	1
materials	1
matched	1
mataaise	1
masks	1
masked	1
mask	1
maru	1
marriec	1
marriageable	1
mark	1
marivaux	1
marie	1
marianne	1
marck	1
map	1
manual	1
manly	1
mankind	1
mandate	1
managing	1
management	1
mama	1
malignant	1
maliciously	1
malicious	1
malice	1
male	1
malady	1
maintained	1
maintain	1
maimers	1
maimer	1
maiden	1
mahe	1
magnified	1
magnificent	1
magnificence	1
magnetism	1
magician	1
magdalen	1
madman	1
machiavel	1
macaroni	1
ma'am	1
m^tch	1
m.d	1
luxuries	1
lust	1
lures	1
lure	1
lungs	1
luminary	1
lull	1
ludy	1
luckily	1
lucina	1
lucifer	1
lt	1
lowest	1
lowers	1
lowered	1
lowed	1
loveliest	1
loved'saville	1
louder	1
lottery	1
loth	1
losing	1
lordshrp	1
lords	1
lor(j	1
lookout	1
longjour	1
lonely	1
loi'd	1
lodges	1
lockets	1
locke	1
lock	1
lo	1
ll	1
livery	1
liveries	1
liveliest	1
lit	1
listenja	1
lisped	1
liquor	1
liott	1
lionel	1
liobody	1
lingering	1
line	1
limbs	1
lim	1
liking	1
lighten	1
lift	1
lieutenant	1
lies	1
lier	1
libertines	1
liberties	1
liber	1
lewson	1
level	1
letting	1
lethargic	1
lestshe	1
les	1
ler	1
leontium	1
lenient	1
legitimate	1
legatee	1
lectures	1
lecture	1
leceived	1
leapt	1
leaned	1
leaf	1
leaden	1
le	1
laying	1
laughs	1
lations	1
lather	1
latest	1
lasses	1
lash	1
largely	1
lard	1
languages	1
landed	1
laments	1
lame	1
ladybelmour	1
ladies'escape	1
ladiea	1
lacy	1
labouring	1
laborious	1
kundetf	1
ksual	1
knuw.how	1
knocking	1
kneeling	1
kitchen	1
kiss	1
kirn	1
kings	1
kingdoms	1
kine	1
kindle	1
kin	1
kiadhess	1
kew	1
jvne	1
justness	1
justly	1
justifies	1
judging	1
judges	1
judged	1
js	1
jpi	1
jovely	1
jou	1
jonbs	1
jointured	1
jointure	1
joining	1
joiikson	1
joice	1
johnsos	1
johnsoni	1
johnsoht	1
joe	1
job	1
jniundex	1
jne	1
jlford	1
jjers	1
jive	1
jiretend	1
jind	1
jie	1
jeveral	1
jet	1
jealousy	1
jcnoie	1
jaw	1
jakvis	1
j^tl	1
j0hks0n	1
ixlged	1
ixi	1
iwould	1
iwas	1
iutroduced	1
iutiude	1
iun	1
ity	1
itinerant	1
itichmore	1
items	1
italian	1
it.seems	1
it.con	1
isaid	1
irresistible	1
irr	1
ironical	1
iron	1
ipkigene	1
iphigene	1
ioncewas	1
ion	1
involuntary	1
involuntarily	1
inviolably	1
invincible	1
intuition	1
intrude	1
intoxicated	1
intervals	1
interval	1
interrogated	1
interred	1
interposition	1
interposed	1
intermixed	1
interfering	1
intently	1
insupportable	1
insulted	1
instruments	1
instructed	1
instance	1
inspires	1
inspired	1
inspection	1
insomuch	1
insolent	1
insolence	1
insinuate	1
inseparable	1
insensibility	1
inscription	1
ins	1
inquisitive	1
inqui	1
inoffensive	1
inoculate	1
innocerice	1
innocence	1
inner	1
ink	1
injustice	1
initiated	1
inherit	1
ingrato	1
ingenuous	1
infidelity	1
infernal	1
infer	1
infant	1
inexhaustible	1
inebriation	1
ine\	1
indulgent	1
inducted	1
indolent	1
india	1
indespensably	1
independent	1
indelicate	1
indecency	1
indebted	1
inde	1
incumbent	1
incroachers	1
increasing	1
incorruptible	1
inconsolable	1
incomparable	1
include	1
inclining	1
incline	1
incitements	1
incitement	1
incidental	1
inarcen	1
inadvertency	1
inactivity	1
ina	1
in%igh	1
imputes	1
improvement	1
impropriety	1
impos	1
importunities	1
imploring	1
implicitly	1
imperious	1
imperfectly	1
imperfection	1
imperfect	1
impenetrable	1
impending	1
impelled	1
impediments	1
impassable	1
immortality	1
immortal	1
immoral	1
immersed	1
imitations	1
imitation	1
imitating	1
imitated	1
imagined	1
ilord	1
iloldens	1
illness	1
illiberal	1
illegitimate	1
ill-used	1
ik	1
ijarclay	1
ij	1
iiim	1
iiid	1
iibrary	1
ihe	1
ignorantly	1
ie	1
ids	1
idoated	1
ido	1
idly	1
ice	1
ibis	1
iadies	1
i*will	1
i'am	1
i'aimable	1
hypocritical	1
hush	1
hung	1
hundredfold	1
hund	1
humourist	1
humoured	1
hume	1
humbler	1
humbled	1
hs.clcction	1
hr.a	1
housekeeper	1
household	1
housebreakers	1
hot	1
hostile	1
host	1
horrors	1
horror	1
hornet	1
horn	1
hor	1
hoping	1
hopeless	1
hopefully	1
hop	1
hoop	1
honovr	1
honours	1
homeward	1
holy	1
holland	1
holds	1
hoarseness	1
hoarse	1
hist	1
hire	1
hippy	1
hipi	1
hinti	1
hindrances	1
hindrance	1
him.both.shame	1
hild	1
hilarity	1
hiin	1
highroad	1
high-spirited	1
hie	1
hide	1
hid	1
hia	1
hi9tort	1
hhn	1
hex	1
hew	1
hevday	1
hev	1
hesitation	1
herev	1
heren	1
hercules	1
heparins	1
henceforward	1
hen	1
helpmate	1
helped	1
hel	1
heirs	1
heiress	1
height	1
heath	1
heat	1
hearers	1
healthy	1
healths	1
headstrong	1
he.thanked	1
hcsfirt	1
hazards	1
haye	1
haviour	1
haughtiness	1
haughtily	1
hath	1
hastiness	1
hastening	1
harwich	1
harve	1
hart	1
harsh	1
harmony	1
harmless	1
harlequin	1
harkee	1
hardship	1
hardhearted	1
har	1
happewed	1
hanging	1
handel	1
halves	1
hairdresser	1
hai	1
hackney	1
hack	1
guessed	1
guess	1
gucs.i	1
guardians	1
gtnerosity	1
grudges	1
grudged	1
grows	1
growing	1
grotesque	1
grosvenor	1
grosvenof	1
grosve	1
grossness	1
grimace	1
grieved	1
grieve	1
griet	1
griefs	1
greeks	1
greek	1
greece	1
grecian	1
gratification	1
gratefully	1
grandmother	1
gradually	1
gradual	1
graceful	1
gown	1
governs	1
govern	1
gothic	1
gossiped	1
gossip	1
goon	1
goods	1
goodnight	1
gome	1
goit.g	1
goal	1
goad	1
gluttony	1
glowed	1
glorious	1
globe	1
glare	1
giva	1
girla	1
giddy	1
geuerous	1
germany	1
georgy	1
gently	1
gentler	1
gentlemanlike	1
gentle	1
gente	1
generation	1
gen	1
gelby	1
gel	1
ge	1
gazings	1
gayest	1
gave.kim	1
gather	1
gate	1
garrison	1
gang	1
gaming	1
game	1
gallery	1
gaiued	1
gains	1
gaily	1
gaieties	1
fw	1
furthci	1
furnishes	1
furbelowed	1
funds	1
fund	1
fulvia	1
fullest	1
fulfilled	1
fugitives	1
ftrlmour	1
ftnav	1
frustrate	1
frugality	1
frowned	1
fronx	1
fro	1
fritnd	1
frightful	1
frigate	1
friendships	1
friar	1
frequent	1
frenzy	1
freewill'has	1
freed	1
frauklin	1
fraternal	1
frankly	1
fr	1
fo»	1
fourths	1
fourth	1
fountain	1
foundation	1
foul	1
fou	1
fostered	1
foryoo	1
forwardness	1
fortyfive	1
fortunatus	1
fortifications	1
forsook	1
formality	1
formal	1
forgiven	1
forgave	1
foresee	1
foregoing	1
foreboding	1
ford	1
forcibly	1
forbids	1
forbear	1
foppery	1
fop	1
footman	1
foom	1
fonder	1
followers	1
folk	1
fnents	1
fmd	1
flying	1
flutters	1
fluttered	1
flunk	1
flowing	1
flowers	1
flowed	1
flow	1
flounced	1
floor	1
flood	1
flirted	1
flights	1
fleeting	1
fleet	1
flattery	1
flattered	1
flanders	1
flaming	1
fixing	1
fixes	1
fitted	1
firstborn	1
firing	1
finnet	1
finis	1
finger	1
finely	1
findipg	1
finally	1
final	1
fils	1
filial	1
fight	1
fifth	1
fifteen	1
fie	1
fickle	1
ffiat	1
feverish	1
fever	1
fettered	1
festival	1
ferula	1
ferocity	1
females	1
felons	1
fellows	1
felicitations	1
felicitated	1
feels	1
feed	1
feats	1
feat	1
feast	1
fearing	1
fcheft	1
fcer	1
fay	1
fawning	1
favourably	1
fatorly/	1
fatjier	1
fatiguing	1
faster	1
fasten	1
farquhar	1
farmers	1
farce	1
fane	1
fancies	1
famille	1
familiars	1
familiarised	1
faltered.here	1
faltered	1
falls	1
falling	1
fairly	1
fain	1
fails	1
failings	1
faculty	1
factitious	1
faces	1
f.l	1
eyewitness	1
eyelashes	1
exulted	1
extricate	1
extravagances	1
extraordinary	1
extinct	1
extent	1
extends	1
extended	1
expressions	1
expresses	1
exploit	1
expires	1
expire	1
experiencsd	1
expended	1
expedients	1
exhorted	1
exhibition	1
exhausted	1
exerts	1
exercised	1
exemplary	1
executrix	1
executorship	1
executor	1
executing	1
execrations	1
execrated	1
exe	1
excusp	1
excuses	1
excursions	1
excluded	1
exchange	1
excesses	1
exceptionable	1
exceeds	1
exceed	1
examples	1
examining	1
examined	1
exaggerated	1
evils	1
evenings	1
eve	1
evaded	1
estimation	1
esteemed	1
espe	1
escort	1
es<j	1
errantry	1
ero	1
eri	1
ererewood	1
ereewill	1
ered	1
ere	1
erase	1
er	1
equalled	1
episode	1
eourage	1
envy	1
enumerated	1
ents	1
entrust	1
entreaty	1
entrance	1
entire	1
entiance	1
enthusiastic	1
enterprise	1
entering	1
entangled	1
entailed	1
ensure	1
ensue	1
ensnare	1
ensigns	1
enshrined	1
ensemble	1
enormous	1
enjpy	1
enjoys	1
enjoying	1
enjoins	1
engraft	1
english	1
ends	1
ending	1
endeth	1
endeavouring	1
endearments	1
endeared	1
encroaches	1
encroach	1
encouraging	1
encouraged.and	1
encored	1
enclosure	1
enclosing	1
enchantment	1
enchanting	1
en	1
employing	1
employers	1
empire	1
emo.r	1
emergency	1
embroidered	1
embracing	1
embonpoint	1
embezzled	1
embellishments	1
embellished	1
embarrassment	1
emancipate	1
emanation	1
elysian	1
eluded	1
eloquence	1
eligible	1
elevated	1
elements	1
element	1
elegantly	1
elected	1
eld	1
elbow	1
elaciwall	1
el	1
eived	1
eighteen	1
ehiett	1
eften	1
effeminate	1
effeminacy	1
effected	1
edged	1
ed	1
ecstasies	1
echoed	1
ebullition	1
eastern	1
east	1
easier	1
earnestness	1
earnesly	1
earned	1
earliest	1
earlier	1
eardon	1
eagerly	1
dying	1
dwelled	1
durst	1
duntou	1
duly	1
dull	1
ducks	1
dtgree	1
dry	1
drunk	1
drowned	1
drop	1
driving	1
drives	1
drinks	1
dried	1
dressing	1
dren	1
dreamed	1
dreads	1
drays	1
draws	1
drawings	1
draught	1
drahes	1
dragons	1
dr	1
dp	1
dozen	1
downcast	1
dowagers	1
doubted	1
dotards	1
dot	1
donation	1
doggerel	1
dog	1
document	1
doctrines	1
divulge	1
divinity	1
divide	1
diverting	1
diverted	1
distrust	1
distributed	1
distressing	1
distressful	1
distresses	1
distraction	1
distinctly	1
dissolved	1
dissipations	1
dissipation	1
dissipated	1
disqualification	1
disposing	1
displease	1
dispirited	1
disperse	1
dispensed	1
dispensation	1
dispatch	1
dismissed	1
disliking	1
dishes	1
disgusting	1
disgusted	1
disguise	1
disgraced	1
disengaged	1
disdainfully	1
disdained	1
discussion	1
discourages	1
discomposure	1
discomposed	1
discompose	1
disclosing	1
disclose	1
disclaim	1
discharged	1
discernment	1
discern	1
discbaiged	1
disarmed	1
disappoint	1
dis	1
director	1
dinnertime	1
ding.day	1
ding	1
dimples	1
diminish	1
diligent	1
dilemma	1
diffused	1
diffidence	1
diet	1
dictated	1
diana	1
di	1
dhine	1
devout	1
devoured	1
devour	1
devotions	1
devotion	1
devils	1
devilish	1
devil	1
deviated	1
detest	1
detention	1
detected	1
detect	1
detained	1
detail	1
destroy	1
destined	1
despondency	1
desk	1
designefl	1
deserts	1
describes	1
descend	1
derives	1
derived	1
depurture	1
deprive	1
depressed	1
dependant	1
deor	1
denouevient	1
denominations	1
denial	1
den	1
demands	1
delivery	1
deliverers	1
delirium	1
delightfully	1
delight	1
dejection	1
deigns	1
degeneracy	1
degagee	1
deft	1
defray	1
deformity	1
deformed	1
defer	1
defensive	1
defends	1
defended	1
defeat	1
deepest	1
decorum	1
declares	1
declaims	1
decisive	1
decided	1
decide.upon	1
decency	1
deceiver	1
decease	1
decamped	1
debating	1
debated	1
debate	1
deathbed	1
dearly	1
dearcoufin	1
dead	1
dazzled	1
darker	1
dark	1
dares	1
dank	1
dangerously	1
dancers	1
dan	1
damsels	1
daj	1
da	1
customs	1
custom	1
curtains	1
curtain	1
curious	1
cure	1
cupid	1
cup	1
cultivation	1
cultivating	1
cultivates	1
cultivated	1
cular	1
ctn~	1
cry	1
crudele	1
crossed	1
cross	1
criterion	1
crimes	1
crim	1
creeping	1
credentials	1
credential	1
created	1
cpncerted	1
cpllius	1
courtships	1
courtesy	1
courteous	1
courses	1
cour	1
couples	1
countries	1
counties	1
counteracted	1
counter	1
counsels	1
counsellors	1
coun	1
coultl	1
coueern	1
couch	1
cottagers	1
cotillions	1
cotillii	1
cotilion	1
corresponding	1
corresponded	1
corrector	1
correction	1
corrected	1
corner	1
cording	1
cordially	1
cordiality	1
cor	1
coquet	1
copied	1
cool	1
cookt	1
conviction	1
convicted	1
conveying	1
conveyed	1
conversion	1
conversa	1
convenient.distances	1
conveniences	1
conve	1
contrivances	1
contrivance	1
contribute	1
contrast	1
contrary	1
contradict	1
contingencies	1
contihuation	1
contending	1
contaminate	1
containing	1
contagion	1
consumption	1
consulting	1
construed	1
constitute	1
constancy	1
conspicuous	1
consistent	1
consisted	1
consiii	1
considerations	1
consenting	1
consecrated	1
conscious	1
conscience	1
conquest	1
conquered	1
connect	1
conjured	1
conjectured	1
congratu	1
confoundedly	1
confounded	1
conformable	1
confirmation	1
confinement	1
confined	1
confine	1
confesses	1
conferences	1
confer	1
confasion	1
conducts	1
condolence	1
conditions	1
condescends	1
condemns	1
condemned	1
condemn	1
concurrence	1
conciliatory	1
concertos	1
concerns	1
concealment	1
concealing	1
con	1
comrade	1
composition	1
composedly	1
compliant	1
compliance	1
completes	1
complacent	1
compilable	1
competitors	1
competent	1
competence	1
compel	1
comparisons	1
compares	1
compare	1
compa	1
communicative	1
communication^of	1
communicated	1
commonplace	1
commoner	1
committed	1
commit	1
commissioned	1
commendably	1
commend	1
commencement	1
commanded	1
comic	1
comforting	1
comedy	1
comedies	1
coloured	1
collection	1
collation	1
colchester	1
cohabitation	1
coffin	1
coffee	1
coat	1
coachman	1
coaches	1
cmtiter	1
clumsy	1
clown	1
cloven	1
cloud	1
closet	1
clerk	1
cleft	1
cleared	1
clean	1
clause	1
clauon	1
class	1
clasped	1
clarke	1
clapped	1
clandestine	1
claims	1
civilization	1
civilities	1
civilised	1
cither	1
circumstanced	1
cil	1
cid	1
cially	1
choir	1
chit-chat	1
chill	1
childrens	1
chil	1
chid	1
chestnut	1
chesterfield	1
cherry	1
cher	1
cheering	1
cheat	1
chbose	1
chastity	1
chastisement	1
chastise	1
charmed	1
charm	1
characteristic	1
changing	1
chancery	1
chancellor	1
chan	1
challenger	1
challenged	1
chalked	1
chaise^.as	1
chains	1
chain	1
cha	1
cfate	1
cf	1
cery	1
certify	1
certainty	1
cerempme	1
ceremonies	1
centre	1
cense	1
celebration	1
ceived	1
ceive	1
ceit	1
ceased	1
cavalierly	1
causes	1
caused	1
cau	1
cater	1
catechism	1
catched	1
catcbed	1
casting	1
caru	1
carts	1
carthusian	1
carrier	1
caricaturas	1
caresses	1
careful	1
captivity	1
captive	1
captivated	1
caprice	1
capitally	1
cap	1
cane	1
candles	1
calmed	1
calm	1
calling	1
calkf*	1
calculated	1
cake	1
caii	1
c/iarge	1
by's	1
busy	1
burn	1
burden	1
bundles	1
bund	1
built	1
buildings	1
build	1
buckram	1
bubaiissiou	1
btnnei	1
btlow	1
brutality	1
browning	1
brotherj	1
broad	1
bro	1
brink	1
bringing	1
brilliants	1
bright	1
bridle	1
bridej	1
bribed	1
brewing	1
brentwood	1
breeding	1
breast	1
brave	1
bragged	1
bracelets	1
boys	1
boyr	1
boxes	1
bows	1
bowling	1
bowing	1
bouse	1
bounds	1
bounded	1
bot	1
bordering	1
boohs	1
bonnet	1
bondsman	1
bondage	1
bolt	1
bolingbroke	1
boldness	1
boldly	1
bodies	1
boded	1
boasts	1
boast	1
boarders	1
bn	1
bluntness	1
blundering	1
blue	1
blown.over	1
blowed	1
blow	1
bloomshury	1
bloomfield	1
blood	1
blindfold	1
blessmgs	1
blemish	1
bleed	1
bled	1
blazes	1
blaekwall	1
blackvvall	1
black	1
bitterly	1
bits	1
birds	1
bilson	1
billet	1
big	1
bible	1
bhip.r	1
bexnet	1
beware	1
bevnf.t	1
betrayers	1
bespoke	1
besiege	1
beseeching	1
berries	1
bequeathed	1
bent	1
benntft	1
benket	1
beneficial	1
beneficence	1
benefactors	1
benediction	1
bending	1
bench	1
ben	1
below	1
belongs	1
belmoux	1
belmourf	1
belm0ur	1
believing	1
beknet	1
beimour	1
beholder	1
beheld	1
behaving	1
behaves	1
begia	1
beggars	1
befriend	1
beforeh	1
befoi*	1
befo.e	1
beep	1
bedfordshire	1
beckon	1
beautifies	1
beauties	1
beau	1
bearing	1
bave	1
battle	1
bate	1
bat	1
bass	1
basin	1
bashfulness	1
barrier	1
baron	1
barometer	1
barnham	1
barely	1
bard	1
banns	1
banknote	1
banjour	1
banishes	1
banished	1
balancing	1
bailiffs	1
bag	1
baffled	1
backwards	1
backward	1
baby	1
babes	1
ba	1
b's	1
awkwardly	1
awhile	1
awful	1
awake	1
awaits	1
avqid	1
avowed	1
avhen	1
averse	1
ave	1
avast	1
avail	1
autre	1
authors	1
authorises	1
authorised	1
authorise	1
auswered	1
auspices	1
auri	1
aukvcord	1
audience	1
aucto	1
auburn	1
attributed	1
attraction	1
attracting	1
attitude	1
atthejausbands	1
attendant	1
attempting	1
attained	1
attacks	1
attach	1
atrd	1
atone	1
atier	1
astonishment	1
associates	1
associate	1
assisting	1
assistances	1
assiduously	1
assiduity	1
asses	1
assertions	1
ass	1
aspires	1
aspirations	1
aspasia	1
asks	1
asine	1
as^my	1
artist	1
artillery	1
articulate	1
artfully	1
arrows	1
arrogant	1
arrested	1
array	1
armstrong	1
armida	1
armed	1
ark	1
arises	1
arcadia	1
arbitration	1
arbitrary	1
apxieties	1
apropos	1
approaches	1
apprehended	1
apprehend	1
applied	1
applicable	1
appetites	1
appellation	1
appearances	1
appeals	1
apparently	1
apparel	1
apon	1
apology	1
apologise	1
apart	1
ap	1
aod	1
anyself	1
any'service	1
anxiety	1
anxieties	1
anticipated	1
answering	1
answerable	1
anonymous	1
annually	1
animating	1
animal	1
animadversion	1
angels	1
andyou	1
andh	1
andean	1
and.two	1
and.i	1
and..his	1
and'l	1
ancknt	1
ancients	1
ana	1
amongst	1
amiss	1
amend	1
ambitious	1
altertitio'n«iid	1
alterations	1
allurements	1
allure	1
allows	1
allowances	1
allowance	1
allotment	1
allied	1
alli	1
alleviated	1
alleviate	1
allen	1
allayed	1
allay	1
alive	1
alias	1
alcibiades	1
alban'a	1
alban	1
alarms	1
alarming	1
alacrity	1
ajways	1
aiming	1
aim	1
aiid	1
aii	1
aid	1
ai	1
ahswer	1
agony	1
agitations	1
agitation	1
agitated	1
aggrandise	1
aftcrnttn	1
aftcrnmn	1
affords	1
afflicted	1
affirm	1
affect	1
advises	1
advertisement	1
advertised	1
adversity	1
adventures'here	1
advancing	1
adorned	1
adorn	1
adoring	1
adoption	1
ado	1
admirers	1
admirer	1
admirably	1
administered	1
adjutant	1
adieus	1
adept	1
additions	1
adding	1
adb	1
actual	1
actors	1
actor	1
actly	1
actio	1
actiiee	1
acted	1
acquisition	1
acquirement	1
acquire	1
acquiescence	1
acknowr	1
acknowledging	1
acknowledges	1
acknow*	1
accuse	1
accumulating	1
accoutrements	1
accounted	1
accompanies	1
accommodation	1
accommodate	1
accidentally	1
accessary	1
acceptable	1
accent	1
accelerate	1
academy	1
academics	1
abyss	1
absurd	1
abstracted	1
absent	1
absences	1
abridge	1
abode	1
aboard	1
abjured	1
abie	1
abide	1
abel	1
abatement	1
aad	1
a.fashionable	1
a-la-mode	1
a'good	1
^\	1
^/rftnoccnt	1
]	1
\yay	1
?,	1
?'	1
<'	1
6ent	1
6bligations	1
4nd	1
2sj	1
1'ranklin	1
/.	1
.•/	1
...	1
.)	1
.'!	1
.".	1
."'	1
.!	1
'•'	1
':	1
'',	1
'''	1
'"	1
%	1
$;	1
".	1
!;	1
!'	1
