,	2106
the	1667
of	1190
and	824
to	651
his	527
a	493
.	455
;	440
was	345
he	342
in	330
her	257
with	229
that	228
which	211
on	181
i	175
:	160
—	148
from	147
for	140
by	140
my	129
it	125
had	123
an	119
not	116
him	116
be	116
at	115
as	115
"	108
she	104
all	103
but	94
you	77
|arabic1digit|	70
its	69
allan	69
now	68
is	67
so	66
this	65
."	64
were	62
could	62
their	56
would	55
having	55
'	55
your	54
castle	53
when	52
most	52
heart	52
or	50
!	49
said	48
some	45
|'s|	44
such	44
what	42
lord	42
glanville	42
who	41
mind	41
desmond	41
*'	41
those	40
no	40
''	40
more	39
have	39
carbery	38
me	37
every	37
elinor	37
**	37
|romannumeral|	36
one	36
himself	36
gerald	36
(	36
?	35
ella	33
then	31
nature	31
whilst	30
they	30
into	30
daughter	30
bosom	30
yet	29
upon	29
though	29
may	29
friend	29
pleasure	28
any	28
)	28
too	27
own	27
love	27
never	26
should	25
chieftain	25
where	24
view	24
still	24
object	24
much	24
if	24
did	24
been	24
tyrone	23
soon	23
many	23
father	23
we	22
must	22
life	22
countenance	22
well	21
until	21
time	21
than	21
son	21
saw	21
person	21
has	21
first	21
can	21
are	21
*^	21
!"	21
youth	20
towards	20
theresa	20
them	20
shall	20
seemed	20
found	20
feelings	20
fair	20
each	20
through	19
retired	19
noble	19
name	19
lovely	19
heard	19
whose	18
hand	18
determined	18
attention	18
without	17
will	17
whole	17
thy	17
state	17
situation	17
rival	17
pride	17
man	17
little	17
however	17
how	17
honour	17
emotions	17
chap	17
being	17
against	17
?"	17
only	16
once	16
nor	16
knight	16
hall	16
exclaimed	16
white	15
us	15
up	15
subject	15
soul	15
scene	15
perhaps	15
over	15
knew	15
eyes	15
day	15
again	15
'*	15
|arabic2digit|	14
vain	14
thought	14
perceived	14
passion	14
old	14
often	14
made	14
lie	14
hope	14
gloomy	14
form	14
family	14
eye	14
apartment	14
am	14
also	14
air	14
young	13
ulster	13
there	13
tender	13
taken	13
stranger	13
same	13
monastery	13
let	13
lady	13
interesting	13
good	13
generous	13
felt	13
e	13
breast	13
before	13
arrived	13
while	12
voice	12
short	12
return	12
rest	12
presence	12
o	12
means	12
know	12
imagination	12
head	12
happiness	12
friendship	12
fortune	12
degree	12
attended	12
armour	12
affections	12
accident	12
'^	12
whom	11
therefore	11
solicitude	11
seeing	11
say	11
received	11
possessed	11
peace	11
passed	11
next	11
myself	11
moment	11
light	11
indeed	11
hour	11
great	11
expressive	11
even	11
entered	11
delight	11
connel	11
blood	11
^	11
very	10
tournament	10
tis	10
sudden	10
sight	10
plain	10
out	10
our	10
open	10
night	10
morn	10
make	10
m	10
joy	10
hopes	10
herself	10
give	10
find	10
figure	10
few	10
fancy	10
dromore	10
do	10
chief	10
chamber	10
awoke	10
aunt	10
appeared	10
agitation	10
world	9
why	9
two	9
tliat	9
thus	9
thou	9
tablet	9
smile	9
sensations	9
scenes	9
replied	9
reason	9
present	9
perceive	9
manner	9
long	9
left	9
led	9
k	9
just	9
here	9
gratitude	9
graceful	9
gave	9
full	9
fascinating	9
far	9
ever	9
distance	9
danger	9
cause	9
ambition	9
across	9
words	8
wish	8
vol	8
tenderness	8
t	8
succeeded	8
stood	8
speak	8
source	8
side	8
shades	8
sentiments	8
see	8
sacred	8
revenge	8
retreat	8
render	8
reality	8
purpose	8
proud	8
powers	8
power	8
opportunity	8
imagined	8
illustrious	8
human	8
heir	8
h	8
friends	8
fear	8
earth	8
down	8
distress	8
death	8
convinced	8
between	8
back	8
attendants	8
assured	8
anxious	8
another	8
alas	8
age	8
after	8
^'	8
wound	7
wishes	7
vale	7
urged	7
unknown	7
turrets	7
truth	7
thrown	7
surely	7
strange	7
steps	7
spirits	7
solitary	7
since	7
shield	7
sensible	7
second	7
seat	7
scarcely	7
save	7
rose	7
respect	7
re	7
oh	7
off	7
objects	7
might	7
melancholy	7
looks	7
look	7
like	7
liis	7
length	7
itself	7
interests	7
influence	7
house	7
hastily	7
g	7
forth	7
formed	7
fancied	7
face	7
enemy	7
effort	7
effects	7
disposition	7
departed	7
circus	7
blue	7
birth	7
bestowed	7
beloved	7
began	7
arms	7
among	7
along	7
alarm	7
affected	7
added	7
^^	7
|arabic3digit|	6
word	6
wished	6
wild	6
western	6
weak	6
visit	6
vanity	6
vanished	6
take	6
sweet	6
stroke	6
spirit	6
society	6
sleep	6
sense	6
seen	6
secret	6
sash	6
rights	6
resolution	6
rendered	6
reclined	6
receive	6
rage	6
r	6
prove	6
prospect	6
prevailed	6
possession	6
place	6
pious	6
perceiving	6
other	6
order	6
opinion	6
occupied	6
observed	6
noise	6
near	6
morning	6
malcolm	6
lowly	6
leave	6
kxight	6
kind	6
j	6
introduced	6
interview	6
interposed	6
intention	6
ing	6
indulge	6
indisposition	6
impelled	6
immediately	6
hours	6
hereditary	6
heath	6
happy	6
girl	6
friendly	6
foot	6
following	6
flattering	6
fate	6
fame	6
extensive	6
existence	6
enter	6
dreary	6
dream	6
distinguished	6
directed	6
dignity	6
design	6
dear	6
dark	6
consequence	6
connexion	6
conduct	6
composure	6
come	6
circumstance	6
charms	6
cavern	6
cast	6
called	6
bring	6
bell	6
banquet	6
avonmore	6
attentions	6
attachment	6
assistance	6
arts	6
art	6
around	6
arose	6
approaching	6
appearance	6
angelic	6
angel	6
alliance	6
warm	5
walls	5
vision	5
views	5
true	5
trembling	5
took	5
thine	5
territory	5
sufficient	5
struck	5
stream	5
staircase	5
splendid	5
spare	5
sound	5
sigh	5
shed	5
share	5
served	5
sent	5
seemingly	5
seeming	5
secure	5
secrecy	5
savage	5
sat	5
rushed	5
rock	5
right	5
returning	5
resentment	5
repose	5
ray	5
raised	5
proclaimed	5
privation	5
prince	5
presented	5
portion	5
point	5
placed	5
path	5
past	5
part	5
original	5
opposed	5
occasioned	5
occasion	5
obscurity	5
obeyed	5
new	5
natural	5
n	5
mystery	5
motto	5
mention	5
meet	5
manly	5
luxuriant	5
lists	5
lines	5
limbs	5
lier	5
liad	5
knowledge	5
jealous	5
iu	5
inveterate	5
interested	5
imagine	5
idea	5
humble	5
horses	5
horror	5
hoped	5
hills	5
hear	5
half	5
guests	5
grey	5
grateful	5
golden	5
gloom	5
future	5
further	5
fright	5
fond	5
followed	5
flung	5
flew	5
fire	5
fields	5
feeling	5
favour	5
f	5
exposed	5
events	5
estates	5
drew	5
dress	5
dreams	5
domestics	5
displayed	5
dismal	5
dignified	5
desire	5
designs	5
descended	5
departure	5
delightful	5
delicate	5
deep	5
darkness	5
dagger	5
d	5
curiosity	5
court	5
convey	5
confusion	5
confidence	5
conceal	5
claim	5
chase	5
care	5
came	5
brow	5
boy	5
bowed	5
blessings	5
bear	5
battlements	5
b	5
aware	5
attendant	5
arrested	5
arm	5
ancestors	5
ambrose	5
afforded	5
adventure	5
admiration	5
address	5
action	5
acquainted	5
account	5
accents	5
•	4
worthy	4
wliich	4
witness	4
wind	4
whither	4
weakness	4
waste	4
warrant	4
visions	4
virtue	4
victory	4
venerable	4
vehicle	4
vassal	4
vas	4
united	4
under	4
ultonian	4
turned	4
truly	4
trivial	4
tinder	4
till	4
thee	4
terror	4
terms	4
table	4
surrounding	4
superior	4
sun	4
sullen	4
success	4
story	4
storm	4
stay	4
spot	4
sport	4
spectators	4
sounded	4
soft	4
sister	4
silver	4
silent	4
shrunk	4
shoulder	4
shone	4
shame	4
shade	4
severe	4
seated	4
s	4
rural	4
rugged	4
rude	4
round	4
rough	4
river	4
reward	4
returned	4
retirement	4
residence	4
requested	4
rendering	4
remains	4
religion	4
relieved	4
related	4
reflection	4
recovered	4
recognised	4
real	4
reached	4
rank	4
rain	4
purposes	4
prospects	4
proofs	4
proceeded	4
pretensions	4
powerful	4
postern	4
poor	4
polite	4
phantom	4
patron	4
passage	4
party	4
partner	4
particularly	4
opponent	4
offer	4
obligations	4
niece	4
necessity	4
necessary	4
nearly	4
moon	4
mood	4
mistaken	4
misfortune	4
minutes	4
midnight	4
merit	4
mansion	4
madam	4
lost	4
looked	4
liberal	4
lest	4
lay	4
lately	4
late	4
last	4
language	4
interest	4
intent	4
inspired	4
innocent	4
informed	4
inform	4
infant	4
indignation	4
inclined	4
impulse	4
impassioned	4
immediate	4
idol	4
ideas	4
hollow	4
hillary	4
high	4
haughty	4
green	4
grand	4
graces	4
got	4
gold	4
god	4
given	4
gently	4
gate	4
frame	4
fondly	4
folds	4
ferocious	4
fellow	4
feel	4
feeble	4
favourite	4
favourable	4
fast	4
fall	4
extreme	4
except	4
escaped	4
enough	4
enmity	4
enamoured	4
ehnor	4
effect	4
duty	4
done	4
divine	4
distant	4
disgrace	4
device	4
descending	4
dependent	4
deed	4
dangerous	4
crimson	4
course	4
couch	4
conducted	4
concern	4
concealed	4
composed	4
commanded	4
colour	4
clouds	4
child	4
cherished	4
cheerful	4
characters	4
character	4
cave	4
cannot	4
bv	4
both	4
board	4
bleak	4
blast	4
black	4
behind	4
become	4
beams	4
base	4
bard	4
balcony	4
aspect	4
arguments	4
approached	4
approach	4
applied	4
anxiety	4
answer	4
ambitious	4
already	4
alone	4
almost	4
agitated	4
affection	4
affair	4
adversary	4
acts	4
accent	4
about	4
|arabicprice|	3
yes	3
years	3
wretch	3
wet	3
weighty	3
way	3
vras	3
virtuous	3
violence	3
vassals	3
various	3
use	3
unnecessary	3
tyrant	3
treachery	3
transcendent	3
towers	3
totally	3
tolled	3
tion	3
throng	3
think	3
things	3
these	3
th	3
tend	3
tempted	3
taper	3
system	3
sweetness	3
suspicion	3
surrounded	3
surprise	3
suppose	3
sufficiently	3
subtle	3
step	3
started	3
stab	3
spring	3
spread	3
sports	3
spirited	3
spectacle	3
spacious	3
sort	3
sorrow	3
sooner	3
sometimes	3
small	3
six	3
simple	3
silvery	3
silence	3
sighed	3
show	3
shelter	3
sharp	3
sex	3
setting	3
sentiment	3
seized	3
seats	3
scoundrel	3
saved	3
sanction	3
safety	3
safe	3
sacrifice	3
sable	3
rowers	3
room	3
rode	3
ridicule	3
reverie	3
retire	3
result	3
rested	3
resounded	3
reptile	3
regard	3
recommended	3
recollecting	3
rather	3
rapture	3
range	3
randal	3
race	3
question	3
pursuit	3
pursuers	3
purple	3
proposed	3
proof	3
produced	3
proceed	3
prime	3
prevent	3
preserver	3
prejudices	3
possible	3
possessions	3
poniard	3
politic	3
plumes	3
pity	3
persons	3
permission	3
perfect	3
pensive	3
peculiarity	3
patronage	3
passions	3
partake	3
parents	3
pale	3
pair	3
paced	3
p	3
overwhelmed	3
occurred	3
nothing	3
nation	3
muttering	3
mountains	3
moss	3
momentary	3
mistress	3
mine	3
memory	3
meditations	3
medical	3
measures	3
meantime	3
master	3
manners	3
majestic	3
m'ith	3
luxury	3
luxuriance	3
loss	3
lofty	3
livid	3
lips	3
liim	3
less	3
laws	3
large	3
languor	3
known	3
knowing	3
judgement	3
jl	3
jealousy	3
ith	3
irresistible	3
involuntary	3
intrusion	3
intentions	3
ins	3
injury	3
indulging	3
indebted	3
impending	3
i'm	3
hythe	3
hut	3
houses	3
hounds	3
hostile	3
horse	3
horrors	3
honourable	3
holy	3
hilarity	3
highly	3
heavy	3
hearts	3
hearing	3
health	3
harp	3
harm	3
hard	3
hamlets	3
grown	3
ground	3
grace	3
going	3
glance	3
giving	3
gentle	3
generosity	3
general	3
gallant	3
fury	3
fox	3
forget	3
forehead	3
foes	3
flame	3
fixed	3
fine	3
festivity	3
female	3
feet	3
fatal	3
fairy	3
extravagant	3
extended	3
exquisite	3
expressions	3
expressed	3
expedition	3
exalted	3
event	3
evening	3
estimation	3
esteemed	3
esteem	3
established	3
escape	3
er	3
entrance	3
entirely	3
enthusiastic	3
enthusiasm	3
enraptured	3
enjoyment	3
enjoined	3
endeared	3
end	3
encouraged	3
emotion	3
efforts	3
ed	3
ecstasy	3
dropped	3
drop	3
drawing	3
door	3
doomed	3
distinction	3
disgust	3
disappointment	3
disappeared	3
difficulty	3
difficulties	3
devotion	3
devoted	3
despondence	3
designing	3
desert	3
depicted	3
dependents	3
departing	3
deadly	3
de	3
dawn	3
darted	3
dart	3
crowd	3
crept	3
credulous	3
create	3
country	3
conviction	3
conversation	3
considered	3
consideration	3
considerable	3
consider	3
consequences	3
conjecture	3
confident	3
confide	3
concluded	3
con	3
complete	3
companion	3
comforts	3
collecting	3
collected	3
cloud	3
closed	3
circumstances	3
circle	3
choice	3
chiefs	3
cheer	3
charm	3
charge	3
characterised	3
chair	3
car	3
candidates	3
business	3
brought	3
brother	3
broad	3
bright	3
born	3
boasted	3
blush	3
bliss	3
blasts	3
benevolence	3
believe	3
became	3
beauty	3
beat	3
barriers	3
barren	3
barge	3
bank	3
bad	3
attributed	3
attending	3
assumed	3
assailed	3
asked	3
artful	3
apprehensive	3
animated	3
ancient	3
amusements	3
alarmed	3
aim	3
ah	3
agreeable	3
aged	3
advantages	3
adored	3
addressed	3
accustomed	3
according	3
^*	3
.)	3
--	3
«	2
zeal	2
yesterday	2
wrinkled	2
wretched	2
wounded	2
worth	2
worldly	2
wood	2
wings	2
windings	2
winding	2
wiiich	2
wide	2
whistles	2
welcome	2
weight	2
waters	2
water	2
watch	2
wars	2
warmth	2
want	2
walk	2
waiting	2
waited	2
vvas	2
voluntary	2
volatile	2
visits	2
visited	2
visible	2
vio	2
vinced	2
vile	2
victim	2
vexation	2
vere	2
vent	2
veneration	2
vaults	2
vassalage	2
value	2
valuable	2
valley	2
uttered	2
utter	2
utmost	2
usurped	2
unwilling	2
unusual	2
unremitting	2
unoffending	2
unhappy	2
uneasy	2
understood	2
unacquainted	2
unaccountable	2
unable	2
ultimatum	2
tyranny	2
twas	2
turn	2
trumpet	2
triumph	2
trembled	2
treated	2
treasure	2
train	2
trace	2
torrents	2
tongues	2
tone	2
told	2
tlic	2
tints	2
timidity	2
times	2
tiie	2
throw	2
thrilled	2
thoughtless	2
thistle	2
thirst	2
third	2
thing	2
themselves	2
theme	2
thanked	2
termed	2
tenderest	2
tell	2
tears	2
tall	2
taking	2
sympathy	2
suspicions	2
suspect	2
susanna	2
surveyed	2
sure	2
supported	2
superstitious	2
superiority	2
sunk	2
summons	2
summoned	2
summits	2
suggestions	2
sufferings	2
succeeding	2
subscribe	2
stung	2
study	2
studies	2
struggle	2
strings	2
striking	2
strength	2
strain	2
stole	2
stings	2
sting	2
stern	2
steed	2
stately	2
start	2
st	2
sprung	2
springs	2
splendour	2
speed	2
spear	2
south	2
sought	2
soothe	2
son-in-law	2
solemn	2
sole	2
snow-white	2
smiles	2
slow	2
slighted	2
slie	2
situated	2
sire	2
sir	2
silken	2
sights	2
sighs	2
sides	2
sickly	2
shrink	2
shrine	2
shrill	2
shook	2
shivering	2
shivered	2
services	2
serene	2
seraphic	2
sepulchre	2
sensibility	2
senses	2
self	2
selecting	2
seldom	2
seek	2
sedulously	2
secured	2
scowling	2
science	2
sceptre	2
scattered	2
satisfaction	2
sanguinary	2
sallow	2
rules	2
ruins	2
ruffian	2
roof	2
romantic	2
rolled	2
rocks	2
riveted	2
rising	2
rid	2
richly	2
rich	2
reviving	2
retained	2
resume	2
restrained	2
respecting	2
respectful	2
resist	2
required	2
require	2
repeating	2
renders	2
removed	2
remote	2
remnant	2
relation	2
rejected	2
reigned	2
regardless	2
refreshments	2
reflections	2
recting	2
recommend	2
recess	2
recalled	2
rebecca	2
reasons	2
raven	2
raptured	2
rancorous	2
ran	2
raise	2
quite	2
quarters	2
pursued	2
purport	2
prudential	2
providence	2
proudly	2
propriety	2
proprietor	2
proposal	2
propitious	2
progress	2
profusion	2
productive	2
procured	2
probable	2
proacli	2
private	2
principle	2
priest	2
prey	2
pressed	2
press	2
presents	2
precious	2
preceding	2
precaution	2
praise	2
poverty	2
potent	2
post	2
possess	2
politeness	2
polished	2
pointing	2
plume	2
plumage	2
pleased	2
plant	2
plan	2
plaintive	2
pillow	2
picture	2
phantoms	2
persuaded	2
persevering	2
perseverance	2
penetrating	2
penetrate	2
pencil	2
peeped	2
peasant	2
pawed	2
paternal	2
pastimes	2
pass	2
particulars	2
parted	2
parent	2
pardon	2
paleness	2
paid	2
owing	2
overflowing	2
overcome	2
ornaments	2
ordinances	2
orders	2
orb	2
opposite	2
oft	2
offices	2
offerings	2
obtruded	2
obtained	2
obtain	2
observing	2
observe	2
observation	2
obey	2
oa	2
o'calaghan	2
o'cal	2
numerous	2
notice	2
north	2
noblest	2
neither	2
neighbouring	2
negligence	2
neglected	2
nd	2
nay	2
narrow	2
mysterious	2
music	2
murky	2
ms	2
mountain	2
mount	2
motions	2
motion	2
moonlight	2
modest	2
moaning	2
mistook	2
misery	2
minstrel	2
miles	2
middle	2
metal	2
met	2
mere	2
mentioned	2
men	2
meeting	2
medium	2
meditation	2
meditating	2
measure	2
meanness	2
mean	2
matter	2
match	2
marked	2
manifold	2
manifest	2
makes	2
magnificent	2
magic	2
madness	2
m'hich	2
lowering	2
low	2
loved	2
longer	2
lingering	2
linger	2
likely	2
liberty	2
leaving	2
least	2
lavert	2
landscape	2
lamented	2
ladies	2
knows	2
knock	2
knelt	2
judith	2
judge	2
joined	2
jet	2
ivory	2
issue	2
irregular	2
invitation	2
inviolable	2
introduction	2
introducing	2
intolerable	2
intimacy	2
interrupted	2
interpretation	2
intercourse	2
insure	2
instructions	2
instant	2
inscribed	2
inquired	2
inquire	2
innocence	2
infixed	2
infernal	2
infancy	2
inexpressible	2
industry	2
indulged	2
incumbent	2
increased	2
increase	2
incense	2
incapable	2
inattentive	2
imprinted	2
impressive	2
impressions	2
impression	2
impressing	2
impressed	2
impossible	2
imposed	2
important	2
import	2
impatience	2
imparts	2
immoveable	2
images	2
image	2
ill	2
id	2
ian	2
i'd	2
hy	2
husband	2
hurried	2
hung	2
ht	2
hovered	2
horsemen	2
home	2
hold	2
hoard	2
hither	2
hilt	2
hill	2
highest	2
hich	2
hers	2
hero	2
herald	2
help	2
held	2
heiress	2
heen	2
heaving	2
heavily	2
heated	2
he'd	2
hatred	2
hasty	2
hast	2
happened	2
ha	2
gust	2
guilty	2
guilt	2
guardian	2
guard	2
grave	2
gratify	2
goodness	2
go	2
glowing	2
glimmering	2
glare	2
glad	2
gazed	2
gay	2
garden	2
gang	2
gallery	2
gaining	2
gained	2
gain	2
furiously	2
frequent	2
frenzy	2
free	2
fraternity	2
founded	2
fought	2
forward	2
forms	2
former	2
formal	2
forlorn	2
follow	2
foi	2
foe	2
flown	2
flower	2
fleeting	2
flanked	2
flag	2
fit	2
firmament	2
fiery	2
fidelity	2
fever	2
feuds	2
festive	2
fell	2
fears	2
feared	2
fault	2
faltering	2
faithful	2
fairest	2
faint	2
failed	2
facility	2
eyelids	2
exultation	2
extraordinary	2
explanation	2
experienced	2
expected	2
exile	2
exhausted	2
exercise	2
execute	2
excursions	2
excursion	2
exclaim	2
excited	2
excellent	2
example	2
examined	2
evil	2
etiquette	2
ethereal	2
eternal	2
erring	2
erase	2
eradicate	2
epithets	2
envy	2
enveloped	2
entire	2
entertained	2
entering	2
enlivened	2
enliven	2
enjoyments	2
enjoyed	2
enjoy	2
engaging	2
endeavouring	2
endeavoured	2
enclosed	2
emulous	2
empty	2
employed	2
eminence	2
embroidered	2
elevated	2
ejaculations	2
either	2
effusions	2
east	2
ease	2
ears	2
earnest	2
early	2
due	2
dreaded	2
draw	2
doubted	2
doubt	2
doors	2
domains	2
does	2
distracted	2
distinctly	2
distinctions	2
disregarded	2
disquietude	2
dispatched	2
dispatch	2
disparity	2
disguise	2
disappointed	2
disagreeable	2
directions	2
direction	2
direct	2
dire	2
dinner	2
diffused	2
dexterity	2
devote	2
destruction	2
despise	2
despair	2
desolate	2
description	2
derive	2
deposited	2
depends	2
demon	2
demanded	2
delay	2
deity	2
degrading	2
defeat	2
declining	2
declared	2
dearest	2
dearer	2
dead	2
days	2
daring	2
dare	2
damp	2
curtains	2
crowned	2
crowded	2
criminal	2
county	2
cottagers	2
cottage	2
corrupt	2
coronet	2
corner	2
cordial	2
coppice	2
convulsed	2
conveyed	2
contrive	2
contest	2
contending	2
contempt	2
containing	2
constant	2
consent	2
conrad	2
connubial	2
confess	2
confer	2
condolence	2
conclusions	2
conceive	2
concealment	2
completely	2
complaints	2
compassion	2
communicated	2
comfort	2
combat	2
colours	2
coloured	2
cold	2
cloister	2
clearly	2
clear	2
clan	2
church	2
chubby	2
cheat	2
charmed	2
charger	2
changed	2
chance	2
cf	2
certainly	2
ceased	2
cavalcade	2
cautiously	2
cautious	2
caution	2
caught	2
casque	2
carriage	2
cares	2
carbeiy	2
captivating	2
calculated	2
calamity	2
busy	2
burst	2
brothers	2
brisk	2
brilliancy	2
brightened	2
brave	2
branch	2
bordering	2
blushed	2
blow	2
bloom	2
bloody	2
bigotry	2
beyond	2
better	2
betrayed	2
bery	2
beo	2
bent	2
beneath	2
beheld	2
begun	2
begin	2
bed	2
because	2
beautiful	2
beauties	2
bearing	2
basis	2
banner	2
banks	2
banish	2
avoided	2
avoid	2
avidity	2
avhere	2
avenues	2
avail	2
aught	2
attitude	2
attire	2
attend	2
attempted	2
attached	2
astonishment	2
astonished	2
assure	2
assassins	2
assassin	2
assailant	2
ask	2
ascended	2
artless	2
arising	2
ardent	2
apprehended	2
appointed	2
appear	2
apparent	2
antiquated	2
anticipated	2
announced	2
animal	2
amidst	2
amazement	2
alteration	2
aimed	2
agony	2
agent	2
afford	2
affluence	2
af	2
adoration	2
admire	2
add	2
actuated	2
active	2
actions	2
acted	2
acquire	2
acquaintance	2
acknowledgments	2
acknowledged	2
accomplishments	2
accomplish	2
acceptable	2
absorbed	2
absence	2
abruptly	2
above	2
?''	2
.^	2
.''	2
.'	2
!''	2
♦*	1
■	1
€\'er	1
••	1
•«	1
•vvith	1
•vol	1
•vibrate	1
•open	1
•charms	1
•birth	1
•*	1
„,	1
«>	1
«*	1
£tc])s	1
|x)rtion	1
|)ccm	1
zone	1
zephyr	1
zealous	1
y»hich	1
yrone	1
yqu	1
youths	1
yout	1
yourself	1
youf	1
youdg	1
yonder	1
yoiiv	1
yoice	1
yoi^	1
year	1
ye	1
y	1
xxight	1
xsoi	1
xo	1
xir	1
xchich	1
x\llan	1
x'astle	1
wrought	1
wrote	1
wrong	1
wrinkles	1
wretchedness	1
wpate	1
wove	1
wov\jd	1
wounding	1
woundedly	1
woukl	1
worsted	1
worst	1
worse	1
worm	1
worlvl	1
worlds	1
worked	1
work	1
wore	1
woody	1
wont	1
woman	1
wolf	1
woes	1
woe	1
wlio	1
wliltx	1
wjth	1
witnessed	1
witl)out	1
witite	1
within	1
withflow^	1
withered	1
withdrew	1
withdraw	1
witha	1
witching	1
wisely	1
wise	1
wint£	1
wintery	1
winked	1
winds	1
wilson	1
wildly	1
wikl	1
wiiilst	1
wiiid	1
wiflje	1
wicked	1
whoso	1
whlcli	1
whistling	1
whispered	1
whisper	1
whid	1
whh	1
whenever	1
whence	1
wgnderfully	1
wetting	1
west	1
went	1
weli	1
welcomed	1
weil	1
weed	1
wed	1
weather	1
weary	1
wearisome	1
wearied	1
wear	1
wealth	1
weaken	1
wcist	1
wc	1
wayward	1
wave	1
watched	1
wasthesonof	1
washed	1
was4iers	1
warmtli	1
warms	1
warmest	1
ward	1
war	1
wants	1
wanting	1
wandrings	1
wandering	1
wanderer	1
walked	1
w	1
vvill	1
vvhich	1
vvere	1
vvdiose	1
vvdiich	1
vvcre	1
vvay	1
vv^ied	1
vv^as	1
vv'hosc	1
vv'hlte	1
vv'hich	1
vulture	1
vulgar	1
vue	1
vs'hat	1
vrith	1
vrho	1
vreic	1
vp	1
vows	1
vouns	1
void	1
vociferated	1
vnilte	1
vivacity	1
viva	1
visitor	1
visionary	1
visaoe	1
violent	1
violation	1
violated	1
vindicate	1
villainy	1
villain	1
village	1
vigour	1
vigorous	1
vie	1
vicissitudes	1
vicious	1
viands	1
verily	1
verge	1
verdure	1
vercuu'e	1
ventured	1
venerabie	1
vein	1
vd	1
varying	1
variously	1
vanlt	1
vanislied	1
valttof	1
vainly	1
vaiii	1
vacuity	1
v\diich	1
v/oiild	1
v/iiite	1
v/hil&t	1
v/asthe	1
uttering	1
usual	1
ushered	1
uses	1
useless	1
used	1
urns	1
urn	1
urge	1
upoii	1
uplands	1
unwelcome	1
untainted	1
unsuspecting	1
unsusj)ecting	1
unsurmountable	1
unsuccessful	1
unseen	1
unri\aled	1
unravel	1
unprofitable	1
unpractised	1
unperceived	1
unparalleled	1
unobserved	1
unnoticed	1
unnatural	1
unmerited	1
unlucky	1
unjustly	1
universe	1
universal	1
unite	1
unison	1
union	1
uninterrupted	1
unhorsed	1
unheeded	1
ungovernable	1
ungodly	1
ungenerouisly	1
unfortunately	1
unforeseen	1
unfolding	1
unfold	1
unfathomed	1
unexpectedly	1
unerring	1
unequal	1
uneasiness	1
undisturbed	1
understand	1
undeceiving	1
und	1
unconscious	1
unconquerable	1
uncommon	1
uncomfortable	1
uncapable	1
unbounded	1
unavoidably	1
unattended	1
unacceptable	1
un	1
ulto	1
ultimately	1
uecunii.g	1
u	1
twould	1
twinkle	1
twenty	1
tusked	1
turns	1
turning	1
tural	1
tuneful	1
tulip	1
tuie	1
tt	1
try	1
trust	1
trumpets	1
truculent	1
troubled	1
trouble	1
trod	1
triumphed	1
trill	1
triflino	1
tried	1
trick	1
tributes	1
tributaries	1
trials	1
tresses	1
tremulous	1
trees	1
treasures	1
treading	1
treacherous	1
tray	1
traversed	1
traveller	1
travagant	1
transports	1
transition	1
transient	1
transformation	1
transfixed	1
transaction	1
trans'ent	1
tranquillize	1
trampling	1
traced	1
towering	1
tower	1
tovvards	1
tourna	1
tourg	1
touches	1
tou	1
tottered	1
torrent	1
torn	1
tore	1
torch	1
toom	1
tongue	1
tomtrs	1
tomb	1
tolerable	1
toistake	1
together	1
toe	1
today	1
to.whom	1
tly	1
tlris	1
tlipse	1
tlieresa	1
tl^q	1
tl]e	1
tkic	1
tjaution	1
titles	1
title	1
tissue	1
tioble	1
tint	1
tinge	1
tincture	1
timid	1
timeinsuspence	1
tills	1
tiiins	1
tiiere	1
tiicnobic	1
tighan	1
tier	1
tie	1
tide	1
tics	1
thyself	1
throuoh	1
throbbed	1
threw	1
threats	1
thr	1
thoughts	1
thou'iht	1
thorns	1
thorn	1
thomond	1
thomohd	1
thinks	1
thin	1
thick	1
therefora	1
theinecessity	1
thein	1
thd	1
tgw	1
tg	1
tfie	1
testimony	1
testimonies	1
testified	1
terrors	1
territories	1
terrified	1
terrific	1
terraiieous	1
tered	1
tennined	1
tenfold	1
tends	1
tending	1
tendency	1
tended	1
tenacious	1
ten^ipered	1
temptation	1
temples	1
tempest	1
tempered	1
tei	1
tear	1
te	1
td	1
tboug^lt^s	1
tbotftian	1
taunts	1
taught	1
tat	1
task	1
tare	1
tap	1
tamily	1
talk	1
tales	1
talents	1
ta	1
syren	1
sympathising	1
symmetry	1
symbol	1
sword	1
swooned	1
swiftness	1
swift	1
swept	1
sweets	1
sweetest	1
sweep	1
swarm	1
swallow	1
svhile	1
suu	1
sutliciciitly	1
sustenance	1
sustained	1
suspicious	1
suspects	1
suspecting	1
susceptible	1
survey	1
surround	1
surprised	1
surmounted	1
surly	1
surface	1
surcharged	1
supreme	1
suppressing	1
supposed	1
supplanted	1
supernatural	1
superintends	1
superfluous	1
superb	1
sunshine	1
summon	1
summit	1
sum	1
suited	1
suite	1
suggestion	1
suggested	1
suffused	1
suffocated	1
suffered	1
sue	1
successors	1
successor	1
successively	1
succession	1
successful	1
successfuil	1
subterraneous	1
substantiated	1
substance	1
subsided	1
subside	1
subservient	1
subscribed	1
submit	1
sublunary	1
subjects	1
subdue	1
sub	1
suavity	1
sturdy	1
stupendous	1
studiously	1
studied	1
stuck	1
strung	1
struggles	1
strono	1
strongest	1
strong	1
striving	1
striplins	1
stripling	1
striken	1
strike	1
strife	1
strict	1
strewing	1
strew	1
strengthened	1
streams	1
streamed	1
streaks	1
strayed	1
stratagem	1
stransfer	1
strangers	1
strains	1
straining	1
stores	1
stones	1
stock	1
stmg	1
stillness	1
sthig	1
steered	1
steep	1
steel	1
steeds	1
steal	1
stature	1
stationed	1
station	1
startins	1
starting	1
star	1
stanzas	1
stances	1
stalked	1
squeeze	1
spurs	1
spruce	1
spreads	1
spots	1
sportive	1
spoke	1
spirituous	1
spiritual	1
spilling	1
spiiits	1
spend	1
speechless	1
speech	1
spectres	1
specious	1
species	1
sparing	1
sources	1
sounding	1
souls	1
sorry	1
sorrows	1
sordid	1
sopliistry	1
sophistry	1
soothing	1
sooth	1
song	1
somewhat	1
something	1
sombre	1
solitude	1
solid	1
solicitous	1
solely	1
solace	1
sojituck^	1
soinetimcs	1
soil	1
softest	1
softer	1
sober	1
sobbing	1
snow	1
smote	1
smooth	1
smoke	1
smiling	1
smart	1
slumbering	1
sluit	1
slowly	1
slione	1
slioiirder	1
slieaf	1
sleeps	1
skulk	1
skill	1
size	1
sixtieth	1
situations	1
sition	1
site	1
siource	1
singularity	1
sin	1
simples	1
similitude	1
silt	1
siicli	1
signalised	1
signalise	1
signal	1
sighing	1
sift	1
sible	1
siaw	1
shut	1
shudder	1
shrubbery	1
shrivelled	1
shrieks	1
shows	1
shower	1
shouts	1
shouki	1
shortly	1
shock	1
shkcn	1
sheltering	1
sharing	1
shaij	1
shadow	1
severer	1
several	1
seventh	1
settled	1
set	1
servile	1
service	1
servants	1
servant	1
serenity	1
separately	1
senti	1
sensibilities	1
sensa'fions	1
selfishness	1
selfish	1
self-preservation	1
selection	1
selected	1
select	1
seize	1
segment	1
seems	1
seemiugly	1
seeds	1
sedulous	1
seductive	1
secution	1
securing	1
secrets	1
seconding	1
secondary	1
seclusion	1
secluded	1
seasonable	1
season	1
scut	1
screamed	1
scowlino	1
scouring	1
scourge	1
scoured	1
scone	1
scientific	1
schemes	1
scat	1
scarlet	1
saying	1
sav	1
satisfy	1
satisfied	1
sarrow	1
sanountlecl	1
sandy	1
sanctified	1
sam	1
salute	1
salloon	1
sake	1
sagacity	1
safely	1
sad	1
s?vw	1
s2l\/	1
ry	1
rustics	1
rustic	1
russet	1
rush	1
rumour	1
ruffled	1
ruf	1
rue	1
rs	1
routes	1
rougher	1
rosy	1
roseate	1
ros	1
rooted	1
root	1
romtrs	1
rolls	1
roll	1
rogui&h	1
robe	1
rob	1
road	1
ro^^'ers	1
rkvious	1
rivals	1
riseu	1
rises	1
risen	1
ripened	1
ringlets	1
rightsand	1
rife	1
ridge	1
ride	1
riclics	1
rewards	1
revolution	1
revive	1
reverting	1
reverse	1
reveries	1
reverend	1
revels	1
revelry	1
reveal	1
returns	1
retraced	1
retrace	1
reth'ed	1
retain	1
resumed	1
resulted	1
restraining	1
restrain	1
restored	1
restore	1
restoratives	1
respectable	1
resolves	1
resolved	1
resoju	1
reside	1
reseutmenc	1
reserved	1
reserve	1
reseitcd	1
reseaixhes	1
rering	1
requisites	1
request	1
reproach	1
repress	1
representing	1
represented	1
representative	1
representation	1
reposing	1
repel	1
repeated	1
repeat	1
repast	1
repair	1
renewed	1
renew	1
remove	1
remounting	1
remounted	1
remembrance	1
remembered	1
remember	1
remark	1
remaining	1
remained	1
remainder	1
reluctance	1
relinquishing	1
relinquished	1
religiously	1
relics	1
released	1
relate	1
relapse	1
rejoicing	1
rejects	1
rejection	1
reject	1
regulations	1
regretting	1
regretted	1
regions	1
regent	1
regards	1
regarded	1
regale	1
refuse	1
refuge	1
refreshment	1
refmed	1
reflected	1
reflecied	1
refined	1
rees	1
ree	1
redound	1
reddened	1
red	1
recurred	1
recovering	1
recover	1
recourse	1
recommends	1
recollections	1
recollection	1
recoiled	1
recoiiiirieikl	1
reco	1
recital	1
reception	1
receiving	1
recapitulated	1
recapitulate	1
recalling	1
recall	1
reasoned	1
rear	1
realise	1
ready	1
readily	1
reader	1
read	1
rcrong	1
rays	1
rawra	1
ravisher	1
ravings	1
rav/ra	1
rational	1
rapine	1
rapidity	1
ranger	1
random	1
rambling	1
rally	1
raising	1
raillery	1
raiio	1
raged	1
raark'd	1
quoit	1
quivered	1
quiver	1
quietly	1
quick	1
quarter	1
quantity	1
quality	1
qualities	1
qt	1
put	1
pushing	1
pushed	1
pursuits	1
purse	1
purity	1
purest	1
punishment	1
publicly	1
publicity	1
public	1
prudent	1
prudence	1
proximity	1
providing	1
protuberance	1
protestations	1
prostrate	1
prosperity	1
prosecution	1
prosecute	1
proprietors	1
proposals	1
property	1
promising	1
promises	1
projects	1
projected	1
prohahiuty	1
prognostic	1
profusely	1
profligate	1
professions	1
professed	1
produce	1
procession	1
proceeding	1
pro	1
prizes	1
privileges	1
privacy	1
prison	1
prirv	1
prior	1
printed	1
principally	1
princely	1
primrose	1
preys	1
preying	1
preventive	1
presumptuous	1
presumptive	1
presumptioq	1
presuming	1
presumed	1
presume	1
preslimptiious	1
preside	1
preserving	1
preservation	1
presenting	1
presage	1
preparing	1
prepared	1
prepare	1
prepar	1
preliminary	1
prejudiced	1
prefer	1
preface	1
precepts	1
precedence	1
preceded	1
precarious	1
pray	1
prattling	1
practice	1
powerfully	1
pours	1
pouring	1
posture	1
postta	1
postpone	1
possibly	1
positive	1
positions	1
position	1
portunit}^	1
portrayed	1
portray	1
portal	1
ponderous	1
ponder	1
pomp	1
politely	1
policy	1
points	1
poignantly	1
poignancy	1
poetic	1
poems	1
pocket	1
plunged	1
plunderers	1
plunder	1
plucking	1
plotting	1
plot	1
pliilosophy	1
plenty	1
pledges	1
pleasur	1
pleasing	1
please	1
planning	1
placing	1
placid	1
pined	1
pine	1
pillar	1
pieces	1
picturing	1
pic	1
physicians	1
philosophise	1
philosophers	1
phial	1
pervaded	1
peruse	1
persuasive	1
persuasion	1
persecuting	1
persecuted	1
perpetrated	1
pernicious	1
permitted	1
period	1
perfidious	1
perched	1
perambulated	1
penetration	1
penance	1
pei	1
peasantry	1
pause	1
patronised	1
patrimony	1
patiently	1
patient	1
paths	1
passenger	1
parts	1
particular	1
partially	1
partiality	1
partaking	1
parently	1
panted	1
pangs	1
palpitating	1
pallid	1
pall	1
pait	1
paintings	1
painter	1
painted	1
paint	1
pains	1
pain	1
pail	1
pai'asite	1
pages	1
pageantries	1
paces	1
p^use	1
p'olden	1
owner	1
owes	1
owed	1
ov»	1
overturning	1
overturn	1
overthrows	1
overspread	1
overshadowed	1
overset	1
overlooked	1
overhung	1
overhear	1
overcast	1
ov/n	1
ov*n	1
outlavved	1
outer	1
outcast	1
ous	1
ought	1
otten	1
otis	1
otherwise	1
others	1
oth	1
ot	1
ostentatious	1
ossian	1
ornamented	1
oriental	1
oresence	1
ordered	1
oppressed	1
opposing	1
operations	1
operate	1
opening	1
op	1
ont	1
onhernext	1
ones	1
olive	1
oldi	1
oily	1
oil	1
oifers	1
oi'cclibacy	1
oi	1
ogle	1
offi	1
offering	1
offered	1
offended	1
offence	1
ocean	1
occupies	1
occupations	1
occupation	1
occult	1
occasions	1
occasionally	1
obtains	1
obstacles	1
obstacle	1
observinc	1
observations	1
observant	1
obsequious	1
obscure	1
oblique	1
obliged	1
obeisance	1
obdurate	1
o'neil	1
o'loomv	1
o'et	1
o'cala	1
nymph	1
nursing	1
nurse	1
nuptial	1
numbered	1
npon	1
nplands	1
nov	1
notwithstanding	1
notions	1
nostrums	1
nose	1
nong	1
noisy	1
nobler	1
nobility	1
no.vlam	1
nn	1
nitv	1
nith	1
nioniing	1
nihigled	1
nigh	1
nificence	1
nicut.*	1
nibnastery	1
niand	1
nian	1
ni^lit	1
ni<2ht	1
ni	1
nhite	1
news	1
nevertheless	1
nest	1
nerve	1
neio	1
neil	1
neighing	1
neighbours	1
negligent	1
neglect	1
need	1
neck	1
necessar}^	1
nearest	1
ncj	1
nauic	1
natured	1
naturally	1
native	1
national	1
naniedtheresa	1
named	1
nally	1
na	1
n^afcui^	1
mylord	1
mx	1
muttered	1
musicians	1
musc	1
murmurs	1
murmuriiio	1
murder	1
mummy	1
multitude	1
muctv	1
mtcr	1
movements	1
moved	1
mouth	1
mourned	1
mound	1
mouldering	1
mould	1
motives	1
motive	1
mother	1
mortification	1
mortality	1
mortal	1
morrow*s	1
morrow	1
morhl	1
moreover	1
moral	1
monks	1
monaster	1
monarch	1
mona	1
moments	1
moinent	1
moil	1
model	1
mo	1
mmth	1
mmd	1
mj^sterious	1
mitigate	1
mists	1
missed	1
misfortunes	1
miser	1
miscreant	1
misconceptions	1
misconception	1
misconceived	1
mischievous	1
minutely	1
mingled	1
milton	1
milt	1
mildly	1
milder	1
mild	1
midway	1
midnii	1
micritorious	1
mh	1
methodized	1
method	1
methinks	1
merriment	1
mercy	1
merciless	1
merciful	1
ments	1
mentioning	1
mental	1
memorvbe	1
melody	1
mellowing	1
melloh^	1
mell	1
meditates	1
meditated	1
meaner	1
meanderings	1
meandering	1
meagre	1
mdiispered	1
mdiffefence	1
mazes	1
maybe	1
maturing	1
matters	1
math	1
matchless	1
massive	1
masan	1
mas	1
marvellous	1
marry	1
mark	1
mantle	1
manifesting	1
manifested	1
manhood	1
mandate	1
malignant	1
malicious	1
malice	1
male	1
malcohii	1
malady	1
makolm	1
maid	1
maible	1
magnitiule	1
magnificence	1
madaiiiv	1
mad	1
ma	1
m.d	1
m'itli	1
m'hom	1
m'hole	1
m'hite	1
m'as	1
lyre	1
lvol	1
lust	1
lurking	1
lurk	1
luiglibouring	1
luas	1
loweyoumuch	1
lowest	1
lovesick	1
loves	1
lose	1
lordship	1
lordly	1
loomv	1
lonely	1
loitered	1
loftiness	1
loft	1
locks	1
loathsome	1
loaf	1
loaded	1
load	1
llr^aryliau^	1
llattcred	1
living	1
lives	1
lively	1
liui^	1
literature	1
listened	1
listen	1
lireel	1
liquor	1
lip	1
liot	1
lionie	1
linprotect	1
lino'erlno	1
lino	1
linked	1
linislk^d	1
lingving	1
lincoln	1
limit	1
lily	1
lijonour	1
liile	1
liiany	1
lightly	1
lighted	1
lifting	1
lifted	1
lierald	1
lieocled	1
liearted	1
liberality	1
liatl	1
liastening	1
liaiul	1
liable	1
level	1
letter	1
lets	1
lethargic	1
lesson	1
lesolutions	1
lent	1
lengthened	1
legislator	1
legion	1
lefta	1
leen	1
learn	1
leaned	1
league	1
leads	1
leading	1
leader	1
leaden	1
le	1
lawns	1
lawless	1
laving	1
lave	1
laudable	1
lateness	1
lassitude	1
languishing	1
languish	1
languid	1
land	1
lance	1
lamwell	1
laid	1
lagged	1
lag	1
laboured	1
kxrcht	1
kxlght	1
kxigut	1
kxigtit	1
kxigiit	1
kntgflt	1
knoweth	1
knowest	1
knockrawra	1
knockraura	1
knitjht	1
knigut	1
knew'his	1
kncrw	1
knave	1
kn	1
kliiior	1
kles	1
kissed	1
kiss	1
kis	1
kill	1
ki^ight	1
key	1
keeping	1
keep	1
ke	1
kaown	1
k)f	1
j±t	1
jxt	1
juvenile	1
jutting	1
justly	1
justiiied	1
justify	1
justice	1
junction	1
judicious	1
juclge	1
jtinder	1
jsecure	1
jr	1
jittle	1
jict	1
ji^ient	1
jhe	1
jests	1
jest	1
jessamin	1
je	1
jcct	1
jar	1
j^outh	1
j.j	1
ivtely	1
ivnrr	1
iviy	1
iviiite	1
ivfy	1
ive	1
iumg	1
iuiag'i	1
itjvellings	1
itisstrange	1
istil	1
issued	1
irrevocably	1
irregularity	1
irnit'e	1
irksome	1
iris	1
ireeze	1
iq	1
ipi	1
involved	1
inviting	1
invited	1
invitations	1
invincible	1
investigation	1
invested	1
invading	1
inundate	1
intruder	1
intrude	1
introduce	1
intrigues	1
intricate	1
intliought	1
intimated	1
intimate	1
intervals	1
interruption	1
interrupting	1
interrosratories	1
interposition	1
interposing	1
internment	1
intermission	1
interchanged	1
intercepted	1
intense	1
intending	1
intended	1
insured	1
insulted	1
instrument	1
institutes	1
insinuated	1
insensible	1
insensibility	1
insatiate	1
inquisitive	1
inquiry	1
inquiring	1
inolimalde	1
inninorof	1
innate	1
inn	1
inmost	1
inmate	1
inm	1
inir	1
iniprudence	1
inimical	1
iniieritance	1
inhuman	1
inheritance	1
inherent	1
ingratitude	1
inging	1
information	1
infonned	1
inflated	1
infix	1
infinity	1
infi	1
infantine	1
inexperienced	1
inevitable	1
ines	1
inent	1
ineffectual	1
indulgent	1
indulgence	1
indulg	1
indul^ye	1
induced	1
induce	1
indolence	1
indignant	1
indifferent	1
index	1
independence	1
inculcating	1
incu	1
inconsiderable	1
incoherent	1
including	1
incliiference	1
incidentsof	1
incident	1
imtil	1
impropriety	1
impresses	1
impregnable	1
importance	1
implore	1
implanted	1
impious	1
impetuous	1
impertinent	1
imperious	1
imparting	1
imona	1
immortality	1
immense	1
immedi	1
immeasurable	1
imitativ^c	1
imaoined	1
imairi	1
imaginary	1
im])ulses	1
ilowers	1
illusive	1
illusions	1
illticcords	1
ilitional	1
ilie	1
iler	1
ilend	1
ijttle	1
ijeauty	1
iiung	1
iiojv	1
iind	1
iiis	1
iiiid	1
iiie	1
iields	1
iiatral	1
ihj	1
ihe	1
ihcni	1
ihave	1
ih>ti€6	1
ih	1
ignorant	1
ignorance	1
ight	1
ids	1
idolising	1
idm	1
icud	1
iaterest	1
iate	1
ialla^^	1
i>^.ck	1
i've	1
i'u	1
hz	1
hv	1
hushed	1
hush	1
hurl	1
hunted	1
hunented	1
humbie	1
hugely	1
huge	1
hps	1
hoxvever	1
howsomever	1
howdiiferent	1
hospitality	1
hospitable	1
horrific	1
horrid	1
horrible	1
horn	1
horison	1
hoping	1
hopeless	1
hoof	1
honoured	1
honest	1
homeless	1
hoary	1
ho^mihgd	1
ho\\r	1
hnmediate	1
hke	1
hk	1
hj	1
hi«	1
hitlierto	1
hitherto	1
hiterval	1
hiswislies	1
hispursuits	1
hiscleparture	1
hio	1
hints	1
hint	1
hinges	1
hile	1
hiin	1
hig	1
hideous	1
hi	1
hhnself	1
hhn	1
hhii	1
hfeard	1
hf	1
hest	1
hesper	1
hesitating	1
hesitate	1
heroine	1
heroic	1
heroes	1
herd	1
hence	1
hen	1
hemmed	1
helm	1
heinous	1
heavings	1
heaven	1
heaved	1
heath^and	1
heartily	1
heartfelt	1
hearted	1
heajd	1
he's	1
he'll	1
hcv	1
hcaveu	1
hbours	1
haunt	1
hauglity	1
haughtiness	1
hateful	1
hatchments	1
hastening	1
hastened	1
hasten	1
haste	1
harsh	1
harper	1
harmony	1
hark	1
hardy	1
harbour	1
happily	1
happen	1
hap	1
hang	1
handed	1
hamanity	1
hairs	1
hadsti	1
hackles	1
habit	1
h3^sterics	1
h)okecl	1
h'eary	1
gutt'ring	1
gulf	1
guide	1
guest	1
guarded	1
gtance	1
growth	1
growing	1
group	1
grounds	1
groped	1
groans	1
grin	1
grief	1
greatness	1
greater	1
grating	1
gratifying	1
gratification	1
grasping	1
grasped	1
grasp	1
granted	1
grandeur	1
gone	1
goine	1
goblet	1
goal	1
glory	1
glorious	1
gloried	1
gliding	1
glide	1
gliastly	1
gleamed	1
gleam	1
glanvilie	1
glanviile	1
glances	1
glanced	1
glan\ille	1
gladdens	1
gizzard	1
gizliig	1
gild	1
gigantic	1
ghuiville	1
ghost	1
ghastly	1
ghan	1
get	1
genuine	1
gentlemen	1
generally	1
gem	1
gcous	1
gbom	1
gaudy	1
gates	1
garments	1
games	1
game	1
galleries	1
gale	1
gaia	1
gaest	1
futile	1
furnish	1
furious	1
fully	1
fuh	1
fuel	1
ftricken	1
ftiu	1
ft	1
fry	1
frustrate	1
fruitless	1
fruit	1
froin	1
fringed	1
frighten	1
fret	1
fresh	1
frequently	1
frantic	1
frank	1
frailty	1
fragments	1
fr.offli	1
fpectacicd	1
founder	1
foul	1
fortunately	1
fortunate	1
fortuitous	1
forsaking	1
foro	1
forni	1
forming	1
formidable	1
formality	1
forgotten	1
forgot	1
foreboded	1
force	1
forbiddino	1
forbid	1
foosobj	1
fools	1
foolish	1
fonned	1
fondness	1
fondest	1
foliage	1
folding	1
foible	1
fof	1
fnendship	1
fmnor	1
fme	1
flying	1
fly	1
flowery	1
flowers	1
flowed	1
flourished	1
flourish	1
flora	1
flood	1
floated	1
float	1
flint	1
fling	1
fleet	1
fled	1
flatterins	1
flashes	1
flashed	1
flakes	1
fl	1
fissure	1
fiowers	1
fiotes	1
finish	1
fini	1
fingers	1
finer	1
fills	1
fiir	1
fiiir	1
figiit	1
fifteenth	1
fiend	1
field	1
fiatterj^	1
fiatt'nng	1
fian	1
feverish	1
fetters	1
festival	1
fervour	1
fertilising	1
ferns	1
ferings	1
ference	1
feelingly	1
fectual	1
features	1
feats	1
feasting	1
feast	1
fearfully	1
favours	1
favoured	1
favouralde	1
favouiite	1
fatigued	1
fat	1
farther	1
farewell	1
fantastic	1
faniil}^	1
fangs	1
families	1
familiar	1
fames	1
faltered	1
fallacious	1
fairly	1
fairer	1
fainting	1
faial	1
faded	1
fa&cination	1
f)v	1
eyerdes	1
eyc^	1
exuberance	1
extt^mporaneous	1
extract	1
extorted	1
extolled	1
extinguished	1
external	1
extent	1
exquisitely	1
expulsion	1
expressing	1
expose	1
explored	1
explain	1
expired	1
experiencing	1
experience	1
expense	1
expelled	1
expel	1
expedient	1
expectations	1
expectation	1
expect	1
expanse	1
expanding	1
expand	1
existed	1
exipose	1
exiled	1
exhibited	1
exertion	1
exerting	1
exercises	1
execution	1
executed	1
execrations	1
exd	1
excruciating	1
exclamation	1
exclaiming	1
excessive	1
excess	1
exception	1
excepting	1
excelled	1
exceeded	1
examination	1
exaltation	1
ewed	1
evvy	1
evitable	1
evils	1
evident	1
everything	1
ev	1
et	1
estate	1
est	1
essential	1
essay	1
erudite	1
erred	1
errand	1
erino	1
erected	1
eradicated	1
equally	1
equal	1
envious	1
envenomed	1
envelopes	1
entreated	1
entertainments	1
entertainment	1
enslaving	1
ens	1
enriched	1
enrbowcred	1
enraged	1
ennobled	1
enmities	1
enlarged	1
engage	1
enervate	1
energetic	1
eneral	1
enemies	1
endure	1
endowments	1
endowing	1
endowed	1
endeavours	1
endeavour	1
endear	1
encr\ate	1
encountered	1
encounter	1
enclosing	1
encircled	1
enarooured	1
enamelled	1
enabled	1
ena^ioured	1
employ	1
emissaries	1
emerged	1
embraced	1
embrace	1
embody	1
embassy	1
embarrassment	1
emarked	1
elocution	1
elmor	1
elinor^jthat	1
elhi	1
elfhors	1
elegantly	1
elegant	1
elegance	1
electric	1
elaborate	1
ejaculation	1
ejaculated	1
eing	1
eight	1
eifect	1
ei	1
efjually	1
effusion	1
effervesces	1
effervescence	1
education	1
edgt	1
ecstatic	1
ecp.ialiy	1
economy	1
eclioed	1
ebon	1
easy	1
earnestness	1
earnestly	1
earned	1
earliest	1
earl	1
ear	1
eagerness	1
eagerly	1
eager	1
eafi	1
dy	1
dwelled	1
dwell	1
dusky	1
durst	1
during	1
dungeons	1
dungeon	1
dulge	1
dulcet	1
dubious	1
dtgenvate	1
dryjeru	1
dryjen	1
dry	1
drove	1
driven	1
dripping	1
drink	1
dressed	1
dreadful	1
dread	1
drawn	1
draught	1
dram	1
downy	1
dower	1
dow	1
dovv^ery	1
doubly	1
double	1
doted	1
dotard	1
dost	1
donations	1
dominion	1
doing	1
dogs	1
doctrine	1
diversified	1
ditferencc	1
disturbs	1
disturbing	1
disturb	1
districts	1
distri	1
distraction	1
distantrelation	1
dissimulation	1
dissembling	1
dissembled	1
dissatisfied	1
dissatisfaction	1
dispute	1
dispositions	1
disposal	1
displays	1
dispersed	1
disordered	1
dismounted	1
dislodge	1
disinterested	1
disinterefted	1
disguised	1
disgraced	1
disfigured	1
disengage	1
discussed	1
discovery	1
discovered	1
discourse	1
discord	1
disconcerted	1
discomfited	1
disclosing	1
disaster	1
disappear	1
disabled	1
directs	1
dio'nified	1
dined	1
diiticuu	1
diiruscd	1
diiferent	1
diicken	1
dii	1
dignify	1
diftlnguishcd	1
diffuse	1
diffidence	1
difficult	1
different	1
difference	1
differ	1
died	1
didn't	1
di	1
dewy	1
dews	1
dew	1
devoutly	1
devoting	1
devolving	1
devoid	1
devious	1
devils	1
devil	1
devices	1
deuision	1
determine	1
determina	1
detej'mined	1
detained	1
destiny	1
desponding	1
despond	1
despoiled	1
despairing	1
desmoncl	1
desires	1
desired	1
desirable	1
deserts	1
desertion	1
deserted	1
describe	1
descent	1
derives	1
derision	1
der	1
depredations	1
depr.rture	1
depict	1
depend	1
depart	1
deo	1
denied	1
dence	1
demand	1
delusive	1
delusion	1
deludinsr	1
deluded	1
delude	1
deloved	1
dellght>	1
deliverer	1
deliver	1
delisfhted	1
delirium	1
deling	1
delicious	1
deliberation	1
deliberate	1
degrees	1
degradation	1
degradatioii	1
degi	1
deformity	1
defend	1
defenceless	1
defect	1
defeated	1
deeper	1
deepening	1
dedicate	1
decorations	1
declined	1
declaration	1
decided	1
deceptive	1
deceived	1
deceit	1
debating	1
deathlike	1
dcparu	1
dazzled	1
dawning	1
dashed	1
darred	1
darling	1
darkest	1
dares	1
dangers	1
danes	1
dance	1
dan	1
damnvi	1
dale	1
daily	1
daggers	1
daffodil	1
cxnd	1
cutting	1
cut	1
custom	1
cushion	1
cursing	1
cursed	1
curse	1
cup	1
css	1
cry	1
crushing	1
cruelty	1
crown	1
crov»"ns	1
crossed	1
crops	1
crooked	1
crimes	1
cries	1
cried	1
creditor	1
credit	1
creatures	1
creature	1
creation	1
created	1
cream	1
crazy	1
crasli	1
crafty	1
cpme	1
cpap	1
cowardice	1
covert	1
coverings	1
covered	1
cover	1
courser	1
courier	1
courage	1
cour	1
counterpoise	1
counsellors	1
counsel	1
cottager	1
corresponding	1
corresponded	1
corpse	1
cork	1
corilial	1
cordials	1
cordedtempe	1
coral	1
copy	1
copiously	1
coolly	1
cooler	1
convulsive	1
convinces	1
convince	1
convicted	1
convert	1
convent	1
convened	1
contusion	1
control	1
contribute	1
contrasted	1
contrary	1
contracting	1
contracted	1
continued	1
content	1
conteniphiting	1
contemplative	1
contemplatioq	1
contemplation	1
contemplating	1
contasion	1
contained	1
conta	1
consummate	1
consumed	1
construed	1
consternation	1
constantly	1
constancy	1
consoling	1
consolation	1
considering	1
considerably	1
consequently	1
conquering	1
conquer	1
connected	1
conmiunicate	1
conjured	1
conjectures	1
conjectu'/e	1
congratulate	1
confused	1
confounded	1
confound	1
conflicting	1
confix	1
confirmed	1
confirm	1
confinement	1
confine	1
confidant	1
confessor	1
confession	1
condition	1
condescension	1
condemned	1
concourse	1
conclusion	1
concluding	1
conclude	1
concerned	1
conceptions	1
conception	1
conceived	1
concealing	1
concave	1
complishmentsj	1
complimented	1
compliment	1
complied	1
complexion	1
completion	1
completed	1
complaisance	1
competitor	1
competency	1
compensate	1
comparative	1
company	1
communicate	1
commit	1
commencement	1
commenced	1
commanding	1
comforted	1
comfortable	1
combined	1
combatants	1
combatant	1
com	1
collect	1
cokmin	1
coffin	1
coach	1
co	1
cncroachilients	1
cminentlv	1
clump	1
clue	1
clothes	1
closet	1
close	1
clock	1
climacteric	1
clift	1
cliearing	1
clay	1
claims	1
claimed	1
clad	1
ckeamt	1
cjoucii	1
cit^^of	1
cirgum	1
circuit	1
circling	1
ciisposal	1
ciicape	1
cidents	1
christain	1
chop	1
choose	1
chivalry	1
chitracted	1
chilling	1
children	1
childhood	1
chieftains	1
chiefly	1
chiefest	1
chid	1
cherishing	1
cherish	1
cheers	1
cheeks	1
cheek	1
checks	1
cheating	1
chats	1
chastity	1
chastised	1
chaste	1
charming	1
chaplet	1
chapi	1
change	1
champion	1
chained	1
ch	1
ceremony	1
century	1
centred	1
cent	1
celestial	1
celebrated	1
ceived	1
cease	1
ceal	1
cavity	1
caves	1
caverns	1
causes	1
cated	1
casual	1
castles	1
castlcj	1
casting	1
carry	1
carol	1
carhery	1
carefully	1
career	1
carber}^	1
carberv	1
caped	1
capable	1
canst	1
canopy	1
candidate	1
camp	1
calmly	1
calm	1
calling	1
call	1
cali	1
calaghan	1
caa	1
c'arbery	1
butetl	1
busily	1
bursts	1
burnished	1
burning	1
burned	1
builds	1
bucella	1
bs	1
brows	1
brose	1
brinoj	1
brilliants	1
briglrt	1
brighter	1
brhig	1
breathing	1
breathe	1
breath	1
breaking	1
branches	1
bowv	1
bourn	1
bounds	1
bounding	1
bounded	1
boundaries	1
bound	1
bou'^	1
bottle	1
botji	1
bosoms	1
border	1
boon	1
bonds	1
bold	1
body	1
boble	1
boat	1
boar	1
blushing	1
blushes	1
blqocl	1
bloo<	1
blessing	1
blessed	1
bless	1
bleeding	1
bleared	1
blazed	1
blasted	1
biting	1
bit	1
bis	1
bind	1
bhish	1
bestovy	1
besides	1
bering	1
benumbed	1
benio	1
benevolent	1
bend	1
bench	1
belli	1
belles	1
behold	1
behalf	1
beguiled	1
befriended	1
befallen	1
bee	1
becomes	1
beckoned	1
bearer	1
beam	1
bdm	1
baud	1
battle	1
bathed	1
bashfulness	1
basely	1
barrier	1
barges	1
barely	1
bare	1
barae	1
banished	1
bandage	1
band	1
balustrades	1
balmy	1
baleful	1
bait	1
badly	1
baby	1
azure	1
aye	1
awis	1
awful	1
aweet	1
awe	1
away	1
awaking	1
await	1
avrought	1
avould	1
avoo	1
avon	1
avoes	1
avithstanding	1
avishing	1
avish	1
avillte	1
avhilst	1
avhicli	1
averse	1
aver	1
avenue	1
avay	1
avarice	1
avandering	1
avalks	1
availing	1
av'as	1
author	1
auditors	1
audibly	1
auburn	1
attribute	1
attractive	1
attracting	1
attr^ctins	1
attired	1
attentive	1
attempting	1
attempt	1
attained	1
atone	1
atmosphere	1
at.jilltimes.a	1
asylum	1
astounded	1
assuming	1
assisted	1
assist	1
assimilating	1
assiduous	1
assiduity	1
assiduities	1
asserting	1
assembly	1
assaults	1
assai	1
aspired	1
aspire	1
asho	1
ashigh	1
ashes	1
ashen	1
ash	1
asfreeable	1
ascribe	1
artist	1
articulation	1
articulate	1
artfully	1
arrows	1
arrival	1
arras	1
aro'uments	1
arni	1
armth	1
aright	1
arguing	1
argue	1
arere	1
area	1
ardour	1
arbour	1
ara	1
aquiline	1
apt	1
approved	1
appropriate	1
approaches	1
apprised	1
apprehensions	1
appreciate	1
applying	1
apply	1
application	1
applause	1
applauding	1
appealing	1
appeal	1
appalling	1
apostasy	1
apartmpnti	1
apartments	1
apart	1
ap	1
ao	1
an}iable	1
anything	1
antiquity	1
anticipating	1
anticipate	1
antagonist	1
answered	1
anrf	1
animosity	1
animation	1
animate	1
anight	1
anguish	1
anger	1
ancestry	1
anal	1
an<l	1
amphitheatres	1
amorous	1
amiable	1
ami	1
ament	1
amendment	1
amazed	1
amassed	1
amass	1
alternately	1
altar	1
alongside	1
almighty	1
allusion	1
alluded	1
alloy	1
allow	1
allmvcd	1
alive	1
alighted	1
alhui	1
alarms	1
alarming	1
alacrity	1
ajid	1
ajestic	1
aiul	1
aio	1
ails	1
ail	1
aikl	1
aifected	1
aids	1
aid	1
ahnost	1
ahca	1
agreed	1
agonising	1
aghan	1
aggravate	1
aggrandisement	1
agency	1
afterwards	1
afore	1
affured	1
affording	1
affoided	1
affliction	1
affirmative	1
affectioirs	1
affecting	1
affectation	1
affairs	1
afewscat^	1
afeared	1
advice	1
adversity	1
adverse	1
adventures	1
adven	1
advantageous	1
advantage	1
advancing	1
advances	1
advanced	1
adulating	1
adorned	1
adore	1
adopting	1
adopted	1
adopt	1
admit	1
admirer	1
admired	1
admirably	1
admirable	1
administering	1
administer	1
admiiation	1
adjusted	1
adjacent	1
aditiiration	1
adieu	1
addressing	1
adding	1
adapted	1
adamantine	1
ad	1
acuteness	1
acute	1
act	1
acquiesced	1
acquaintances	1
acme	1
acknowledgment	1
acknowledgements	1
acid	1
achievements	1
achievement	1
accursed	1
accomplishment	1
accompanying	1
accompany	1
accompanied	1
accidentally	1
acci	1
access	1
accepted	1
acceptation	1
ac	1
abused	1
absent	1
abrupt	1
ablest	1
able	1
ability	1
abbess	1
abbciis	1
abated	1
abandoned	1
aaid	1
aad	1
a^iolo	1
a^'ished	1
a\'hich	1
a<lo.red	1
a'iolent	1
^€suming	1
^xd	1
^v€te	1
^vho	1
^vhieh	1
^rhlte	1
^rhite	1
^i?ckly	1
^hnur	1
^fficiki^.simpi^	1
^e	1
^'iiite	1
]}	1
],	1
])	1
]	1
\vith	1
\v3ls	1
\ault	1
\\oodlands	1
\<	1
\'	1
>yeli	1
<ks£roy	1
<*	1
3riorne	1
..	1
."'	1
-^^	1
-	1
*♦	1
*•	1
*	1
),	1
()	1
';	1
',	1
''.	1
'',	1
'"	1
$cts	1
"•	1
",	1
"'	1
""	1
!;	1
!*'	1
!)	1
!'*	1
