,	5522
the	2883
of	2216
and	1959
to	1835
.	1692
a	1347
i	1202
in	1193
that	956
is	727
which	632
you	595
"	593
as	585
;	558
his	535
not	511
my	493
for	463
it	461
with	460
he	455
be	416
have	371
at	345
by	333
but	332
we	331
are	331
was	325
from	316
on	297
all	289
her	283
this	281
so	266
your	264
our	260
had	245
|'s|	221
who	221
were	221
will	214
if	212
would	209
me	204
they	194
their	193
an	190
she	182
or	178
one	168
no	167
when	166
has	159
him	156
."	147
them	146
such	143
been	142
what	137
am	136
than	135
more	135
upon	132
any	127
do	124
should	121
very	120
mr	120
may	120
into	115
can	112
though	110
people	110
like	109
?	108
only	107
much	106
own	104
every	102
its	98
man	97
there	95
out	94
how	94
now	93
never	92
some	91
us	90
could	90
time	87
shall	87
said	87
mind	87
mrs	86
up	84
too	83
must	82
life	81
bentley	81
:	81
poor	80
other	79
know	78
!	78
—	75
little	74
without	73
see	73
good	73
those	71
before	71
well	70
young	69
'	69
say	67
most	67
these	66
here	65
where	63
while	62
make	62
character	61
then	60
heart	60
fitzroy	60
first	60
ever	60
sir	59
being	59
after	59
great	58
over	57
old	57
found	57
think	56
tell	56
might	56
dear	56
find	55
till	54
did	52
about	52
made	51
letter	51
whom	50
set	49
new	49
having	49
glenalta	49
give	49
frederick	49
come	49
better	49
present	48
ned	48
many	48
love	48
|arabic1digit|	47
through	47
each	47
nothing	46
long	46
just	46
himself	46
otway	45
mother	44
friend	44
douglas	43
society	42
russell	42
myself	42
|romannumeral|	41
two	41
place	41
left	41
cannot	41
day	40
charlotte	40
amongst	40
yet	39
world	39
happiness	39
country	39
way	38
part	38
nor	38
fine	38
best	38
why	37
return	37
perhaps	37
few	37
even	37
(	37
thought	36
family	36
another	36
things	35
irish	34
believe	34
told	33
happy	33
feelings	33
feel	33
because	33
aunt	33
party	32
human	32
howard	32
hope	32
hear	32
gave	32
felt	32
take	31
right	31
nature	31
lady	31
home	31
eyes	31
does	31
whose	30
men	30
less	30
called	30
same	29
pleasure	29
met	29
last	29
ireland	29
however	29
friends	29
down	29
arthur	29
again	29
london	28
killarney	28
house	28
full	28
enough	28
between	28
answered	28
word	27
once	27
morning	27
manner	27
let	27
go	27
given	27
former	27
far	27
days	27
always	27
quite	26
look	26
general	26
children	26
away	26
whatever	25
under	25
single	25
scene	25
object	25
money	25
moment	25
louisa	25
lord	25
george	25
feeling	25
emily	25
brought	25
truth	24
towards	24
together	24
three	24
thing	24
still	24
possible	24
often	24
live	24
least	24
hand	24
call	24
)	24
true	23
themselves	23
short	23
marriage	23
large	23
heard	23
fanny	23
annesley	23
against	23
whether	22
uncle	22
subject	22
sort	22
since	22
seemed	22
put	22
others	22
off	22
name	22
miss	22
lake	22
either	22
course	22
bring	22
turn	21
sure	21
suppose	21
sister	21
saying	21
reason	21
power	21
person	21
music	21
madam	21
going	21
company	21
both	21
anything	21
air	21
worthy	20
wish	20
whole	20
something	20
round	20
next	20
neither	20
matter	20
half	20
evening	20
different	20
certainly	20
came	20
words	19
want	19
turned	19
took	19
seen	19
received	19
natural	19
meet	19
length	19
indeed	19
eye	19
end	19
certain	19
adelaide	19
account	19
view	18
thousand	18
thoughts	18
therefore	18
sweet	18
soon	18
saw	18
ourselves	18
looked	18
light	18
known	18
kind	18
daily	18
brother	18
behind	18
appeared	18
almost	18
affection	18
youth	17
speak	17
really	17
read	17
lost	17
longer	17
leave	17
land	17
herself	17
group	17
get	17
future	17
father	17
fancy	17
crayton	17
case	17
back	17
attention	17
arrival	17
also	17
water	16
visit	16
thus	16
sense	16
replied	16
rather	16
powers	16
passed	16
oh	16
mankind	16
m'carty	16
learned	16
itself	16
idea	16
hands	16
ground	16
face	16
during	16
alone	16
acquainted	16
?"	16
vol	15
use	15
understanding	15
state	15
spot	15
side	15
sent	15
seems	15
rich	15
question	15
pride	15
prevent	15
perfect	15
particular	15
night	15
materials	15
interest	15
hour	15
head	15
fashion	15
effect	15
ear	15
difference	15
dare	15
conversation	15
change	15
boat	15
become	15
already	15
agreeable	15
act	15
taste	14
story	14
spirit	14
son	14
several	14
seem	14
says	14
rest	14
promise	14
necessary	14
mine	14
lay	14
island	14
four	14
fellow	14
falkland	14
fact	14
expect	14
entirely	14
circumstances	14
beauty	14
affectionate	14
within	13
taken	13
spirits	13
species	13
show	13
remain	13
relations	13
reached	13
pass	13
ought	13
opposite	13
opinion	13
nephew	13
mere	13
means	13
lives	13
lisfarne	13
interesting	13
honest	13
help	13
formed	13
fitzallan	13
favourite	13
fair	13
except	13
excellent	13
english	13
early	13
desire	13
delight	13
dearest	13
carriage	13
care	13
books	13
beautiful	13
asked	13
arm	13
answer	13
age	13
adieu	13
absence	13
yours	12
yes	12
years	12
woman	12
views	12
talk	12
satisfied	12
room	12
produced	12
probably	12
presence	12
oliphant	12
mountain	12
moral	12
memory	12
manners	12
makes	12
living	12
likely	12
keep	12
hall	12
generally	12
frequently	12
forward	12
form	12
fear	12
expression	12
everything	12
england	12
engaged	12
employed	12
domestic	12
dinner	12
common	12
coming	12
circle	12
book	12
blue	12
beyond	12
appearance	12
along	12
affections	12
admiration	12
acquaintance	12
able	12
yourself	11
week	11
used	11
town	11
tells	11
stand	11
splendid	11
sometimes	11
sight	11
send	11
season	11
scenery	11
respecting	11
remember	11
ready	11
purpose	11
prove	11
presented	11
point	11
placed	11
permit	11
opportunity	11
opinions	11
none	11
neighbours	11
la	11
kerry	11
informed	11
individual	11
inclined	11
immediately	11
imagine	11
ill	11
high	11
heaven	11
giving	11
genius	11
fortune	11
forth	11
following	11
exercise	11
ere	11
enjoy	11
doubt	11
door	11
discovered	11
degree	11
deal	11
cut	11
countenance	11
conclude	11
close	11
begin	11
bad	11
augusta	11
ago	11
add	11
worth	10
walk	10
upper	10
trying	10
taking	10
surely	10
supply	10
suffer	10
strangers	10
stranger	10
sleep	10
situation	10
sisters	10
silence	10
scarcely	10
sat	10
possessed	10
possess	10
please	10
period	10
parents	10
paper	10
order	10
objects	10
number	10
need	10
near	10
melancholy	10
learning	10
latter	10
late	10
language	10
knows	10
knowledge	10
knew	10
king	10
intelligence	10
influence	10
imagination	10
hundred	10
honour	10
health	10
hardly	10
girls	10
gentlemen	10
fond	10
finished	10
finest	10
feels	10
farther	10
education	10
ears	10
done	10
doing	10
description	10
departure	10
delightful	10
delighted	10
curiosity	10
conduct	10
child	10
cheerful	10
charming	10
bound	10
beloved	10
assure	10
ask	10
arrived	10
around	10
aid	10
|arabic3digit|	9
wishes	9
wife	9
went	9
vulgar	9
various	9
variety	9
vanity	9
usual	9
try	9
triumph	9
today	9
throw	9
talent	9
strength	9
sound	9
slightest	9
skill	9
sentiment	9
self	9
rude	9
rough	9
returned	9
require	9
real	9
quit	9
property	9
progress	9
pretty	9
preceding	9
places	9
perceive	9
pay	9
occasions	9
naturally	9
midst	9
meeting	9
mamma	9
making	9
m	9
low	9
looking	9
liberty	9
kindness	9
judgement	9
joy	9
instance	9
ignorance	9
history	9
grain	9
got	9
free	9
fred	9
forget	9
fly	9
five	9
feet	9
fate	9
expressed	9
exclaimed	9
equal	9
enthusiasm	9
earth	9
distance	9
desired	9
de	9
continually	9
considered	9
confession	9
comes	9
became	9
arms	9
appears	9
added	9
accompanied	9
year	8
wrong	8
worse	8
voice	8
unless	8
truly	8
surprise	8
surface	8
six	8
sex	8
sensible	8
seek	8
secure	8
second	8
rule	8
ridley	8
respect	8
repose	8
reply	8
remarks	8
religion	8
quickly	8
proper	8
produce	8
praise	8
pleased	8
packet	8
open	8
occupied	8
occasion	8
noble	8
names	8
mistaken	8
mentioned	8
measure	8
matters	8
married	8
lot	8
lips	8
lines	8
lately	8
laid	8
ladies	8
julia	8
joined	8
intellect	8
inn	8
immediate	8
hours	8
hold	8
heads	8
god	8
glance	8
gentle	8
gay	8
folly	8
flow	8
fixed	8
finding	8
farewell	8
faithful	8
extraordinary	8
exquisite	8
express	8
experience	8
exactly	8
enabled	8
describe	8
death	8
daughters	8
contrary	8
comfort	8
clara	8
charge	8
cause	8
business	8
bear	8
bark	8
awakened	8
assured	8
anxiety	8
anticipate	8
amiable	8
affairs	8
advice	8
),	8
yesterday	7
write	7
wishing	7
whenever	7
warm	7
vision	7
virtues	7
understand	7
trouble	7
trees	7
track	7
tender	7
telling	7
sympathy	7
surprised	7
superior	7
suddenly	7
style	7
strong	7
stone	7
spread	7
spoke	7
sounds	7
solitude	7
smile	7
sincerely	7
share	7
serious	7
seeing	7
search	7
school	7
romance	7
returning	7
retirement	7
resolved	7
required	7
remarkable	7
reality	7
reading	7
public	7
prudent	7
proceed	7
principal	7
precious	7
pray	7
practical	7
post	7
possession	7
pleasing	7
picture	7
parent	7
observation	7
neighbour	7
native	7
mountains	7
months	7
minds	7
mile	7
mean	7
mass	7
loved	7
led	7
kept	7
justice	7
journey	7
interrupted	7
instead	7
information	7
independence	7
impart	7
idle	7
humble	7
hopes	7
highest	7
hearts	7
hard	7
habit	7
guests	7
greatest	7
gone	7
gold	7
glen	7
glad	7
gives	7
foundation	7
force	7
food	7
fit	7
fish	7
fire	7
fashionable	7
faculties	7
existence	7
excuse	7
excitement	7
evil	7
employ	7
emotion	7
easily	7
duty	7
drawn	7
dog	7
distant	7
directly	7
directed	7
difficulty	7
determined	7
creature	7
cousin	7
county	7
continued	7
consider	7
confess	7
companion	7
charles	7
characters	7
catch	7
calm	7
born	7
bestow	7
bent	7
beheld	7
becoming	7
aye	7
aware	7
attempt	7
art	7
arbutus	7
appear	7
ancient	7
advantage	7
across	7
accordingly	7
above	7
work	6
west	6
welcome	6
weight	6
wealth	6
waste	6
wants	6
walking	6
walked	6
venture	6
value	6
union	6
unable	6
turning	6
trust	6
trace	6
totally	6
toil	6
tis	6
thy	6
thinking	6
ten	6
temper	6
tear	6
teach	6
talents	6
tact	6
table	6
surrounded	6
supplied	6
sum	6
suit	6
suffering	6
stream	6
strange	6
stood	6
steps	6
stay	6
spring	6
spite	6
speaking	6
soul	6
sought	6
solid	6
small	6
silver	6
silly	6
sentiments	6
seeking	6
security	6
seated	6
seat	6
savage	6
sandford	6
s	6
rose	6
rocks	6
rock	6
road	6
result	6
reserved	6
rendered	6
render	6
remark	6
relieve	6
region	6
receive	6
reach	6
rapid	6
quick	6
quality	6
pursue	6
prospect	6
profound	6
priest	6
powerful	6
pounds	6
plan	6
philosophy	6
perpetual	6
perform	6
perfectly	6
pen	6
parts	6
painful	6
ordinary	6
o	6
numerous	6
notwithstanding	6
newspapers	6
nearly	6
namely	6
multitude	6
mortal	6
modern	6
mode	6
mistake	6
matilda	6
lying	6
lose	6
lived	6
likewise	6
lies	6
leaving	6
learn	6
lawrence	6
keeping	6
journal	6
introduced	6
intended	6
insisted	6
inquiry	6
india	6
incident	6
ignorant	6
hill	6
height	6
habits	6
greater	6
grand	6
gloomy	6
friendship	6
french	6
foolish	6
flight	6
fiction	6
favourable	6
favour	6
familiar	6
fall	6
faith	6
faces	6
extent	6
exhibit	6
excited	6
example	6
events	6
energy	6
ended	6
else	6
elizabeth	6
effects	6
edward	6
easy	6
ease	6
dress	6
dread	6
don't	6
domine	6
disappointed	6
direct	6
devoted	6
desert	6
declare	6
danger	6
credit	6
creatures	6
court	6
control	6
constant	6
condition	6
completely	6
communion	6
charms	6
charm	6
ceremony	6
caught	6
cases	6
bringing	6
break	6
brains	6
bosom	6
blood	6
black	6
bid	6
bible	6
begged	6
beg	6
assurance	6
assistance	6
arrive	6
approach	6
anxious	6
animation	6
amid	6
alluded	6
alive	6
afraid	6
afford	6
actually	6
activity	6
accustomed	6
accompany	6
^	6
.'	6
younger	5
written	5
women	5
wits	5
witnessed	5
witness	5
wished	5
willing	5
whiskey	5
wheels	5
weary	5
wear	5
watch	5
wanted	5
wait	5
voyage	5
virtue	5
vapid	5
utter	5
useful	5
universal	5
united	5
twenty	5
tribute	5
tree	5
travels	5
travelling	5
train	5
touched	5
times	5
third	5
theory	5
thence	5
testimony	5
tears	5
talking	5
talked	5
tale	5
suspect	5
supplies	5
sun	5
success	5
succeed	5
strain	5
stocking	5
step	5
statues	5
stanleys	5
square	5
specimen	5
sons	5
song	5
soft	5
smooth	5
sit	5
sincere	5
silent	5
separation	5
score	5
rise	5
rights	5
riches	5
retreat	5
restraint	5
request	5
repast	5
remotest	5
remote	5
refinement	5
red	5
re	5
range	5
raise	5
purchase	5
providence	5
proposed	5
profit	5
private	5
principles	5
principle	5
prepared	5
prepare	5
poverty	5
possesses	5
pocket	5
play	5
plain	5
phil	5
permitted	5
performed	5
pencil	5
peace	5
path	5
passing	5
parting	5
park	5
pain	5
paid	5
otherwise	5
ordered	5
opposition	5
offer	5
occurred	5
obliged	5
obey	5
novel	5
neglect	5
necessity	5
musical	5
mixture	5
minutes	5
miles	5
method	5
mental	5
members	5
medium	5
meaning	5
master	5
marry	5
marked	5
lovely	5
looks	5
listening	5
listen	5
line	5
lie	5
letters	5
leaves	5
le	5
laughed	5
landlords	5
knowing	5
kingdom	5
kindly	5
join	5
ingredients	5
indulge	5
individuals	5
indebted	5
impression	5
husband	5
humour	5
host	5
horses	5
highly	5
heartily	5
hearing	5
harp	5
harmony	5
happier	5
happened	5
green	5
goes	5
glory	5
glena	5
girl	5
genuine	5
gentry	5
game	5
furnish	5
friendly	5
forced	5
foot	5
followed	5
follow	5
figure	5
field	5
fidelity	5
fellows	5
fell	5
fast	5
fancourt	5
fame	5
extreme	5
expected	5
exhibition	5
exclusively	5
evidence	5
everybody	5
errors	5
entrance	5
enter	5
endure	5
ends	5
endeavour	5
effort	5
dwelling	5
dust	5
dressed	5
drawing-room	5
draw	5
distinguished	5
discover	5
disappointment	5
died	5
determine	5
design	5
described	5
delights	5
delicate	5
deceive	5
creed	5
creation	5
cray	5
cousins	5
convey	5
convenient	5
contrast	5
continent	5
contents	5
contented	5
conclusion	5
comprehend	5
compound	5
composition	5
composed	5
complete	5
companions	5
command	5
coincidence	5
coarse	5
climate	5
clever	5
clear	5
class	5
claims	5
checkley	5
charity	5
centre	5
career	5
burst	5
brown	5
brothers	5
bright	5
breast	5
breakfast	5
bread	5
boy	5
bonds	5
boatmen	5
board	5
blessings	5
blessed	5
bit	5
bestowed	5
below	5
beings	5
behold	5
beginning	5
began	5
b	5
avoid	5
attentions	5
astonishment	5
astonished	5
ashamed	5
appropriate	5
approaching	5
apply	5
apparently	5
animals	5
angry	5
amused	5
among	5
admire	5
admirable	5
acute	5
action	5
accomplished	5
abuse	5
abstract	5
abroad	5
''	5
«	4
|arabic2digit|	4
zeal	4
yellow	4
writing	4
worst	4
wood	4
wonder	4
wise	4
wisdom	4
winter	4
wing	4
wine	4
wild	4
white	4
ways	4
wave	4
war	4
vow	4
volume	4
visited	4
valuable	4
valley	4
vain	4
utterance	4
unwelcome	4
university	4
trifling	4
touching	4
touch	4
top	4
tonne	4
tongue	4
tone	4
tomorrow	4
title	4
throng	4
thee	4
thank	4
th	4
tenants	4
temple	4
tastes	4
task	4
takes	4
syllable	4
sweetly	4
sweetest	4
supposing	4
supported	4
sundry	4
sufficient	4
sudden	4
succeeded	4
substitute	4
subjects	4
strict	4
street	4
stick	4
started	4
speedy	4
south	4
source	4
sorry	4
sorrow	4
sooner	4
sketches	4
sketch	4
sing	4
signs	4
sighed	4
shine	4
shade	4
settlement	4
setting	4
servants	4
servant	4
series	4
separated	4
sentence	4
sending	4
selby	4
sea	4
scotland	4
schools	4
scenes	4
save	4
salmon	4
sake	4
sad	4
rural	4
runs	4
run	4
route	4
ride	4
reward	4
returns	4
rested	4
reserve	4
requires	4
repeat	4
renders	4
remains	4
remained	4
relation	4
regiment	4
regard	4
reflection	4
reference	4
recollect	4
reception	4
rapture	4
ran	4
race	4
questions	4
quarter	4
purest	4
pulled	4
provided	4
protestant	4
prophecy	4
pronounced	4
promised	4
profession	4
proclaimed	4
prevents	4
prevailed	4
presumption	4
preserved	4
preserve	4
preference	4
prefer	4
practice	4
polite	4
polished	4
poet	4
plenty	4
pious	4
piety	4
pianoforte	4
persons	4
personal	4
permission	4
performance	4
perceived	4
pensive	4
penetration	4
peculiar	4
peasants	4
peasantry	4
past	4
passage	4
parties	4
particularly	4
parliament	4
paris	4
pang	4
pair	4
paint	4
original	4
opened	4
obtain	4
o'clock	4
novelty	4
notice	4
north	4
nerves	4
neighbouring	4
neighbourhood	4
nearest	4
nation	4
narrow	4
musings	4
movement	4
motives	4
moreover	4
moon	4
monarch	4
modesty	4
mills	4
mighty	4
merry	4
merit	4
merely	4
material	4
matches	4
mark	4
magnificent	4
load	4
lively	4
listened	4
liberally	4
lest	4
laws	4
law	4
lavished	4
lavish	4
laugh	4
later	4
lakes	4
knees	4
keen	4
jack	4
involved	4
invited	4
invalid	4
intercourse	4
inquiring	4
inquire	4
innisfallen	4
indian	4
increased	4
important	4
imagined	4
hurt	4
horse	4
honestly	4
holding	4
hints	4
higher	4
henry	4
held	4
heavy	4
heath	4
hat	4
hasten	4
growth	4
grounds	4
grosvenor	4
greatly	4
grave	4
gratitude	4
gratification	4
gradually	4
grace	4
good-humour	4
glowing	4
glow	4
gladly	4
gentleman	4
generous	4
gained	4
furniture	4
fully	4
fresh	4
fraud	4
fortunate	4
foreign	4
folks	4
flying	4
flattered	4
flat	4
finish	4
finger	4
female	4
features	4
fears	4
fault	4
fare	4
fallen	4
failure	4
fail	4
external	4
expressing	4
experienced	4
expense	4
excursion	4
excite	4
exchange	4
excellence	4
exceedingly	4
evidently	4
evident	4
event	4
estimation	4
estate	4
established	4
erin	4
entered	4
enjoyment	4
encounter	4
enclosed	4
enchantment	4
emancipation	4
efforts	4
edge	4
due	4
duchess	4
dublin	4
drove	4
drink	4
drew	4
dreams	4
dream	4
drawing	4
dogs	4
disturb	4
disposition	4
dish	4
disgusting	4
discrimination	4
disagreeable	4
direction	4
dinas	4
din	4
dignity	4
devotion	4
details	4
desolate	4
desiring	4
depend	4
declaration	4
deceived	4
dead	4
daughter	4
dark	4
d	4
current	4
cunning	4
courage	4
countries	4
countenances	4
counsel	4
corner	4
copy	4
convinced	4
conviction	4
conveyed	4
contrive	4
contentment	4
constantly	4
consideration	4
considerable	4
consequence	4
confusion	4
confined	4
compliment	4
compact	4
committed	4
comfortable	4
colours	4
collins	4
college	4
cold	4
circumstance	4
church	4
chosen	4
chose	4
choose	4
choice	4
chief	4
chance	4
certainty	4
causes	4
cast	4
caroline	4
cares	4
capital	4
calls	4
busy	4
bustle	4
burton	4
broken	4
brings	4
breeze	4
breath	4
bore	4
bond	4
boast	4
blushed	4
blind	4
blank	4
bird	4
bilton	4
bias	4
besides	4
benefit	4
bearing	4
barrier	4
barren	4
band	4
authority	4
author	4
attractive	4
attraction	4
associate	4
assailed	4
ass	4
artificial	4
arranged	4
arise	4
argument	4
appointed	4
anticipated	4
animal	4
amusement	4
altar	4
allowed	4
allow	4
alas	4
agreed	4
agree	4
agent	4
affords	4
adventure	4
adopted	4
admit	4
admirably	4
addressed	4
addition	4
adding	4
active	4
according	4
accents	4
absolute	4
absentee	4
abode	4
/	4
**	4
*	4
'*	4
•	3
youthful	3
wretched	3
worship	3
works	3
working	3
wiser	3
winding	3
wind	3
widely	3
wholesome	3
whispered	3
whisper	3
weeks	3
weather	3
weakness	3
watched	3
wandered	3
wander	3
voices	3
vivid	3
vice	3
ventured	3
varieties	3
varied	3
utmost	3
utility	3
unlike	3
unhappy	3
unhappiness	3
unfortunate	3
unfolded	3
uneasy	3
uncommon	3
twas	3
troublesome	3
treasures	3
treasure	3
travel	3
trappings	3
translated	3
tranquil	3
traits	3
tom	3
tiresome	3
tight	3
ties	3
tied	3
thread	3
thou	3
thinks	3
theme	3
terms	3
tenderness	3
tenant	3
tedious	3
taught	3
talbot	3
system	3
sympathies	3
sybil	3
suspicion	3
surprising	3
supposed	3
sunny	3
summer	3
suited	3
suitable	3
sufficiently	3
suffers	3
stroke	3
strings	3
striking	3
streets	3
streams	3
stories	3
stores	3
stop	3
stones	3
stimulus	3
stimulated	3
steer	3
steadily	3
standing	3
stage	3
springs	3
spillane	3
speeches	3
specimens	3
spare	3
somewhere	3
somewhat	3
solitary	3
sojournment	3
soil	3
smoke	3
slow	3
sky	3
situations	3
sitting	3
singularly	3
singularity	3
sin	3
simplicity	3
simple	3
similar	3
sign	3
sides	3
shoes	3
ship	3
shines	3
shilling	3
sharp	3
shaking	3
shades	3
sexes	3
seven	3
served	3
separate	3
sensations	3
sensation	3
seizing	3
secondly	3
sculpture	3
scrap	3
science	3
scattered	3
scale	3
satisfaction	3
sailors	3
sagacity	3
safe	3
sacred	3
rustic	3
rulers	3
ruin	3
rugged	3
royal	3
ross	3
roof	3
roman	3
rode	3
revolts	3
resume	3
resting	3
respectable	3
resign	3
resemble	3
reproach	3
represent	3
report	3
rent	3
rendering	3
reminded	3
remembrance	3
rejoice	3
regions	3
refreshed	3
reflecting	3
reckoned	3
reaching	3
rational	3
rarely	3
raised	3
quitted	3
qui	3
que	3
quarrel	3
qualities	3
putting	3
pursuit	3
pursuing	3
pursued	3
purposes	3
pure	3
pull	3
pudding	3
proverb	3
proved	3
protected	3
proposal	3
proof	3
project	3
profligate	3
professional	3
prodigious	3
proclaiming	3
process	3
proceeding	3
prize	3
prey	3
press	3
preservation	3
precedence	3
powerfully	3
poured	3
posts	3
possibly	3
positive	3
portraits	3
politics	3
pole	3
poetry	3
poetical	3
plot	3
pleasures	3
pleasant	3
plays	3
playful	3
plants	3
planted	3
picked	3
physician	3
physical	3
perspective	3
performing	3
perfection	3
per	3
penetrating	3
pecuniary	3
peculiarly	3
pecked	3
patient	3
passes	3
partner	3
particulars	3
papers	3
pancras	3
paltry	3
pale	3
palace	3
painfully	3
page	3
p	3
owe	3
ornaments	3
organs	3
operated	3
operate	3
offered	3
offended	3
odd	3
occurs	3
occupy	3
occasionally	3
occasional	3
observer	3
observed	3
observations	3
oar	3
numbers	3
notions	3
notion	3
note	3
northeast	3
nonsense	3
noise	3
nice	3
news	3
newly	3
neglected	3
needs	3
national	3
narrative	3
nalta	3
mutual	3
murray	3
murdered	3
mounted	3
mount	3
motive	3
mothers	3
morrow	3
morals	3
month	3
monstrous	3
modes	3
minor	3
mingled	3
mines	3
milk	3
metal	3
merriment	3
ment	3
melody	3
meets	3
meditation	3
measures	3
meant	3
mccarthy	3
match	3
marsden	3
market	3
magical	3
madre	3
mad	3
lower	3
loves	3
loveliness	3
loose	3
lion	3
likeness	3
liis	3
liberal	3
leisure	3
leads	3
lead	3
laughter	3
laughing	3
latin	3
larger	3
languid	3
landing	3
landed	3
kings	3
kindest	3
keeps	3
judge	3
joining	3
johnson	3
john	3
jealous	3
involuntarily	3
invention	3
intimacy	3
interval	3
interests	3
integrity	3
instruction	3
instantly	3
insincere	3
innocent	3
inhabitants	3
ingenuity	3
ing	3
inform	3
indispensable	3
indicate	3
increase	3
inanity	3
improvement	3
impress	3
imperfect	3
imparted	3
immense	3
imitation	3
illustration	3
ideal	3
hurry	3
hung	3
hosts	3
honours	3
honesty	3
homely	3
hole	3
hitherto	3
hit	3
hint	3
hermit	3
hereafter	3
heels	3
heavily	3
hearty	3
hearted	3
hats	3
hatred	3
hate	3
hastily	3
hastened	3
harm	3
happiest	3
hanging	3
handsome	3
hair	3
grow	3
gratifying	3
grateful	3
grasp	3
grant	3
good-natured	3
gle	3
glass	3
glanced	3
gifted	3
gift	3
giddy	3
geese	3
gates	3
garden	3
g	3
furnished	3
frightened	3
freshness	3
freedom	3
france	3
fortunes	3
fortnight	3
forms	3
forgotten	3
forgive	3
fool	3
flourishing	3
flies	3
flesh	3
flatter	3
fitted	3
first-rate	3
fireside	3
fires	3
filled	3
figures	3
fifteen	3
fertile	3
fellowship	3
fellow-creatures	3
felicity	3
feed	3
fatigued	3
fastened	3
extricated	3
extremely	3
exterior	3
extend	3
expanse	3
existing	3
exhibiting	3
exhibited	3
exertion	3
exert	3
exchanged	3
excessively	3
exceed	3
everywhere	3
europe	3
establishment	3
est	3
esq	3
equally	3
entering	3
energies	3
endeavours	3
encumbered	3
enchanting	3
enable	3
en	3
eloquent	3
eldest	3
elder	3
eight	3
economy	3
eat	3
earnest	3
e	3
drops	3
drop	3
drinking	3
dr	3
downstairs	3
double	3
dose	3
divided	3
distinction	3
dispositions	3
display	3
dispersed	3
dislike	3
disengaged	3
discourse	3
discipline	3
difficult	3
differently	3
dictated	3
devoured	3
devote	3
destiny	3
desires	3
describing	3
derived	3
deprive	3
dependence	3
departed	3
denied	3
delusion	3
delicacy	3
delay	3
defined	3
deeply	3
deep	3
dedicated	3
deception	3
debate	3
deaf	3
curious	3
cupid	3
cup	3
cultivate	3
crowned	3
crown	3
crowd	3
counterfeit	3
cost	3
correct	3
coronet	3
corn	3
converse	3
contrived	3
contribute	3
continual	3
consists	3
consist	3
consequences	3
conscious	3
connor	3
confidence	3
confessed	3
concert	3
concern	3
conceive	3
concealed	3
con	3
completed	3
compare	3
companionship	3
community	3
commons	3
commonly	3
colour	3
collecting	3
coast	3
coach	3
classes	3
claim	3
clad	3
civilization	3
cheek	3
charmed	3
charities	3
changed	3
ceased	3
castle	3
caprice	3
capable	3
candour	3
calling	3
burdened	3
broke	3
broad	3
british	3
brilliant	3
breathe	3
bottle	3
bog	3
body	3
blockhead	3
blast	3
bitter	3
birth	3
bind	3
big	3
bids	3
bidding	3
betray	3
benevolence	3
benefits	3
belongs	3
bell	3
belief	3
bed	3
bay	3
battle	3
base	3
barge	3
bargain	3
bare	3
barbarism	3
banquet	3
balloon	3
bag	3
awkward	3
avowal	3
augustus	3
attendant	3
attained	3
attachment	3
attached	3
assume	3
associated	3
assembled	3
asleep	3
ascribe	3
arrangement	3
arises	3
argue	3
approve	3
approached	3
apprehensions	3
appreciate	3
applying	3
applies	3
applied	3
application	3
appetite	3
apartments	3
anybody	3
antiquity	3
anchor	3
amusing	3
ample	3
amazement	3
altogether	3
allied	3
airs	3
ah	3
agreement	3
afforded	3
affected	3
advise	3
advance	3
adopt	3
admired	3
acting	3
accuracy	3
accounts	3
accomplishments	3
accident	3
accepted	3
accept	3
absurdity	3
absurdities	3
absolutely	3
.)	3
youths	2
yonder	2
yoked	2
yielded	2
yield	2
yclept	2
yawn	2
yard	2
wreaths	2
wouldn't	2
worldly	2
worked	2
wool	2
wonderful	2
withhold	2
withheld	2
wit	2
wisely	2
wings	2
winds	2
window	2
willingly	2
wiles	2
wilds	2
wilderness	2
widow	2
widi	2
wider	2
wide	2
wi'ong	2
whys	2
wholly	2
whit	2
whilst	2
wherever	2
whence	2
westminster	2
weighs	2
wedding	2
wedded	2
weatherbeaten	2
wdth	2
waves	2
watching	2
warrant	2
walls	2
walks	2
waits	2
waiting	2
voted	2
visitors	2
visible	2
vigorous	2
victory	2
victim	2
vexed	2
vexation	2
version	2
verses	2
vent	2
vehicle	2
variance	2
vapour	2
vanished	2
vanish	2
van	2
vale	2
vague	2
uttering	2
uttered	2
usually	2
useless	2
urged	2
uproar	2
upright	2
untutored	2
untired	2
untied	2
unseen	2
unmercifully	2
unlucky	2
unison	2
unfounded	2
unfortunately	2
unfit	2
unexpected	2
unequal	2
undertake	2
unction	2
uncertainty	2
un	2
ugly	2
twig	2
twice	2
tutor	2
turf	2
tune	2
tumult	2
tumble	2
trumpet	2
truest	2
truer	2
trot	2
troops	2
treaty	2
treated	2
treat	2
travellers	2
transported	2
transport	2
translate	2
trammels	2
tralee	2
traffic	2
tracing	2
traces	2
towers	2
tour	2
touches	2
topics	2
tonight	2
token	2
tliat	2
tiny	2
tin	2
timidity	2
tidings	2
tide	2
thrown	2
throne	2
throat	2
threw	2
thomas	2
thither	2
thirteen	2
thief	2
theless	2
theatre	2
thanks	2
text	2
tete-a-tete	2
test	2
terra	2
term	2
tenor	2
tendency	2
tendencies	2
temptation	2
tempt	2
temporal	2
tempers	2
temperament	2
teaching	2
tattered	2
tasteful	2
tasted	2
tame	2
tales	2
tails	2
swiss	2
swell	2
swallow	2
swains	2
sustained	2
sustain	2
suspense	2
suspecting	2
survey	2
surround	2
surpassing	2
surpass	2
surmise	2
surgeon	2
supposition	2
supporting	2
supper	2
superstitious	2
supernatural	2
superiority	2
sunshine	2
sui	2
sugar	2
suffered	2
substantial	2
subsided	2
studying	2
study	2
studies	2
stuck	2
strung	2
struggling	2
structure	2
stretch	2
straw	2
strait	2
straight	2
stout	2
store	2
stockton	2
stockings	2
stock	2
stirred	2
stir	2
sting	2
stimulating	2
stillness	2
stepped	2
steering	2
steam	2
steady	2
staying	2
starts	2
start	2
stares	2
stanley	2
stands	2
standard	2
stake	2
staff	2
stable	2
st	2
sprinkled	2
spreading	2
spoken	2
split	2
splendour	2
sphere	2
spend	2
spell	2
speedily	2
speculation	2
speaks	2
sparkled	2
spared	2
space	2
sovereign	2
sorrowful	2
sooth	2
solicitude	2
sole	2
softness	2
sober	2
snug	2
snuffbox	2
snuff	2
smiled	2
slumbers	2
slight	2
slide	2
skirmishing	2
skin	2
skim	2
skiff	2
skies	2
size	2
sixty	2
sixpence	2
sisterhood	2
singular	2
simply	2
simples	2
simile	2
silently	2
signify	2
signal	2
sigh	2
shrubs	2
shown	2
shout	2
shot	2
shore	2
shop	2
shook	2
shone	2
shipwreck	2
shelter	2
shells	2
shed	2
sharpened	2
shape	2
shakespeare	2
shake	2
shadows	2
shadow	2
severed	2
seventeen	2
settlements	2
settled	2
sets	2
serenity	2
sentimental	2
sensibility	2
sensibilities	2
senior	2
selfish	2
seized	2
seeming	2
seeks	2
secured	2
sect	2
secret	2
seats	2
searching	2
sealed	2
seal	2
scramble	2
scholars	2
scheme	2
scanty	2
scannel	2
saxon	2
savouring	2
saved	2
satisfy	2
sarcastic	2
sarcasm	2
sand	2
sanction	2
sample	2
salary	2
saints	2
saint	2
sailed	2
sage	2
sacrificed	2
sacrifice	2
sack	2
sable	2
rush	2
running	2
rules	2
ruins	2
rowers	2
row	2
routine	2
rooms	2
rome	2
romantic	2
rochefaucauld	2
robinson	2
river	2
rivalry	2
rising	2
ridiculous	2
ridiculed	2
rid	2
rialta	2
rewarded	2
revolution	2
revisit	2
review	2
revenge	2
revel	2
retrograde	2
retired	2
resumed	2
rests	2
restless	2
restante	2
respectability	2
residence	2
resembling	2
research	2
rescue	2
requisite	2
requiring	2
represents	2
representing	2
reposing	2
reports	2
replete	2
replenished	2
repellent	2
repel	2
repay	2
removed	2
remnants	2
remarked	2
remaining	2
relieved	2
relief	2
related	2
relate	2
rejoined	2
rejected	2
reign	2
regulating	2
regular	2
registered	2
reginald	2
regardless	2
regaining	2
regain	2
refused	2
refuse	2
refreshing	2
reform	2
refined	2
recovery	2
recovered	2
record	2
recommend	2
recollection	2
recollected	2
recently	2
receiving	2
recede	2
recall	2
reasons	2
reasoning	2
reads	2
readily	2
rascals	2
raptures	2
rapidly	2
rapidity	2
rap	2
ransack	2
ranks	2
radical	2
radiant	2
quoth	2
quietly	2
quiet	2
quicker	2
quest	2
quantity	2
qualified	2
puzzle	2
pursuits	2
purses	2
purer	2
purchased	2
punch	2
published	2
provide	2
proud	2
protective	2
prosing	2
proposals	2
proportion	2
promising	2
projects	2
progressive	2
profusion	2
profuse	2
profess	2
producing	2
produces	2
prodigality	2
proclaim	2
proceeded	2
print	2
principally	2
primitive	2
price	2
previously	2
previous	2
prevented	2
prevailing	2
pretensions	2
presuming	2
pressed	2
presents	2
presently	2
presenting	2
prescribe	2
preparations	2
prejudice	2
preferred	2
precisely	2
precepts	2
preceded	2
preacher	2
prayers	2
practicable	2
potatoes	2
potato	2
possibility	2
possessor	2
possessing	2
positively	2
portrait	2
portion	2
poring	2
political	2
points	2
plunge	2
pledge	2
pleasurable	2
pleasantly	2
playing	2
played	2
plate	2
plase	2
plantations	2
pitch	2
pint	2
pin	2
pims	2
pim	2
pilot	2
pillow	2
piled	2
pie	2
pictures	2
physicians	2
phraseology	2
phrase	2
philosophers	2
philanthropy	2
perusal	2
persuade	2
personages	2
persia	2
persecution	2
perplex	2
permits	2
performs	2
performers	2
perennial	2
peep	2
peculiarities	2
peaceable	2
paying	2
paused	2
pause	2
patrick	2
paths	2
passion	2
particle	2
parted	2
parish	2
paradise	2
parade	2
par	2
pangs	2
panegyric	2
palsied	2
palaces	2
painting	2
pack	2
oyster	2
owti	2
overlooked	2
overflowing	2
overbearing	2
outside	2
outline	2
outlandish	2
ours	2
ornament	2
originally	2
ordeal	2
oppressed	2
opium	2
operation	2
openness	2
opening	2
ones	2
oldfield	2
olden	2
oil	2
oif	2
oi	2
offers	2
occur	2
obstacle	2
observances	2
observance	2
obscure	2
oblige	2
objection	2
oath	2
oars	2
oak	2
o'neil	2
nursery	2
nowadays	2
novice	2
novels	2
northern	2
nobody	2
nobleman	2
ninety-nine	2
nine	2
nieces	2
niche	2
nevertheless	2
neutral	2
net	2
nerve	2
neleus	2
needy	2
needful	2
neck	2
necessarily	2
nearer	2
neared	2
nay	2
nations	2
n	2
muttered	2
muscular	2
murder	2
movements	2
moved	2
mould	2
motley	2
motion	2
moss	2
morsel	2
morbid	2
moments	2
mock	2
mists	2
mistaking	2
mistakes	2
missed	2
misfortunes	2
misfortune	2
misery	2
miserable	2
mischief	2
misadventure	2
mirror	2
ministers	2
mingle	2
milliners	2
mild	2
midnight	2
middle	2
methodist	2
metamorphosed	2
metals	2
mercy	2
mentioning	2
mention	2
member	2
melodies	2
medley	2
mechanism	2
mauvaise	2
matrimony	2
matchless	2
marrying	2
marks	2
march	2
mar	2
map	2
manufactured	2
manufacture	2
mansion	2
manly	2
managed	2
male	2
main	2
magic	2
maasther	2
maaster	2
luz	2
lurch	2
lucky	2
luck	2
loving	2
lovers	2
lover	2
loss	2
loses	2
lore	2
lords	2
longing	2
lofty	2
lock	2
liveries	2
liveliest	2
literally	2
lit	2
lingered	2
linger	2
limited	2
limit	2
liked	2
lightning	2
lightfoot	2
lifeless	2
liberality	2
levelled	2
letting	2
lesson	2
leaf	2
lavinia	2
landlord	2
lamented	2
lament	2
lamb	2
ladyship	2
lads	2
knives	2
knights	2
kiln	2
kenmare	2
k	2
jumble	2
judicious	2
judging	2
joyous	2
joyful	2
jockey	2
jealousy	2
jacob	2
isn't	2
islands	2
irregularity	2
invitation	2
investiture	2
invested	2
invented	2
introducing	2
intrinsically	2
intimately	2
interruptions	2
interfere	2
insulation	2
instrument	2
instructed	2
instant	2
instances	2
inspiring	2
inspired	2
inspiration	2
insisting	2
insipid	2
inseparable	2
inquiries	2
ingress	2
inference	2
inestimable	2
industry	2
induced	2
indifference	2
indications	2
indicates	2
inconvenience	2
incongruities	2
incessant	2
inanimate	2
impulse	2
improved	2
improve	2
impromptu	2
impossible	2
importance	2
impetuosity	2
impatient	2
immortal	2
imitate	2
imaginations	2
imagery	2
illness	2
ill-fated	2
idleness	2
idiot	2
identity	2
identified	2
hurried	2
humouredly	2
humiliating	2
hume	2
hospitality	2
hospitable	2
horror	2
horrible	2
horizon	2
hoped	2
hoofs	2
honte	2
honourable	2
homeward	2
homes	2
homer	2
holyhead	2
holy	2
holly	2
holes	2
hired	2
highroad	2
hide	2
hibernian	2
hibernia	2
heterogeneous	2
herring	2
hero	2
helped	2
heir	2
heavenly	2
hearties	2
hates	2
hastening	2
harvest	2
harmonious	2
harbours	2
happily	2
halt	2
hack	2
habitations	2
ha	2
h	2
guise	2
guilty	2
guide	2
guardian	2
guard	2
grotesque	2
grew	2
greek	2
greece	2
gravity	2
gratified	2
grandeur	2
grains	2
graces	2
graceful	2
govern	2
goodness	2
goodly	2
golden	2
glittering	2
glengariffe	2
getting	2
genuinely	2
gazing	2
gazed	2
gathered	2
gate	2
gardens	2
gander	2
gain	2
futurity	2
furnishing	2
funny	2
fruitless	2
front	2
fro	2
frank	2
frame	2
foul	2
fort	2
forming	2
forgiven	2
forgetting	2
forest	2
foreigners	2
forehead	2
forbid	2
fools	2
foolishly	2
follies	2
folio	2
fogs	2
flowers	2
flower	2
florence	2
flora	2
flew	2
fleeting	2
flaw	2
flattering	2
flagging	2
fits	2
firm	2
fingers	2
fineness	2
fill	2
filial	2
fighting	2
feigning	2
fed	2
feature	2
favoured	2
fatigue	2
fatal	2
fat	2
fastidiousness	2
fancies	2
fancied	2
familiarly	2
false	2
fairy	2
factitious	2
f	2
extended	2
expressive	2
explicit	2
explained	2
explain	2
experiment	2
expenses	2
expends	2
expedition	2
expects	2
expectations	2
expectation	2
expatiate	2
exercising	2
exemption	2
execution	2
execute	2
exclaim	2
exciting	2
excess	2
exceptions	2
examples	2
exalted	2
exact	2
evince	2
evergreens	2
eternal	2
et	2
estrangement	2
esteem	2
essay	2
err	2
erect	2
epitome	2
epithet	2
envy	2
entire	2
enthusiastic	2
entertainment	2
entertained	2
entail	2
ensue	2
ennui	2
enjoys	2
enjoyments	2
enjoying	2
enjoyed	2
engraved	2
enforce	2
endowed	2
endeavouring	2
endeavoured	2
encouraging	2
encouragement	2
encouraged	2
encourage	2
enclose	2
empty	2
emancipated	2
elsewhere	2
elicited	2
elgin	2
elements	2
elegance	2
elderly	2
elapsed	2
egregious	2
educated	2
echoed	2
echo	2
eastern	2
easier	2
earthly	2
eagles	2
eager	2
dying	2
dwelled	2
dwell	2
duties	2
dunce	2
dumb	2
dug	2
du	2
dry	2
drowned	2
dropped	2
drive	2
dressing	2
dreading	2
dreadful	2
drapery	2
dragged	2
dozen	2
downright	2
doubts	2
doubly	2
doubled	2
dormer	2
doomed	2
dominions	2
documents	2
doctrine	2
division	2
divine	2
divested	2
diverting	2
diversion	2
distinguish	2
dissevered	2
disposing	2
dispose	2
displeasure	2
dispatch	2
disorder	2
dislikes	2
disinterestedness	2
disinterested	2
disgust	2
disfigure	2
discussed	2
discriminating	2
discovery	2
discovers	2
discordant	2
discontent	2
discernment	2
disapprobation	2
disappoint	2
dinners	2
dilate	2
die	2
diamonds	2
diamond	2
dialogue	2
dew	2
devices	2
device	2
develop	2
detect	2
detained	2
detail	2
destroyed	2
destroy	2
destined	2
despised	2
despair	2
desolation	2
desk	2
desirous	2
designed	2
deserves	2
descant	2
depth	2
deposited	2
depicted	2
department	2
departing	2
deny	2
dennett	2
demesne	2
demand	2
delivering	2
delayed	2
defence	2
deer	2
deeds	2
deed	2
decreed	2
decoration	2
declining	2
declaring	2
declared	2
decide	2
deceiving	2
debt	2
dearth	2
dealt	2
dazzling	2
date	2
dangerous	2
dance	2
damped	2
damp	2
curses	2
cultivation	2
cud	2
cry	2
crumbling	2
crucible	2
crowti	2
crowds	2
crow	2
cross	2
crooked	2
cringing	2
creeds	2
cream	2
crave	2
courts	2
courtesy	2
councils	2
council	2
cottages	2
cottage	2
cords	2
converted	2
convert	2
conversing	2
convenience	2
contradiction	2
contradict	2
contract	2
continue	2
contention	2
contempt	2
contemplation	2
contemplate	2
contains	2
containing	2
contagion	2
contact	2
construction	2
consistently	2
consented	2
consent	2
consciousness	2
connexions	2
conjecture	2
congeniality	2
congenial	2
confused	2
confounded	2
conflict	2
confirmed	2
confiding	2
confessing	2
conducted	2
condemned	2
concerns	2
concealing	2
comrades	2
comprehensive	2
comprehends	2
compounds	2
compounded	2
complaint	2
complain	2
compassion	2
comparison	2
communicating	2
common-sense	2
committing	2
commits	2
commit	2
commissioned	2
commission	2
comment	2
commencement	2
commence	2
commands	2
comically	2
comforts	2
combustibles	2
combine	2
combat	2
com	2
colouring	2
collection	2
collect	2
coin	2
coat	2
clumsy	2
clothed	2
cloth	2
closer	2
clearly	2
cleared	2
civil	2
city	2
circumference	2
circulation	2
circulate	2
choir	2
choicest	2
chimney	2
chill	2
chew	2
chauntry	2
chasm	2
chapel	2
changing	2
changes	2
chances	2
chairs	2
chair	2
cell	2
cease	2
ce	2
cave	2
caused	2
catholic	2
catching	2
casting	2
carry	2
carrier	2
careless	2
cards	2
car	2
caps	2
cape	2
cap	2
canvas	2
cant	2
canova	2
candid	2
cambridge	2
calmly	2
caleche	2
calculation	2
calculated	2
cake	2
buxton	2
button	2
bush	2
burn	2
burleys	2
burgundy	2
bundles	2
built	2
buildings	2
build	2
buds	2
brushed	2
brow	2
brother-in-law	2
brightness	2
brightly	2
brightest	2
bride	2
breasts	2
brass	2
brandy	2
brandon	2
boys	2
box	2
bowers	2
bow	2
bounds	2
boundless	2
bounded	2
bottom	2
borrowing	2
bone	2
bold	2
bogs	2
bodily	2
boats	2
boasted	2
bluestocking	2
bloom	2
bliss	2
blighted	2
blessing	2
blessedness	2
blazing	2
bills	2
bigotry	2
beside	2
bertha	2
bentleys	2
beneath	2
belonging	2
belong	2
belle	2
believing	2
believed	2
behaves	2
beggars	2
beau	2
bears	2
bard	2
bantry	2
banks	2
banishment	2
banished	2
bands	2
ball	2
balanced	2
bait	2
badly	2
backs	2
awaken	2
awake	2
awaited	2
avoids	2
avoiding	2
avoided	2
avidity	2
avarice	2
autumn	2
authors	2
au	2
attributes	2
attribute	2
attracted	2
attorney	2
attending	2
attended	2
attend	2
attempts	2
attack	2
atmosphere	2
astray	2
astonish	2
assuming	2
assumes	2
assumed	2
associations	2
association	2
assisted	2
aspire	2
asking	2
arts	2
artist	2
arrested	2
arch	2
aptly	2
apt	2
apprehension	2
appended	2
appeal	2
apparent	2
apparatus	2
apology	2
apollo	2
apiece	2
aphorisms	2
anywhere	2
antiquities	2
antagonist	2
answering	2
anomaly	2
announcing	2
annals	2
anew	2
anecdotes	2
analysis	2
amount	2
american	2
alteration	2
alter	2
alta	2
allotted	2
alias	2
al	2
airy	2
agreeably	2
agnes	2
affirm	2
affectionately	2
affair	2
ady	2
advocate	2
adventures	2
advancing	2
advances	2
adorn	2
adoption	2
adolphus	2
admiring	2
addressing	2
address	2
actual	2
actions	2
actio	2
acted	2
acquaintances	2
acknowledged	2
acknowledge	2
achieved	2
accoutrements	2
accomplish	2
accommodations	2
accommodation	2
accession	2
abuses	2
abundance	2
absorbed	2
absent	2
abruptly	2
abilities	2
abhor	2
abbey	2
^'	2
[	2
.]	2
-	2
*<	2
'^	2
'-	2
■pockets	1
•.	1
«<	1
£	1
}',	1
|arabicprice|	1
|arabic5+digit|	1
zero	1
yr	1
yovi	1
yourselves	1
younker	1
you're	1
you'll	1
york	1
yore	1
yomig	1
yo	1
ye/o	1
ye	1
yander	1
y	1
xxvl	1
xvl	1
xil	1
xiil	1
wtitten	1
wtien	1
wtiat	1
wrung	1
wrought	1
wrote	1
wrongs	1
writes	1
wrists	1
wrested	1
wreathed	1
wreath	1
wratli	1
wrapped	1
wounded	1
worthless	1
worsted	1
worships	1
worshipping	1
worshipped	1
worshipful	1
worries	1
worldy	1
worlds	1
workmen	1
workmanship	1
workers	1
worcestershire	1
wooden	1
wooded	1
woo	1
wonders	1
wondering	1
wondered	1
won	1
wolf	1
wolds	1
woiild	1
woes	1
woe	1
wlio	1
wlien	1
wizard	1
witty	1
withal	1
wisest	1
wins	1
winning	1
wines	1
windows	1
wince	1
willows	1
wildness	1
wildly	1
wight	1
widened	1
wicked	1
wi'iting	1
wi'ite	1
wholesale	1
whoever	1
who'll	1
whither	1
whistling	1
whistled	1
whistle	1
whispers	1
whispering	1
whirl	1
whip	1
whilom	1
whichever	1
whey	1
whetting	1
whetstone	1
wherefores	1
wherefore	1
whereas	1
whens	1
wheel	1
wheedle	1
whatsoever	1
western	1
wept	1
well-being	1
welcomed	1
weighty	1
weighed	1
weeds	1
wee	1
weazel	1
wearisome	1
wearer	1
weal	1
weaken	1
weak	1
wdnning	1
wdfe	1
waverly	1
waved	1
wath	1
watery	1
watering	1
watercresses	1
watchful	1
wastes	1
wasted	1
wasp	1
was'nt	1
wars	1
warrior	1
warred	1
warrants	1
warned	1
warn	1
warmth	1
warmly	1
warmed	1
warlike	1
wares	1
wardrobe	1
wanderings	1
wandering	1
waltzed	1
wallet	1
wall	1
walkini	1
waldenses	1
waking	1
waistcoat	1
waist	1
wail	1
wags	1
wages	1
wafts	1
wafted	1
waddled	1
w^orkmansliip	1
w	1
vv^ho	1
vulgarity	1
vulg	1
vulcan	1
vrithout	1
vox	1
vows	1
voungc	1
vote	1
votary	1
volunteered	1
volunteer	1
voluminous	1
voltaire	1
volley	1
volatile	1
void	1
vogue	1
vociferation	1
vociferated	1
voce	1
vmcle	1
vividness	1
vitcb	1
vista	1
visors	1
visitings	1
visiting	1
visions	1
visionary	1
viscount	1
virgil	1
violently	1
violent	1
violations	1
vino	1
village	1
vie	1
vidi	1
victorious	1
vicissitudes	1
vicinity	1
vicinage	1
vices	1
vibration	1
vibrating	1
vibrated	1
vibrate	1
vexations	1
vex	1
vetted	1
veteran	1
vessels	1
vessel	1
verse	1
versailles	1
veritas	1
veriest	1
verge	1
venor	1
veni	1
veneration	1
venerating	1
venerate	1
venerable	1
vender	1
veins	1
vein	1
veil	1
vehemence	1
vegetable	1
vear	1
vdll	1
vaut	1
vation	1
vastly	1
vast	1
vaporised	1
valued	1
valorous	1
valleys	1
valet	1
vainly	1
vainglorious	1
vacuum	1
vacuity	1
vaches	1
vacant	1
v^rithing	1
utters	1
utterly	1
utensils	1
usui	1
usquebaugh	1
ushered	1
uses	1
uselhe	1
usefulness	1
usage	1
urging	1
urgent	1
urge	1
upward	1
unworthy	1
unwonted	1
unwilling	1
unutterable	1
unusually	1
untoward	1
unto	1
untenable	1
unsung	1
unspoiled	1
unsolicited	1
unskilful	1
unsightly	1
unselfish	1
unscathed	1
unruffled	1
unrolled	1
unrivalled	1
unrefined	1
unreasonable	1
unreal	1
unravel	1
unpretending	1
unpremeditated	1
unpleasing	1
unpleasantly	1
unpleasant	1
unperturbed	1
unnatural	1
unmolested	1
unmixed	1
unmarried	1
unloosening	1
unlooked-for	1
unlocked	1
unlock	1
unkindness	1
unkind	1
unjustly	1
universally	1
universality	1
unite	1
uninteresting	1
unimproving	1
unholy	1
unheeded	1
unhappily	1
unguent	1
ungrateful	1
ungracious	1
ungovernable	1
unfurnished	1
unfolding	1
unfeminine	1
unfavourable	1
unfair	1
unexcitable	1
unexaggerated	1
uneasiness	1
unearthly	1
une	1
undisguised	1
undiscovered	1
undisciplined	1
undiscerned	1
undeserving	1
underwent	1
undertook	1
understood	1
understandings	1
undergone	1
undefined	1
undeceive	1
uncourteously	1
uncontrollable	1
unconsciousness	1
unconscious	1
unconmion	1
unconcern	1
unchartered	1
unceasingly	1
unceasing	1
unbounded	1
unbought	1
unbidden	1
unavailing	1
unattainable	1
unattached	1
unassisted	1
unanswerable	1
unaffectionate	1
unaffected	1
unacquainted	1
unaccustomed	1
unaccompanied	1
ultra	1
ultimate	1
tyre	1
tyranny	1
tyrannical	1
types	1
tying	1
tx	1
twos	1
twisting	1
twirl	1
twang	1
twaddling	1
tutelage	1
turks	1
tuning	1
tunes	1
tuft	1
tub	1
truths	1
trusts	1
trumpeted	1
trumpery	1
troy	1
trove	1
troubled	1
trotting	1
trotter	1
trosach	1
troglodites	1
triumphantly	1
triumphant	1
trituration	1
triplicate	1
trip	1
trims	1
trim	1
triiveller	1
trifles	1
trifle	1
trickled	1
trickery	1
trick	1
tribe	1
trias	1
trial	1
tress	1
trespass	1
tremblingly	1
treats	1
treatment	1
treasured	1
tread	1
traverses	1
traversed	1
travelled	1
transports	1
transplanted	1
transmuting	1
transmutation	1
translations	1
transitu	1
transitions	1
transition	1
transit	1
transient	1
transform	1
transcripts	1
transcendent	1
tranquillized	1
tranquillity	1
trance	1
tramp	1
trained	1
tragedy	1
traditional	1
trading	1
tract	1
trackless	1
traced	1
toys	1
toy	1
tower	1
toute	1
tould	1
total	1
toss	1
tory	1
torn	1
torment	1
tories	1
topsyturvy	1
tops	1
topic	1
tools	1
tonnage	1
tomb	1
tolerate	1
tolerably	1
tolerable	1
toilsome	1
toiling	1
toilettes	1
toilette	1
tobacco	1
to/^m^i	1
tittle	1
titian	1
tithes	1
tithe	1
tissues	1
tissue	1
tired	1
tirades	1
tirade	1
tions	1
tioned	1
tion	1
tint	1
tinged	1
timely	1
tim	1
tierces	1
ticketed	1
ti'iment	1
thursday	1
thunders	1
throws	1
throwing	1
throughout	1
throats	1
threshhold	1
threes	1
threatened	1
threaten	1
thoughtless	1
thorns	1
thorn	1
thirty	1
thinly	1
thine	1
thieves	1
thiers	1
thickly	1
thickets	1
thickest	1
theoretical	1
thek	1
theirs	1
theatrical	1
theatres	1
thanking	1
thankful	1
thane	1
texture	1
tessalcb	1
territory	1
terrify	1
terrifies	1
terrified	1
terrier	1
terrible	1
termination	1
terminating	1
terminated	1
ter	1
tenth	1
tenfold	1
tenement	1
tendons	1
tending	1
tenderest	1
tenantry	1
tempore	1
temporary	1
temples	1
templation	1
temperature	1
telkng	1
telegraphs	1
teeth	1
tee	1
tedium	1
technically	1
teaches	1
teachei*s	1
taxation	1
tatter	1
tato	1
tasteless	1
tartness	1
tartary	1
tartar	1
tardy	1
tangled	1
talks	1
talkingr	1
talismanic	1
tail	1
tactics	1
tackled	1
tack	1
tached	1
tables	1
tabernacle	1
s|iid	1
synthesis	1
synopsis	1
symptom	1
sympathised	1
sympathise	1
sympathetic	1
symbols	1
symbol	1
syllables	1
sycophants	1
swung	1
sworn	1
swim	1
swells	1
sweetness	1
sweetners	1
sweetened	1
sweeps	1
sweep	1
swearing	1
swallowing	1
swallowed	1
svas	1
sustaining	1
suspected	1
susceptible	1
survivorship	1
survives	1
survived	1
surtout	1
surrounding	1
surprisingly	1
surprises	1
surname	1
surmounted	1
surmountable	1
surest	1
supremely	1
suppressing	1
suppressed	1
supposes	1
support	1
supplying	1
suppliants	1
suppliant	1
superstitions	1
superstition	1
superlative	1
superiors	1
superficially	1
superabundance	1
sunset	1
sunplicity	1
sunning	1
sunken	1
sunbeam	1
sums	1
sumptuous	1
summons	1
summoning	1
summon	1
summed	1
suits	1
suite	1
suggests	1
suggested	1
suffused	1
suffrage	1
sue	1
succour	1
successional	1
succession	1
successful	1
succes	1
subterfuge	1
substantiated	1
substance	1
subsists	1
subsequent	1
subscription	1
subordination	1
submitted	1
submit	1
submission	1
sublime	1
subjugation	1
sub	1
suavity	1
styles	1
styky	1
stupid	1
stun	1
stumble	1
stuif	1
stuff	1
studied	1
stubborn	1
stuart	1
struggles	1
struck	1
strongly	1
strolling	1
strip	1
strikingly	1
strikes	1
strife	1
stride	1
strictness	1
stretching	1
stretched	1
strengthens	1
strengthener	1
strayed	1
stray	1
strawberry	1
strapped	1
stragglers	1
stowed	1
stops	1
stolen	1
stoddart	1
stocklna	1
stipulate	1
stimulate	1
stilts	1
stigmatised	1
stifles	1
sticking	1
sternness	1
sterling	1
stentorian	1
steers	1
steep	1
steeds	1
steaming	1
steals	1
stead	1
stayed	1
stature	1
statue	1
stationery	1
station	1
stars	1
star	1
stanhope	1
stamp	1
stalking	1
stakes	1
staid	1
stagger	1
squire	1
squeezed	1
squaring	1
squadron	1
spur	1
sprung	1
spreads	1
spouse	1
spots	1
sporting	1
sponsors	1
spoil	1
splitting	1
splicing	1
spitted	1
spirituous	1
spindle	1
spikes	1
spent	1
spencer	1
spells	1
spelling	1
spee	1
spectre	1
special	1
speakers	1
spatchcock	1
sparring	1
sparkles	1
spanish	1
spaniel	1
spangle	1
spain	1
spacious	1
spaach	1
sowing	1
sow	1
sovereignty	1
southern	1
southeast	1
sources	1
sour	1
soundness	1
sounding	1
souls	1
souloquizing	1
sotto	1
sorts	1
sorrows	1
sorrowing	1
sorrowfully	1
sore	1
sophisticated	1
sophisms	1
soothing	1
soothe	1
solve	1
solomon	1
solidly	1
solicitors	1
solemnised	1
solemn	1
solely	1
soissons	1
soiree	1
softly	1
softer	1
softens	1
softening	1
sofa	1
soda	1
sod	1
social	1
soars	1
soar	1
snuffer	1
snubb	1
snub	1
sneak	1
snatch	1
snare	1
smothered	1
smoking	1
smashed	1
smartening	1
smart	1
smallest	1
smaller	1
sly	1
slower	1
slouching	1
slipping	1
slipped	1
slip	1
sliding	1
slept	1
sleeping	1
slavery	1
skull	1
skulking	1
skipping	1
skimmed	1
skilful	1
sketched	1
sketchbook	1
sjtiipa	1
sjmpathies	1
site	1
sister-in-law	1
sino'le	1
sinks	1
sinking	1
sinister	1
sings	1
singling	1
singing	1
singer	1
sinews	1
sincerity	1
simultaneous	1
similitudes	1
similarity	1
signifies	1
sightseeing	1
sightless	1
sighted	1
sighs	1
sift	1
sider	1
sicken	1
siberia	1
shying	1
shy	1
shudder	1
shrunk	1
shrink	1
shrine	1
shrewdness	1
shrewd	1
showy	1
shows	1
showers	1
shoving	1
shouts	1
shoulders	1
shortest	1
short-lived	1
shorn	1
shores	1
shops	1
shooting	1
shocked	1
shock	1
ships	1
shining	1
shiel	1
shghtly	1
shelving	1
shekels	1
sheet	1
sheep	1
shapes	1
shameful	1
shakes	1
shaken	1
shai	1
shaggy	1
shadowed	1
shackle	1
seyton	1
severity	1
severer	1
severe	1
settles	1
settle	1
sessions	1
serving	1
serve	1
sermon	1
seriousness	1
seriously	1
seraph	1
sequel	1
separating	1
sentry	1
sentimentalists	1
sensitive	1
senses	1
senseless	1
sends	1
semiramis	1
seminaries	1
semicircle	1
semblance	1
selon	1
sell	1
selfsame	1
selfishness	1
selfishly	1
self-interest	1
self-denial	1
selecting	1
select	1
seldom	1
seizin	1
seizes	1
seihng	1
sees	1
seedling	1
seed	1
securing	1
secundus	1
secrecy	1
seasoned	1
seashore	1
sear	1
scylla	1
scutcheon	1
sculptured	1
scrutinising	1
scrupulous	1
scriptures	1
screen	1
scrapes	1
scowling	1
scoundrels	1
scottish	1
scott	1
scots	1
scotchman	1
scotch	1
scope	1
scone	1
scolloped	1
scolding	1
scissors	1
scintillations	1
schoolfellows	1
schoolboy	1
scholastic	1
scholarship	1
scholar	1
schemes	1
sceptre	1
scepticism	1
sceptic	1
scattering	1
scarce	1
scanning	1
scane	1
scan	1
scamper	1
scalpel	1
scabbards	1
savours	1
savour	1
sauve	1
sauvage	1
sauntered	1
satisfactory	1
satisfactorily	1
satis	1
satire	1
sapling	1
sapient	1
sanguineness	1
sang	1
sane	1
sandwiclies	1
sandwiches	1
sandwich	1
sands	1
sandes	1
san	1
saluted	1
salutation	1
salutary	1
salt	1
sally	1
sale	1
sajnng	1
sails	1
sailor	1
safety	1
safely	1
sadness	1
sadly	1
saddened	1
sacrificing	1
sache	1
rusty	1
rusticity	1
rustication	1
rusticate	1
rust	1
russel	1
ruslied	1
rushed	1
rupees	1
run?iing	1
rumours	1
rumoured	1
rumour	1
rumination	1
ruminating	1
rudely	1
rubbed	1
rsspect	1
royalties	1
rowed	1
rouses	1
roused	1
rouse	1
roughness	1
roughing	1
rouged	1
rosinante	1
ropes	1
ronajrv^e	1
romish	1
romancer	1
rolled	1
roll	1
rodolpho	1
roderick	1
rocky	1
robbers	1
rob	1
roasted	1
roast	1
roamed	1
roads	1
rivulets	1
rivers	1
rived	1
rival	1
ritual	1
rites	1
rises	1
rippling	1
ripe	1
rings	1
ringing	1
ring	1
rigidity	1
rigid	1
rightly	1
rightful	1
ries	1
riely	1
ried	1
riding	1
ridiculousness	1
ridiculously	1
ridicule	1
rides	1
rick	1
richest	1
richer	1
richard	1
ribbons	1
ri	1
rhythm	1
revoir	1
reviled	1
reviews	1
reviewer	1
reversionary	1
reverie	1
revere	1
reverberations	1
reverberation	1
revenging	1
revenged	1
revels	1
reveal	1
reunite	1
retreats	1
retract	1
retraced	1
retrace	1
retorts	1
retorted	1
retina	1
retain	1
results	1
restrictive	1
restraints	1
restrain	1
restored	1
restore	1
restoration	1
restlessness	1
restive	1
responsibility	1
responsibilities	1
response	1
respite	1
respective	1
respectful	1
respecter	1
respected	1
resources	1
resource	1
resounded	1
resorted	1
resolving	1
resolves	1
resolve	1
resolution	1
resist	1
resigns	1
resignation	1
residuum	1
resides	1
reside	1
reserving	1
resents	1
resemblance	1
requesting	1
requested	1
repute	1
reputation	1
reproof	1
repressing	1
repress	1
represented	1
repository	1
reported	1
replying	1
replenish	1
replaced	1
repentance	1
repent	1
repelled	1
repeated	1
repays	1
repaying	1
reparation	1
repaired	1
repair	1
repaid	1
renowned	1
renounce	1
rencontre	1
removes	1
remove	1
removal	1
remony	1
reminiscences	1
remembered	1
remedy	1
remedies	1
remarking	1
remarkably	1
remainder	1
rely	1
reluctantly	1
relinquished	1
relinquish	1
religious	1
relic	1
release	1
relaxed	1
relax	1
relatives	1
relating	1
rejoin	1
rejoices	1
reinstate	1
reigns	1
rehearsing	1
regulates	1
regulated	1
regulate	1
regret	1
registry	1
registers	1
register	1
regies	1
regent	1
regained	1
refreshment	1
refresh	1
reformers	1
reflections	1
refers	1
referring	1
reestablished	1
reembarked	1
reeking	1
reducible	1
reduced	1
redress	1
redeeming	1
recurring	1
rective	1
rectitude	1
recruits	1
recruited	1
recruit	1
recovering	1
recover	1
records	1
reconciles	1
recommends	1
reclaimed	1
reclaim	1
reckon	1
reciprocity	1
reciprocating	1
recipe	1
recent	1
receipt	1
recalling	1
rebut	1
rebellion	1
reasonably	1
reasonable	1
rear	1
reap	1
realizmg	1
realities	1
realised	1
readiness	1
reaches	1
rea	1
ray	1
ravine	1
rattan	1
ratio	1
rate	1
rasselas	1
rare	1
rapturously	1
rapturous	1
ranz	1
ransacked	1
rank	1
ranging	1
ral	1
raisonable	1
raisoii	1
raising	1
rainbow	1
ragged	1
rage	1
ragamuffin	1
raeal	1
radiance	1
raciness	1
rabble	1
quitting	1
quiescent	1
quid	1
quicksands	1
quickness	1
quere	1
quel	1
quarters	1
quarterly	1
quarantine	1
qualification	1
quaff	1
qu'il	1
puzzled	1
puts	1
pushed	1
purse	1
purity	1
puritan	1
purged	1
purga	1
puppets	1
pupils	1
punishment	1
punish	1
punic	1
punctuality	1
punctual	1
punctilious	1
puisse	1
pugnacious	1
publishing	1
publish	1
pub	1
prudential	1
prudent^maxim	1
prsserves	1
proximity	1
proximate	1
provoked	1
provoke	1
provision	1
proving	1
provides	1
providentially	1
proves	1
protests	1
protesting	1
protestants	1
protest	1
proteges	1
protects	1
protection	1
protect	1
prosy	1
prostitution	1
prosperous	1
prospects	1
proselytism	1
proscribing	1
proscribed	1
propriety	1
proposing	1
proposer	1
prophet	1
prophe	1
prop	1
pronounce	1
promptly	1
prompter	1
prompted	1
promontories	1
promises	1
promiscuously	1
prominent	1
prolonged	1
projected	1
prognosticate	1
profoundest	1
profitably	1
proffered	1
proffer	1
professors	1
professions	1
professing	1
professed	1
profaneness	1
profaned	1
prodigiously	1
prodiga	1
procuring	1
procures	1
procured	1
procure	1
proclaims	1
procession	1
processes	1
probable	1
pro^^dence	1
pro	1
prized	1
privileges	1
privilege	1
privations	1
privacy	1
prison	1
prise	1
priory	1
printers	1
printed	1
principia	1
princess	1
prince	1
primitives	1
priests	1
prevail	1
preterea	1
pretender	1
preted	1
presumptuous	1
pressing	1
preside	1
prescriptive	1
prerogatives	1
preposterous	1
preponderance	1
preparing	1
premium	1
premiere	1
prematurely	1
premature	1
preferring	1
preferment	1
preferences	1
predict	1
predicament	1
preclude	1
precision	1
precipitately	1
precipitate	1
precipitancy	1
precipice	1
precedes	1
precedent	1
precarious	1
preaching	1
preachers	1
pre	1
praying	1
prate	1
praising	1
praiseworthy	1
praises	1
practitioner	1
practising	1
practised	1
powder	1
pouring	1
pour	1
pounded	1
poundage	1
pound	1
pottein	1
potosi	1
potation	1
pot	1
postpone	1
posted	1
postboy	1
postage	1
possi	1
position	1
pose	1
ports	1
portray	1
portfolio	1
port	1
porches	1
porch	1
populous	1
population	1
popularity	1
popular	1
poppy	1
poppies	1
popish	1
popery	1
pope	1
poorest	1
pooh	1
poney	1
pondre	1
ponding	1
ponderous	1
pom	1
poly	1
polish	1
police	1
poles	1
poke	1
poising	1
poised	1
poignant	1
poignancy	1
pod	1
pockmarked	1
pockets	1
po	1
plutus	1
plus	1
plunged	1
plum	1
plod	1
plicit	1
plexing	1
pleftty	1
pleaded	1
plea	1
playfully	1
player	1
plans	1
plank	1
plaguy	1
plaguing	1
plague	1
placing	1
placency	1
pitying	1
pity	1
pith	1
pitdpriety	1
pitched	1
pistol	1
piqued	1
pique	1
piper	1
piped	1
pipe	1
pilotage	1
pillar	1
pilgrimage	1
pilferrer	1
piles	1
piiffin	1
pigs	1
pigeon	1
pies	1
piercing	1
piedmont	1
pieces	1
piece	1
pickled	1
picking	1
pick	1
physiognomy	1
phoenicia	1
phlegm	1
philosophising	1
phidias	1
phantoms	1
phantom	1
pewter	1
peut	1
petty	1
petticoat	1
perverted	1
pervades	1
pervaded	1
perturbable	1
pertinacity	1
persuading	1
persuaded	1
personage	1
persecuted	1
perplexed	1
perpetually	1
peroid	1
permitting	1
periods	1
pericranium	1
pericles	1
perfume	1
performer	1
perforce	1
perforated	1
perfections	1
perches	1
perched	1
perchance	1
perch	1
perception	1
penknife	1
penetrate	1
pence	1
penances	1
penalty	1
pelucid	1
peian	1
pei	1
pegasus	1
peerage	1
peeping	1
peel	1
pedigree	1
pedantry	1
peculation	1
pecking	1
pebbled	1
peas	1
peals	1
peal	1
peak	1
peachum	1
peaceful	1
pea	1
pauses	1
paupers	1
paucity	1
patterns	1
patronise	1
patriotism	1
patrimony	1
patriarchal	1
pation	1
patience	1
pathway	1
pathos	1
pathetic	1
paternal	1
patches	1
patagonian	1
pastures	1
pasture	1
pastor	1
paste	1
passport	1
passions	1
passeth	1
passages	1
pas	1
partook	1
partly	1
partings	1
participation	1
participating	1
participate	1
partiality	1
parthenon	1
partakers	1
parsimony	1
parrot	1
parnassian	1
parlour	1
parliamint	1
parisian	1
parentage	1
pardons	1
pardon	1
parchments	1
parcels	1
parcelling	1
parcel	1
paraphernalia	1
paragraph	1
paradoxical	1
papal	1
pantheon	1
panted	1
pans	1
panoply	1
pampered	1
palm	1
pallazo	1
palfreys	1
pairs	1
painter	1
painted	1
pagoda	1
pageant	1
paestum	1
paddled	1
packthread	1
packets	1
packed	1
pace	1
pa	1
oxford	1
ox	1
owls	1
owed	1
overwhelming	1
overwhelmed	1
overwhelm	1
overweening	1
overtook	1
overtake	1
overset	1
overrated	1
overloaded	1
overjoyed	1
overgrown	1
overflowed	1
overcame	1
oven	1
ove	1
ovation	1
outwit	1
outward	1
outstep	1
outshine	1
outright	1
outlived	1
outfit	1
outer	1
ouselves	1
otwavj	1
otium	1
ot	1
ostracism	1
orphans	1
ornamental	1
orld	1
originating	1
originated	1
originality	1
origin	1
orifice	1
organ	1
ordinance	1
orderly	1
ordained	1
orchard	1
orbs	1
orators	1
orator	1
oracular	1
oracle	1
optics	1
opthalmia	1
oppresses	1
opposites	1
opposed	1
oppose	1
opportune	1
opiates	1
operators	1
operations	1
operating	1
operates	1
opera	1
op*	1
onwards	1
onlj	1
oneself	1
omnivorous	1
om'selves	1
oldest	1
older	1
old-fashioned	1
oifer	1
ofmessieurs	1
oflpat	1
officious	1
offices	1
officers	1
office	1
offence	1
oer	1
odyssey	1
odours	1
odour	1
odium	1
odier	1
odds	1
oddities	1
och	1
ocean	1
occurrences	1
occurrence	1
occupation	1
occasioned	1
obtuse	1
obtaining	1
obtained	1
obstreperous	1
obstinately	1
obstacles	1
observe	1
observable	1
obser	1
obloquy	1
obligation	1
objected	1
obeyed	1
obeisance	1
obedient	1
obedience	1
oatmeal	1
oaten	1
oasis	1
o^\^l	1
o\^ai	1
o'god	1
o'connell	1
nwutf	1
nvmciation	1
nuts	1
nut	1
nuptials	1
nuptial	1
nuns	1
nun	1
numbered	1
nudity	1
nu	1
nratcli	1
noviciate	1
novelties	1
nouveaux	1
nous	1
notify	1
noticed	1
notes	1
nostrum	1
nose	1
norton	1
northeastern	1
north'ards	1
norfolk	1
noosed	1
noon	1
nook	1
nonappearance	1
nomenclature	1
noiseless	1
nod	1
nobler	1
niunerous	1
niono	1
nion	1
ninety	1
nimbly	1
nihil	1
nifallit	1
niece	1
nicknames	1
nicknamed	1
nickname	1
nichols	1
nicety	1
newton	1
newspaper	1
newest	1
newer	1
nets	1
nether	1
nests	1
nest	1
nei^hbourinof	1
negotiation	1
negatives	1
neddeen	1
necromantic	1
necromancy	1
necklaces	1
necessities	1
necessaries	1
neatly	1
navy	1
nauseated	1
natured	1
natm	1
natives	1
nasal	1
narrowminded	1
naresbury	1
naresburg	1
naples	1
nap	1
nance	1
named	1
naked	1
naivete	1
nails	1
naiad	1
mystery	1
myslf	1
myselfi	1
myrmidons	1
myriads	1
muzzle	1
musty	1
muster	1
musing	1
musicians	1
musician	1
muses	1
mused	1
muse	1
muscles	1
murky	1
munity	1
mummery	1
mumbling	1
mum	1
mules	1
mud	1
muccruss	1
mtiat	1
mth	1
mt/^eyes	1
ms	1
moving	1
mover	1
mouth	1
mouse	1
mourns	1
mounts	1
mountaineers	1
motions	1
mortimer	1
mortifying	1
mortgage	1
mornings	1
morley	1
mordecai	1
morass	1
morality	1
moralist	1
moralising	1
morahzing	1
moore	1
moor	1
moonlight	1
mood	1
monuments	1
monotony	1
monosyllable	1
monkey	1
monde	1
monastic	1
momentous	1
momentary	1
molested	1
moimtaineers	1
modulations	1
modulation	1
modish	1
modicum	1
moderation	1
model	1
mockery	1
mocked	1
mob	1
mn	1
mmd	1
mlladi	1
mistrusted	1
mistress	1
mist	1
missile	1
misrepresentation	1
misnomer	1
mislaid	1
misers	1
miserably	1
miser	1
misconduct	1
miscalculated	1
misapplied	1
misanthrope	1
mirrors	1
minuteness	1
minute	1
minus	1
ministerial	1
minister	1
minerals	1
mindless	1
minding	1
mimosa	1
mimic	1
milliner	1
miller	1
milked	1
mildness	1
mien	1
midway	1
midsummer	1
mid	1
metropolitan	1
metropolis	1
methodistic	1
metaphysique	1
metamorphosis	1
messenger	1
message	1
mess	1
merveille	1
merrier	1
meriting	1
meridian	1
merged	1
mercies	1
merchants	1
merchant	1
merchandise	1
mercenary	1
mentor	1
mentally	1
mend	1
menacing	1
memorial	1
memoranda	1
melville	1
melting	1
melt	1
melodious	1
mellows	1
meetings	1
meekly	1
meed	1
meditations	1
medicine	1
medical	1
measured	1
meanness	1
meandered	1
me^^such	1
mazes	1
mayor	1
maxim	1
mawkish	1
maurice	1
maures	1
mau	1
maturer	1
matured	1
matthews	1
matrons	1
mathematicians	1
mated	1
masters	1
mask	1
masculine	1
martin	1
martial	1
marshalled	1
marries	1
marking	1
maries	1
marianne	1
margin	1
margaret	1
mare	1
marched	1
marbles	1
marble	1
marathon	1
maps	1
manuscripts	1
manure	1
manuna	1
manufacturers	1
manoeuvrers	1
manifests	1
manifestly	1
manhood	1
mangle	1
mangerton	1
manes	1
mane	1
mandate	1
mancipashon	1
manceuvrer	1
management	1
manage	1
manacles	1
mammas	1
malgre^	1
malapardis	1
makje	1
makers	1
maker	1
majority	1
major	1
majesty	1
mais	1
maid	1
mai	1
magistrate	1
magi	1
magazines	1
magazine	1
mag	1
madman	1
machine	1
machiavelian	1
maceration	1
macbeth	1
ma'mselle	1
ma'am	1
ma	1
m^hich	1
m^carty	1
m.d	1
m*carty	1
m'garty	1
m'donald	1
m'cartj^	1
lyre	1
luxury	1
luxuries	1
luxuriant	1
luncheon	1
lull	1
lucubrations	1
luckless	1
luckily	1
lucid	1
lucca	1
lozenges	1
lowest	1
lowering	1
lowered	1
louvre	1
lounging	1
loudly	1
louder	1
loud	1
losses	1
loosened	1
loopholes	1
loom	1
longed	1
lonesome	1
lona	1
loitering	1
loiter	1
log	1
lodgings	1
lodged	1
lodge	1
locomotion	1
locks	1
loch	1
loaded	1
liverpool	1
lity	1
lithographic	1
literature	1
literary	1
litde	1
listers	1
list	1
lisped	1
lis	1
lionising	1
linton	1
link	1
lingers	1
liner	1
lined	1
limner	1
limb	1
liking	1
likes	1
liim	1
lights	1
lighting	1
lightened	1
ligature	1
lief	1
licence	1
library	1
liberties	1
libation	1
lia	1
lexicon	1
lewellyn	1
levy	1
level	1
levees	1
lethe	1
lessons	1
lessly	1
lessened	1
les	1
leprosy	1
leonine	1
lengthen	1
lend	1
len	1
lemon	1
lejeu	1
legs	1
legitimate	1
legged	1
legendary	1
legend	1
legally	1
legacy	1
leg	1
leather	1
leap	1
leaning	1
leaned	1
lean	1
leamington	1
leaders	1
leader	1
lazy	1
lays	1
laying	1
layer	1
laxity	1
lawyers	1
lawns	1
lawi'ence	1
lavender	1
latterly	1
latest	1
lasts	1
lasting	1
lasted	1
lasses	1
lass	1
larn	1
largest	1
larceny	1
lapses	1
lans	1
languish	1
landscape	1
landholders	1
lamp	1
lal	1
lair	1
laide	1
lai'gest	1
ladder	1
lad	1
lacy	1
lackey	1
labyrinth	1
labours	1
labour	1
laboratory	1
labelled	1
l)lessings	1
kremlin	1
knuckles	1
knotty	1
knocked	1
knock	1
knitting	1
knell	1
kneeling	1
knee	1
kit	1
kinswoman	1
kinirs	1
kingly	1
kine	1
kindred	1
kin	1
killed	1
kill	1
kicks	1
kicking	1
kick	1
kibbobed	1
ki7id	1
keys	1
key	1
kepple	1
kenmare*s	1
ken	1
jutor	1
justify	1
justified	1
jury	1
jumping	1
jumped	1
jump	1
jumbled	1
juggler	1
judiciously	1
judgments	1
judges	1
judged	1
jubilee	1
jshe	1
joyfully	1
jour	1
jou	1
jordan	1
joint	1
joe	1
job	1
joans	1
jiim^	1
jield	1
jidgeted	1
jewellers	1
jewel	1
jeunesse	1
jerusalem	1
javelins	1
jaundiced	1
jar	1
james	1
jaded	1
j\irs	1
j	1
iu	1
items	1
item	1
italy	1
italian	1
issuing	1
issues	1
ism	1
islet	1
isle	1
islanders	1
isabella	1
irritation	1
irresistibly	1
irrelevant	1
irishman	1
ire	1
ipecacuanha	1
inwards	1
inward	1
invokes	1
invocation	1
inviting	1
invitations	1
invisible	1
invigorated	1
invigorate	1
inverted	1
inveiglement	1
invaluable	1
invaders	1
intuitive	1
intrusion	1
introduction	1
introduce	1
intricacies	1
intrepidity	1
intoxicating	1
intolerably	1
intolerable	1
intimation	1
intimate	1
intestate	1
intervals	1
interstices	1
interruption	1
interrupt	1
interrogatories	1
interregnum	1
interpreted	1
interposes	1
interpose	1
internal	1
intermediate	1
interlarded	1
interior	1
interim	1
interfering	1
interference	1
interchanged	1
interchange	1
intently	1
intentions	1
intent	1
intensity	1
intenseness	1
intense	1
intends	1
intelligibly	1
intelligent	1
intellectual	1
inteiition^	1
intei	1
insult	1
instruments	1
instrumental	1
instructive	1
instructions	1
instru	1
instituted	1
instinct	1
installed	1
inspiriting	1
inspire	1
inspection	1
insist	1
insinuated	1
insignificant	1
insignia	1
insight	1
insertion	1
insert	1
insensible	1
inscribed	1
insane	1
inroads	1
inquires	1
inquired	1
inquest	1
inore	1
innumerable	1
innocence	1
ink	1
injustice	1
injunctions	1
injliring	1
inimitable	1
inherit	1
ingoldsby	1
ingenuousness	1
ingenious	1
infringement	1
informally	1
info	1
influenced	1
inflictions	1
inflicted	1
inflated	1
inflate	1
inferior	1
infection	1
infatuation	1
infant	1
inexperience	1
inexorable	1
inelegant	1
indwelling	1
indus	1
indulged	1
induction	1
induces	1
inducement	1
induce	1
individually	1
indivi	1
indispensably	1
indiscriminately	1
indiscretion	1
indignation	1
indignantly	1
indigenous	1
indifferently	1
indifferent	1
indicating	1
indians	1
indexes	1
independently	1
independent	1
indenture	1
indelicate	1
incursion	1
incurred	1
incur	1
incredulity	1
increases	1
incorruptible	1
incorporated	1
inconvenient	1
inconsolable	1
inconsistent	1
inconsistency	1
incongruous	1
incompetent	1
income	1
incognita	1
included	1
include	1
incline	1
inclinations	1
inclination	1
incivility	1
incited	1
incipient	1
incidents	1
incidentally	1
inches	1
incessantly	1
incentive	1
incense	1
incaution	1
incantation	1
inasmuch	1
inaccessible	1
imtutored	1
imputation	1
impudence	1
imprudently	1
improvisatori	1
improvements	1
imprison	1
impressions	1
impressible	1
impressed	1
impregnable	1
impossibility	1
imposes	1
imposed	1
imported	1
imploringly	1
implore	1
implements	1
implacable	1
impingement	1
impiety	1
impetus	1
impertinencies	1
impertinence	1
imperious	1
imperial	1
imperfection	1
imperceptible	1
imperative	1
impelled	1
impeding	1
impediments	1
impede	1
impatience	1
imparts	1
immoderately	1
imitating	1
imcle	1
imbrued	1
imagining	1
imagines	1
imaginary	1
imaginable	1
images	1
im	1
illusion	1
illumnination	1
illumination	1
illuminated	1
illicit	1
illegant	1
iliey	1
ilhgant	1
il	1
ihe	1
ignorantly	1
ig	1
idolise	1
idol	1
idlers	1
identification	1
identical	1
ideas	1
ice	1
icarus	1
ic	1
i'll	1
i'd	1
hymeneal	1
hy	1
huskisson	1
hushed	1
hush	1
husbands	1
hurrying	1
hunting	1
hungry	1
hunger	1
hundredth	1
humility	1
humiliation	1
humbugs	1
humbling	1
humbler	1
humanity	1
hue	1
hu	1
ht	1
hrace	1
hows	1
howl	1
howards	1
hovv^ever	1
hovels	1
houses	1
housekeeper	1
hourly	1
hound	1
hotel	1
hotekriey	1
hot	1
hostesses	1
horsewomen	1
horseback	1
hors	1
horrors	1
horrid	1
horizontally	1
horace	1
hoping	1
hooking	1
hooked	1
hook	1
homilies	1
homespun	1
homeric	1
holiday	1
hoist	1
hoim	1
hogshead	1
hog	1
hoards	1
hoarding	1
hiunan	1
hitch	1
historical	1
his^br	1
hips	1
hinted	1
hini	1
hinges	1
hindered	1
hills	1
hilj	1
hilarity	1
highways	1
highlands	1
hidden	1
hibernicism	1
hibernians	1
hi	1
hey	1
hew	1
hesitation	1
hesitate	1
heroic	1
heroes	1
hermetically	1
heresy	1
hercules	1
herculean	1
henleys	1
henceforward	1
hen	1
hems	1
hem	1
helm	1
helicon	1
hel	1
heights	1
heeply	1
heel	1
hedge	1
hector	1
hectic	1
heaving	1
heaved	1
heat	1
heartrending	1
heartless	1
hearth	1
heap	1
healing	1
heains	1
headmaster	1
headlands	1
headed	1
hea\y	1
hazel	1
hazard	1
hay	1
hawkston	1
haut	1
hatches	1
hasty	1
hastens	1
harnessed	1
harness	1
harmonised	1
harmonise	1
harmonica	1
hark	1
hardening	1
harbour	1
haranguing	1
happens	1
happen	1
hang	1
handy	1
handwriting	1
handsomer	1
handful	1
hampshire	1
hampden	1
hammer	1
halting	1
halcyon	1
hacknied	1
habitual	1
guzzle	1
gust	1
gun	1
gum	1
gulp	1
guinea	1
guilt	1
guileless	1
guided	1
guest	1
guardianship	1
guardians	1
gu'ls	1
grumble	1
grudge	1
grub	1
grows	1
grown	1
growled	1
growing	1
groves	1
grove	1
groups	1
grossest	1
gros	1
grinding	1
grimmest	1
grievously	1
grieve	1
grievances	1
grievance	1
griefs	1
grief	1
greyish	1
grey	1
greetings	1
greet	1
greeks	1
greatness	1
greasy	1
graver	1
gratifications	1
grate	1
granvilles	1
granted	1
grandees	1
grained	1
gradations	1
gracious	1
graceless	1
governs	1
government	1
governed	1
gothic	1
gossip	1
gospel	1
gorse	1
gorgon	1
gorge	1
goodher	1
good-humoured	1
golgotha	1
goldsmith	1
golconda	1
gods	1
godmother	1
goblets	1
goats	1
goadmg	1
gnerally	1
glued	1
glowworm	1
gloucester	1
glossy	1
glorious	1
glories	1
globe	1
glimpses	1
glimpse	1
gliding	1
glide	1
glengariflpe	1
glees	1
glasses	1
glare	1
glances	1
gladsome	1
gladness	1
gladdest	1
giut	1
giorgina	1
gine^	1
gilpui	1
gilford	1
giiford	1
gigantic	1
gifts	1
gienalta	1
gib	1
giants	1
giant	1
gi'owl	1
gi'anted	1
ghosts	1
ghid	1
gerty	1
german	1
geranium	1
geography	1
genus	1
gentlepess	1
genteel	1
gent*s	1
genial	1
geneva	1
genesis	1
generously	1
generosity	1
generis	1
generavs	1
generations	1
generalship	1
generall^'^glad	1
gene	1
gemuine^	1
gems	1
gem	1
gaze	1
gawky	1
gathering	1
gather	1
gath	1
gas	1
garter	1
gaps	1
gap	1
gambling	1
gambler	1
gambled	1
gamble	1
gallon	1
gallantly	1
gale	1
galaxy	1
gait	1
gains	1
gaining	1
gaily	1
gaiete	1
fwt	1
futurities	1
fuss	1
furze	1
furnishes	1
furious	1
furies	1
funeral	1
fulminated	1
fulminate	1
fulfilment	1
fulfil	1
fugitive	1
fruits	1
frown	1
fronva	1
frize	1
frigidly	1
fright	1
friendships	1
fretting	1
freshman	1
fresco	1
fraternity	1
frances	1
frail	1
fragrance	1
fragments	1
fox	1
fowls	1
fourth	1
fountains	1
fountain	1
foundered	1
founder	1
founded	1
foui'pence	1
forty	1
forthcoming	1
forsworn	1
formidable	1
forgot	1
forgetfulness	1
forgetful	1
forge	1
forests	1
forestalhng	1
foremost	1
foreboding	1
forciwy	1
forcibly	1
forbidden	1
forbearing	1
footsteps	1
footman	1
fondness	1
fondest	1
fonder	1
fomidation	1
follows	1
folk	1
foliage	1
foe	1
focus	1
fne7id	1
fm	1
flurry	1
flows	1
flowing	1
flowed	1
floor	1
flood	1
flogged	1
flocks	1
floats	1
flippant	1
fling	1
flickered	1
fleetest	1
fledged	1
flaunting	1
flattery	1
flatterer	1
flats	1
flankers	1
flaccid	1
fitzro}^	1
fitzallans	1
fitzal	1
fitz	1
fitter	1
fishing	1
fishermen	1
firmly	1
firesides	1
fired	1
fir	1
finishes	1
fingerpost	1
fingal	1
fines	1
finely	1
fineering	1
finds	1
findino	1
finance	1
finalrest	1
finale	1
final	1
filthy	1
filling	1
filing	1
files	1
figurantes	1
fiftieth	1
fiend	1
fied	1
fiddling	1
fibre	1
fiat	1
fi'iendly	1
fi'iend	1
ffrowinff	1
fewer	1
feudal	1
festivities	1
fertility	1
ferret	1
fergus	1
fender	1
fences	1
fenced	1
fence	1
fel	1
feigned	1
fectly	1
featured	1
featherston	1
feathers	1
feat	1
fearlessly	1
fearful	1
feared	1
favours	1
faut	1
faults	1
fatiim	1
fatiguing	1
fatherly	1
fastings	1
fastidious	1
fascination	1
fascinating	1
farmyard	1
farm	1
fane	1
fanciful	1
famous	1
families	1
familiarity	1
familiarise	1
faltering	1
falsehood	1
falls	1
fallow	1
falling	1
faithfully	1
faithfid	1
fait	1
fairs	1
fairly	1
fairies	1
fain	1
fails	1
fai	1
fagot	1
fade	1
faculty	1
facsimile	1
facilitate	1
fabulous	1
fabric	1
fable	1
exultation	1
extricate	1
extremity	1
extravagant	1
extravagance	1
extraordinarily	1
extract	1
extinguishing	1
externally	1
extenuation	1
extenuate	1
extensive	1
extends	1
extending	1
extant	1
exquisites	1
exquisitely	1
expressions	1
expresses	1
expounding	1
exposure	1
expostulating	1
expose	1
explosion	1
explore	1
exploits	1
explanations	1
explanation	1
experiments	1
experimentally	1
experimental	1
experiences	1
expended	1
expelling	1
expedient	1
expecting	1
expectancies	1
expatiated	1
expansive	1
expanded	1
exliausted	1
exists	1
exist	1
exigencies	1
exhibits	1
exertions	1
exemplary	1
executed	1
excusing	1
excused	1
excursions	1
exclusive	1
exclusion	1
exclaiming	1
excites	1
exciters	1
excels	1
excel	1
excavations	1
examining	1
examined	1
examine	1
examination	1
exalts	1
exaggerations	1
ex	1
evolved	1
evinced	1
evils	1
ever3rwhere	1
evenings	1
eve	1
evaporated	1
eulogy	1
eulogiura	1
eternity	1
estimate	1
esteetn	1
establishments	1
establish	1
essentials	1
essayed	1
essarily	1
esprit	1
espied	1
escape	1
error	1
erroneous	1
erected	1
erebus	1
erased	1
equator	1
equality	1
epistolary	1
episodes	1
envying	1
environed	1
environ	1
envious	1
envied	1
enumeration	1
entry	1
entrusted	1
entreaty	1
entreaties	1
entreat	1
entre	1
entrapped	1
entranced	1
entertain	1
entangle	1
enraptured	1
enojland	1
enlivening	1
enliven	1
enlist	1
enlighten	1
enjojtnent	1
enigma	1
enhancing	1
engrossed	1
englishwoman	1
englishmen	1
engineers	1
engages	1
engage	1
eng	1
enfilade	1
enfeoffment	1
enfeebled	1
enfeeble	1
enemy	1
enemies	1
enduring	1
endured	1
endows	1
endowments	1
endorsed	1
endless	1
endhig	1
endearing	1
endangered	1
encourages	1
encountered	1
encore	1
encompassed	1
encomiums	1
encampment	1
enacted	1
enact	1
emulate	1
emptiness	1
emptied	1
empowered	1
employs	1
employment	1
empire	1
emphatically	1
emphatic	1
emphasis	1
emotions	1
emitted	1
eminence	1
emerald	1
embarking	1
embarked	1
embarkation	1
embark	1
elysium	1
eluding	1
eludes	1
eloquently	1
eloquence	1
elopement	1
elm	1
ellen	1
eliza	1
eliz	1
elevated	1
elegant	1
elegancies	1
electioneering	1
elected	1
elect	1
eldorada	1
elders	1
elaborate	1
eke	1
eighteen	1
eifect	1
egress	1
egotize	1
egotism	1
eggs	1
effusions	1
efficient	1
effectually	1
effected	1
effaced	1
edmund	1
editor	1
edifice	1
edging	1
eden	1
ed	1
econom	1
eclat	1
echoes	1
eau	1
eating	1
eater	1
eaten	1
earths	1
earnestly	1
earlier	1
eagle	1
eagerly	1
e^^dence	1
dynasty	1
dyke	1
duration	1
dungeon	1
dunces	1
dun	1
dullness	1
dulled	1
dull	1
duke	1
duets	1
duenna	1
ducks	1
ducal	1
duals	1
drury-lane	1
drunkenness	1
drunken	1
druidical	1
drown	1
dropping	1
drollest	1
droll	1
driving	1
driven	1
dripping	1
drinks	1
drilled	1
dried	1
dressing-room	1
dressers	1
dresser	1
dregs	1
dreary	1
dreamer	1
dreamed	1
drawl	1
draught	1
drama	1
drained	1
dragging	1
dr^ss	1
downwards	1
dover	1
douglasses	1
doubtful	1
dotvn	1
dotted	1
dotes	1
dote	1
dormant	1
doomsday	1
dominion	1
dolls	1
dole	1
doimitories	1
dogyou	1
dogmatizing	1
dogged	1
doers	1
docketed	1
docile	1
do'you	1
dmj^	1
dividing	1
diverted	1
divert	1
ditty	1
ditches	1
dit	1
disunion	1
disturbed	1
distribute	1
distressing	1
distressed	1
distortion	1
distorted	1
distinguishes	1
distinctive	1
distinct	1
distillers	1
distilled	1
distempered	1
distanced	1
dissolution	1
dissolute	1
dissipation	1
dissimulation	1
dissertations	1
dissertation	1
disregarded	1
disquisitions	1
disquietude	1
disqualify	1
dispute	1
disproportioned	1
disposed	1
disport	1
displeased	1
displease	1
displaying	1
displayed	1
dispensed	1
dispensation	1
dismounting	1
dismissed	1
dismantled	1
disliked	1
disjointed	1
disinclined	1
dishonest	1
disgusts	1
disgusted	1
disgrace	1
disengage	1
diseased	1
disdains	1
disdainful	1
disdain	1
discussions	1
discussion	1
discussing	1
discretion	1
discord	1
discontented	1
disconcerted	1
disapprove	1
disappointments	1
disagrees	1
disagreement	1
disadvantage	1
dirty	1
dirt	1
directs	1
directness	1
directions	1
directing	1
dire	1
dipped	1
diplomatist	1
dip	1
diogenes	1
diminution	1
diminish	1
dimensions	1
dily	1
diluted	1
diligent	1
diligence	1
dilemma	1
dilapidating	1
dilapidated	1
diis	1
diiferent	1
digression	1
digress	1
dignitate	1
dig	1
diffusion	1
diffuse	1
difficulties	1
differ	1
diffei'ent	1
diem	1
dictates	1
dick	1
diary	1
dian	1
dialogues	1
di'ive	1
di	1
dhii	1
dexterity	1
devouring	1
devour	1
devoted^to	1
devonshire	1
devoid	1
devise	1
devils	1
deviations	1
deviate	1
devia	1
development	1
developing	1
deuce	1
deterring	1
determining	1
determination	1
deterioration	1
detecting	1
detected	1
detachments	1
destructive	1
destruction	1
destroys	1
destitute	1
destinies	1
despise	1
designs	1
designing	1
deserving	1
deservedly	1
deserved	1
deserve	1
deserted	1
descent	1
descending	1
descended	1
descend	1
desagremens	1
des	1
derive	1
dereliction	1
derbyshire	1
deprived	1
deprivation	1
depressed	1
depravity	1
depository	1
deplore	1
depends	1
depdi	1
denunciations	1
dentio	1
denominated	1
denominate	1
den	1
demonstration	1
demonstrate	1
demands	1
demanded	1
delves	1
deluded	1
dells	1
deliverers	1
delirium	1
delineated	1
delineate	1
deliberation	1
delays	1
deity	1
deigning	1
defy	1
defunct	1
definite	1
define	1
defile	1
defied	1
deficiency	1
deficiencies	1
deffand	1
deferred	1
defended	1
defect	1
defeat	1
deepest	1
deeper	1
deduce	1
decyphering	1
decrees	1
decoy	1
decorations	1
decorated	1
declares	1
decked	1
deck	1
decisive	1
decision	1
decides	1
decidedly	1
decided	1
decent	1
decay	1
debut	1
debilitated	1
debarred	1
deathlike	1
dearly	1
dearer	1
dean	1
deals	1
dealings	1
deafening	1
deadliest	1
dazzled	1
dazzle	1
daylight	1
data	1
dashes	1
dashed	1
darted	1
dart	1
darksome	1
darkness	1
dares	1
dared	1
darbys	1
dapper	1
daniel	1
dandified	1
dandies	1
dancing	1
dan	1
dame	1
dalliance	1
dale	1
daisies	1
dairy	1
daffodils	1
daedalian	1
d'essai	1
d'avoir	1
cyphers	1
cynics	1
cynic	1
cygnets	1
cydnus	1
cutting^	1
cutting	1
cutler	1
customary	1
custom	1
curve	1
curtain	1
curse	1
curling	1
curled	1
cured	1
cure	1
curds	1
curbing	1
curb	1
cur	1
cups	1
cupboards	1
cumean	1
cumbrous	1
cum	1
cultiver	1
cultivating	1
cultivated	1
culprit	1
culminate	1
cullender	1
culinary	1
cuff	1
cubit	1
crystal	1
crying	1
crusoe	1
crusade	1
crumpled	1
cruelty	1
cruelly	1
crowded	1
crout	1
crops	1
crop	1
cronin	1
cromlechs	1
croker	1
critics	1
criticise	1
critical	1
critic	1
criterion	1
crime	1
cries	1
cried	1
crew	1
cresses	1
crept	1
creighton	1
creeping	1
creeks	1
credulity	1
creditors	1
credentials	1
creator	1
created	1
craytons	1
cravings	1
craven	1
cranks	1
crammed	1
crags	1
craggy	1
crackling	1
cracked	1
crabstick	1
coxcomb	1
cows	1
cowper	1
cow	1
covers	1
covered	1
cover	1
covenant	1
courtly	1
courting	1
couraged	1
coupling	1
coupled	1
couple	1
coup	1
countrymen	1
counties	1
counterpoise	1
counteraction	1
counsels	1
coughs	1
cough	1
couch	1
cosily	1
cose	1
corses	1
corroded	1
correctness	1
correctly	1
corrected	1
corpse	1
corps	1
corporeal	1
coroner	1
corners	1
cordiality	1
cord	1
cor	1
coping	1
cooperated	1
cool	1
cooks	1
cooking	1
convulsion	1
conviviality	1
convince	1
conveys	1
conveying	1
conversion	1
converses	1
conversancy	1
conversa	1
conventional	1
contriving	1
contrivance	1
contrition	1
contributing	1
contributed	1
contrariety	1
contraries	1
contradicts	1
contradictions	1
contracting	1
contortions	1
continues	1
continuance	1
continental	1
contiguity	1
contentedly	1
contending	1
contend	1
contemptuous	1
contemplated	1
contemned	1
contained	1
contain	1
consulted	1
constructing	1
constructed	1
constraining	1
constitutes	1
constellation	1
conspired	1
consoled	1
consolatory	1
consolation	1
consistency	1
consigned	1
conservatory	1
consequential	1
consequent	1
consenting	1
consecration	1
consecrated	1
conscientiousness	1
conscientious	1
conquered	1
connubial	1
connexion	1
connecting	1
connected	1
conmiotion	1
conjures	1
congregation	1
congratulations	1
congratulation	1
congratulated	1
congratulate	1
conflicting	1
confirmation	1
confining	1
confines	1
confine	1
confidential	1
confident	1
confided	1
confide	1
confessions	1
conferred	1
conductor	1
conducive	1
condescendingly	1
condescended	1
condescend	1
condensed	1
condemns	1
concoct	1
conclusions	1
conclave	1
conciliating	1
concerts	1
concerto	1
concerned	1
concentration	1
concentrated	1
concentrate	1
conceitedly	1
conceited	1
conceal	1
concatenated	1
comtesse	1
compunctious	1
compulsion	1
compton	1
compromise	1
compress	1
comprehensively	1
compositions	1
composers	1
comport	1
comply	1
compliments	1
complied	1
completion	1
complaints	1
complained	1
complacent	1
complacency	1
competitors	1
competition	1
competent	1
compensating	1
compass	1
compartments	1
comparing	1
compared	1
comparatively	1
communicates	1
communicated	1
communicate	1
commotions	1
commonplace	1
commonest	1
committee	1
commerce	1
comments	1
commendable	1
commend	1
commencing	1
commenced	1
commanded	1
comical	1
comforters	1
comfortably	1
comedy	1
combustion	1
combined	1
combination	1
column	1
colt	1
colony	1
colonel	1
cologne	1
colloquy	1
collision	1
colleoje	1
colleges	1
collected	1
coldheartedness	1
coimtr}^	1
cogitations	1
coffers	1
coeur	1
cock	1
cobwebs	1
coasted	1
coarsest	1
coad	1
coaching	1
co7ivinced	1
co	1
cn.^ated	1
cm	1
clue	1
clouds	1
cloudless	1
cloud	1
clothes	1
clothe	1
closeted	1
closely	1
clontarf	1
cloaks	1
cloak	1
clip	1
clincher	1
climb	1
client	1
cliarming	1
clergyman	1
cleopatra	1
clenched	1
cleave	1
clearer	1
clearance	1
cleanliness	1
clean	1
clayton	1
clay	1
clause	1
classify	1
classical	1
classic	1
clapped	1
clane	1
clamorous	1
cjiose	1
civilised	1
cities	1
cisterns	1
circumvent	1
circumspect	1
circuit	1
circassia	1
cied	1
cider	1
cicerone	1
chut	1
churlish	1
chum	1
chuckled	1
chronicles	1
chromatic	1
christians	1
christian	1
christens	1
chop	1
chooses	1
choniatho^	1
choke	1
chivalric	1
chin	1
chimneys	1
chimblies	1
childhood	1
chiefs	1
chiefly	1
chicken	1
chewed	1
chesterfield	1
chess	1
cherokee	1
cherished	1
chequered	1
chemists	1
chemistry	1
chemical	1
cheese	1
cheerfulness	1
cheerfully	1
cheered	1
cheeks	1
checkle'y	1
checking	1
checked	1
check	1
cheated	1
cheat	1
cheaper	1
cheap	1
chattering	1
chastened	1
charybdis	1
charley	1
charlatanerie	1
charitably	1
charitable	1
charged	1
characteristics	1
characteris	1
chapter	1
chaperone	1
chapels	1
chaos	1
chant	1
channel	1
changeling	1
chandelle	1
chamber	1
challenged	1
challenge	1
chaise	1
cess	1
certificate	1
certainjy	1
ceremonies	1
century	1
centuries	1
centred	1
central	1
cemented	1
celestial	1
celebrity	1
celebrated	1
cegis	1
ceasing	1
cavalierly	1
caustic	1
causeway	1
cattrine	1
cats	1
catholics	1
cathedral	1
cataracts	1
cat	1
casual	1
casts	1
castlet	1
castles	1
castalian	1
casket	1
cashel	1
cased	1
cartridges	1
cart	1
carrying	1
carried	1
carolines	1
caricatures	1
carefully	1
cared	1
capture	1
captivation	1
captivate	1
capricious	1
capacity	1
caone	1
cantaloupe	1
canonicals	1
canning	1
canister	1
canine	1
candle	1
candide	1
candidate	1
canary	1
can't	1
campaign	1
camp	1
caledonians	1
calculating	1
cakes	1
cajoled	1
caitiage	1
caesars	1
cadence	1
cacus	1
cabinets	1
cabin	1
cabals	1
cabalistic	1
ca^tera	1
ca7i	1
ca	1
byron	1
bye	1
buz	1
buttonhole	1
butt	1
bustling	1
bustleofcoachmakers	1
busily	1
bury	1
bursts	1
burned	1
burley	1
burke	1
buried	1
burdens	1
burden	1
buoyant	1
bundled	1
bund	1
bumpkin	1
bullock	1
bull	1
building	1
bugles	1
bugler	1
budget	1
buckled	1
buckinghamshire	1
bubble	1
bruyere	1
brutus	1
brutes	1
brushwood	1
bruit	1
brotherly	1
brook	1
broiling	1
brogue	1
brobdignag	1
broadwood	1
brink	1
brilliants	1
brilliancy	1
brighter	1
brief	1
bridle	1
bridal	1
brian	1
brewing	1
breeding	1
breeches	1
bred	1
breathless	1
breathed	1
breadth	1
brazen	1
bray	1
braved	1
brave	1
branches	1
branch	1
brain	1
bracelets	1
braced	1
brace	1
boxing	1
boxes	1
boxed	1
bowl	1
bower	1
bowed	1
bourn	1
bounty	1
bountifully	1
bountiful	1
bounteously	1
boundary	1
bounced	1
bought	1
bottles	1
botany	1
borders	1
bordering	1
border	1
boot	1
boors	1
boorishness	1
boorish	1
boon	1
bookmaker	1
booby	1
bonne	1
bonfires	1
bonfire	1
bondage	1
bolster	1
boldness	1
boldly	1
boirombh	1
boatman	1
blustering	1
blush	1
bluntest	1
blunders	1
blues	1
blot	1
bloodshed	1
blocks	1
blockheads	1
blo^vn	1
blissful	1
blire	1
blindness	1
bless	1
ble	1
blaze	1
blanket	1
blanches	1
blanche	1
blackwood	1
biu'ke	1
bitterness	1
bitten	1
births	1
birthday	1
birds	1
bins	1
binds	1
binding	1
billet	1
bill	1
bile	1
bigot	1
bigger	1
bier	1
bidder	1
bethought	1
bet	1
bestows	1
bestowing	1
bespoke	1
bespeak	1
beryls	1
bertram	1
bereaved	1
benjamin	1
benignly	1
benignantly	1
bengal	1
benevolent	1
benefactor	1
benedick	1
bendey	1
bend	1
belles	1
believer	1
belabouring	1
beiuley	1
beholds	1
beholding	1
begun	1
beguiled	1
beguile	1
begrudge	1
begins	1
beggary	1
beforehand	1
beetle	1
bees	1
beef	1
beds	1
bedchamber	1
beckoned	1
beaux	1
beauties	1
beaten	1
beams	1
beaming	1
beamed	1
beads	1
beach	1
bays	1
battery	1
batters	1
battered	1
bath	1
bass	1
basket	1
bashfulness	1
barrel	1
barred	1
barnes	1
barks	1
bargaining	1
barefooted	1
bardolphian	1
barbarous	1
bar	1
bankrupt	1
banknotes	1
bank	1
bangles	1
bane	1
balsam	1
balsac	1
balmy	1
balm	1
balls	1
baleful	1
balderdash	1
balance	1
baithylia	1
baggage	1
baffles	1
baffle	1
badges	1
bachelor	1
babe	1
babbled	1
axiom	1
awkwardness	1
awakening	1
awaits	1
awa	1
aw?/	1
avowed	1
avhen	1
averted	1
averon	1
average	1
autre	1
automaton	1
authorship	1
aunfs	1
aught	1
aufond	1
audience	1
attributable	1
attractions	1
attitude	1
attic	1
attends	1
attempting	1
attempted	1
attacked	1
attaching	1
attaches	1
attach	1
atmospheres	1
athletic	1
athens	1
athenian	1
atelier	1
asylum	1
astonishes	1
astoiiishment	1
assuring	1
assortment	1
assorting	1
associates	1
assist	1
assigned	1
assiduity	1
asserts	1
assertion	1
assent	1
assembly	1
aspiring	1
aspires	1
aspired	1
aspirant	1
aspersions	1
aspect	1
aside	1
ash	1
ascribed	1
ascertain	1
ascending	1
ascendancy	1
artless	1
artillery	1
articulations	1
articulated	1
article	1
arrogated	1
arrives	1
arresting	1
arrayed	1
array	1
arrangements	1
arquebusade	1
arose	1
army	1
armour	1
armed	1
armchairs	1
arithmetic	1
arising	1
arisen	1
arguments	1
argu	1
argent	1
arena	1
architecture	1
architects	1
archdeacon	1
arca	1
arbitrator	1
araminta	1
arabian	1
aquatic	1
aptli/	1
approximating	1
approximate	1
approval	1
appropriately	1
appropriated	1
approbation	1
apprehended	1
appreciation	1
appreciating	1
appreciated	1
apposite	1
apportioning	1
applpng	1
applicants	1
appliances	1
apples	1
apple	1
applause	1
appendages	1
appellation	1
appearances	1
apotheosis	1
apoplexy	1
aperture	1
apartment	1
anxietj\	1
anxieties	1
anvil	1
anv	1
antidote	1
anticipations	1
anticipation	1
anthologia	1
antediluvians	1
antagonists	1
anon	1
anointing	1
annually	1
annual	1
annoyance	1
announcement	1
announced	1
announce	1
annihilated	1
annihilate	1
ankles	1
animosity	1
animating	1
animated	1
anhnated	1
angrily	1
angles	1
anger	1
angelina	1
anecdote	1
andromache	1
and^n/iof	1
anci	1
ancestors	1
anatomy	1
anatomizing	1
anathemas	1
analogy	1
analogies	1
amuses	1
amusements	1
amuse	1
amphitheatres	1
amphitheatre	1
amphibious	1
amour	1
ammunition	1
amiss	1
amidst	1
america	1
ambition	1
ambassadors	1
amatory	1
amalgamate	1
alternation	1
alternately	1
alteratives	1
altars	1
alphabetically	1
alphabet	1
alongside	1
aloe	1
almanac	1
allusion	1
alluring	1
allurement	1
allude	1
alloyed	1
alloy	1
allowing	1
allowance	1
allots	1
alliance	1
allegory	1
alleging	1
allan	1
alison	1
alfresco	1
alexander	1
alert	1
ale	1
alarms	1
aise	1
aim	1
aifecting	1
aifec	1
aifairs	1
aie	1
agriculture	1
agitated	1
agin	1
agi'ee	1
ages	1
afterwards	1
african	1
afresh	1
afloat	1
afi'aid	1
affrighted	1
affording	1
affluence	1
affinity	1
affectingly	1
affectation	1
affect	1
afar	1
aethereal	1
ady*s	1
advisable	1
advices	1
advertisement	1
adverted	1
adversary	1
adventurer	1
advantages	1
advantageous	1
advancement	1
advanced	1
adorned	1
adored	1
adopting	1
admmistration	1
admiral	1
administration	1
administered	1
adjourned	1
adjoining	1
adieus	1
adhere	1
adequate	1
ade	1
addresses	1
additional	1
addicted	1
adapting	1
adapted	1
adage	1
ad\^sable	1
acuteness	1
acutely	1
actuated	1
actress	1
actor	1
acrid	1
acre	1
acquit	1
acquisition	1
acquires	1
acquirements	1
acquiescence	1
acquiesced	1
acknowledgment	1
acknowledges	1
acids	1
acid	1
achieve	1
acheron	1
achates	1
acerbity	1
accuses	1
accurate	1
accumulated	1
accruing	1
accoutered	1
accounted	1
accordance	1
accomplishes	1
accompaniment	1
accidentally	1
accidental	1
acceptance	1
academicians	1
acacias	1
abyssinia	1
abstracting	1
absorb	1
absentees	1
absenteeism	1
abruptness	1
abreast	1
abovementioned	1
abounded	1
abortive	1
abhorrence	1
abbeys	1
^vith	1
^eehng	1
^^	1
]	1
\vliat	1
\dsited	1
\dsit	1
\^hich	1
\\dth	1
\	1
?'.	1
?'	1
7iabob	1
/mportunity	1
//	1
.»	1
...	1
*•	1
*^	1
*.'	1
*'	1
":	1
",	1
")	1
