,	4734
the	2507
and	1631
to	1500
.	1474
"	1434
of	1288
a	1104
i	816
in	778
he	743
that	686
you	647
was	634
his	609
;	582
as	511
'	493
it	478
for	466
her	434
she	412
with	358
be	353
but	347
had	319
—	304
at	292
."	269
so	267
mr	261
not	258
!	247
said	244
on	238
|'s|	237
all	236
by	225
him	220
if	217
have	211
no	206
what	205
is	204
which	192
this	192
when	177
they	175
were	170
out	164
!"	162
my	161
s	160
there	156
your	149
me	143
one	139
then	138
very	135
from	125
an	124
who	121
will	116
sir	116
been	116
up	114
do	114
about	114
upon	112
or	110
would	107
now	107
more	107
peter	105
know	105
widow	102
time	102
house	102
:	100
their	99
himself	97
we	95
some	95
come	95
good	93
don't	93
well	92
see	92
are	92
replied	91
sure	90
much	90
after	89
little	86
like	86
go	82
|arabic2digit|	81
?	80
should	79
way	78
say	78
them	77
man	76
before	75
two	73
than	73
into	73
any	73
such	71
old	71
never	71
o	70
made	70
exclaimed	70
could	70
master	69
make	69
here	68
?"	67
take	66
observed	66
mrs	64
why	63
must	62
how	62
down	62
can	62
too	61
grubb	61
shall	60
cried	60
captain	60
pester	59
m	59
let	58
went	57
other	57
nothing	57
''	57
tell	54
job	54
gentleman	54
day	54
woman	53
give	53
enough	53
till	52
though	52
own	52
morning	52
just	52
did	52
em	51
can't	51
came	51
think	50
margery	50
look	50
ephraim	50
first	49
only	48
|arabic1digit|	47
where	47
snook	47
mind	47
has	47
gone	47
being	47
back	47
while	46
having	46
got	46
again	46
ve	45
nose	45
money	45
herself	45
butt	45
pay	44
off	44
most	44
door	44
another	44
goods	43
|romannumeral|	42
taken	42
us	41
three	41
perhaps	41
may	41
last	41
our	40
took	39
something	38
left	38
jenkins	38
gaspar	38
might	37
de	37
better	37
told	36
continued	36
business	36
thought	35
shop	35
pretty	35
poor	35
night	35
however	35
long	34
going	34
*'	34
those	33
manner	33
lodgings	33
follow	33
ever	33
called	33
black	33
am	33
yes	32
whom	32
these	32
repent	32
put	32
pounds	32
creditors	32
""	32
stranger	31
same	31
leave	31
its	31
great	31
eh	31
d	31
won't	30
over	30
name	30
home	30
ha	30
fellow	30
every	30
both	30
away	30
without	29
soon	29
next	29
half	29
get	29
ye	28
under	28
new	28
moment	28
lady	28
appeared	28
speak	27
sort	27
order	27
matter	27
hope	27
few	27
anything	27
whole	26
ship	26
place	26
many	26
looking	26
hundred	26
head	26
find	26
call	26
account	26
want	25
thing	25
taking	25
suppose	25
street	25
state	25
somewhat	25
since	25
set	25
heard	25
felt	25
end	25
didn't	25
bluff	25
between	25
always	25
against	25
room	24
molly	24
mistress	24
lawyer	24
found	24
floor	24
eyes	24
done	24
days	24
yet	23
pipe	23
lodger	23
gentlemen	23
even	23
during	23
bill	23
ay	23
asked	23
person	22
particular	22
nor	22
hand	22
banker	22
ah	22
*"	22
year	21
work	21
wienbrenner	21
week	21
towards	21
therefore	21
talk	21
strange	21
re	21
paid	21
nobody	21
mean	21
jemima	21
i'm	21
hobson	21
bit	21
because	21
.?"	21
yourself	20
wife	20
usual	20
use	20
things	20
right	20
resolved	20
others	20
oh	20
lodgers	20
length	20
gave	20
forth	20
face	20
appearance	20
an't	20
already	20
along	20
words	19
water	19
snap	19
round	19
persons	19
often	19
looked	19
knows	19
else	19
directly	19
dinner	19
comes	19
certain	19
case	19
began	19
bed	19
wish	18
side	18
rest	18
quite	18
question	18
quarter	18
purpose	18
present	18
once	18
keep	18
brought	18
whether	17
various	17
t	17
sit	17
single	17
shopman	17
seen	17
returned	17
rent	17
remained	17
people	17
part	17
madam	17
line	17
la	17
hour	17
hot	17
gin	17
friend	17
due	17
course	17
consequence	17
became	17
able	17
'*	17
turn	16
town	16
style	16
servant	16
river	16
really	16
ready	16
proceeded	16
odd	16
margate	16
kind	16
it's	16
host	16
hold	16
character	16
believe	16
alone	16
world	15
thus	15
through	15
speaking	15
small	15
sight	15
return	15
reply	15
past	15
passed	15
obliged	15
near	15
life	15
indeed	15
immediately	15
guinea	15
given	15
fire	15
far	15
fair	15
ere	15
cabin	15
books	15
bad	15
turned	14
tomorrow	14
tale	14
seemed	14
sat	14
run	14
pray	14
point	14
myself	14
moving	14
monsieur	14
men	14
likewise	14
light	14
latter	14
knew	14
inquired	14
he's	14
full	14
forward	14
former	14
following	14
fell	14
euphemia	14
doing	14
declared	14
dark	14
clothes	14
bodkin	14
answer	14
wouldn't	13
word	13
wonder	13
vol	13
truth	13
themselves	13
still	13
settled	13
rather	13
poll	13
moreover	13
miss	13
means	13
lone	13
large	13
kitchen	13
idea	13
humph	13
glad	13
friends	13
four	13
feel	13
exactly	13
engaged	13
circumstances	13
change	13
board	13
bird	13
behind	13
attention	13
air	13
young	12
whose	12
trees	12
tone	12
together	12
strong	12
step	12
sitting	12
sent	12
send	12
saw	12
rose	12
nine	12
merely	12
landlord	12
known	12
june	12
instead	12
guineas	12
ground	12
giving	12
followed	12
five	12
fit	12
everything	12
each	12
ducks	12
dressed	12
draper	12
different	12
cut	12
country	12
coming	12
cherry	12
bring	12
body	12
boat	12
best	12
advanced	12
added	12
.""	12
yesterday	11
visit	11
twenty	11
turning	11
ten	11
talking	11
subject	11
stand	11
short	11
shipping	11
shillings	11
scarcely	11
repeated	11
remember	11
regular	11
real	11
possession	11
perfectly	11
ought	11
opinion	11
opened	11
open	11
mine	11
making	11
ma'am	11
louis	11
linen	11
least	11
late	11
important	11
huge	11
hard	11
hands	11
forthwith	11
extraordinary	11
eight	11
dare	11
conduct	11
concern	11
company	11
care	11
buy	11
barge	11
ask	11
arrived	11
among	11
warning	10
wants	10
voice	10
uttered	10
usually	10
trouble	10
tree	10
stop	10
stock	10
square	10
spoken	10
sometimes	10
several	10
seems	10
seat	10
saying	10
preceding	10
please	10
occasion	10
neither	10
mouth	10
mention	10
matters	10
mad	10
longer	10
ill	10
hussy	10
husband	10
help	10
heart	10
happened	10
habits	10
getting	10
formidable	10
forest	10
expect	10
elderly	10
either	10
effect	10
dear	10
creditor	10
credit	10
counter	10
clerk	10
cannot	10
brown	10
bound	10
betty	10
bankers	10
ain't	10
according	10
!""	10
worse	9
wished	9
visiter	9
vain	9
upstairs	9
trade	9
times	9
sufficient	9
suddenly	9
stout	9
stood	9
spake	9
slant	9
singular	9
shouldn't	9
satisfaction	9
result	9
recollect	9
received	9
reached	9
questions	9
probably	9
perceive	9
parrot	9
parlour	9
o'clock	9
neighbourhood	9
necessary	9
muttered	9
moved	9
move	9
meet	9
maid	9
lost	9
lived	9
live	9
likely	9
lay	9
jinkins	9
hat	9
hadn't	9
general	9
f	9
eye	9
escape	9
entered	9
empty	9
directions	9
determined	9
customer	9
countenance	9
conversation	9
coat	9
charity	9
chapter	9
catch	9
bell	9
become	9
ashamed	9
agin	9
accordingly	9
"'	9
wine	8
wholesale	8
west	8
walking	8
wait	8
used	8
third	8
sticks	8
stick	8
steward	8
spirits	8
sound	8
soul	8
somehow	8
shouted	8
second	8
roared	8
red	8
rascal	8
presence	8
possible	8
pleased	8
period	8
particularly	8
p	8
officers	8
nonsense	8
none	8
nearly	8
nature	8
names	8
met	8
luck	8
loud	8
liberty	8
less	8
leaving	8
laid	8
instantly	8
inquiry	8
i've	8
i'll	8
howsomever	8
hooked	8
hedge	8
habit	8
greater	8
generally	8
future	8
ear	8
e	8
dont	8
disposed	8
desire	8
decided	8
contrived	8
concerning	8
comfort	8
check	8
certainly	8
carried	8
bought	8
below	8
arm	8
almost	8
agreed	8
afore	8
above	8
.''	8
wrong	7
worth	7
worst	7
waterman	7
watch	7
wasn't	7
warm	7
waiting	7
violent	7
understand	7
today	7
talked	7
table	7
struck	7
strand	7
stone	7
stared	7
spite	7
sooner	7
smoking	7
smoke	7
sell	7
seized	7
screamed	7
scene	7
says	7
sailor	7
respecting	7
rate	7
raise	7
propriety	7
property	7
prisoner	7
pride	7
price	7
precious	7
practised	7
power	7
pocket	7
plenty	7
passage	7
paper	7
overboard	7
opportunity	7
observe	7
objection	7
oath	7
number	7
mum	7
month	7
minutes	7
messrs	7
messenger	7
madame	7
ma	7
legs	7
law	7
landlady	7
kept	7
indignation	7
hereupon	7
heavy	7
grope	7
goes	7
glass	7
furniture	7
frightened	7
french	7
fear	7
fat	7
fallen	7
extremely	7
exceedingly	7
everybody	7
easy	7
duty	7
doubt	7
distance	7
discovered	7
disagreeable	7
difference	7
deluder	7
considered	7
consequently	7
coddle	7
chap	7
cause	7
boxes	7
book	7
bold	7
bless	7
answered	7
anon	7
advice	7
absence	7
(	7
!''	7
years	6
witch	6
wanted	6
wall	6
wages	6
unless	6
understood	6
twelve	6
true	6
timothy	6
thinking	6
takes	6
stuck	6
spirit	6
sorry	6
sold	6
smoker	6
smile	6
sitch	6
silence	6
sided	6
shut	6
settle	6
servants	6
self	6
seem	6
secret	6
season	6
save	6
sake	6
rooms	6
resolution	6
request	6
remain	6
reason	6
r	6
putting	6
proved	6
prophecy	6
promised	6
prison	6
previous	6
presently	6
pound	6
places	6
placed	6
perticklar	6
personage	6
perceived	6
passion	6
passing	6
parcel	6
opposite	6
office	6
offer	6
occupied	6
obtained	6
nowhere	6
notwithstanding	6
noise	6
nick	6
muttering	6
murg	6
morvanchet	6
months	6
mode	6
meanwhile	6
market	6
low	6
love	6
lodging	6
land	6
knowing	6
keeping	6
issued	6
instant	6
hurry	6
hung	6
hugilsheim	6
houses	6
hours	6
hogshead	6
ho	6
high	6
hate	6
harm	6
happy	6
hant	6
gravesend	6
gertrude	6
fresh	6
formed	6
fly	6
feelings	6
favour	6
fault	6
fashion	6
fancied	6
expected	6
ends	6
endeavoured	6
employed	6
eating	6
east	6
ease	6
ears	6
duties	6
dummies	6
difficulty	6
departure	6
degree	6
danger	6
customers	6
custom	6
couldn't	6
commenced	6
cold	6
cloud	6
city	6
chance	6
caused	6
caught	6
breakfast	6
branches	6
boy	6
bishopsgate	6
bewitched	6
asleep	6
ascertained	6
article	6
arter	6
appears	6
appear	6
anyhow	6
anybody	6
angry	6
allow	6
advantage	6
advance	6
acquaintance	6
?''	6
?""	6
.'	6
**	6
'^	6
!*"	6
you'll	5
worthy	5
window	5
willing	5
wild	5
wid	5
white	5
whenever	5
whacking	5
weeks	5
weather	5
ways	5
walk	5
violence	5
village	5
ver	5
unusual	5
unpleasant	5
unfortunate	5
try	5
trust	5
troubles	5
triumphantly	5
transactions	5
top	5
threw	5
thank	5
terms	5
telling	5
swore	5
surprised	5
surprise	5
succeeded	5
story	5
steps	5
spread	5
spoke	5
spent	5
somerset	5
sole	5
six	5
situated	5
simple	5
show	5
seventeen	5
serve	5
scold	5
ruin	5
road	5
ringing	5
retail	5
respectable	5
report	5
repaired	5
rendered	5
remainder	5
related	5
recommended	5
recommend	5
recent	5
ran	5
raised	5
quiet	5
quick	5
queenhithe	5
quarters	5
purchases	5
purchase	5
puck	5
provided	5
process	5
previously	5
politely	5
polite	5
pointing	5
pleasant	5
plan	5
plain	5
piece	5
perfect	5
pays	5
particulars	5
owner	5
overdraw	5
orders	5
oo	5
oho	5
offensive	5
occurred	5
occasionally	5
observing	5
object	5
notice	5
need	5
minute	5
mentioned	5
marked	5
lot	5
lor	5
london	5
living	5
letting	5
leaves	5
lease	5
leaf	5
jumped	5
jericho	5
itself	5
interest	5
inquiries	5
information	5
induced	5
increased	5
increase	5
income	5
im	5
humour	5
hole	5
hitherto	5
held	5
hear	5
he'll	5
hardly	5
happen	5
handed	5
hackney	5
guest	5
green	5
gratification	5
gold	5
girl	5
garden	5
front	5
fro	5
frequently	5
frenchman	5
fond	5
folks	5
flitter	5
finding	5
feet	5
fatigued	5
farthing	5
fall	5
fact	5
expressed	5
exhausted	5
exclaiming	5
excited	5
evidence	5
eat	5
easily	5
early	5
dull	5
driver	5
drink	5
drew	5
dress	5
dream	5
drawn	5
doubted	5
does	5
distinct	5
descended	5
depend	5
declaring	5
deck	5
dealer	5
deal	5
dat	5
cry	5
cross	5
corner	5
contrary	5
contents	5
considerable	5
concluded	5
conclude	5
coach	5
co	5
close	5
charge	5
changed	5
cambrian	5
burst	5
built	5
building	5
breaking	5
bread	5
bottom	5
born	5
billingsgate	5
beloved	5
attended	5
aside	5
articles	5
art	5
arrival	5
aroused	5
approaching	5
amount	5
although	5
alongside	5
alcove	5
afterwards	5
affairs	5
address	5
act	5
across	5
accompanied	5
accident	5
aboard	5
^	5
.?	5
youve	4
yours	4
you're	4
written	4
worked	4
wood	4
wonted	4
windows	4
wind	4
wildly	4
wide	4
whoever	4
whiffs	4
wessel	4
welcome	4
watermen	4
warnt	4
walked	4
waistcoat	4
visage	4
violently	4
ventured	4
vengeance	4
utter	4
uneasy	4
un	4
turns	4
tumble	4
trip	4
trifle	4
trembling	4
tis	4
tired	4
tide	4
thrown	4
thin	4
task	4
talks	4
surely	4
summut	4
sum	4
sufficiently	4
suffer	4
sudden	4
strangers	4
stopping	4
stepped	4
steersman	4
stay	4
startled	4
staring	4
stairs	4
spouse	4
sport	4
speculation	4
space	4
somewhere	4
somebody	4
snaggs	4
smith	4
sixteen	4
singing	4
similar	4
silent	4
sighed	4
shrill	4
shortly	4
sharp	4
shame	4
sentence	4
sending	4
seller	4
seeing	4
score	4
schmelzle	4
saved	4
satisfied	4
sail	4
safe	4
rushed	4
running	4
riddance	4
rhine	4
resumed	4
requested	4
repetition	4
repeating	4
repeat	4
removed	4
remaining	4
recovered	4
reasons	4
reader	4
read	4
raising	4
rage	4
pursuit	4
pulled	4
pull	4
public	4
proposition	4
proportion	4
private	4
prime	4
prevent	4
pretend	4
presented	4
premises	4
poverty	4
post	4
pleasure	4
pish	4
pieces	4
perplexed	4
performed	4
patience	4
passengers	4
packing	4
omitted	4
officer	4
oder	4
occupation	4
obtain	4
observations	4
oberzroth	4
oaths	4
nocturnal	4
nevertheless	4
neglected	4
nasty	4
mosh	4
mood	4
mistake	4
missus	4
milliner	4
midst	4
manage	4
makes	4
lying	4
lower	4
lord	4
looks	4
ll	4
lighted	4
lend	4
learned	4
laying	4
laughing	4
laugh	4
language	4
keeps	4
justly	4
judge	4
insanity	4
inquiring	4
individuals	4
individual	4
impression	4
impossible	4
immense	4
hopes	4
hoped	4
hinting	4
hinted	4
hephrum	4
hem	4
he'd	4
haven't	4
hang	4
gup	4
greatly	4
gown	4
g	4
further	4
furnished	4
formerly	4
flashbill	4
fixed	4
fireside	4
fine	4
fill	4
figure	4
fifty	4
feeling	4
fast	4
fancy	4
fame	4
faces	4
expression	4
experienced	4
exhibiting	4
evident	4
estate	4
entering	4
enter	4
english	4
dreaming	4
dozen	4
double	4
doings	4
disappeared	4
dis	4
dine	4
difficult	4
desirable	4
description	4
described	4
defence	4
deceive	4
dealt	4
curtain	4
curiosity	4
crowned	4
cost	4
convinced	4
contrive	4
contented	4
contact	4
confess	4
conducted	4
conceive	4
complain	4
companion	4
committed	4
client	4
clerks	4
clear	4
chaps	4
chamber	4
cat	4
cant	4
candle	4
busily	4
brush	4
brows	4
broken	4
broad	4
brimmed	4
brief	4
breath	4
blue	4
blowing	4
bills	4
besides	4
begin	4
baker	4
awake	4
astonishment	4
asking	4
apparent	4
apartments	4
anticipated	4
amiable	4
altogether	4
also	4
alarm	4
alacrity	4
agreeable	4
agree	4
ago	4
afterward	4
afford	4
afeard	4
adroitly	4
accustomed	4
abbe	4
'"*	4
|arabic3digit|	3
you've	3
yawned	3
wrath	3
within	3
withdrawn	3
withal	3
witches	3
witchcraft	3
winter	3
wings	3
wien	3
whispered	3
whence	3
whatever	3
wery	3
weary	3
we're	3
waving	3
wally	3
vowing	3
volunteered	3
visits	3
visitation	3
victim	3
vessel	3
vent	3
vehement	3
variety	3
valley	3
valet	3
vacant	3
ur	3
upwards	3
unwelcome	3
unsuccessful	3
unnecessary	3
unluckily	3
ungracious	3
trying	3
trumpet	3
trifling	3
touch	3
timber	3
tidy	3
ticklish	3
thirty	3
they're	3
thereby	3
thankful	3
thames	3
thai	3
terrible	3
terminated	3
tempered	3
taste	3
tall	3
talkative	3
swearing	3
swam	3
supposed	3
supported	3
summoned	3
suggested	3
subsequent	3
straight	3
stopped	3
started	3
standing	3
stammered	3
staircase	3
spot	3
spend	3
spell	3
spare	3
sorts	3
son	3
soliloquy	3
smoked	3
smiling	3
smallest	3
slowly	3
slow	3
slouching	3
slight	3
sleepy	3
sleep	3
sixpence	3
situation	3
silk	3
sigh	3
shrewd	3
shown	3
showed	3
shore	3
shook	3
shilling	3
sheriffs	3
sheriff	3
severe	3
seven	3
serious	3
seconds	3
search	3
scolding	3
satisfactory	3
sarvent	3
sales	3
sad	3
rubbish	3
rubbed	3
roused	3
rid	3
rich	3
reverie	3
repast	3
remark	3
relative	3
relate	3
reflections	3
reflection	3
reflected	3
recollected	3
quickly	3
questioned	3
quantity	3
puzzled	3
pursued	3
purse	3
punch	3
puffed	3
publican	3
provoking	3
proposed	3
proposal	3
properly	3
proper	3
pronounced	3
promise	3
pro	3
principal	3
possibly	3
pon	3
playing	3
pint	3
pictures	3
picked	3
phrase	3
persuaded	3
perceiving	3
per	3
penny	3
pedestrian	3
pea	3
payments	3
payment	3
paying	3
passenger	3
pass	3
parts	3
parties	3
parcels	3
papers	3
pale	3
overtake	3
overdrawn	3
orchard	3
oratory	3
opening	3
onward	3
offered	3
occasional	3
obstinate	3
obliging	3
oblige	3
objected	3
oar	3
noting	3
noon	3
nimbly	3
nights	3
nigh	3
neck	3
n	3
mystery	3
mutton	3
morrow	3
monday	3
moderate	3
missis	3
mischief	3
method	3
merchant	3
meeting	3
medical	3
meant	3
meagre	3
maybe	3
mass	3
marry	3
married	3
march	3
mansion	3
manners	3
mam	3
malice	3
louder	3
losses	3
loss	3
lose	3
lips	3
likes	3
liked	3
lies	3
laughter	3
laughed	3
largely	3
lads	3
ladies	3
lack	3
knock	3
kirchenwasser	3
king	3
junior	3
judgement	3
joke	3
joint	3
isn't	3
iron	3
irish	3
invited	3
interview	3
interrupting	3
interference	3
intelligence	3
instructions	3
instance	3
inquire	3
inmates	3
informed	3
inform	3
indulged	3
increasing	3
incensed	3
inasmuch	3
hullo	3
household	3
hollow	3
hills	3
highroad	3
hide	3
herr	3
helmsman	3
heaviside	3
hearing	3
heads	3
harkee	3
hark	3
hallo	3
hair	3
hailed	3
grumbling	3
groaned	3
groan	3
government	3
glee	3
gets	3
gerty	3
gemmen	3
gate	3
gap	3
furiously	3
friendly	3
frequent	3
form	3
forgive	3
foreign	3
forbore	3
foot	3
fool	3
fester	3
fellows	3
favourable	3
fatigue	3
farther	3
falling	3
f^	3
expressing	3
explanation	3
explain	3
experience	3
expense	3
exit	3
existing	3
exhibition	3
excitement	3
excessive	3
except	3
evil	3
evidently	3
evening	3
equally	3
enjoy	3
engage	3
endured	3
endure	3
enabled	3
en	3
embarked	3
elbow	3
drop	3
droll	3
drinking	3
dried	3
doesn't	3
document	3
divested	3
distress	3
distinctly	3
discovery	3
disasters	3
direction	3
directed	3
describe	3
demands	3
delicate	3
deep	3
declined	3
deceased	3
death	3
daylight	3
dared	3
crew	3
craft	3
copy	3
coolness	3
cook	3
convincing	3
conveyed	3
convenient	3
consulted	3
consult	3
conspiracy	3
consolation	3
consequent	3
conscious	3
confidence	3
condescended	3
conclusion	3
conceived	3
conceal	3
compelled	3
common	3
commission	3
comfortable	3
collected	3
clouds	3
cloth	3
cloak	3
clarinda	3
clad	3
civil	3
circumstance	3
chronicle	3
christmas	3
christian	3
choose	3
child	3
chattels	3
charm	3
chair	3
cast	3
caspar	3
cart	3
carry	3
carefully	3
card	3
calmer	3
calculated	3
cage	3
buying	3
bustled	3
burning	3
broke	3
bright	3
brenner	3
brandy	3
boys	3
box	3
borrow	3
bore	3
bonnet	3
boldly	3
blessed	3
beyond	3
bestowing	3
benefit	3
bells	3
beheld	3
beginning	3
bedroom	3
bear	3
beant	3
bah	3
attendance	3
attend	3
attempted	3
attempt	3
ate	3
assurance	3
ashore	3
arranged	3
arms	3
applied	3
application	3
anxiety	3
anoder	3
announced	3
anger	3
ancient	3
alternately	3
aloft	3
afternoon	3
afraid	3
afire	3
advise	3
advancing	3
additional	3
activity	3
acquired	3
accounts	3
absolutely	3
?*"	3
?''"'	3
.,	3
*	3
'"	3
"*'	3
!'*	3
•'	2
«	2
you'd	2
yellow	2
yawning	2
write	2
writ	2
wreck	2
wort	2
wore	2
woods	2
woodcutter	2
wont	2
women	2
witnessed	2
witness	2
withdrew	2
withdraw	2
wines	2
widowhood	2
wi	2
whistling	2
whispering	2
wherever	2
whatsom	2
wet	2
weight	2
weigh	2
wear	2
weapon	2
we'll	2
waxed	2
waved	2
wasted	2
waste	2
washed	2
walls	2
walker	2
wake	2
waited	2
voyage	2
votes	2
volumes	2
volume	2
vixen	2
visited	2
visible	2
virtue	2
villain	2
view	2
venture	2
venting	2
vary	2
vanity	2
utterly	2
uttering	2
urbanity	2
uns	2
ungrateful	2
unexpected	2
underwent	2
undertaking	2
uncommon	2
uncomfortable	2
uncertainty	2
umbrella	2
twelvemonths	2
tube	2
truly	2
trout	2
troubled	2
triumphant	2
triumph	2
tripped	2
tremendous	2
treated	2
traffic	2
tradesman	2
traded	2
touching	2
totally	2
torn	2
tonight	2
tongue	2
toilet	2
tin	2
tight	2
tier	2
thundering	2
thrust	2
throwing	2
throw	2
throng	2
threats	2
thoughts	2
thirsty	2
thickset	2
thick	2
they've	2
thereupon	2
theatres	2
that'll	2
thanks	2
tete-a-tete	2
termination	2
term	2
tended	2
tenant	2
tempting	2
temper	2
tear	2
tea	2
taxes	2
taps	2
tallish	2
tailor	2
tail	2
swindled	2
swim	2
sweet	2
swear	2
swarthy	2
suspicious	2
suspend	2
suspected	2
supposing	2
support	2
supplying	2
supply	2
superintend	2
sunk	2
summons	2
summoning	2
summer	2
sulphur	2
sulkily	2
suit	2
suffice	2
success	2
substantial	2
substance	2
subsequently	2
subjugated	2
subjected	2
stupid	2
strongly	2
striving	2
string	2
striking	2
stream	2
storm	2
stool	2
stir	2
stiffly	2
steadily	2
staying	2
stated	2
start	2
stands	2
stamp	2
spring	2
spleen	2
spirited	2
spider	2
spending	2
speedily	2
specified	2
speaks	2
souls	2
sought	2
solid	2
solemnly	2
snug	2
snoring	2
slept	2
skiff	2
sinner	2
singularly	2
singly	2
sign	2
sides	2
sick	2
shrubs	2
shrivelled	2
shriek	2
shoot	2
shocked	2
shock	2
shirts	2
shipped	2
shem	2
sheets	2
share	2
shan't	2
sham	2
shake	2
seventy	2
service	2
sensitive	2
senses	2
sense	2
sensations	2
seeking	2
seated	2
sea	2
screaming	2
scoundrel	2
scornfully	2
scolded	2
scent	2
scattered	2
scarce	2
saving	2
salutation	2
sallied	2
sailing	2
sacrifice	2
sa	2
rustling	2
rumpus	2
ruminations	2
ruminate	2
ruffians	2
rue	2
rubbing	2
rub	2
rough	2
rope	2
romping	2
roadside	2
rising	2
ridiculous	2
retreated	2
retorted	2
retired	2
responsible	2
responsibility	2
respects	2
respect	2
resignation	2
resemblance	2
requisite	2
required	2
requesting	2
repose	2
replying	2
relieved	2
relation	2
regions	2
reflecting	2
reflect	2
referred	2
reference	2
reducing	2
recurred	2
recommenced	2
recollection	2
receive	2
reality	2
reaching	2
reach	2
rastadt	2
rapidly	2
rapid	2
rang	2
rain	2
rails	2
rafts	2
rabbit	2
quoth	2
quitting	2
quitted	2
quit	2
quickset	2
queer	2
quarrel	2
puts	2
puss	2
pushed	2
purtend	2
purport	2
purchasing	2
purchased	2
punctuality	2
puffing	2
public-house	2
pshaw	2
prudently	2
provide	2
proprietor	2
prophecies	2
proof	2
promising	2
projecting	2
progress	2
profusion	2
profits	2
professional	2
produced	2
prodigious	2
procuring	2
proclaiming	2
proclaimed	2
probable	2
pressed	2
press	2
preparing	2
preference	2
precision	2
precisely	2
pot	2
positive	2
position	2
porter	2
populous	2
pocketbook	2
played	2
plate	2
plainly	2
plagued	2
plague	2
pithy	2
pistol	2
pile	2
piercing	2
pictured	2
pick	2
phrum	2
phoo	2
persuade	2
personal	2
personages	2
persevered	2
perplexing	2
perform	2
perforation	2
perforated	2
peaceable	2
patiently	2
patient	2
patch	2
pasteboard	2
passers	2
party	2
partly	2
particklar	2
partake	2
pantaloons	2
pair	2
paintings	2
paint	2
pains	2
packed	2
pack	2
pacing	2
pace	2
owing	2
owe	2
outlines	2
outline	2
ourselves	2
oudacious	2
otherwise	2
ordered	2
oneself	2
ones	2
oif	2
offices	2
offence	2
occupations	2
occasions	2
obnoxious	2
obligations	2
objections	2
objectionable	2
oars	2
numerous	2
nuisance	2
notion	2
note	2
noses	2
nosed	2
nodding	2
noaze	2
nigger	2
nevy	2
neighbouring	2
needless	2
needle	2
needed	2
neatly	2
neat	2
nearer	2
naturally	2
natural	2
narcotic	2
mysterious	2
mur	2
mouthful	2
mouse	2
motion	2
mothers	2
mother	2
mortal	2
moorfields	2
monstrous	2
mon	2
mo	2
mistook	2
missed	2
miseries	2
minor	2
mingled	2
milk	2
mightn't	2
middle	2
messmates	2
mercy	2
merchandise	2
mer	2
mentis	2
mein	2
meerschaum	2
mechanically	2
measter	2
meaning	2
meal	2
masterly	2
massy	2
marvellous	2
mark	2
managed	2
majesty	2
lug	2
lopped	2
loose	2
lookye	2
longest	2
loneliness	2
lodged	2
loading	2
listening	2
listened	2
listen	2
list	2
linendrapery	2
limbs	2
liking	2
lighterman	2
letter	2
leniently	2
leicester	2
leg	2
ledger	2
led	2
leaping	2
lean	2
later	2
lamp	2
lamentations	2
ladyday	2
lad	2
knowledge	2
knowed	2
knocking	2
knocked	2
kinds	2
kindhearted	2
kick	2
kehl	2
k	2
justice	2
jug	2
jokes	2
joined	2
jingling	2
jerked	2
jahn	2
invoice	2
invaluable	2
intruder	2
interviews	2
intervals	2
interrupted	2
interfered	2
interested	2
intentions	2
intended	2
intellects	2
instructed	2
inspection	2
insists	2
insist	2
insinuating	2
insane	2
inhaled	2
inhabited	2
ingratitude	2
informing	2
influence	2
inferred	2
inelegant	2
industry	2
industrious	2
indulge	2
indolent	2
indistinct	2
indifferent	2
indicated	2
indescribable	2
inconveniences	2
inclined	2
importance	2
impatient	2
immensely	2
husbands	2
hurt	2
hoy	2
hostess	2
hook	2
honest	2
hoarse	2
hired	2
hint	2
hilpertsan	2
highly	2
higher	2
hesitation	2
hero	2
hereafter	2
height	2
heaved	2
hearty	2
health	2
hatchway	2
hastily	2
hanging	2
half-pay	2
gy	2
guess	2
grumbled	2
growled	2
growing	2
groundwork	2
grinning	2
grin	2
gratified	2
grand	2
gradually	2
graciously	2
gossip	2
goose	2
gloves	2
gloomy	2
gleam	2
giggling	2
garret	2
game	2
gain	2
fun	2
fumes	2
fright	2
friendship	2
freely	2
forty	2
fortnight	2
forgotten	2
forgot	2
foolish	2
folly	2
folio	2
flowers	2
flourishing	2
floating	2
flighty	2
flight	2
flashed	2
fits	2
fires	2
finally	2
final	2
filled	2
female	2
fearing	2
feared	2
favours	2
favoured	2
fatter	2
fathers	2
farden	2
fancies	2
family	2
faculties	2
ey	2
exposed	2
explained	2
expired	2
expenses	2
existence	2
exert	2
execution	2
excite	2
exception	2
excellent	2
example	2
examining	2
examined	2
events	2
evenings	2
eugene	2
es	2
errands	2
errand	2
er	2
equal	2
enraged	2
england	2
ended	2
endeavouring	2
enable	2
employer	2
employ	2
elapsed	2
edition	2
economical	2
eally	2
duly	2
duck	2
dry	2
drowning	2
dressing	2
dreamy	2
dreams	2
dreaded	2
dread	2
drawing	2
draw	2
drank	2
downstairs	2
doubts	2
doubtless	2
dogs	2
doctor	2
divide	2
distant	2
disrespectful	2
dispatched	2
disordered	2
dismay	2
dish	2
disappointment	2
dirty	2
director	2
diligence	2
digested	2
devout	2
detected	2
destroyed	2
deprived	2
deposit	2
depends	2
department	2
denying	2
deny	2
demeanour	2
demand	2
delusion	2
delivered	2
deeply	2
declares	2
decision	2
decidedly	2
debts	2
debtor	2
deaf	2
dead	2
daughters	2
damages	2
damage	2
custody	2
cuss	2
crying	2
crowd	2
crossed	2
critical	2
crimes	2
crept	2
creaking	2
cravat	2
coxswain	2
covered	2
countryman	2
counting-house	2
counters	2
count	2
cot	2
correct	2
corded	2
convince	2
contrast	2
content	2
contemptuous	2
constable	2
consisted	2
consideration	2
considerate	2
consider	2
consequences	2
conscientious	2
consarning	2
consarn	2
connexion	2
congenial	2
confounded	2
condition	2
condescension	2
conceiving	2
conceit	2
con	2
compos	2
completed	2
complaints	2
complaint	2
complacent	2
complacency	2
compensate	2
compare	2
communication	2
commodities	2
commit	2
commiseration	2
commencement	2
comforts	2
comfortless	2
comforted	2
comfortably	2
collect	2
collar	2
coals	2
co.	2
clue	2
cloudy	2
closed	2
clearly	2
cleared	2
clean	2
civility	2
church	2
chuckling	2
chosen	2
cheering	2
cheerful	2
cheap	2
chase	2
characters	2
changing	2
changes	2
chain	2
ceremony	2
cellar	2
celebrated	2
catched	2
castle	2
cask	2
cash	2
cases	2
carved	2
cared	2
capital	2
canh	2
cambric	2
calling	2
calico	2
calculations	2
calculating	2
buttered	2
butcher	2
bustle	2
burn	2
bundle	2
brushed	2
brimmer	2
brim	2
brilliancy	2
briefly	2
bridge	2
breathed	2
brawny	2
bowl	2
bottle	2
bot	2
borrowing	2
borrowed	2
bookseller	2
bony	2
bones	2
boarded	2
blubbered	2
blow	2
bittanny	2
biler	2
bigger	2
big	2
bibliomaniac	2
bewitchment	2
bewildered	2
betwixt	2
berth	2
belong	2
believed	2
beholden	2
behave	2
begins	2
begged	2
beg	2
becoming	2
beautiful	2
bargain	2
bales	2
bale	2
axed	2
axe	2
awoke	2
avt	2
avoid	2
averred	2
availed	2
august	2
auditor	2
attributed	2
attentively	2
attentions	2
attending	2
attempting	2
attached	2
assuming	2
assumed	2
assisted	2
assistance	2
assist	2
ascertaining	2
ascertain	2
ascended	2
arrive	2
arrangement	2
arrange	2
arouse	2
arose	2
argufy	2
argued	2
applications	2
appearances	2
apparently	2
apoplexy	2
anxious	2
ant	2
announcement	2
announce	2
amused	2
amuse	2
amply	2
amid	2
alteration	2
alluded	2
allude	2
alive	2
alike	2
alarming	2
alarmed	2
aid	2
ahoy	2
agitation	2
agent	2
affirms	2
affirming	2
affair	2
admittance	2
admiring	2
admired	2
adjourned	2
addressed	2
addition	2
adding	2
acts	2
active	2
actions	2
acquainted	2
accumulation	2
accosted	2
accost	2
accomplished	2
accommodation	2
accommodate	2
acceptances	2
abused	2
abundance	2
abrupt	2
abode	2
abed	2
abandon	2
?'''	2
.?""	2
.'^"	2
.''"	2
.'"	2
."'	2
-	2
)	2
',	2
■"	1
■	1
••forthwith	1
•	1
««	1
£	1
{	1
zur	1
zum	1
zlir	1
zig	1
zeed	1
zed	1
zeal	1
zag	1
yr	1
younger	1
yooi	1
ycar	1
yards	1
yard	1
wud	1
wroth	1
wrote	1
wrinkled	1
wring	1
wretch	1
wreaths	1
wrathfully	1
wrathful	1
wrapped	1
woyage	1
wounds	1
wounded	1
wound	1
workmen	1
working	1
woolly	1
woollen	1
woodman	1
wooden	1
woodcutters	1
wondering	1
won	1
woke	1
wives	1
wittols	1
wits	1
withe	1
witched	1
wit	1
wishing	1
wishes	1
wise	1
wiping	1
wiper	1
wiped	1
winking	1
winding	1
wiltshireman	1
wiltshire	1
wilkie	1
wildness	1
wienbren	1
wider	1
wicket	1
whove	1
whoam	1
whizzers	1
whistled	1
whisky	1
whipper	1
whim	1
whiffing	1
whichever	1
whew	1
wheugh	1
wherewith	1
whereof	1
wherefore	1
whereby	1
whereat	1
whereas	1
whereabouts	1
wheedled	1
whe	1
whatsomever	1
wharf	1
whappers	1
weve	1
welshman	1
welsh	1
welcomed	1
weeping	1
weeds	1
wednesday	1
wears	1
weariness	1
weakness	1
we've	1
wayfaring	1
waves	1
watering	1
waterfalls	1
watchman	1
watchings	1
watching	1
watched	1
wasting	1
wasn	1
washing	1
washerwoman	1
wary	1
warren	1
warrant	1
warmly	1
warment	1
warily	1
wardrobe	1
war	1
wanting	1
wane	1
wallies	1
waking	1
waiter	1
wagabone	1
wag	1
wafted	1
wa	1
vulgarly	1
voyages	1
vowed	1
voted	1
vote	1
volubility	1
volley	1
volcanic	1
vociferous	1
vociferated	1
vocation	1
vituperations	1
virgin	1
vineyard	1
vigour	1
vigilant	1
viere	1
victorious	1
vibration	1
vexed	1
vexatious	1
vexation	1
vessels	1
veritable	1
verily	1
verdant	1
venom	1
venerable	1
venders	1
velvet	1
vehemently	1
vehemence	1
vauxhall	1
vanished	1
vanchet	1
vamp	1
value	1
valuation	1
valuable	1
vally	1
validity	1
valets	1
vale	1
vainglorious	1
utterance	1
utmost	1
ushering	1
ushered	1
uses	1
useless	1
useful	1
uris	1
urged	1
urchins	1
ur's	1
upward	1
upright	1
uppermost	1
upholding	1
upbraided	1
unwonted	1
unwise	1
unwillingly	1
unused	1
untouched	1
untidy	1
unsuspecting	1
unsound	1
unsophisticated	1
unsightly	1
unshaven	1
unseemly	1
unsavoury	1
unsatisfactory	1
unreasonable	1
unpolished	1
unob	1
unmusical	1
unmentionable	1
unmannerly	1
unlikely	1
unjust	1
univt^srry	1
unintelligible	1
unfortunately	1
unfit	1
unexpectedly	1
unendurable	1
une	1
undue	1
undressed	1
undone	1
undipped	1
undertakings	1
understands	1
understanding	1
underground	1
undergone	1
undergoing	1
undergo	1
uncouthness	1
uncouth	1
unconsciously	1
uncomfortableness	1
unavailing	1
unanimously	1
unanimous	1
unadvisedly	1
unacquainted	1
unable	1
um	1
ugly	1
ugh	1
u	1
tying	1
tyburn	1
twould	1
twitched	1
twisted	1
twirling	1
twinkling	1
twined	1
twice	1
twenty-six	1
twenty-five	1
turvy	1
turkey	1
turbulent	1
tunned	1
tunes	1
tumbling	1
tugging	1
tug	1
tuesday	1
trusting	1
trusted	1
trusses	1
trunk	1
trotted	1
trivial	1
trimmed	1
trigger	1
trifles	1
trial	1
tremendously	1
trembled	1
tremble	1
trelliswork	1
treble	1
treatment	1
treating	1
treat	1
tre	1
travelling	1
trap	1
traordinary	1
transitory	1
transferred	1
transaction	1
tranquillity	1
tranquille	1
tranquil	1
trance	1
tradespeople	1
tracing	1
trace	1
toys	1
townlike	1
towing	1
tower	1
toward	1
tousand	1
tough	1
touched	1
tother	1
total	1
tossing	1
toss	1
torrent	1
tormentors	1
tormentor	1
tormented	1
topsy	1
topic	1
tom	1
tolerated	1
tolerably	1
tolerable	1
token	1
toiled	1
toil	1
tobacco	1
toast	1
title	1
tit	1
tischoo	1
tions	1
tioning	1
tints	1
tint	1
tinkins	1
tink	1
tingle	1
timoursome	1
timmity	1
tiller	1
tiles	1
tigresse	1
tightly	1
tied	1
tie	1
tidings	1
tiding	1
tidily	1
tickled	1
thundered	1
thundercloud	1
thunder	1
thumping	1
thud	1
thriving	1
thrifty	1
threatened	1
threat	1
thread	1
thougk	1
thouffht	1
thoroughfare	1
thirty-five	1
thirteen	1
thirst	1
thinner	1
thinks	1
thingummy	1
thief	1
thickness	1
thicker	1
they'll	1
therewith	1
thereof	1
therein	1
there'll	1
thence	1
themseh^s	1
thats	1
thanking	1
thankee	1
thanked	1
terror	1
terminate	1
termed	1
terest	1
tenth	1
tenor	1
tenements	1
tender	1
tend	1
temptation	1
telpd	1
tedious	1
teatre	1
tears	1
tavern	1
tatters	1
tasty	1
tasted	1
tarred	1
tap	1
tantamount	1
tanously	1
tanning	1
tallow	1
tallied	1
taller	1
talent	1
tails	1
tackled	1
t'have	1
t'dha'made	1
swing	1
swimming	1
swimmers	1
swimmer	1
swerved	1
swears	1
swayed	1
suvvent	1
suspending	1
suspended	1
suspect	1
susceptible	1
surrounded	1
surplus	1
surly	1
surlily	1
suppress	1
supposes	1
supplies	1
supplied	1
supped	1
superior	1
superfine	1
superadded	1
superabundance	1
sup	1
sunny	1
sunday	1
sums	1
sumptuousness	1
summon	1
summits	1
sultry	1
suffused	1
suet	1
succeeding	1
succeed	1
suavity	1
styled	1
stupide	1
stumble	1
stuffing	1
stuff	1
studiously	1
stubborn	1
struggles	1
struggled	1
struggle	1
strongest	1
stronger	1
stroke	1
stripped	1
stripe	1
strike	1
striding	1
strictly	1
stretching	1
stretched	1
stretch	1
strengthened	1
strength	1
strasbourg	1
strangely	1
straightened	1
stowing	1
stouter	1
stormy	1
stormier	1
stories	1
store	1
stooping	1
stirred	1
stifled	1
stiff	1
sticking	1
stewards	1
sternly	1
stepping	1
stems	1
steerer	1
steered	1
stealing	1
steady	1
stead	1
stayed	1
stature	1
stationed	1
stating	1
states	1
statements	1
statement	1
starved	1
starting	1
stare	1
standstill	1
stales	1
stair	1
stains	1
stained	1
squire	1
squall	1
spun	1
sprang	1
sponsible	1
spoiling	1
splitting	1
splendour	1
splendid	1
spitalfields	1
sphere	1
speed	1
speech	1
speculations	1
specula	1
spectacle	1
specs	1
speckled	1
specimen	1
species	1
speaker	1
speaked	1
sparkling	1
sparkled	1
sovereign	1
source	1
sour	1
sounds	1
soundly	1
soubriquet	1
sot	1
sorely	1
sore	1
sons	1
song	1
somnolency	1
sombre	1
solitary	1
solemnity	1
solely	1
soldier	1
solaced	1
soho	1
snow-white	1
snooze	1
sniile	1
sneer	1
sneaking	1
snapper	1
smother	1
smoothness	1
smooth	1
smokers	1
smiths	1
smite	1
smiled	1
smartly	1
smart	1
smaller	1
slut	1
slovenly	1
slouched	1
slip	1
sleeve	1
sleeps	1
sle	1
slave	1
skylight	1
skulking	1
skreened	1
skip	1
skinflint	1
sixtieth	1
sitivated	1
sisters	1
sion	1
sinking	1
sink	1
singularity	1
sincerely	1
similarity	1
silly	1
silenced	1
signs	1
signal	1
sights	1
sifted	1
sideways	1
shy	1
shutting	1
shutters	1
shun	1
shump	1
shuddering	1
shuddered	1
shrillness	1
shrieked	1
shove	1
shouting	1
shouldn''t	1
shoulders	1
shortened	1
shopmen	1
shopkeeper	1
shoots	1
shooting	1
shoemaking	1
shoemaker	1
shiver	1
shirt	1
ships	1
shilves	1
shifts	1
shift	1
shes	1
shelves	1
shelter	1
sheer	1
sheeps	1
sheepish	1
sheen	1
shed	1
she'd	1
shavt	1
shaved	1
shave	1
sharply	1
shareholder	1
shape	1
shanges	1
shamefully	1
shaking	1
shakes	1
shair	1
shaggy	1
shadow	1
sex	1
severity	1
severely	1
settlement	1
setting	1
serving	1
services	1
serves	1
served	1
seriously	1
serio	1
seringapatam	1
series	1
serenity	1
sepulchral	1
separation	1
separated	1
sentinel	1
sentiment	1
sensible	1
seniority	1
senior	1
seltzer	1
sellers	1
selected	1
select	1
seldom	1
seizing	1
seethe	1
sees	1
seemingly	1
seek	1
sedentary	1
sedately	1
sedate	1
security	1
securing	1
secure	1
secretly	1
secondhand	1
seats	1
seasoned	1
searching	1
scuffle	1
scrutiny	1
scrupulous	1
scruple	1
scrouging	1
screeched	1
screech	1
scratched	1
scratch	1
scraps	1
scrambling	1
scourers	1
scour	1
scornful	1
scorching	1
scorched	1
schemes	1
scheme	1
sceptical	1
scenes	1
scarlet	1
scarify	1
scarified	1
scantiness	1
scandalised	1
sca	1
sawmills	1
sawmill	1
saves	1
sauvage	1
sauce	1
saturday	1
satin	1
sarving	1
sarvice	1
sarves	1
sarvents	1
sarved	1
sartin	1
sartain	1
sarn	1
sarcastic	1
sank	1
sanity	1
sanguine	1
sangfroid	1
samuel	1
salvage	1
saluted	1
saltwater	1
salted	1
sale	1
sails	1
sailer	1
safely	1
sadly	1
rushing	1
rupees	1
runner	1
runaway	1
rummish	1
rummage	1
ruminating	1
rum	1
ruined	1
ruffled	1
rudeness	1
ruddy	1
rubicund	1
row	1
route	1
rounds	1
rougher	1
rotundity	1
roots	1
roof	1
romp	1
rolls	1
rolling	1
rolled	1
roll	1
rogues	1
rod	1
rocks	1
robbing	1
rob	1
roasted	1
roaring	1
riz	1
risking	1
risk	1
ring	1
rijrht	1
rigid	1
rights	1
riding	1
rider	1
richly	1
riches	1
richard	1
rhymes	1
rhyme	1
revivification	1
revived	1
reverence	1
returns	1
retreating	1
retreat	1
retold	1
retire	1
retention	1
retarded	1
retained	1
retain	1
retailer	1
resuming	1
results	1
restore	1
rested	1
restaurateurs	1
respiration	1
respectful	1
respectability	1
resisted	1
resistance	1
resigned	1
requiring	1
reproach	1
reprieve	1
representations	1
repetitions	1
repentant	1
repentance	1
repair	1
rents	1
render	1
remove	1
removal	1
remonstrated	1
remnants	1
remind	1
remembrance	1
remembered	1
remarkable	1
remains	1
relish	1
relinquish	1
released	1
release	1
relapse	1
rejoiced	1
reinforced	1
regularly	1
regularity	1
regret	1
regaining	1
refused	1
refuse	1
refusals	1
refusal	1
refreshed	1
referring	1
reeled	1
reel	1
reduced	1
redoubted	1
redolent	1
redness	1
redder	1
recumbent	1
rectilinear	1
recovery	1
recovering	1
recourse	1
reconnoitre	1
recommending	1
recommendations	1
recluse	1
reckonings	1
reckoning	1
recited	1
recitations	1
recital	1
recesses	1
recently	1
receiving	1
receipt	1
recapitulation	1
recall	1
rear	1
reappearance	1
reappear	1
reading	1
readers	1
reaches	1
raw	1
rationally	1
rational	1
rates	1
rascally	1
rarity	1
rank	1
rainy	1
rains	1
rag	1
raftsmen	1
raft	1
race	1
rabbits	1
quoting	1
quondam	1
quivering	1
quickness	1
ques	1
quence	1
queenhithei^	1
quarttity	1
quarterly	1
quantities	1
q	1
pussecute	1
pushing	1
pursuits	1
pursue	1
pursuance	1
purely	1
purchaser	1
punctually	1
punctual	1
pullers	1
puffs	1
puffit	1
pudding	1
proverb	1
proudly	1
proud	1
protracted	1
protested	1
protestations	1
prostrate	1
prosperity	1
prospect	1
prosecution	1
propose	1
proportionate	1
pronounce	1
promptness	1
profit	1
proffer	1
production	1
producing	1
produce	1
procured	1
procure	1
processes	1
proceedings	1
proceeding	1
proceed	1
prisoners	1
prior	1
prints	1
printed	1
principally	1
priest	1
prided	1
prices	1
prevented	1
pretended	1
presumptive	1
president	1
preserves	1
preserved	1
preserve	1
prepossess	1
prepare	1
preparatory	1
preliminary	1
prejudices	1
preferring	1
preferred	1
predilection	1
predicament	1
preconcerted	1
precise	1
precipices	1
preciously	1
precedence	1
precaution	1
praising	1
praise	1
practice	1
powerfully	1
powerful	1
pours	1
poured	1
pounced	1
potency	1
potatoes	1
potato	1
postponement	1
postpone	1
postman	1
possibl}'^	1
possi	1
possessor	1
possessed	1
possess	1
positively	1
positipti	1
pose	1
porters	1
port	1
pork	1
poorly	1
pool	1
ponderous	1
politic	1
polish	1
policy	1
poker	1
points	1
pointed	1
pockets	1
plying	1
plunged	1
plunge	1
plum	1
pleasing	1
pleadings	1
pleace	1
playfully	1
play	1
plaster	1
planted	1
plans	1
planks	1
plank	1
placidity	1
pity	1
pitiless	1
pitied	1
pitch	1
piratcy	1
pints	1
pins	1
pine	1
pinch	1
pilot	1
pillows	1
pillow	1
pig	1
pierced	1
pier	1
picks	1
pickpockets	1
picking	1
piany	1
piano	1
philosophy	1
philosophically	1
philosophical	1
philosophers	1
pewter	1
petticoat	1
perticlar	1
pertext	1
pertend	1
persuading	1
persisted	1
persevere	1
perseverance	1
persecutors	1
persecutions	1
perplex	1
permit	1
permission	1
perjured	1
performing	1
perfecting	1
percipitatedly	1
percipatedly	1
perched	1
pension	1
pennvrth	1
penetrating	1
pences	1
pence	1
pelting	1
peerless	1
peeped	1
peep	1
pecuniary	1
peculiarity	1
pecking	1
peas	1
peaps	1
peace	1
pe	1
pawned	1
paved	1
paul	1
patterns	1
patronising	1
patients	1
paths	1
pathos	1
pathetically	1
patched	1
passjd	1
passionate	1
passersby	1
passant	1
passages	1
partners	1
partner	1
parting	1
particklarly	1
partiality	1
partaking	1
parsnips	1
parsecuted	1
parrots	1
parent	1
pardon	1
parchments	1
parched	1
parallel	1
paltry	1
palmy	1
paleness	1
painted	1
painstaking	1
painful	1
pah	1
page	1
owned	1
owls	1
owes	1
overtime	1
overtaking	1
overpowered	1
overnight	1
overlook	1
overdone	1
overcome	1
overcivil	1
outward	1
outpost	1
outlay	1
outhouses	1
outhouse	1
outfit	1
outdone	1
our'n	1
oughtn'*t	1
otium	1
ort	1
ornaments	1
ornamented	1
ornament	1
ordinary	1
option	1
optical	1
opposition	1
opportunities	1
opium	1
operation	1
opera	1
oozing	1
ooman	1
ools	1
ool	1
ood	1
one'd	1
olthe	1
oldest	1
older	1
olden	1
oil	1
oifer	1
ohs	1
oftener	1
oflp	1
ofi^	1
offspring	1
odds	1
oddity	1
october	1
ock	1
occurrence	1
occupy	1
obtaining	1
obson	1
observes	1
observer	1
obliterated	1
obligation	1
obligated	1
obleege	1
objurgation	1
objects	1
obeyed	1
obey	1
obedient	1
obdurate	1
oared	1
o't	1
o'clock."*	1
o'^clock	1
nymph	1
nuris	1
nubis	1
nt	1
nqw	1
november	1
novelty	1
notions	1
noted	1
nostrils	1
north	1
noodle	1
nonplush	1
nonchalance	1
non	1
nohow	1
noah	1
niorning	1
nines	1
nied	1
nicknames	1
nickname	1
nice	1
newspapers	1
news	1
newly	1
newer	1
newcomer	1
ness	1
nerves	1
ner'	1
nem	1
nel	1
neighbours	1
neighbour	1
neglect	1
needn't	1
necks	1
necked	1
necessity	1
necessities	1
nebuchadnezzar	1
neatness	1
neam	1
ne*mind	1
ne'm	1
natures	1
native	1
natico	1
natatory	1
narrow	1
narrator	1
namely	1
named	1
mystical	1
mysteriously	1
mynheer	1
mutilated	1
musty	1
mustn't	1
muster	1
musn't	1
musing	1
music	1
museum	1
muscle	1
murmuring	1
multitude	1
multiplied	1
muller	1
mufflncheat	1
mtentions	1
moves	1
movement	1
movables	1
mouths	1
mountebank	1
mounseer	1
motives	1
motive	1
morvan	1
mortifying	1
mortification	1
mortals	1
mortally	1
morpheus	1
mornings	1
morality	1
mor	1
moping	1
mop	1
moored	1
mont	1
monotony	1
monotonous	1
moneytaker	1
monarch	1
moments	1
moch	1
mistiness	1
mistaking	1
mission	1
missing	1
mishaps	1
misgave	1
misfortunes	1
misfortune	1
mised	1
misdemeanours	1
misdeeds	1
mis	1
minutely	1
mingling	1
minds	1
minded	1
milkwoman	1
mildly	1
migration	1
migrate	1
miff	1
middle-aged	1
metamorphosed	1
messes	1
message	1
mesopotamia	1
merriment	1
merited	1
merit	1
mere	1
mercury	1
merciful	1
merchants	1
mentioning	1
mendous	1
mendicant	1
memory	1
memorable	1
mementoes	1
melting	1
melodies	1
melancholy	1
meddle	1
measuring	1
measured	1
meanly	1
meadows	1
meadow	1
mcdnder	1
maze	1
mayor	1
mayn't	1
maturely	1
matted	1
mathematical	1
matches	1
masts	1
masters	1
marvellously	1
marvel	1
marriage	1
marmalades	1
marks	1
markets	1
manufactory	1
manna	1
manfully	1
management	1
majestically	1
maimer	1
maidservants	1
magistrate	1
magic	1
madness	1
madmen	1
ma'tti	1
ma'*am	1
luxurious	1
lustre	1
lunatics	1
lunatico	1
lunacy	1
luckless	1
luckily	1
lowering	1
loving	1
lover	1
lots	1
losing	1
longed	1
longboat	1
lonely	1
lon	1
lombardy	1
lofty	1
lodge	1
locker	1
loaf	1
loads	1
load	1
livery	1
lively	1
livelong	1
literary	1
lite	1
liqueurs	1
lipped	1
lip	1
lingo	1
lines	1
linendrapers	1
linendraper^s	1
limited	1
limit	1
lighx	1
lift	1
lie	1
lichtenau	1
library	1
liberties	1
liberality	1
liar	1
levity	1
level	1
lets	1
lethargic	1
lest	1
lent	1
lengths	1
legends	1
legal	1
leavetaking	1
leather	1
leastways	1
learning	1
learnedly	1
leaning	1
leaned	1
leadenhall	1
lead	1
lazy	1
lays	1
layer	1
lavater	1
launching	1
laudable	1
latterly	1
lately	1
lasts	1
lass	1
larn	1
landsmen	1
landlubber	1
lamented	1
lament	1
laing	1
laggers	1
lac	1
labial	1
krout	1
knovv	1
knotted	1
knocker	1
knife	1
knees	1
knd	1
klingel	1
kj	1
kinsman	1
kins*s	1
kins	1
kindness	1
kindly	1
kimbo	1
killed	1
kill	1
kidney	1
kicked	1
keys	1
key	1
kent	1
kennel	1
keeped	1
justified	1
junketing	1
july	1
judicious	1
judging	1
jovial	1
jolly	1
jollification	1
joints	1
jointed	1
jocular	1
jior	1
jints	1
jin	1
jill	1
jiffy	1
jiad	1
jew	1
jerking	1
jen	1
jellies	1
jectionable	1
jawing	1
jaunting	1
jarring	1
jar	1
jamaiky	1
jack	1
j	1
ive	1
ittle	1
item	1
ited	1
itch	1
issue	1
isn^t	1
islington	1
isle	1
islands	1
irritating	1
irrigated	1
irreparable	1
ironworks	1
ire	1
invitingly	1
invitation	1
invi	1
inveterate	1
inventing	1
invent	1
intrust	1
intrusion	1
introduced	1
interval	1
interruption	1
interrogator	1
interfering	1
interfere	1
interesting	1
intention	1
intent	1
integrity	1
insult	1
insufferable	1
instituted	1
instinctively	1
instan	1
instalments	1
inspect	1
insomuch	1
insolvent	1
insisted	1
insignificant	1
inside	1
inserted	1
inquirers	1
inquirendo	1
innocent	1
innermost	1
inn	1
inmate	1
injury	1
injured	1
injure	1
injudicious	1
inherit	1
inhabitants	1
inhabit	1
ingenious	1
infliction	1
inflicted	1
inflict	1
infernal	1
inexplicable	1
inexorable	1
inertness	1
inducing	1
individually	1
indignantly	1
indignant	1
indifferently	1
indies	1
indications	1
indicate	1
indian	1
india	1
independence	1
indefatigably	1
incurred	1
incur	1
incorrigible	1
inconvenience	1
incomprehensible	1
including	1
inclination	1
incident	1
incessantly	1
incapable	1
inadvertently	1
impudent	1
impudence	1
imprudent	1
improved	1
imprint	1
imprecations	1
impooves	1
impolitic	1
implicitly	1
impetuous	1
imp	1
immoderate	1
immemorial	1
immediate	1
imagining	1
imagined	1
imagine	1
imaginative	1
image	1
ill-will	1
iiolus	1
ignorant	1
ignorance	1
ights	1
idle	1
identity	1
identical	1
ideal	1
ice	1
hysterical	1
hunters	1
hungerford	1
humourist	1
humouredly	1
humming	1
humbled	1
humble	1
humane	1
hue	1
ht?reupon	1
howsum	1
howsome'r	1
howsom	1
housewife	1
house.*	1
hospitality	1
hospital	1
hospitable	1
horseback	1
horse	1
horror	1
horrified	1
horribly	1
hoping	1
hood	1
honourable	1
holding	1
hoitytoity	1
hoisting	1
hoist	1
hog	1
hob	1
hoarded	1
hoard	1
hitting	1
hit	1
hists	1
history	1
hist	1
hind	1
hill	1
highest	1
hiding-place	1
hiding	1
heyday	1
hesitating	1
hers	1
herrenalt	1
hermit	1
hephrura"	1
hence	1
hemming	1
helping	1
helped	1
helm	1
heje	1
heir	1
hei	1
heels	1
heed	1
hedges	1
heavily	1
heaviest	1
heated	1
hearken	1
hearers	1
heaps	1
heap	1
headed	1
hazarding	1
hazarded	1
hawk	1
havt	1
haven	1
haunches	1
hauled	1
hastyish	1
hasty	1
hastened	1
haste	1
hasn't	1
harvest	1
harmony	1
hardworking	1
hardness	1
hardhearted	1
harder	1
harassed	1
harangued	1
handsome	1
hall	1
halfpenny	1
halfpence	1
hailing	1
haggling	1
habitual	1
haberdashery	1
ha'p'orth	1
h	1
guilty	1
guilt	1
guilders	1
guided	1
guidance	1
gufication	1
guessing	1
grunted	1
gruff	1
grudges	1
grudged	1
grubvs	1
growling	1
group	1
grosneidesheim	1
grocers	1
groaning	1
grinned	1
grew	1
greenwich	1
greatest	1
greased	1
gravity	1
gravely	1
gratitude	1
gratifying	1
gratify	1
granted	1
gracious	1
graced	1
gowns	1
governor	1
gourd	1
gossips	1
goodwill	1
good-natured	1
good-humoured	1
glowed	1
glow	1
glossed	1
glorifying	1
glorified	1
glorification	1
globe	1
glittering	1
glimpse	1
gliding	1
glided	1
glazed	1
glasses	1
glaring	1
glanced	1
glance	1
gladly	1
gives	1
gifts	1
gift	1
giant	1
gi	1
gernsbach	1
gently	1
genteelly	1
generous	1
generosity	1
generations	1
generality	1
gemman	1
gem	1
ge	1
gazing	1
gaze	1
gauging	1
gathering	1
gathered	1
gather	1
gaspares	1
garrets	1
gardens	1
gaping	1
gaoler	1
gallon	1
gallivanting	1
galley	1
gallantry	1
gallant	1
gained	1
gagged	1
gag	1
gadding	1
furtherance	1
furnish	1
furled	1
funny	1
functions	1
fumigations	1
fumigating	1
fumed	1
fully	1
fulfilment	1
fry	1
fruits	1
frowning	1
frog	1
frock	1
frilled	1
frighted	1
friar	1
fretting	1
fretted	1
freedoms	1
freedom	1
free	1
frankfurt	1
francs	1
franc	1
frame	1
fragrant	1
fragments	1
fragile	1
fortyfive	1
fortunes	1
fortunately	1
fortunate	1
fortitude	1
forthcoming	1
formal	1
forlorn	1
fork	1
foretelling	1
forester	1
foreigner	1
forefinger	1
forcing	1
force	1
forbear	1
footsteps	1
fools	1
foolhardy	1
foolery	1
fooled	1
follows	1
followers	1
follower	1
folios	1
foliage	1
folds	1
foggy	1
fm	1
flying	1
flushed	1
flush	1
flower	1
flow	1
flourishingly	1
flounder	1
float	1
flmt	1
fll	1
flirt	1
flip	1
flightiness	1
flexible	1
flew	1
fleet	1
flee	1
fled	1
flattered	1
flatter	1
flat	1
flashing	1
flapped	1
fitting	1
fish	1
firms	1
firmer	1
firm	1
firewood	1
fireplace	1
finsbury	1
finished	1
finish	1
finances	1
filthy	1
figured	1
fifteen	1
fiercely	1
fields	1
fiction	1
fetched	1
fetch	1
fenced	1
fence	1
feminine	1
feels	1
feed	1
features	1
feats	1
feast	1
fears	1
fearfully	1
fearful	1
fawned	1
favourite	1
fate	1
fatal	1
fastidious	1
faster	1
fashionably	1
fare	1
fancying	1
familiar	1
false	1
falhng	1
fairly	1
fainting	1
faint	1
fail	1
facts	1
facing	1
faced	1
exultation	1
extravagant	1
extinguished	1
extent	1
extensively	1
extensive	1
extended	1
exquisite	1
expressions	1
express	1
expostulations	1
exposition	1
explosion	1
explore	1
exploits	1
expiration	1
experi	1
expensive	1
expended	1
expedition	1
expedient	1
expectations	1
exonerate	1
existed	1
exige	1
exhibited	1
exhibit	1
exhaustion	1
exhaling	1
exertions	1
exerted	1
exercising	1
executed	1
execute	1
excuse	1
exclamations	1
exchequer	1
excess	1
exceed	1
examine	1
examinations	1
exact	1
ex	1
ewery	1
eventually	1
event	1
evasion	1
eupheemy	1
eulogiums	1
etty	1
etain	1
et	1
establishment	1
est	1
esses	1
essay	1
esq	1
espectable	1
especially	1
escaped	1
erudite	1
ersonages	1
erect	1
equipments	1
equipage	1
epithets	1
envy	1
envious	1
envied	1
enumerating	1
entrapped	1
entrance	1
entleman	1
entire	1
entertainer	1
entertained	1
entertain	1
ensconced	1
enormously	1
enormous	1
enjoyment	1
enjoying	1
enjoyed	1
englishman	1
engagement	1
enemy	1
endowed	1
endos	1
endorsement	1
encounter	1
enced	1
ence	1
enact	1
ems	1
emptied	1
employers	1
emotions	1
emitting	1
emitted	1
emerged	1
emboldened	1
embassy	1
embarrassments	1
embarrassment	1
embarrassed	1
embarrass	1
embarkation	1
embark	1
elucidator	1
elsewhere	1
else'^s	1
eloquently	1
eloquent	1
eloquence	1
eligible	1
eleven	1
elevation	1
elevating	1
elegantes	1
electrified	1
elate	1
eke	1
eject	1
ejaculations	1
ejaculation	1
ejaculated	1
ejaculate	1
eiid	1
eighty	1
eighteen	1
egregious	1
egad	1
effrontery	1
efforts	1
effort	1
effectually	1
effects	1
effected	1
ees	1
eepy	1
eel	1
education	1
ed	1
echo	1
ecclesiastic	1
eccentric	1
ebullition	1
eater	1
easter	1
eased	1
earth	1
earned	1
earlier	1
eagle	1
eager	1
dwell	1
dunning	1
dun	1
dumplings	1
duke	1
ducking	1
drunkard	1
drunk	1
drowned	1
drizzling	1
drive	1
drily	1
dreamed	1
dreading	1
drapery	1
drakes	1
dragged	1
doze	1
downright	1
downcast	1
doubtingly	1
dorset	1
doors	1
doorkeeper	1
don	1
domain	1
dollars	1
doggerel	1
dog	1
documents	1
divulge	1
dividends	1
divided	1
diverse	1
diurnal	1
disturbed	1
district	1
distinguished	1
distances	1
dissipated	1
disrespectfully	1
disreputability	1
disquisition	1
dispute	1
disposing	1
disposal	1
displaying	1
dispel	1
dispatch	1
disorderly	1
disoblige	1
dismally	1
dismal	1
dislike	1
disinterested	1
dishonoured	1
dishcounts	1
dishclouts	1
disguise	1
disgraceful	1
disengage	1
discussion	1
discussed	1
discretion	1
discredit	1
discover	1
discourse	1
discounts	1
discounting	1
discordant	1
discontented	1
disconsolate	1
discomfited	1
disciples	1
discharged	1
discern	1
disaster	1
disarrangement	1
disapprobation	1
disappoints	1
disappointments	1
disappointed	1
disappear	1
disadvantages	1
dirt	1
direct	1
dining	1
dingy	1
dined	1
dimly	1
diminished	1
dimensions	1
dilemma	1
dignitate^	1
dignitary	1
difficulties	1
diffe	1
die	1
didnh	1
didn*'t	1
didn''t	1
diddled	1
dey	1
dexterous	1
devotions	1
devolved	1
devising	1
devised	1
devil	1
devastation	1
deteriorating	1
detention	1
detarmined	1
detaining	1
detail	1
destructive	1
destruction	1
destined	1
destination	1
dessert	1
desponding	1
despised	1
desperate	1
desk	1
desired	1
designs	1
designed	1
designate	1
deshabille	1
deserve	1
descriptions	1
describing	1
describes	1
descent	1
descend	1
desarves	1
derespectful	1
der	1
depriving	1
deprive	1
deposited	1
deplorable	1
departed	1
densely	1
dense	1
denouncement	1
denominations	1
denied	1
demi	1
deluded	1
delivering	1
deliver	1
delinquent	1
delightful	1
delighted	1
delight	1
delicious	1
deliberations	1
deliberately	1
deliberate	1
defunct	1
defraud	1
deferred	1
deferential	1
deference	1
decorum	1
decline	1
declare	1
decide	1
deci	1
decent	1
deceit	1
decanters	1
decamp	1
debt	1
debenture	1
dealers	1
deadly	1
day."*	1
dawy	1
dawn	1
davy	1
dates	1
date	1
dashing	1
dash	1
darker	1
darken	1
daren't	1
dangerous	1
dandy	1
dandies	1
dancing	1
damsel	1
dainties	1
daily	1
dab	1
da'say	1
customs	1
customary	1
curse	1
curling	1
curious	1
cured	1
cure	1
cups	1
cunning	1
cum	1
cuckoo	1
ctthging	1
crushed	1
cruel	1
crossing	1
crooked	1
crook	1
criticise	1
crisis	1
cringed	1
crimson	1
crime	1
credited	1
creature	1
crazy	1
crazed	1
crash	1
cranelike	1
cracking	1
cracked	1
cqats	1
cowardly	1
coveted	1
covering	1
courteously	1
court	1
courageous	1
coupling	1
couple	1
county	1
countess	1
counsels	1
corroborated	1
correctly	1
corners	1
cords	1
cooking	1
cooked	1
conveyance	1
convey	1
conversed	1
control	1
contrivances	1
contrivance	1
contraire	1
contradiction	1
continue	1
continually	1
contemptuously	1
contempt	1
contemplation	1
contemplating	1
contemplated	1
containing	1
contain	1
consulting	1
consultation	1
construction	1
constituted	1
constitute	1
constant	1
conspirators	1
conspicuously	1
consort	1
consistent	1
considering	1
considerably	1
consented	1
conse	1
consciousness	1
conscience	1
conquest	1
connoisseur	1
connexions	1
conned	1
congregated	1
confused	1
confronting	1
confound	1
conflict	1
confirmed	1
confinement	1
confident	1
conducting	1
conditioned	1
condescendingly	1
condescend	1
conclusive	1
concluding	1
conciliating	1
concealed	1
compressed	1
comprehend	1
complying	1
comply	1
compliance	1
completely	1
complete	1
complains	1
complaining	1
complained	1
complainant	1
compensation	1
comparatively	1
companions	1
communications	1
communicated	1
commonly	1
commodity	1
committal	1
commissioned	1
commerce	1
commensurate	1
commence	1
commanding	1
comical	1
comic	1
comer	1
coloured	1
collisions	1
collision	1
collections	1
collection	1
collecting	1
colleagues	1
colleague	1
collated	1
collars	1
coldness	1
cogitating	1
cogitated	1
codsam	1
cock	1
coaxing	1
coats	1
coated	1
coarsely	1
coarse	1
coalition	1
coal	1
coaches	1
co\ies	1
closer	1
closely	1
clog	1
clocks	1
clock	1
clipped	1
cleverness	1
clever	1
clerkship	1
clearer	1
cleansed	1
cleanly	1
claws	1
clause	1
clap	1
clanging	1
claims	1
claim	1
citizen	1
circumlocution	1
circuit	1
cinder	1
cicerone	1
ci-devant	1
chuckled	1
chuck	1
christians	1
chose	1
chops	1
chop	1
choosed	1
choice	1
chin	1
chimney-piece	1
children	1
chet	1
cheesemonger	1
cheerer	1
cheered	1
cheer	1
cheated	1
cheat	1
cheapening	1
chattering	1
chateau	1
chat	1
chastisement	1
charred	1
charming	1
charcoal	1
characteristics	1
characteristic	1
chapel	1
chandelier	1
chambermaid	1
challenged	1
chairs	1
chaffering	1
certainty	1
cell	1
celerity	1
ceived	1
ceeding	1
ceeded	1
ceased	1
ce	1
causing	1
cats	1
catholics	1
catching	1
casting	1
carts	1
carrying	1
cargo	1
cares	1
captive	1
captivating	1
caper	1
candles	1
calmness	1
calmly	1
calm	1
calls	1
calculate	1
calcined	1
cabbage	1
c'est	1
byword	1
byways	1
buyers	1
buyer	1
buxom	1
butts	1
buttoned	1
butter	1
butt's%manners	1
busy	1
bust	1
busi	1
burnt	1
burden	1
buoying	1
bumper	1
bull	1
bulk	1
buck	1
brushing	1
brother	1
broadside	1
briton	1
bristling	1
brisk	1
brink	1
brings	1
bringing	1
bride	1
brethren	1
break	1
brass	1
branch	1
bran	1
brains	1
brace	1
bp	1
bout	1
bounds	1
bounding	1
bounded	1
bounced	1
bouche	1
botj	1
bother	1
booty	1
bootmaker	1
bookstall	1
bookselling	1
bookcases	1
bonne	1
bone	1
bond	1
bolus	1
bolt	1
bodily	1
bodies	1
boats	1
boatman	1
boathook	1
boasting	1
boasted	1
boast	1
bly	1
bluntly	1
blunt	1
blunders	1
blowed	1
bloodless	1
blood	1
blocking	1
blockhead	1
blissful	1
blind	1
blew	1
blessedness	1
blasts	1
blarney	1
blanket	1
blandishments	1
blames	1
blamed	1
blacking	1
blackened	1
bivouack	1
bittons	1
bitter	1
bitten	1
biting	1
binding	1
bin	1
bile	1
bide	1
bible	1
beware	1
beverage	1
betook	1
bestow	1
beset	1
bentley	1
bent	1
beneficial	1
beneath	1
bending	1
belongs	1
belonged	1
belle	1
beings	1
behold	1
beguile	1
begone	1
beggar	1
beforehand	1
befoe	1
beetling	1
beef	1
bedside	1
bedlam	1
beckoning	1
beauty	1
beats	1
beast	1
bearing	1
bearer	1
beakers	1
beak	1
bawling	1
bawl	1
bation	1
bath	1
basin	1
bargaining	1
banking	1
bank	1
banishment	1
banged	1
bandbox	1
bamboozled	1
bamboozle	1
balancing	1
bakers	1
bag	1
backward	1
backs	1
bachelors	1
babylon	1
ba	1
b	1
axiom	1
axing	1
awhile	1
awe	1
aware	1
awakening	1
avell	1
ave	1
avail	1
autumn	1
authoritative	1
auons	1
aught	1
audacity	1
au	1
attribute	1
attractive	1
attracted	1
attainment	1
attained	1
attacking	1
attacked	1
attack	1
attachment	1
atop	1
ater	1
astonished	1
astarn	1
ast	1
assuring	1
assured	1
assistants	1
assertions	1
assertion	1
aspect	1
asm	1
ash	1
as've	1
arts	1
articulating	1
arrowy	1
arrears	1
arranging	1
arrangements	1
arnh	1
arn't	1
armed	1
ark	1
arid	1
arguing	1
argue	1
area	1
ar	1
aquatic	1
apt	1
apron	1
approve	1
approbation	1
approached	1
approach	1
appro	1
apprentice	1
apprehensive	1
apprehensions	1
apprehension	1
apprehend	1
appointed	1
applicants	1
applause	1
appetite	1
appartement	1
apparel	1
apology	1
aperture	1
apathy	1
apartment	1
ap	1
anywhere	1
anticipation	1
anticipating	1
answers	1
annum	1
annual	1
annoying	1
annoyance	1
annoy	1
animal	1
angrily	1
angler	1
ance	1
amusements	1
ample	1
amounts	1
amerikke	1
amends	1
ambition	1
amazement	1
amatory	1
altered	1
alter	1
allows	1
allowing	1
allowed	1
allotted	1
allons	1
alleged	1
alf	1
alert	1
alas	1
ain'^t	1
ain"'t	1
aifairs	1
ahs	1
ahem	1
agreement	1
agreeing	1
agone	1
aghast	1
ages	1
agency	1
affirm	1
affections	1
affected	1
affect	1
af'aid	1
aerial	1
advised	1
advertises	1
advertisement	1
advertised	1
adventures	1
adventure	1
advantageous	1
adroitness	1
adopt	1
admitted	1
admiration	1
admirable	1
administered	1
adjourn	1
adhered	1
adepts	1
add	1
adapted	1
adam	1
adage	1
actor	1
action	1
acting	1
acted	1
acquisition	1
acquiesced	1
acknowledges	1
achievements	1
acely	1
accusations	1
accurately	1
accumulated	1
accounted	1
accordance	1
accompany	1
accompa	1
accidental	1
accession	1
accepted	1
acceptance	1
accept	1
accelerate	1
abusive	1
abusing	1
abuse	1
absurd	1
abstracted	1
abroad	1
aboveground	1
abortive	1
abomination	1
aberration	1
abandoned	1
a'ternoon	1
a'*terwards	1
^pite	1
^'	1
])	1
[	1
?^'	1
?^	1
?'*''	1
?'*	1
?'''^	1
?''''	1
?'"*	1
?'"	1
?'	1
?"*'	1
?"'"'	1
?"'	1
?""*	1
>	1
/	1
.^^	1
.^"	1
.]	1
.'''"	1
.'"'	1
*■'	1
*«	1
).	1
((	1
'•'	1
'•	1
'**	1
'*'*	1
'*''	1
'""	1
"."	1
"*^	1
"**	1
"*'.	1
"*!!	1
"'''	1
!**'	1
!*'	1
!'**	1
!''''	1
!'"*	1
!'"	1
!"*'	1
