,	3712
the	1830
to	1132
of	1088
.	1070
and	991
i	859
a	712
his	549
he	529
;	529
"	527
—	497
my	466
in	466
you	460
that	356
!	342
was	327
'	323
me	314
as	296
be	290
with	280
it	275
for	268
your	259
but	248
him	241
not	237
her	225
have	218
had	203
at	199
is	195
by	193
from	183
which	177
on	163
|'s|	150
she	136
said	135
this	129
will	121
(	121
so	120
''	120
would	119
an	118
who	116
upon	114
."	109
)	109
thee	106
they	104
one	104
if	104
|arabic3digit|	103
*'	103
no	102
|arabic2digit|	100
what	100
were	98
do	98
all	98
:	93
more	92
neville	85
when	83
their	83
man	83
sir	81
philip	81
are	78
|arabic1digit|	77
lady	75
shall	68
been	68
than	66
am	65
?	65
there	64
them	64
should	63
or	62
never	62
like	60
may	58
!"	58
we	57
travers	57
such	57
our	57
^	57
*	56
very	55
could	55
own	54
time	52
did	51
some	50
lord	50
know	50
has	50
?"	49
'^	49
now	47
long	47
old	46
any	46
**	46
into	45
can	44
where	42
take	42
say	42
good	42
after	41
see	40
before	40
thy	39
well	38
much	38
himself	38
father	38
out	37
d	37
being	37
whom	36
then	36
other	36
must	36
first	36
every	36
come	36
|romannumeral|	35
too	35
oh	35
life	35
let	35
house	35
heart	35
*^	35
way	34
us	34
hand	34
eyes	34
cried	34
without	33
up	33
replied	33
make	33
give	33
while	32
tell	32
myself	32
mother	32
made	32
little	32
how	32
thought	31
rachael	31
only	31
master	31
mind	30
here	30
child	30
!'	30
many	29
great	29
day	29
about	29
those	28
nature	28
don't	28
death	28
.'	28
thou	27
these	27
servant	27
dear	27
young	26
though	26
sarah	26
quoth	26
left	26
against	26
son	25
once	25
humphry	25
brother	25
again	25
yet	24
told	24
through	24
think	24
soon	24
poor	24
night	24
name	24
love	24
last	24
heard	24
gave	24
friend	24
exclaimed	24
ever	24
^'	24
world	23
woman	23
whose	23
till	23
mr	23
most	23
means	23
husband	23
wish	22
same	22
over	22
nothing	22
best	22
two	21
ravenglass	21
it's	21
heaven	21
family	21
even	21
door	21
business	21
'*	21
tis	20
put	20
live	20
hope	20
god	20
em	20
blood	20
believe	20
answer	20
vulture	19
thank	19
t	19
still	19
room	19
present	19
indeed	19
half	19
found	19
demanded	19
care	19
speak	18
r	18
proby	18
might	18
hear	18
head	18
account	18
yourself	17
whole	17
took	17
return	17
part	17
pardon	17
met	17
lost	17
leave	17
ha	17
went	16
tears	16
power	16
place	16
o	16
london	16
herself	16
having	16
far	16
down	16
done	16
days	16
continued	16
bring	16
voice	15
soul	15
returned	15
presence	15
look	15
late	15
however	15
hardyman	15
fortune	15
castle	15
art	15
always	15
words	14
three	14
off	14
men	14
mean	14
matter	14
madam	14
light	14
letter	14
ill	14
i'll	14
hour	14
go	14
full	14
few	14
eye	14
devil	14
daughter	14
chapter	14
came	14
call	14
between	14
better	14
back	14
almost	14
you'll	13
years	13
word	13
wife	13
why	13
under	13
stanley	13
since	13
rather	13
nor	13
knew	13
just	13
j	13
happy	13
gone	13
gentleman	13
fear	13
face	13
demand	13
cannot	13
asked	13
villain	12
thus	12
suppose	12
mercy	12
manner	12
latter	12
keep	12
home	12
hero	12
going	12
given	12
girl	12
find	12
fell	12
farmer	12
enough	12
countess	12
charge	12
boy	12
both	12
body	12
^^	12
-,	12
y	11
wretch	11
whilst	11
w	11
together	11
threw	11
sister	11
sight	11
seemed	11
says	11
right	11
read	11
re	11
often	11
observed	11
nt	11
next	11
nay	11
morning	11
money	11
memory	11
meet	11
least	11
lay	11
justice	11
honour	11
health	11
hawbuck	11
hands	11
former	11
fellow	11
feelings	11
effect	11
brought	11
?'	11
!'*	11
within	10
wished	10
sure	10
street	10
skellum	10
silence	10
seen	10
saying	10
revenge	10
rest	10
proceeded	10
pretty	10
patrick	10
opinion	10
malice	10
known	10
interrupted	10
innocent	10
hold	10
fate	10
duty	10
during	10
doubt	10
die	10
dead	10
chamber	10
baronet	10
arthur	10
arms	10
another	10
want	9
vol	9
village	9
vengeance	9
vain	9
until	9
understand	9
turned	9
truth	9
true	9
town	9
terror	9
stood	9
step	9
stand	9
spirits	9
spirit	9
society	9
seeing	9
s	9
received	9
reason	9
possible	9
person	9
pay	9
opened	9
mine	9
loved	9
longer	9
lips	9
less	9
length	9
kept	9
joy	9
humble	9
hall	9
ground	9
got	9
forgive	9
fair	9
elijah	9
each	9
distance	9
dermot	9
creature	9
comfort	9
certain	9
called	9
blush	9
bad	9
away	9
attention	9
also	9
able	9
/	9
worse	8
work	8
wi	8
uncle	8
turn	8
tone	8
therefore	8
thanks	8
susan	8
subject	8
something	8
small	8
saw	8
satisfied	8
satisfaction	8
sat	8
relative	8
ran	8
plunkett	8
pleasure	8
phihp	8
past	8
parent	8
pale	8
opportunity	8
need	8
near	8
murdered	8
murder	8
melancholy	8
meant	8
lovely	8
lordship	8
james	8
hundred	8
hours	8
hardly	8
grief	8
future	8
further	8
following	8
fire	8
female	8
feel	8
fall	8
evening	8
escape	8
entered	8
ears	8
due	8
discovered	8
countenance	8
conscience	8
conduct	8
cheek	8
case	8
carry	8
bless	8
bed	8
become	8
arrived	8
answered	8
amongst	8
alas	8
!''	8
yes	7
women	7
whether	7
vent	7
turning	7
try	7
trust	7
tribunal	7
title	7
ten	7
taking	7
spot	7
sorry	7
situation	7
side	7
rejoined	7
rack	7
providence	7
possessed	7
peace	7
passion	7
particular	7
object	7
native	7
months	7
major	7
led	7
laid	7
ladies	7
journey	7
inquisition	7
honest	7
heir	7
grave	7
get	7
fool	7
figure	7
felt	7
feet	7
features	7
ere	7
enjoy	7
england	7
end	7
drops	7
drew	7
doctor	7
desire	7
deceived	7
cut	7
curse	7
court	7
country	7
contempt	7
concluded	7
company	7
cause	7
bye	7
breathed	7
black	7
beside	7
beneath	7
beheld	7
became	7
assistance	7
along	7
ah	7
afterwards	7
.''	7
«	6
youth	6
wound	6
wonder	6
window	6
weak	6
virtue	6
trouble	6
torture	6
torn	6
thing	6
table	6
struck	6
stranger	6
story	6
stare	6
spoke	6
sooner	6
smile	6
sleep	6
show	6
short	6
share	6
set	6
serve	6
save	6
sample	6
retired	6
resentment	6
repeated	6
remember	6
remained	6
ready	6
purpose	6
proper	6
presently	6
please	6
passed	6
parents	6
others	6
ordered	6
occasion	6
obey	6
mrs	6
moment	6
misery	6
marry	6
marriage	6
m	6
loss	6
letters	6
ladyship	6
joined	6
interest	6
intention	6
intelligence	6
insult	6
infant	6
horses	6
holy	6
hard	6
happened	6
hair	6
guilt	6
glass	6
formed	6
forget	6
forbid	6
followed	6
false	6
faint	6
expected	6
english	6
don	6
distress	6
despair	6
desired	6
deprived	6
departed	6
companion	6
commenced	6
coat	6
closed	6
circumstances	6
can't	6
cadiz	6
butler	6
bore	6
blessed	6
birth	6
bentinck	6
behold	6
behalf	6
bear	6
ask	6
arm	6
appeared	6
appearance	6
anything	6
alone	6
age	6
affection	6
action	6
accompany	6
above	6
?'*	6
wounded	5
worthy	5
wine	5
whatever	5
victim	5
vessel	5
used	5
unknown	5
trifling	5
treated	5
treasure	5
towards	5
top	5
tongue	5
times	5
thyself	5
thither	5
thinking	5
terms	5
tear	5
suit	5
strength	5
soldier	5
snatched	5
severe	5
servants	5
sent	5
send	5
seem	5
seek	5
second	5
scenes	5
scarlet	5
sake	5
sacred	5
rushed	5
respect	5
resemblance	5
request	5
render	5
remembrance	5
regard	5
refused	5
reduced	5
receive	5
reach	5
rare	5
question	5
proceed	5
priest	5
prevent	5
presented	5
post	5
possession	5
point	5
piece	5
period	5
perform	5
pass	5
party	5
paid	5
open	5
officers	5
obliged	5
none	5
noble	5
necessity	5
mystery	5
mutual	5
mistaken	5
miserable	5
minutes	5
making	5
loud	5
losses	5
looks	5
law	5
knows	5
itself	5
ireland	5
instant	5
infamous	5
indignation	5
incapable	5
imagination	5
ignorant	5
horror	5
hopes	5
ho	5
high	5
hat	5
hast	5
guard	5
gosh	5
giving	5
forward	5
form	5
field	5
feeling	5
fears	5
fatal	5
fashion	5
faithful	5
faith	5
f	5
expect	5
existence	5
exhausted	5
excuse	5
evidently	5
everything	5
epistle	5
entering	5
enemy	5
employed	5
easily	5
e	5
dying	5
discover	5
different	5
departure	5
delicacy	5
declared	5
date	5
danger	5
damned	5
damn	5
cursed	5
course	5
consideration	5
consequence	5
condition	5
conceive	5
common	5
commit	5
comes	5
coach	5
chapel	5
chair	5
caused	5
carriage	5
breath	5
brave	5
bosom	5
born	5
blessing	5
bin	5
big	5
bent	5
began	5
beg	5
barber	5
attended	5
attend	5
attachment	5
ascertain	5
around	5
apprehensions	5
although	5
already	5
advice	5
adored	5
address	5
act	5
acquaintance	5
accompanied	5
accident	5
?''	5
/,	5
...."	5
•	4
}	4
younger	4
yon	4
yeoman	4
year	4
yards	4
wounds	4
wear	4
wealth	4
walk	4
waistcoat	4
virtues	4
vice	4
uttered	4
usual	4
unworthy	4
unlike	4
understanding	4
unconscious	4
unable	4
tumult	4
truly	4
tried	4
toast	4
thunder	4
throwing	4
throat	4
thoughts	4
tenderness	4
taken	4
sword	4
sustained	4
surprise	4
surgeon	4
sun	4
success	4
succeeded	4
stop	4
stick	4
state	4
stairs	4
spare	4
sort	4
solemn	4
solace	4
sleeping	4
single	4
sighed	4
sigh	4
sick	4
shuddered	4
shop	4
sex	4
several	4
service	4
served	4
serpent	4
sentiments	4
sense	4
season	4
score	4
scene	4
rose	4
road	4
retreat	4
retirement	4
restore	4
representative	4
report	4
reply	4
reflection	4
recollection	4
real	4
raised	4
questions	4
purse	4
prospect	4
property	4
produced	4
produce	4
prisoner	4
prison	4
prevented	4
precious	4
pray	4
plan	4
picture	4
persuasion	4
people	4
penury	4
particularly	4
parlour	4
papers	4
pains	4
otherwise	4
orders	4
oppose	4
offer	4
observations	4
obedience	4
oakendale	4
new	4
nearly	4
named	4
mistake	4
miss	4
mention	4
meaning	4
marble	4
manners	4
mad	4
luxury	4
lover	4
lose	4
looking	4
lives	4
lively	4
lived	4
lie	4
liberty	4
landlord	4
lamp	4
lad	4
knowledge	4
knees	4
kitty	4
kindred	4
kindness	4
kind	4
justly	4
judges	4
judgement	4
judge	4
invitation	4
interval	4
instrument	4
instead	4
inquisitor	4
inquiries	4
increased	4
increase	4
inclined	4
impulse	4
impossible	4
implored	4
impertinence	4
immediately	4
idea	4
humanity	4
human	4
honoured	4
hke	4
hey	4
hearts	4
heads	4
haunted	4
hate	4
handsome	4
h	4
guilty	4
groan	4
greatest	4
grant	4
gracious	4
gold	4
glanced	4
glance	4
glad	4
gay	4
gate	4
frequent	4
freedom	4
frame	4
foster	4
fortitude	4
forgotten	4
foot	4
follow	4
folks	4
fmd	4
flying	4
flesh	4
fast	4
farther	4
fairly	4
fail	4
executioner	4
event	4
esther	4
estates	4
escaped	4
entertained	4
enter	4
engaged	4
else	4
efforts	4
early	4
ear	4
drink	4
dreadful	4
dost	4
distant	4
disease	4
dinner	4
died	4
desperate	4
design	4
deliver	4
delay	4
defy	4
declaration	4
decided	4
dare	4
crimes	4
correspondence	4
convinced	4
contrition	4
consolation	4
consider	4
confinement	4
committed	4
coloured	4
circumstance	4
checked	4
chastisement	4
chance	4
catholic	4
cast	4
calm	4
blue	4
blow	4
bloody	4
bit	4
benigno	4
beloved	4
bell	4
banditti	4
ballad	4
attribute	4
attendant	4
among	4
allow	4
alarm	4
air	4
agitation	4
afford	4
affliction	4
affected	4
advise	4
adopted	4
admit	4
addressed	4
added	4
across	4
acknowledged	4
acknowledge	4
accused	4
accursed	4
accept	4
absence	4
abode	4
^*	4
/"	4
),	4
!*	4
!)	4
|arabicprice|	3
{	3
ye	3
writing	3
wretched	3
worth	3
worst	3
won't	3
wishing	3
wilt	3
widowed	3
wherein	3
whenever	3
welcome	3
weeks	3
week	3
weather	3
watch	3
war	3
walls	3
walked	3
waking	3
waited	3
vows	3
visits	3
visit	3
violent	3
vindictive	3
victims	3
vas	3
value	3
utter	3
utmost	3
usually	3
use	3
unhappy	3
uncommon	3
un	3
tyrant	3
trifle	3
tricks	3
trial	3
treatment	3
transaction	3
trace	3
titles	3
tiie	3
thrown	3
throw	3
thrice	3
threshold	3
threat	3
thousand	3
thereof	3
thereby	3
ter'd	3
talking	3
swift	3
sweet	3
swear	3
suspicions	3
suspense	3
surely	3
supported	3
superstitious	3
sunk	3
summon	3
suffer	3
suddenly	3
style	3
strove	3
strongly	3
strong	3
strive	3
stripped	3
strict	3
strangers	3
strain	3
stones	3
steward	3
statue	3
started	3
standing	3
st	3
spread	3
spite	3
speedily	3
sound	3
sorrow	3
somewhat	3
smiling	3
slow	3
six	3
sing	3
similar	3
silent	3
shun	3
showed	3
shook	3
shan't	3
severely	3
settlement	3
serious	3
sequel	3
separated	3
sentiment	3
sentence	3
seized	3
secret	3
seated	3
scarce	3
sary	3
salutary	3
saint	3
sad	3
sacrifice	3
rung	3
rough	3
rot	3
riveted	3
reveal	3
returning	3
retribution	3
resume	3
restored	3
resolved	3
reserve	3
rescued	3
repaired	3
rent	3
remove	3
removal	3
reluctantly	3
relieved	3
refusal	3
reconcile	3
recognised	3
raven	3
rational	3
rank	3
rachel	3
puzzled	3
purport	3
public	3
prudence	3
prostrate	3
proof	3
pronounced	3
procure	3
proceeding	3
private	3
prince	3
prey	3
powerful	3
poverty	3
pounds	3
pleasures	3
plain	3
pity	3
persecutors	3
perfectly	3
peremptory	3
peepers	3
paused	3
patient	3
patience	3
paltry	3
pair	3
painful	3
pain	3
overcome	3
order	3
opposition	3
offend	3
occurrences	3
oath	3
o'bradley	3
nought	3
notice	3
northeast	3
nine	3
niece	3
necessary	3
natural	3
na	3
mysterious	3
murderer	3
muffled	3
move	3
mortal	3
monster	3
monitor	3
miseries	3
mischief	3
minute	3
miles	3
merit	3
mentioned	3
mc	3
mansion	3
manor	3
manly	3
mandate	3
maker	3
looked	3
lodging	3
locked	3
living	3
listen	3
line	3
limbs	3
levity	3
lent	3
leaves	3
learned	3
landed	3
lancashire	3
knee	3
kissed	3
king	3
join	3
its	3
isabella	3
intercourse	3
intent	3
instantly	3
innocence	3
injured	3
inhuman	3
inhabitants	3
information	3
induced	3
independence	3
inclination	3
impenetrable	3
impatience	3
impart	3
hurrying	3
hurried	3
hung	3
host	3
hospitality	3
hospitable	3
horse	3
hoped	3
honesty	3
homicide	3
hitherto	3
hem	3
help	3
held	3
haw	3
harpies	3
happiness	3
hailed	3
gown	3
gotten	3
gloomy	3
girls	3
gift	3
general	3
gazing	3
gasping	3
garden	3
gallery	3
gain	3
friends	3
fought	3
fortunate	3
forth	3
forgiveness	3
folly	3
fly	3
floor	3
flattered	3
fit	3
finding	3
fiends	3
fiend	3
fever	3
fashionable	3
fangs	3
fancy	3
fainted	3
express	3
explanation	3
expense	3
expectation	3
exclamation	3
exclaiming	3
except	3
example	3
everybody	3
estate	3
error	3
equally	3
entrance	3
ensued	3
enjoying	3
enjoyed	3
endowed	3
endeavour	3
encouraged	3
encountered	3
enabled	3
enable	3
en	3
embarked	3
emaciated	3
elapsed	3
ejaculated	3
either	3
effort	3
education	3
ecod	3
ease	3
earth	3
earl	3
dwelling	3
dust	3
drove	3
dropped	3
dressed	3
dress	3
dread	3
drawn	3
draw	3
dragged	3
doom	3
does	3
divulge	3
divine	3
disposition	3
devils	3
destruction	3
deserve	3
deprive	3
deposited	3
degree	3
degenerate	3
defend	3
deeply	3
deep	3
declare	3
deceive	3
deathbed	3
deadly	3
darted	3
darkness	3
dark	3
dangerous	3
dance	3
dagger	3
crying	3
cruelty	3
cries	3
courage	3
countrymen	3
cottage	3
corpse	3
cornelius	3
convince	3
conviction	3
converted	3
contents	3
content	3
contemplating	3
constant	3
considerable	3
consented	3
confined	3
confidence	3
confessor	3
confessed	3
composed	3
complaint	3
command	3
coming	3
comely	3
coachman	3
choose	3
choked	3
children	3
cheerfully	3
cheer	3
charms	3
character	3
certainly	3
ceased	3
catch	3
carrots	3
careful	3
capable	3
burst	3
burden	3
buck	3
broke	3
breakfast	3
brat	3
boys	3
bowed	3
bound	3
book	3
bitter	3
bereft	3
believed	3
begged	3
beef	3
becomes	3
because	3
barnaby	3
awful	3
augment	3
attempting	3
assured	3
assumed	3
assist	3
assertion	3
assert	3
assembled	3
assassin	3
asleep	3
ascended	3
army	3
approbation	3
apprehensive	3
appointed	3
appear	3
apparel	3
anxiety	3
anger	3
ancient	3
amiable	3
allowing	3
allowed	3
alien	3
ale	3
aim	3
agreeable	3
affairs	3
addressing	3
accordingly	3
absent	3
abrupt	3
?*	3
.,	3
-	3
*<	3
).	3
'•	3
'"	3
!**	3
!*'	3
■	2
zvull	2
zeal	2
youthful	2
yesterday	2
yellow	2
yard	2
wrong	2
written	2
wrinkled	2
wretchedness	2
wrapped	2
worn	2
wont	2
withstood	2
withdrew	2
withdrawn	2
wishes	2
wiping	2
wind	2
wimbledon	2
williames	2
wide	2
white	2
whereon	2
whence	2
wert	2
well-known	2
weeds	2
wedded	2
weapons	2
weapon	2
we'll	2
wandered	2
wall	2
walks	2
wake	2
wait	2
vvould	2
voyage	2
vow	2
vou	2
visages	2
visage	2
virulence	2
virtuous	2
virgin	2
violently	2
violation	2
villainy	2
vile	2
verily	2
verified	2
venture	2
venom	2
vehicle	2
vast	2
various	2
vanish	2
valour	2
vacancy	2
uttering	2
ut	2
usurped	2
urged	2
upper	2
unsuspecting	2
unsophisticated	2
unrestrained	2
unnatural	2
union	2
undertaker	2
undertake	2
ultimately	2
tyranny	2
twist	2
twelve	2
tutor	2
tune	2
triumph	2
trepan	2
tree	2
treadaway	2
treachery	2
treacherous	2
travellers	2
travel	2
transport	2
tranquillity	2
trade	2
tower	2
touch	2
torments	2
tore	2
torches	2
tomorrow	2
tired	2
tight	2
tied	2
thrust	2
throughout	2
thread	2
themselves	2
terrors	2
terminated	2
term	2
tend	2
temporary	2
tempest	2
temper	2
tells	2
tedious	2
teach	2
taught	2
tapped	2
tall	2
symptoms	2
sympathy	2
sworn	2
swimming	2
swerved	2
sweetest	2
suspicion	2
suspended	2
surmise	2
supplications	2
superstition	2
superiors	2
superior	2
superannuated	2
sunday	2
summoned	2
sum	2
sufficient	2
sufferings	2
suffering	2
suffered	2
subsequent	2
subjected	2
stuff	2
strictest	2
stretching	2
stretch	2
strange	2
straight	2
store	2
stopped	2
stomach	2
stolen	2
stock	2
steps	2
stay	2
station	2
start	2
stared	2
stamped	2
staircase	2
stain	2
squalid	2
splendid	2
spenser	2
speedy	2
speed	2
speech	2
spain	2
sometimes	2
solitude	2
solicitude	2
softened	2
soft	2
sober	2
snivel	2
snare	2
smother	2
slipped	2
slightest	2
slave	2
sire	2
sins	2
sinner	2
sincerity	2
sincerely	2
silenced	2
sign	2
shudder	2
shrink	2
shrieked	2
shown	2
shout	2
shoulder	2
shortly	2
shore	2
shalt	2
shades	2
seven	2
settled	2
settle	2
services	2
separation	2
separate	2
senses	2
sellers	2
selected	2
seldom	2
seems	2
seeming	2
secured	2
seconds	2
seat	2
seasons	2
scream	2
satisfy	2
sanguinary	2
saluted	2
safety	2
safe	2
ruins	2
ruffians	2
ruffian	2
route	2
rouse	2
roof	2
rode	2
robbing	2
robbers	2
robbed	2
rob	2
roast	2
rise	2
rights	2
rifled	2
rich	2
revolts	2
revive	2
retrieving	2
retire	2
restoration	2
respected	2
resort	2
requisite	2
required	2
require	2
reputed	2
reposed	2
repentance	2
repeating	2
repeat	2
remark	2
remains	2
remainder	2
religious	2
religion	2
relic	2
relaxing	2
related	2
relate	2
rejoin	2
rejoice	2
reiterated	2
rein	2
regions	2
regarding	2
regarded	2
refreshment	2
recovery	2
recover	2
recollect	2
receipt	2
recalled	2
reared	2
reality	2
reading	2
reader	2
ray	2
ravisher	2
rap	2
raillery	2
rags	2
race	2
quivering	2
quickly	2
queen	2
quarrel	2
purchased	2
punishment	2
punished	2
punctual	2
provocation	2
provisions	2
proved	2
prove	2
protector	2
protect	2
prosperous	2
proposition	2
prophetic	2
propensity	2
promised	2
promise	2
procured	2
proceedings	2
probability	2
principles	2
principle	2
pretensions	2
presume	2
pressing	2
pressed	2
prejudice	2
precincts	2
precepts	2
prayer	2
practice	2
powder	2
poured	2
possibly	2
possessions	2
portugal	2
portrait	2
portion	2
pondering	2
poison	2
pockets	2
plunge	2
plume	2
pleasant	2
plead	2
playing	2
play	2
plawbuck	2
plans	2
plaguy	2
placed	2
pistols	2
pistol	2
physician	2
phiup	2
petticoat	2
personal	2
persisted	2
persecutor	2
persecution	2
permitted	2
permission	2
perjury	2
perish	2
perilous	2
perhaps	2
perfection	2
perfect	2
perceiving	2
penitent	2
penance	2
penalty	2
pecuniary	2
payment	2
paying	2
pause	2
patron	2
passing	2
passage	2
parties	2
paraphernalia	2
paragraph	2
paper	2
pants	2
panegyrics	2
packet	2
paces	2
pace	2
overtaken	2
overpowered	2
ought	2
ou	2
ostentation	2
orthography	2
officer	2
office	2
offence	2
odd	2
ocean	2
occurrence	2
occupied	2
occasions	2
obtained	2
observe	2
obscurity	2
obligations	2
obligation	2
obeyed	2
oak	2
o'clock	2
o'brad	2
nose	2
noose	2
noise	2
nocturnal	2
nobody	2
nish'd	2
nevertheless	2
net	2
nephew	2
neighbouring	2
neighbourhood	2
neglected	2
negative	2
neck	2
nd	2
naturally	2
nation	2
narrative	2
n	2
mv	2
muster	2
murrain	2
murderers	2
mourning	2
mourn	2
motive	2
motion	2
mortals	2
monstrous	2
monarch	2
modern	2
mixing	2
mistress	2
mirth	2
ministers	2
miniature	2
midnight	2
mere	2
merciless	2
merciful	2
mental	2
mend	2
meeting	2
measured	2
measure	2
measter	2
meagre	2
mayhap	2
matrimony	2
marshal	2
married	2
mark	2
marched	2
manoeuvre	2
makes	2
maid	2
madeira	2
madden	2
madams	2
luxuries	2
low	2
loudly	2
loike	2
lofty	2
lodgings	2
load	2
list	2
lis	2
lines	2
likely	2
liberality	2
liberal	2
levelled	2
lend	2
leisure	2
legs	2
legal	2
leaving	2
learn	2
laugh	2
lately	2
large	2
languished	2
languid	2
language	2
landing	2
land	2
lam	2
labour	2
knelt	2
kiss	2
kingdom	2
keeping	2
keeper	2
jug	2
jontlemen	2
joe	2
jewel	2
issued	2
issue	2
isn't	2
irretrievable	2
irishmen	2
inwardly	2
inward	2
invalid	2
inured	2
introduced	2
introduce	2
intimidated	2
intimate	2
interview	2
interrogated	2
integrity	2
insure	2
insulted	2
instruments	2
instructions	2
instances	2
instance	2
insolence	2
insensible	2
insensate	2
inscribed	2
inquisitorial	2
injunction	2
ing	2
informing	2
influence	2
inflict	2
infidelity	2
indulgence	2
indisposition	2
independent	2
incur	2
inclinations	2
incident	2
incensed	2
incendiary	2
inadequate	2
impunity	2
importunate	2
importance	2
imply	2
implicit	2
imperious	2
imparted	2
ill-fated	2
il	2
i'd	2
hypocrisy	2
hopeful	2
honourable	2
holding	2
hither	2
history	2
hint	2
hi	2
hesitation	2
hesitate	2
hereafter	2
hellish	2
hell	2
hedges	2
heavy	2
heavenly	2
hearty	2
hearing	2
haughty	2
hatred	2
hastened	2
hasten	2
harvest	2
hardened	2
har	2
haply	2
hanged	2
hamlet	2
hail	2
gulf	2
guineas	2
guests	2
guest	2
guessed	2
guardian	2
grown	2
group	2
groans	2
grey	2
green	2
gratitude	2
gratify	2
gratification	2
grasp	2
granted	2
grand	2
grace	2
governor	2
goodness	2
good-natured	2
gleam	2
glare	2
gives	2
getting	2
gently	2
gentlemen	2
gentle	2
genial	2
generous	2
gang	2
gallantry	2
gallant	2
gaining	2
g	2
futurity	2
fruit	2
front	2
frightful	2
friendship	2
frequently	2
french	2
freely	2
free	2
four	2
forthwith	2
forgot	2
forfeited	2
forehead	2
forebodings	2
forbore	2
foind	2
fme	2
flight	2
fleet	2
five	2
firmness	2
firmly	2
filial	2
fight	2
fifty	2
fed	2
feature	2
fearing	2
feared	2
favourite	2
favour	2
fatigued	2
fathers	2
fatally	2
farm	2
fare	2
famine	2
falling	2
fallen	2
faintly	2
fain	2
failings	2
faded	2
extricate	2
extreme	2
extorted	2
exquisite	2
expressions	2
expressed	2
exposed	2
expose	2
explained	2
explain	2
exertion	2
exert	2
exercised	2
exercise	2
execution	2
execrations	2
excite	2
excessive	2
excellent	2
exact	2
evident	2
events	2
esq	2
epithet	2
entreating	2
entreated	2
entreat	2
entrapped	2
entitled	2
entailed	2
engrossed	2
enforce	2
energy	2
endeavoured	2
enclosed	2
employers	2
employer	2
emotions	2
embracing	2
embraced	2
embrace	2
embarrassment	2
elder	2
eight	2
ei	2
efficacious	2
effects	2
effected	2
eagerly	2
dyman	2
dwell	2
duplicity	2
dungeon	2
duchess	2
dublin	2
drop	2
drivers	2
driver	2
drive	2
dream	2
drawing	2
draught	2
dozen	2
doubly	2
double	2
domn'd	2
documents	2
distended	2
dissipation	2
disposed	2
dismissed	2
dislike	2
disguise	2
disgrace	2
discovery	2
discourse	2
discharged	2
discerned	2
disappeared	2
dirty	2
directed	2
dint	2
difficulty	2
difference	2
devoutly	2
devolved	2
determine	2
destroyed	2
destroy	2
destination	2
despise	2
desperately	2
desirous	2
desiring	2
designed	2
deserved	2
describe	2
depredations	2
deny	2
demeanour	2
delivered	2
delirium	2
deity	2
defence	2
deepest	2
deed	2
declined	2
decline	2
decide	2
deceitful	2
deceased	2
debts	2
debt	2
dearest	2
dealt	2
daren't	2
dame	2
customary	2
curtains	2
curiosity	2
cultivate	2
culpable	2
cry	2
cruel	2
crown	2
crop	2
creator	2
covet	2
couple	2
countryman	2
corner	2
cordiality	2
conveyed	2
convey	2
conversation	2
continue	2
contented	2
contemplate	2
contain	2
constitution	2
constantly	2
console	2
considered	2
consequently	2
conscious	2
conjured	2
conjugal	2
conjecture	2
congratulate	2
confusion	2
conflict	2
confine	2
confident	2
confided	2
confidant	2
confess	2
concerning	2
conceived	2
concealed	2
conceal	2
compunction	2
comprehend	2
composure	2
complied	2
complicated	2
complete	2
competence	2
compassion	2
communicate	2
committing	2
commission	2
commencement	2
comfortable	2
colour	2
colman	2
cold	2
coin	2
coffin	2
coats	2
clothes	2
close	2
cloak	2
clear	2
clandestine	2
claim	2
civility	2
choke	2
chief	2
cheerless	2
cheeks	2
check	2
charges	2
change	2
challenge	2
chaise	2
chains	2
certainty	2
ceremony	2
ceremonies	2
cease	2
caught	2
casements	2
carries	2
carried	2
captivity	2
camp	2
calls	2
calling	2
calamity	2
bury	2
bursting	2
burning	2
building	2
buckskin	2
brutes	2
brutality	2
brook	2
brompton	2
bristol	2
bright	2
bred	2
break	2
brain	2
bow	2
bounty	2
bottom	2
bottled	2
bottle	2
bolt	2
blind	2
blessings	2
bled	2
blame	2
blackguards	2
bird	2
beware	2
bestow	2
benevolence	2
below	2
belonging	2
belief	2
behind	2
befriend	2
beefsteak	2
becoming	2
beauty	2
beating	2
bearing	2
beard	2
beams	2
bat	2
basely	2
base	2
barons	2
bare	2
barbarous	2
barbarity	2
bank	2
banished	2
banish	2
band	2
ball	2
bal	2
bait	2
bailiffs	2
bade	2
babe	2
b	2
axe	2
awake	2
avowed	2
avoid	2
avidity	2
avert	2
avail	2
authority	2
attire	2
attending	2
attempt	2
atrocious	2
asunder	2
astonishment	2
assume	2
assent	2
assemblage	2
assailed	2
asperity	2
asking	2
aside	2
arts	2
arrival	2
arguments	2
ardent	2
ar	2
approached	2
apparition	2
apartments	2
apartment	2
ap	2
anybody	2
anticipate	2
animated	2
angel	2
andromache	2
ancestors	2
amused	2
amply	2
amounted	2
amidst	2
ambition	2
altogether	2
altered	2
alter	2
alive	2
alighted	2
alarmed	2
alacrity	2
agony	2
ago	2
agitated	2
agent	2
afforded	2
affirm	2
afeard	2
advised	2
adversity	2
advancing	2
advanced	2
admission	2
administered	2
adieu	2
adduce	2
add	2
ad	2
acts	2
acknowledgment	2
aches	2
accusation	2
according	2
accompanying	2
accepted	2
accents	2
accede	2
abuse	2
abruptly	2
abroad	2
abject	2
ability	2
?**	2
<^	2
.)	2
("	2
'•'	2
',	2
■ravenglass	1
■cried	1
■agonising	1
•is	1
•demanded	1
•^*	1
•^	1
•*	1
•'	1
«7zj/	1
«*	1
§^rb	1
}'''	1
}'	1
|arabic4digit|	1
z€ho	1
zvroite	1
zvelkiii	1
zvas	1
zoere	1
zij	1
zcas	1
yownger	1
yovir	1
youths	1
youngster	1
youngest	1
youj	1
you.under	1
you've	1
you're	1
you'd	1
yott	1
yoii	1
yoa	1
yo^r	1
yike	1
yield	1
yers/	1
yclad	1
yawning	1
xery	1
xccre	1
x\ud	1
wv	1
wt	1
wrote	1
wronged	1
writer	1
writ	1
wrestling	1
wrench	1
wreathed	1
wrapping	1
wounrl	1
woundem	1
wouldn't	1
would'st	1
worthiest	1
worser	1
worldly	1
workings	1
wore	1
wor#	1
wooes	1
woodman	1
wood	1
wondrous	1
wondering	1
wonderful	1
woe	1
wo^ian	1
wo	1
wnlt	1
wlijfch	1
wives	1
wittily	1
witnesses	1
witness	1
withhold	1
withdrav^nj	1
witches	1
wise	1
wipe	1
winter	1
wins	1
winking	1
winked	1
wings	1
winged	1
wing	1
windows	1
winding	1
wily	1
willynilly	1
willingly	1
williarnes	1
willi	1
wilhames	1
wiles	1
wildfire	1
wild	1
widow	1
widened	1
whoever	1
whither	1
whistling	1
whispered	1
whirlwind	1
whips	1
whiclx	1
wherewith	1
wherever	1
whereof	1
wherefore	1
whereby	1
wheel	1
wheat	1
whacker	1
wha	1
wet	1
wench	1
wellwisher	1
welfare	1
weight	1
wed	1
weary	1
wearing	1
wdiilst	1
wdiich	1
ways	1
waves	1
waved	1
waters	1
water	1
watching	1
watched	1
wast	1
washed	1
wash	1
wary	1
warrior	1
warrant	1
warning	1
warned	1
warm	1
warblers	1
wantonly	1
wanton	1
wanted	1
wanderings	1
wandering	1
wander	1
walter	1
walnuts	1
walkers	1
wales	1
waiting	1
waiter	1
waistcoats	1
waist	1
waif	1
wagons	1
waft	1
w^itness'd	1
w^ater	1
w^^uld	1
w^'ll	1
w4iere	1
w'eatherintone	1
vvith	1
vvhom	1
vvcre	1
vvas	1
vv^rath	1
vv^ould	1
vultures	1
vulnerable	1
vulgarly	1
vowed	1
vouchers	1
vouch	1
vouare	1
vou.can	1
vortex	1
void	1
vociferously	1
vocal	1
vlu	1
vl	1
viy	1
vitci!^	1
vital	1
visited	1
visitants	1
visitant	1
vision	1
visible	1
violence	1
violated	1
vino	1
vine	1
villes	1
villagers	1
vilified	1
vigilance	1
view	1
vied	1
vicious	1
vices	1
vexation	1
veteran	1
vestige	1
vert	1
vernors	1
veriest	1
ventured	1
venomed	1
veneration	1
veld	1
veiled	1
veil	1
vehement	1
vegetate	1
vears	1
vasi	1
variety	1
vanity	1
vanished	1
valued	1
valuable	1
vainly	1
vaccine	1
vacant	1
va	1
v/reck'd	1
v/here	1
v/dl	1
ushering	1
usage	1
urgent	1
urbanity	1
upraised	1
unwillingly	1
unw^elu	1
unused	1
untried	1
untold	1
untimely	1
unsuspected	1
unsupported	1
unsocial	1
unremittingly	1
unravelling	1
unpunished	1
unprotected	1
unpacked	1
unobserved	1
unnoticed	1
unmanly	1
unluckily	1
unlook*d	1
united	1
uniformity	1
unheard	1
unhal	1
unguent	1
ungenerous	1
unfortunate	1
unfit	1
unfinished	1
unfairly	1
unexpected	1
unerring	1
unequivocal	1
unequal	1
uneasiness	1
underwent	1
undertakers	1
understandings	1
undergone	1
undergo	1
unconquerable	1
unconditional	1
uncon	1
uncommonly	1
unclouded	1
unclosed	1
uncie	1
unborn	1
unblest	1
unbidden	1
unbelievers	1
unavailing	1
unattended	1
unannounced	1
unallayed	1
unal	1
unacknowledged	1
um	1
uke	1
udmit	1
u	1
t€r	1
tyre	1
tyrannical	1
twill	1
twiil	1
twiddling	1
twere	1
twenty	1
twelvemonth	1
tvvistings	1
tv	1
turvy	1
turnings	1
turnd	1
turkeys	1
tures	1
tulip	1
tugging	1
tube	1
trying	1
tryho'sy	1
trustii>g>	1
trunks	1
trunk	1
trumpet	1
troy	1
trotting	1
troop	1
trojan	1
trodden	1
trod	1
trivial	1
triumpho	1
triple	1
trinket	1
trinity	1
triggers	1
trigger	1
trifled	1
tremulous	1
tremendous	1
trembling	1
trembled	1
tremble	1
trem	1
trees	1
treating	1
treat	1
treasured	1
trearlaway	1
treadaways	1
travelling	1
traveller	1
travelled	1
traveird	1
transient	1
transcribe	1
tranquillise	1
tranquil	1
traits	1
train	1
tragedy	1
tracers	1
traced	1
tra	1
towns	1
towers	1
toward	1
touchhole	1
touched	1
toto	1
totally	1
tot	1
torturing	1
tortures	1
topsy	1
tonsor	1
token	1
toime	1
toe	1
toasted	1
tnrn'd	1
tm	1
tlp.varted	1
tliinks	1
tjiat	1
tive	1
tiptoe	1
tipling	1
tinge	1
tinder	1
tincing	1
timed	1
timber	1
tiire	1
tiiey	1
ties	1
tier	1
tie	1
tidings	1
thwart	1
thuuder	1
thundering	1
thronged	1
throng	1
throne	1
throbbed	1
thrive	1
thrilfd	1
threats	1
threatened	1
threaten	1
thrash	1
thos^who	1
thorns	1
thirty	1
thirst	1
third	1
thins	1
thine	1
thin	1
thief	1
thick	1
therr	1
thereon	1
theai	1
thanked	1
text	1
testimony	1
terrified	1
terrestrial	1
ternallys	1
termination	1
termed	1
ter	1
tenths	1
tenor	1
tenfold	1
tenets	1
tendrils	1
tendering	1
tenderest	1
tender	1
tendency	1
tended	1
tenants	1
tenantry	1
tenacious	1
temptjconsidering	1
tempt	1
tempestuous	1
tempered	1
telltale	1
telling	1
teeni'd	1
tearing	1
teake	1
taxed	1
tax	1
tatis	1
tastefully	1
task	1
tarried	1
tarnished	1
tarn	1
tanned	1
taming	1
talons	1
talked	1
talk	1
tales	1
tale	1
takeyour	1
tailor	1
tail	1
tacitly	1
tablet	1
ta	1
t]iy	1
t/^fend	1
system	1
symptom	1
sympathised	1
symmetry	1
syllabub	1
swore	1
swords	1
sweethearts	1
sweetheart	1
swearing	1
swarm	1
swallowed	1
svpell	1
svi^ore	1
svhose	1
svhen	1
svas	1
sustenance	1
sustain	1
suspicious	1
suspension	1
suspenj	1
suspend	1
suspect	1
susans	1
survives	1
survive	1
surveyed	1
surrounded	1
surrey	1
surpass	1
surmised	1
surgeons	1
surface	1
suredly	1
sura	1
supreme	1
suppressing	1
supposition	1
supposed	1
supportable	1
support	1
supplicate	1
suppliant	1
superscriptions	1
superscription	1
superiority	1
superintended	1
superfluous	1
sunrise	1
sunken	1
sung	1
summons	1
summer	1
sumed	1
suiter'd	1
suicide	1
sui	1
suggestion	1
suggested	1
sufter'd	1
suflice	1
suffice	1
sue	1
sudden	1
successor	1
succeeding	1
succeed	1
substitute	1
substantiate	1
substantial	1
substance	1
subservient	1
subscribetl	1
submitted	1
submission	1
subjects	1
subdued	1
suakspeare	1
su	1
sturdy	1
stupid	1
stuck	1
strutted	1
stronger	1
strongbow	1
striving	1
stripping	1
striking	1
stricken	1
strengthen	1
streaming	1
streamed	1
strangel3\	1
strains	1
strained	1
straightforward	1
strack	1
stoutest	1
stout	1
stories	1
stone	1
stole	1
stiunps	1
stirs	1
stirrup	1
stir	1
stings	1
stinging	1
stimulus	1
stiletto	1
stiffened	1
stemach	1
steer	1
steeped	1
steal	1
stays	1
staying	1
stationed	1
stately	1
stated	1
startled	1
starting	1
stars	1
staring	1
star	1
stanhope	1
stanching	1
stamrxiering	1
stammered	1
stalked	1
stain'ci	1
staid	1
staggered	1
stagecoach	1
sr	1
squeamish	1
square	1
spurned	1
sports	1
sport	1
spoken	1
spoiled	1
splendour	1
spirituous	1
spill	1
spigot	1
spies	1
spider	1
spekssr	1
spectre	1
spectemnr	1
spectators	1
spectacles	1
spectacle	1
specious	1
speaks	1
speaking	1
speaker	1
sparkled	1
sparkle	1
sparing	1
span	1
spacious	1
sovereign	1
southern	1
source	1
sounded	1
soulsy	1
sought	1
sos	1
sorrows	1
sore	1
soothing	1
sooth	1
sons	1
songs	1
somebody	1
some'at	1
solve	1
soliloquy	1
solicitous	1
solicited	1
solicit	1
solemnised	1
sole	1
sold	1
sojourned	1
sojne'ai^	1
soil	1
softness	1
soften	1
soever	1
sockets	1
soci	1
sobbing	1
snug	1
sni	1
snatch	1
snaring	1
snares	1
smticient	1
smilei	1
smiled	1
smell	1
smart	1
smallclothes	1
smacks	1
sm	1
slunk	1
slowly	1
slips	1
slip	1
slighted	1
slept	1
sleeps	1
sleek	1
slaves	1
slanderer	1
slander	1
skittish	1
skin	1
sixth	1
sixteenth	1
siwe	1
sivinged\he	1
sitting	1
sit	1
sirs	1
sipping	1
sinking	1
sink	1
singers	1
singer	1
sincere	1
simulars	1
simplicity	1
simple	1
simile	1
sillyjustice	1
sill	1
silently	1
silencing	1
signs	1
significantly	1
signed	1
signature	1
sieve	1
siege	1
sides	1
sickness	1
sich	1
si\^\\img	1
shut	1
shudders	1
shuddcr'd	1
shrunk	1
shrouded	1
shrivelled	1
showing	1
shovel	1
shouldst	1
shouldn't	1
shoulders	1
should'st	1
shot	1
shortness	1
shoes	1
shocks	1
shivered	1
shirts	1
ships	1
shine	1
shim	1
shield	1
sheets	1
shedding	1
shed	1
sheanswer'd	1
sheaf	1
shaver	1
shaved	1
shave	1
sharpshins	1
shape	1
shame	1
shake	1
shaft	1
shade	1
severity	1
severest	1
severed	1
seventy	1
seul	1
setting	1
sets	1
servitude	1
seriously	1
series	1
serenity	1
sepulchre	1
sensual	1
sensibly	1
sensibility	1
sensations	1
senior	1
senin<r	1
selfsame	1
selfish	1
self-defence	1
self	1
selecting	1
seize	1
seeking	1
seeds	1
seed	1
seduction	1
secure	1
sect	1
secrets	1
secrecy	1
seclusion	1
sechided	1
sec	1
seating	1
seasonable	1
seameimxxvy	1
sealed	1
sea	1
se^ennight	1
scurrility	1
sculptor'd	1
scruples	1
scrupled	1
scruf^ulous	1
screams	1
scraps	1
scrape	1
scram	1
scornful	1
scorned	1
scared	1
scarcely	1
scanty	1
scanned	1
scales	1
scalding	1
sblood	1
sawdust	1
saving	1
saved	1
savage	1
sauntering	1
sauntered	1
satisfying	1
satisfactory	1
satiate	1
sas	1
sartain	1
sarraglery	1
sar	1
sapling	1
sanguine	1
sangfroid	1
sand	1
sanctity	1
sanction	1
sam	1
salute	1
salt	1
sallow	1
sailors	1
sail	1
sai/y	1
sagely	1
safeguard	1
sadness	1
sadly	1
saddles	1
saddle	1
sacrilegious	1
sackcloth	1
sa	1
rustics	1
rustic	1
russians	1
rush	1
running	1
runaway	1
rulhans	1
rules	1
rule	1
ruin	1
rufiian	1
rufhans	1
rudely	1
rude	1
ruby	1
rr	1
rowel	1
round	1
roses	1
rooted	1
romeo	1
romance	1
rolls	1
rolled	1
roird	1
robust	1
robinson	1
robb*d	1
roads	1
rivalled	1
rival	1
risli'd	1
risking	1
risk	1
rising	1
ringing	1
ring	1
riiftian	1
rightly	1
rightful	1
ridiculous	1
ridicu	1
ride	1
riddle	1
rid	1
richly	1
riches	1
ribbon	1
riage	1
rhapsody	1
reward	1
revolved	1
revolted	1
revisiting	1
reverted	1
reverential	1
reverend	1
reverence	1
revered	1
revengeful	1
revealing	1
return*d	1
retrospection	1
retraced	1
retrace	1
retorted	1
retched	1
retain	1
resuming	1
resumed	1
result	1
restricted	1
restitution	1
restiif	1
resrarded	1
resolution	1
resistance	1
resist	1
resigning	1
resignation	1
resign	1
residence	1
reserving	1
resented	1
resent	1
resembling	1
resembled	1
reseated	1
res	1
requisites	1
requested	1
reprove	1
reproached	1
repressed	1
repose	1
replying	1
replaced	1
repentant	1
repent	1
repay	1
repair	1
renovated	1
renounce	1
renewed	1
removed	1
remorse	1
remonstrances	1
remonstrance	1
reminds	1
reminding	1
remembered	1
remedy	1
remedied	1
remarkably	1
remaining	1
remain	1
rely	1
relinquish	1
relii^ion	1
relief	1
releases	1
released	1
release	1
relax	1
relatives	1
relations	1
relates	1
rejoining	1
rejoiii'd	1
rejected	1
reject	1
reindeer	1
reiic	1
reign	1
rehearsed	1
regulated	1
regulate	1
regulars	1
regretting	1
regret	1
regiment	1
regards	1
regardless	1
regaining	1
regained	1
regain	1
refusing	1
refuses	1
refrain	1
refer	1
reestablished	1
reenter	1
redress	1
redemption	1
red	1
rectifying	1
recruited	1
recruit	1
recovered	1
recounted	1
record	1
reconciliation	1
reconciled	1
recommended	1
reclined	1
reckoning	1
reckoned	1
reckless	1
recital	1
reciprocal	1
reception	1
recently	1
recall	1
rebuke	1
reassured	1
reasonable	1
realms	1
really	1
realise	1
readiness	1
readily	1
readers	1
reached	1
razor	1
raw	1
ravishing	1
raves	1
raved	1
rattle	1
rasp	1
rashness	1
rarely	1
ransom	1
rankled	1
rang	1
rams	1
rambled	1
raging	1
rachaefs	1
quiver	1
quitting	1
quitted	1
quite	1
quit	1
quips	1
quiet	1
quick	1
qui	1
quest	1
queer	1
quay	1
quarter	1
quantity	1
quam	1
qualmish	1
qualities	1
quaintness	1
qiiies	1
puzzle	1
putney	1
pursuit	1
pursued	1
purposes	1
purloin	1
purity	1
purest	1
pur	1
punish	1
punctuality	1
pulse	1
pulls	1
pulled	1
puerto	1
prowl	1
provoked	1
provoke	1
province	1
provided	1
proves	1
proverbially	1
prototype	1
protesting	1
protested	1
protestants	1
protestant	1
protest	1
protegee	1
protectant	1
prostrating	1
proposed	1
propose	1
proposals	1
proportion	1
propagating	1
prop	1
prompts	1
promptitude	1
promises	1
projects	1
prohibit	1
progress	1
prognosticate	1
profited	1
profession	1
profaned	1
profane	1
produces	1
prodigious	1
prodigality	1
procuring	1
proclaimed	1
procession	1
proceeds	1
procedure	1
probv	1
probity	1
probeijou's^	1
probation	1
proach'd	1
prints	1
printed	1
print	1
principals	1
prime	1
pride	1
previously	1
prevailing	1
prevailed	1
prevail	1
pretending	1
presided	1
preserved	1
preservation	1
presenting	1
presentiment	1
prescribing	1
prepares	1
prepared	1
pregnant	1
preferring	1
predicted	1
predicament	1
predecessor	1
precisely	1
precipitate	1
precedmg	1
preceding	1
precede	1
precaution	1
pre	1
prcju	1
prayers	1
prayed	1
pratty	1
prattle	1
praises	1
praised	1
praiise	1
practising	1
practised	1
ppettj	1
pours	1
pouring	1
pound	1
poultry	1
pot	1
posture	1
postscript	1
postponed	1
postern	1
posterity	1
posted	1
post-chaise	1
possibility	1
posse	1
positively	1
portionless	1
portiirn	1
pork	1
popular	1
pool	1
pontifical	1
ponded	1
pomting	1
pomp	1
pomatum	1
politeness	1
politely	1
pole	1
poisonous	1
pointing	1
pointed	1
poiir'd	1
pohited	1
pocket	1
po	1
plunkcatt	1
plunged	1
plundering	1
plunder	1
plun	1
plumphry	1
plumes	1
plenty	1
pledged	1
pledge	1
pleasing	1
pleasantry	1
pleasanterto	1
pleadings	1
pleaded	1
pleaccy	1
plcnse.*^	1
plays	1
planted	1
plaise	1
plaiscy	1
plaints	1
placing	1
placid	1
places	1
pitied	1
pitiable	1
piteous	1
pitch	1
pistoles	1
pinched	1
pincers	1
pillow	1
pillory	1
pilgrim	1
piirtickleher	1
piierto	1
pig	1
pier	1
pieces	1
pictured	1
physicians	1
phuip	1
phiup*s	1
philosophic	1
philosophers	1
phantom	1
petulance	1
petty	1
petrified	1
petition	1
petals	1
pervert	1
pervaded	1
perusal	1
persuasive	1
persuading	1
persuaded	1
persuade	1
perspiration	1
persist	1
persevering	1
persevered	1
persecutions	1
persecuting	1
persecute	1
perplex	1
perpetuate	1
permits	1
permit	1
perjured	1
perishing	1
perished	1
pericranium	1
peri^ecuted	1
perforated	1
perferment	1
perfections	1
perdition	1
perceived	1
penny	1
penetration	1
pen	1
peevish	1
peer	1
peeping	1
pedigree	1
peculiarly	1
peasantry	1
pear'd	1
pear	1
peacefuhiess	1
paul	1
pattern	1
patrimony	1
pathway	1
paths	1
path	1
pater	1
patent	1
patch	1
passm	1
passenger	1
pas	1
parts	1
partners	1
partner	1
particulars	1
partiality	1
partiahty	1
parricide	1
parley	1
park	1
parental	1
pard<5n	1
parchment	1
parch	1
parcel	1
paramour	1
papa	1
panted	1
panniers	1
pang	1
pane	1
pander	1
palliated	1
palaces	1
paintings	1
painfully	1
paigns	1
packed	1
ox	1
owned	1
owing	1
owi^	1
owe	1
overtook	1
overtake	1
overrated	1
overgrown	1
overflowing	1
overcomes	1
overcame	1
outward	1
outvie	1
outstrip	1
outrun	1
outright	1
outrages	1
outrage	1
outlandish	1
outhouses	1
ourselves	1
ouldj	1
otwat	1
otfended	1
ost	1
orphan	1
ornament	1
original	1
origin	1
ordering	1
ordeal	1
ordain*d	1
orchards	1
orb	1
orator	1
optics	1
oppression	1
opposing	1
openly	1
opening	1
ones	1
onccfmore	1
omitting	1
omit	1
olf	1
oil	1
oidd	1
oi	1
ohl	1
ofticers	1
ofmy	1
ofjustice	1
oficar^	1
offspring	1
officially	1
official	1
offering	1
offered	1
offended	1
odsflesh	1
odds	1
oddest	1
ocikendale	1
ochre	1
occurred	1
occasioned	1
occasionally	1
obtain	1
obt^in'd	1
obstinately	1
obstacle	1
observing	1
observation	1
obscure	1
oblivion	1
objects	1
obiit	1
obedient	1
oaken	1
o/fj	1
o'nicholasly	1
o'bradlev	1
nymph	1
nurse	1
number	1
nujiqaam	1
ns	1
np	1
noviciate	1
novice	1
novelty	1
nourishment	1
nourished	1
notwithstanding	1
noticing	1
noticed	1
nosters	1
north	1
norfolk	1
nord	1
non€	1
nonparatus^^^	1
nonexistence	1
nominated	1
nods	1
noa	1
nisli'd	1
nil	1
nihuman	1
nighty	1
niet	1
nie	1
nick	1
nice	1
news	1
newmarket	1
newly	1
newborn	1
ness	1
nerve	1
neighbour	1
neighboarhood	1
needs	1
needham	1
neatly	1
nearest	1
nearer	1
naval	1
naufragia	1
national	1
narrow	1
napkin	1
nan	1
nailed	1
nail	1
n'iust	1
mysterions	1
myastonish'd	1
mxiiw	1
mx\n	1
muttered	1
mute	1
mustn't	1
musk	1
musical	1
murderous	1
murdering	1
munster	1
multitude	1
muird	1
muil'd	1
mt	1
mower	1
movement	1
mourned	1
mould	1
motto	1
motionless	1
mortem	1
mortatiously	1
mortality	1
morn	1
moral	1
mor'tattous	1
moon	1
mood	1
monument	1
monotonous	1
monosyllable	1
monks	1
monkish	1
mongers	1
moneys	1
monastic	1
monastery	1
moments	1
momentary	1
moll	1
molestation	1
moj^i	1
moistened	1
modesty	1
moderate	1
mode	1
mock	1
mob	1
mm	1
mitry	1
missing	1
misinterpreted	1
misgave	1
misfortunes	1
misfortune	1
miser	1
misconceive	1
mischievous	1
mirror	1
miraculous	1
minutely	1
minister	1
milking	1
military	1
milestone	1
mile	1
mighty	1
midst	1
mi	1
mform'd	1
mfatuating	1
method	1
messenger	1
messages	1
message	1
merry	1
merits	1
meridian	1
merely	1
merchant	1
ments	1
memorandum	1
membet	1
members	1
melt	1
melodj^	1
meliorate	1
mel	1
mei	1
medium	1
meditations	1
medicine	1
mea«uxt	1
meats	1
meanwhile	1
mazy	1
maze	1
maybe	1
may'st	1
mausoleum	1
mattress	1
matters	1
materials	1
material	1
mate	1
matched	1
mat	1
masters	1
marvd	1
martingal	1
mardyman	1
march	1
mar	1
manufacture	1
mantle	1
manhood	1
mamma	1
malo	1
male	1
malady	1
majors	1
majesty	1
maintain	1
maids	1
magnum	1
magnet	1
magistrate	1
madness	1
madman	1
machine	1
machinations	1
ma	1
lying	1
lustre	1
lusted	1
lurked	1
lurk	1
lured	1
lunniin	1
lumber	1
lulled	1
lullaby	1
ludicrously	1
ludicrous	1
lucre	1
loyd	1
loyal	1
lowly	1
lowered	1
lower	1
lowborn	1
lovv'd	1
lovier	1
loves	1
lovers	1
louslceremony	1
louder	1
lot	1
losing	1
loser	1
los	1
lor	1
loquacity	1
loquacious	1
loq	1
looser	1
lonely	1
lone	1
loife	1
local	1
loathing	1
loan	1
lmd	1
llvd	1
litigation	1
literally	1
listened	1
listed	1
lisp	1
lip	1
lions	1
lion	1
lingo	1
lingering	1
lime	1
lily	1
lillo	1
liking	1
likewise	1
liimseif	1
lightning	1
lightness	1
lighted	1
lifeless	1
lieve	1
lieutenant	1
lieus	1
lier	1
licentious	1
libertine	1
liberated	1
libel	1
libe^	1
liati	1
liars	1
liarkye	1
liar	1
liachael	1
level	1
lesson	1
les	1
lengthen	1
legislature	1
leg	1
lefi	1
leather	1
leapt	1
lean	1
leads	1
leader	1
lead	1
le	1
laws	1
lawful	1
launch	1
laughter	1
laughing	1
latterly	1
latitude	1
latin	1
latch	1
lastly	1
lasses	1
lash	1
lapse	1
languor	1
languishing	1
languages	1
lane	1
landlady	1
lamented	1
lamentation	1
lament	1
lamb	1
lain	1
lags	1
lads	1
ladder	1
lackey	1
lacerated	1
laced	1
labouring	1
laapless	1
l)y	1
l'allegro	1
knozvs	1
knowing	1
knot	1
knockt	1
knocking	1
knocked	1
knock	1
knight	1
knife	1
kneeling	1
kingdoms	1
killed	1
key	1
kennel	1
keligion	1
keeps	1
keenest	1
kctt	1
k	1
jwound	1
jw'r	1
jvhite	1
justified	1
jury	1
jurisdiction	1
jumped	1
julius	1
juliet	1
joyed	1
jowler	1
jour	1
jou	1
jostling	1
jostled	1
jontleman	1
jonathan	1
jon	1
jolter	1
jollity	1
jokes	1
joke	1
jockey	1
jobation	1
job	1
jlr	1
jliifijiunj	1
jl	1
jieads	1
jibb	1
ji	1
jew	1
jeturn	1
jests	1
jesting	1
jest	1
jeopardy	1
jeivetts	1
jealous	1
jciss	1
jas	1
jane	1
jahns*	1
jackal	1
jaame	1
j^ourself	1
j2jcho	1
j/f^z^r^^//*	1
j)ossess'd	1
iw??ies	1
ivy	1
ivull	1
iveard	1
ivatchfid	1
ith	1
isle	1
island	1
irritated	1
irrevocably	1
irrevocablv	1
irregularities	1
irregular	1
irksome	1
irishman	1
irish	1
irg.^	1
irecjuentl	1
iraveii'd	1
iot	1
iock'd	1
involved	1
involuntarily	1
involuntarijv	1
invited	1
inviolable	1
inveterate	1
invention	1
invectives	1
invaded	1
inutihty	1
intruders	1
intimation	1
intimating	1
intimated	1
intimacy	1
interviews	1
interrupt	1
interrogatory	1
interrogatories	1
interpret	1
interim	1
interfering	1
interference	1
interesting	1
interested	1
intentions	1
intended	1
intelligent	1
intellectual	1
intellect	1
insupportable	1
insufficient	1
instructed	1
institution	1
instinct	1
instil	1
inspection	1
inspected	1
insisted	1
insipidity	1
insipid	1
insinuating	1
insiduous	1
insensibility	1
inscription	1
insatiate	1
insalt	1
inrdted	1
inquisitors	1
inquisitive	1
inquiry	1
inquired	1
inquietude	1
inore	1
inoculation	1
innkeeper	1
innate	1
inn	1
inmates	1
inmate	1
injustice	1
injury	1
injuries	1
injure	1
iniquitous	1
inhquidation	1
inherited	1
inherent	1
inheiit	1
ingredient	1
ingenuously	1
informed	1
inform	1
infirmity	1
infernal	1
inferior	1
inference	1
infer	1
infected	1
infatuated	1
infancy	1
ineitectual	1
ineffectual	1
industry	1
indulged	1
inducements	1
individual	1
indisputable	1
indiscriminately	1
indignant	1
indifferent	1
indiderence	1
indicated	1
indelibly	1
indecent	1
indebted	1
incontestable	1
inconstant	1
inconceivable	1
incomplete	1
income	1
included	1
inclemency	1
inciting	1
incessantly	1
inalicioiis	1
impute	1
impudence	1
improvidence	1
improper	1
imprinted	1
impracticable	1
impracticability	1
impostor	1
importunities	1
important	1
implore	1
impetuosity	1
imperfections	1
impenetfable	1
impeird	1
impearfd	1
impatient	1
impartial	1
immoveable	1
immortal	1
imminent	1
immersed	1
immeniately'^	1
immediate	1
imbrue	1
imbibed	1
imagine	1
image	1
illustrious	1
illusive	1
illusion	1
illumined	1
ills	1
ill-used	1
ill-gotten	1
ilike	1
ile	1
ijoiu^	1
iix'd	1
iitiscit	1
iisten'd	1
iirnam	1
iir	1
iinding	1
iinaffected	1
iiisisted	1
iiis	1
ihe	1
ignorance	1
ignoraiicej	1
ifs	1
identity	1
identified	1
identical	1
ideas	1
icorser	1
iclt	1
ice	1
ibrego	1
ia	1
i^sther	1
i^iark	1
i^achel	1
i?ivolte	1
hydra	1
hyde	1
hy	1
hwse	1
hve	1
huzzas	1
huxties	1
hushed	1
hush	1
husbands	1
hurt	1
hurry	1
hurls	1
hunger	1
humplny	1
humphrj	1
hump	1
humouredly	1
humbly	1
humbled	1
humane	1
hugely	1
hug	1
ht	1
hs	1
hps	1
hover	1
household	1
hotheaded	1
hot	1
hostess	1
hose	1
horsemen	1
horrible	1
hornets	1
horn	1
hop	1
hook	1
hoodwinked	1
honours	1
honey	1
homphiy	1
hollow	1
hole	1
hoise	1
hoio	1
hogshead	1
hoftyman	1
hoarie	1
hoame	1
hoak	1
hmi	1
hits	1
histriiction	1
hist	1
hireling	1
hip	1
hinted	1
hind	1
hilarity	1
highroad	1
highly	1
higher	1
high-spirited	1
hidy	1
hidden	1
hic	1
hibernian	1
hibernia	1
hi/poc/tojiclriacal.^*	1
heterogeneous	1
hesitated	1
hers	1
heroine	1
heretofore	1
heretics	1
heretic	1
henter	1
henry	1
henefat	1
henceforward	1
henceforth	1
hence	1
hen	1
hell/ughjar	1
heive	1
heinous	1
heij^	1
height	1
heels	1
heed	1
hedo	1
hedge	1
hector	1
hebe	1
heaviest	1
heavens	1
heartwell	1
heartstrings	1
heartrending	1
hearses	1
hearsed	1
heaping	1
healed	1
headed	1
headeaters	1
headache	1
he'll	1
hberal	1
haystack	1
hay	1
havoc	1
hav/ouck	1
hats	1
hath	1
hatchr	1
hastily	1
haste	1
hasoccurr'd	1
haslet	1
hart	1
harshly	1
harry	1
harrow'cl	1
harridans	1
harreis	1
harp	1
harmy^	1
harmme	1
harm	1
hardyman^	1
hardyman*s	1
hardy	1
hardi/man	1
harbour	1
haranguing	1
happen	1
hankering	1
hangs	1
hang	1
handy	1
handled	1
handkerchief	1
handed	1
hampered	1
hamhush	1
halted	1
hallowed	1
hallooing	1
halcyon	1
hal	1
hairy	1
haggard	1
hackney	1
habit	1
habiliments	1
gutter	1
gushing	1
guns	1
guments	1
guinea	1
guiltier	1
guide	1
gudgeons	1
gudgeon	1
guardianship	1
guarded	1
guaranteed	1
growth	1
grows	1
growing	1
grossly	1
groaned	1
grim	1
grievously	1
griefs	1
greatness	1
greatly	1
greasy	1
gravers	1
graven	1
gratifying	1
gratifies	1
gratified	1
grateful	1
grass	1
grape	1
grandee	1
granaries	1
grain	1
graie	1
graces	1
gra7id	1
gout	1
gossamer	1
gorges	1
goold	1
goes	1
godfather	1
goats	1
goaded	1
go7is	1
glut	1
glowed	1
glove	1
glorious	1
glimpse	1
gliding	1
glided	1
glee	1
gleaned	1
glancing	1
gladly	1
glacu	1
giver	1
gipsies	1
ghust	1
ghosts	1
ghost	1
ghastly	1
gew^	1
gets't	1
gets	1
gesture	1
george	1
genus	1
genuine	1
gentry	1
gentility	1
genteel	1
genfri/y	1
generosity	1
generally	1
generality	1
gazed	1
gaw	1
gathering	1
gates	1
garter	1
garment	1
gaolers	1
gaol	1
gaming	1
gamester	1
game	1
galloped	1
gallop	1
gall	1
gale	1
gained	1
furniture	1
furnished	1
furnish	1
furiously	1
fur	1
funeral	1
fuial	1
fuel	1
ftre	1
ftimily	1
frustrated	1
fruiterers	1
frowned	1
frocks	1
fro	1
frighten	1
friendsliip	1
friendly	1
frequented	1
frenzy	1
freezing	1
freeze	1
fraught	1
frantic	1
frankness	1
framed	1
frail	1
fov	1
fourth	1
founded	1
foul	1
fostering	1
forwarding	1
fortz?i	1
fortunes	1
fortunately	1
formerly	1
formation	1
forlorn	1
fork	1
forgetting	1
forfeit	1
forest	1
forerunner	1
foremost	1
foreign	1
forego	1
forefathers	1
fore	1
forcibly	1
forced	1
force	1
forbids	1
forbidden	1
forbear	1
footed	1
foolishly	1
foolish	1
fondly	1
fond	1
follower	1
follies	1
folds	1
fold	1
foine	1
foil	1
foe	1
fnid	1
fne	1
fmgers	1
flushed	1
fluence	1
flown	1
flowers	1
flowerpots	1
flower	1
flowed	1
flow	1
flourishing	1
flourish	1
flood	1
floated	1
flinty	1
fligh^	1
flew	1
fleece	1
fled	1
flattering	1
flatter	1
flashing	1
flashed	1
flaming	1
flames	1
flag	1
fl\mily	1
fixing	1
fixed	1
fitz	1
fits	1
firstborn	1
firm	1
firing	1
finished	1
fingers	1
fine	1
findincr	1
filly	1
fillip	1
fihal	1
figures	1
fig	1
fifteen	1
fields	1
fidelity	1
fiddlers	1
fidclls	1
fi'iend	1
ffrst	1
feverish	1
fetter	1
fete	1
fetching	1
fervency	1
fellow-creatures	1
feller	1
feint	1
feermp	1
feelins^s	1
feed	1
feebly	1
feeble	1
fearful	1
fe\v	1
fcedaih	1
favoured	1
favourable	1
fault	1
fatigue	1
fastened	1
famous	1
families	1
famed	1
faltered	1
falstaff	1
falsely	1
falsehood	1
fairest	1
fainting	1
failing	1
failed	1
faculty	1
faculties	1
facetious	1
faces	1
fabric	1
eyesight	1
eyed	1
ey^s	1
ex})ense	1
extremities	1
extremely	1
extravagant	1
extort	1
exterminate	1
exterior	1
expressive	1
expression	1
expressing	1
expound	1
explosion	1
exploring	1
expires	1
expiate	1
expend	1
expedition	1
expects	1
existing	1
existed	1
exhorting	1
exhibiting	1
exhibited	1
exhaust	1
exertions	1
exercises	1
exempt	1
executors	1
executed	1
execrating	1
execrated	1
execrable	1
excuses	1
excursion	1
exclusive	1
excluded	1
excited	1
exchanged	1
exchange	1
excess	1
exceeded	1
examination	1
exalted	1
exactly	1
ex	1
ewe	1
evincing	1
eves	1
everyone	1
everlasting	1
everj	1
evergreens	1
eventually	1
etij	1
eternity	1
eternal	1
established	1
escort	1
es	1
erroneous	1
erred	1
errand	1
erich	1
erased	1
eradicate	1
equipped	1
epoch	1
epistolary	1
epistles	1
enwrapped	1
envied	1
enviable	1
envelope	1
enumerate	1
entrusted	1
entreaty	1
entreaties	1
enthusiast	1
enthralled	1
enthrali'd	1
entertain	1
enters	1
enterprise	1
ensue	1
enraptured	1
enouirh	1
enotv	1
enormity	1
enlivening	1
enlivened	1
enliven	1
enlargement	1
enjoyments	1
engross	1
enforced	1
enemies	1
ends	1
endowments	1
endearing	1
endeared	1
encounterm	1
encounter	1
encircled	1
empty	1
employment	1
employ	1
emotion	1
emitted	1
embittered	1
emancipation	1
emanation	1
elucidation	1
eloquence	1
elizabeth	1
eligible	1
elevated	1
elephant	1
elegance	1
elated	1
ej^eing	1
eiuer'd	1
eggs	1
egging	1
effusions	1
eeing	1
ed	1
ecstasy	1
ecclesiastical	1
eccentricities	1
ebbs	1
easy	1
easter	1
earnestness	1
earnest	1
earlier	1
earldom	1
dyed	1
dvanced	1
dutiful	1
duties	1
duteous	1
dusk	1
durst	1
dupey	1
duped	1
dupe	1
dungeons	1
dunderhead	1
dun	1
dull	1
duellist	1
duel	1
ducks	1
dttain'dhim	1
dry	1
drooping	1
drooped	1
droll	1
driving	1
driven	1
dregs	1
dreary	1
dreams	1
dreamed	1
dreading	1
dreaded	1
drcss'd	1
draws	1
drawing-room	1
drawcan	1
drawbacks	1
drank	1
drakes	1
drain	1
dragging	1
drag	1
dra	1
downcast	1
dowager	1
douglas	1
doubtless	1
doth	1
doom*d	1
donui'd	1
dont	1
donr	1
donor	1
donky	1
dong	1
domineering	1
domestic	1
dolt	1
dolni	1
doled	1
doings	1
doing	1
dogmas	1
dog	1
doctrine	1
dixon	1
divined	1
divest	1
ditches	1
disturbing	1
distresses	1
distracting	1
distracted	1
distinguishes	1
distinctly	1
distanced	1
dissolutionof	1
dissolution	1
dissipating	1
dissipated	1
dissem	1
disrespectful	1
disrespect	1
dispute	1
displeasure	1
dispersed	1
dispenser	1
dispensed	1
dispensations	1
dispatched	1
disobey	1
disobedience	1
dismal	1
dishonour	1
dishevelled	1
disgust	1
disguised	1
disgracing	1
diseases	1
discrimination	1
discovering	1
discoursing	1
discontent	1
disconsolate	1
disclosure	1
disclosed	1
discharge	1
discern	1
disarms	1
disagreeables	1
disagreeable	1
disagree	1
dis	1
direst	1
directions	1
ding	1
dine	1
dimple	1
diiii	1
digress	1
digested	1
difnculty	1
diffuse	1
diffident	1
difficult	1
differ	1
didst	1
dictates	1
dictate	1
dick	1
dice	1
diamonds	1
devotion	1
devote	1
devizes	1
devilish	1
deviation	1
deviated	1
deterrjine	1
determined	1
detainers	1
detained	1
detailing	1
destroying	1
destroyer	1
destined	1
despotic	1
despondency	1
despond	1
desolation	1
desisted	1
desires	1
desirable	1
designs	1
deserving	1
deserves	1
deservedly	1
deserted	1
desert	1
descending	1
descendent	1
descendant	1
dertaker	1
derived	1
derision	1
derides	1
depth	1
depression	1
deprecate	1
depravities	1
dependence	1
depend	1
departments	1
departing	1
denunciations	1
dentface	1
denial	1
demons	1
demoniac	1
demolition	1
demeaned	1
delirious	1
delights	1
delightful	1
delighted	1
delicately	1
delicacies	1
dejection	1
dejected	1
deign	1
degrades	1
degenerated	1
defray	1
defies	1
deficiency	1
defiance	1
deference	1
defer	1
defends	1
defending	1
defended	1
defect	1
defeat	1
deeper	1
deemed	1
deeds	1
decree	1
decorated	1
declines	1
declension	1
deceives	1
deceiver	1
decease	1
debtors	1
debilitated	1
debauched	1
dearer	1
de	1
dazzled	1
daybreak	1
dawn	1
daughters	1
darting	1
darling	1
darken	1
daring	1
dared	1
dangers	1
dang	1
dandle	1
dancing	1
damnation	1
damn*d	1
daily	1
cutting	1
customers	1
customer	1
custody	1
currier	1
curdles	1
curb	1
cups	1
cup	1
cumstances	1
cumberland	1
culprit	1
cullender	1
cuji	1
cudgel	1
cub	1
crush	1
crucifix	1
crows	1
crowned	1
crowded	1
crouching	1
crossed	1
crosi	1
crooked	1
crippled	1
crimson	1
crimps	1
crimp	1
criminal	1
crime	1
crevice	1
creditor	1
credit	1
creatures	1
creations	1
crea	1
crazy	1
crave	1
cranks	1
craiiire	1
coyness	1
cows	1
cowper	1
cowardice	1
coward	1
cover	1
courtyard	1
courted	1
courac^e	1
coupled	1
counterpart	1
counsel	1
couch	1
corresponded	1
correspond	1
correcjt	1
corporeal	1
coronet	1
corned	1
corn	1
corks	1
cork	1
corjmencement	1
cords	1
cord	1
copiously	1
coom'd	1
cooks	1
cook	1
convulsions	1
convulsed	1
convinces	1
conveying	1
conversing	1
conversations	1
convent	1
convenient	1
convenience	1
convalescence	1
controlled	1
control	1
contrive	1
contrast	1
contrary	1
contrariety	1
contradict	1
continuing	1
continuation	1
continually	1
contide	1
contend	1
contemned	1
containing	1
contained	1
consummation	1
consumedly	1
consulting	1
consultation	1
consul	1
constrained	1
constituted	1
consternation	1
constancy	1
conspired	1
conspicuous	1
consoled	1
consolatory	1
consisted	1
consigned	1
considering	1
considerably	1
consequences	1
consent	1
consciousness	1
consciously	1
conntassy	1
connive	1
connexion	1
connected	1
conjure	1
conjectured	1
congratulations	1
congratulated	1
congenial	1
confounded	1
confound	1
confniement	1
confidential	1
confession	1
confessing	1
confesses	1
conduit	1
conductor	1
conducted	1
condescension	1
condemn	1
conclusion	1
concluding	1
conchuled	1
concerned	1
concern	1
concealment	1
conceafd^	1
con	1
compromise	1
comprised	1
comprehension	1
composition	1
compose	1
compliment	1
compliance	1
completely	1
completed	1
complaining	1
complained	1
compelled	1
compared	1
companions	1
commodious	1
comment	1
comforts	1
comed	1
combustibles	1
colourless	1
colonel	1
collins	1
college	1
collection	1
collecting	1
collect	1
collation	1
collar	1
coldness	1
coiman	1
coi^k	1
coffeehouse	1
coffee	1
coeval	1
cocoa	1
cockles	1
cockade	1
coast	1
coarsely	1
coarse	1
coal	1
coachy	1
coaches	1
co	1
clutches	1
clotted	1
cloth	1
closing	1
closely	1
clew	1
clergyman	1
clearer	1
cleanse	1
clasping	1
clasped	1
claret	1
clapp*d	1
clap	1
clank	1
claims	1
claimed	1
civil	1
city	1
circumvent	1
circumspection	1
circle	1
cir	1
ciin	1
chronic	1
christoval	1
christmas	1
chpp'd	1
chosen	1
chords	1
chop	1
choler	1
choirs	1
chocolate	1
chivy	1
chins	1
chimney	1
chick	1
cherished	1
cher	1
cheese	1
checks	1
che	1
chattering	1
chased	1
chase	1
charm	1
charitably	1
chaos	1
channels	1
changing	1
chanced	1
champion	1
chambermaid	1
cham	1
chalk	1
chalice	1
chained	1
chagrin	1
chafed	1
cfiapter	1
cessarily^	1
cern'd	1
censorious	1
cellar	1
cell	1
celebrate	1
ccelo	1
cavalry	1
cavalcade	1
cautiously	1
causes	1
cattle	1
cats	1
catholics	1
catching	1
cat	1
cash	1
casf	1
cases	1
cas	1
carrying	1
carriages	1
carnation	1
carefully	1
career	1
cards	1
captives	1
capital	1
cape	1
caparisoned	1
capacity	1
cap	1
canst	1
canouvre	1
canivho	1
canhairy	1
candour	1
candidly	1
camp'd	1
calvd	1
calumniator	1
calmer	1
calmed	1
callous	1
calfd	1
calendar	1
calculated	1
calcjid	1
calash	1
calamities	1
caitiff	1
cabbages	1
c^uess	1
c^sar	1
bv	1
butchers	1
bust	1
busied	1
bushes	1
bush	1
burned	1
burn	1
buried	1
buildings	1
bud	1
buckles	1
brute	1
brutal	1
brushing	1
bruised	1
brou	1
brotherhood	1
brooms	1
broken	1
broiled	1
brogue	1
brighter	1
brightened	1
brief	1
bridge	1
bride	1
brick	1
bribery	1
brewed	1
brethren	1
breeze	1
breed	1
breeches	1
breathing	1
breathe	1
breast	1
brealcfasted	1
breaking	1
bread	1
breach	1
brazen	1
brare	1
brand	1
brains	1
brag	1
bradley	1
brace	1
bqil	1
boys^	1
boxing	1
bounteous	1
borrow	1
boots	1
bonum	1
bone	1
bondage	1
bond	1
bona	1
bombarcr	1
bolts	1
bolsters	1
bold	1
boiled	1
boii!id	1
bodily	1
bob	1
boat	1
boasted	1
bluntness	1
bluntly	1
blunt	1
blunders	1
bluff	1
blown	1
blooming	1
bloom	1
bloodhounds	1
blissful	1
bliss	1
blinking	1
blindest	1
bliiisf	1
bless*d	1
blended	1
bleeding	1
bleed	1
blazing	1
blasts	1
blasted	1
blandishments	1
biter	1
bite	1
birthright	1
birthday	1
bill	1
biit	1
bigoted	1
bide	1
bid	1
bible	1
bi	1
beyond	1
betters	1
betraying	1
betrayed	1
betray	1
bet	1
bestrode	1
bestows	1
bestowed	1
bespoke	1
beseech	1
bes'tn't	1
benevolent	1
benefactor	1
belonged	1
beins	1
behoves	1
behest	1
behave	1
begun	1
begone	1
begin	1
begging	1
beggar	1
beget	1
befriended	1
befell	1
beest	1
beenentertain'd	1
beds	1
bedlam	1
bedigennd	1
bedecked	1
bedchamber	1
becomingly	1
becks	1
beautiful	1
beauties	1
beauteous	1
bearer	1
beads	1
bdiold	1
bay	1
bathing	1
bathed	1
batch	1
basilisk	1
barter	1
barouches	1
bargain	1
bantling	1
bantering	1
banter	1
baneful	1
ban	1
balsam	1
balm	1
ballots	1
ballads	1
balcony	1
baker	1
bailiff	1
bags	1
baffled	1
badly	1
bacon	1
baby	1
babes	1
ba	1
b^atiate	1
ayy	1
awoke	1
awhile	1
awe	1
aware	1
awakening	1
awaits	1
awaited	1
await	1
avow	1
avith	1
avhat	1
aves	1
aversion	1
averring	1
avenues	1
avenger	1
avenge	1
av	1
autumn	1
authors	1
authoritative	1
authorised	1
austerity	1
auspicious	1
augmented	1
auditors	1
audience	1
audible	1
aud	1
attracts	1
attentively	1
attentive	1
attentions	1
attainments	1
attacks	1
attack	1
attached	1
atonement	1
atone	1
atleni^h	1
astonished	1
aster	1
assures	1
assuaging	1
assuage	1
associates	1
assisted	1
assigned	1
assignation	1
assemble	1
assail	1
aspiring	1
aspire	1
asperse	1
ashes	1
asheam'd	1
ascertaining	1
ascend	1
artifice	1
articles	1
artful	1
arrows	1
arrogates	1
arrested	1
arrest	1
arrears	1
array	1
arrangement	1
arranged	1
arrange	1
arrah	1
arose	1
arn	1
armoury	1
argus	1
argument	1
argue	1
ard	1
archers	1
arch	1
arc	1
apropos	1
april	1
approving	1
approver	1
approved	1
appropriated	1
approaching	1
apprehension	1
apply	1
applies	1
applied	1
apple	1
applauded	1
appertaining	1
appendage	1
appellations	1
appeal	1
appal	1
apace	1
anxious	1
anv	1
anun	1
anticipating	1
anticipated	1
ant	1
answers	1
ansicer	1
annunciation	1
annoyance	1
anniversary	1
animal	1
anguish	1
angry	1
angle	1
angels	1
anecdote	1
ands	1
andering	1
and^to	1
and^.i'r/them	1
anathemas	1
amusement	1
ample	1
amends	1
ambush	1
amazement	1
aman	1
alyairs	1
alternative	1
alternately	1
altercation	1
altar	1
alreadj^	1
aloud	1
aloane.'^	1
allusions	1
allusion	1
allurements	1
alluded	1
allude	1
alleged	1
allay	1
alight	1
alguazill	1
alguaziil	1
alarming	1
alarmhig	1
al	1
ajiswer'd	1
aitest	1
airy	1
aiming	1
ails	1
aiid	1
aided	1
aid	1
ahmg	1
agreed	1
agreeably	1
agonising	1
agonised	1
agility	1
aggressor	1
agendo	1
aged	1
afterward	1
aftected	1
afresh	1
afraid	1
afore	1
affords	1
affording	1
affirmative	1
affinity	1
affections	1
af	1
aell	1
advocates	1
advising	1
adversary	1
adventure	1
adorned	1
adorn	1
adopt	1
adom'd	1
admittance	1
admirarl	1
administering	1
adjured	1
adjure	1
adjourned	1
adjoining	1
adhere	1
adequate	1
additional	1
addition	1
adding	1
adapted	1
actuated	1
actually	1
actions	1
acting	1
acres	1
acquisition	1
acquiescence	1
acquainted	1
acknowledging	1
acknowledgements	1
ache	1
ach	1
ace	1
accusing	1
accuser	1
accuse	1
accusations	1
accumulated	1
accrues	1
accrue	1
accosted	1
accoqiplishing	1
accomplishments	1
accomplished	1
accommodation	1
accommodate	1
accoaipanied	1
acceptation	1
acceptance	1
acceptable	1
accelerated	1
abv.ut	1
absorbed	1
absorb	1
absentaeaf	1
abscond	1
abreast	1
abortive	1
abominable	1
aboard	1
ables	1
abjured	1
abjure	1
abide	1
abhorred	1
abhor	1
abettor	1
abbot	1
abate	1
abashed	1
abandons	1
abandoned	1
aaarht	1
a^ain	1
a\^heu	1
^r^re	1
^nettles	1
^ith	1
^eaa^the	1
^azvakey	1
^as	1
^^^rtainly	1
^\ith	1
^?ipossible	1
^)	1
\yhole	1
\vith	1
\^q'cy	1
\	1
[	1
?■	1
?*'	1
?!	1
<	1
7vcre	1
7nurmur'd	1
3/^//(^7zc	1
1/oic	1
1'*	1
/anz	1
/>	1
//'	1
/.^	1
/*'*	1
/*'	1
/*	1
/'*	1
/'	1
.^"	1
......	1
....	1
..	1
.),	1
.'*	1
*•	1
*^'	1
**'	1
(^	1
'«	1
'^'	1
'.	1
'-	1
''^	1
'"-	1
'""	1
"^	1
"'	1
!^	1
!:	1
!'\	1
!")	1
