,	5830
.	3005
the	2183
and	2080
'	1889
to	1457
i	1365
*	1249
a	1199
you	1171
he	920
of	874
.'	826
that	748
her	738
it	704
in	677
as	643
—	642
she	618
was	587
his	587
my	574
said	551
me	484
for	480
;	477
but	468
with	456
|'s|	448
not	425
?'	409
claire	398
him	371
is	363
had	362
at	354
no	349
barclay	326
be	325
have	322
there	272
!'	255
old	245
cried	242
!	241
dear	239
what	229
man	229
on	219
so	218
this	216
if	216
now	215
from	210
do	208
then	200
all	199
been	198
don't	194
denville	190
yes	189
your	188
will	185
sir	179
father	177
one	169
out	168
up	164
upon	161
are	161
mrs	159
go	155
know	153
who	151
by	149
were	148
here	147
come	146
?	146
they	142
them	142
linnell	141
fred	138
:	138
must	134
see	123
would	122
poor	122
am	122
like	119
has	117
may	112
did	112
when	110
about	110
look	109
could	109
only	107
mr	107
morton	107
well	106
hand	106
down	106
tell	105
shall	103
let	103
back	102
away	102
speak	101
we	99
some	99
seemed	99
little	99
say	98
think	97
more	96
how	96
can	96
an	94
before	93
oh	89
again	89
lady	88
face	87
over	85
eyes	85
woman	83
child	82
too	81
ah	81
help	79
into	78
why	77
took	76
very	75
sister	72
mellersh	72
lord	72
time	69
or	69
going	69
door	69
which	68
good	68
whispered	67
after	67
take	66
i'm	64
head	64
hands	64
came	64
stood	63
miss	63
dick	63
colonel	63
where	62
such	62
it's	62
himself	62
want	60
pain	60
made	60
harry	60
few	60
trouble	59
off	59
way	58
should	58
just	58
looked	57
last	57
life	56
turned	55
never	55
give	55
saw	54
make	54
i've	54
while	53
carboro	53
can't	53
love	52
get	52
eichard	52
right	51
once	51
girl	51
fellow	51
boy	51
eockley	50
always	50
true	49
looking	49
jo	49
ask	49
thought	48
than	48
si	48
half	48
arm	48
went	47
those	47
much	47
better	47
|romannumeral|	46
i'll	46
us	45
talk	45
hush	45
against	45
voice	44
night	44
money	44
held	44
their	43
other	43
weak	42
long	42
forgive	42
diamonds	42
cora	42
young	41
words	41
son	41
room	41
hear	41
course	41
brother	41
side	40
pray	40
heart	40
try	39
softly	39
herself	39
felt	39
done	39
till	38
believe	38
bear	38
sure	37
own	37
matthew	37
low	37
burnett	37
|arabic2digit|	36
wife	36
any	36
another	36
two	35
told	35
god	35
enough	35
word	34
nothing	34
home	34
breast	34
being	34
along	34
without	33
these	33
terrible	33
save	33
quickly	33
master	33
leave	33
jewels	33
first	33
em	33
clode	33
stop	32
something	32
place	32
mind	32
lad	32
knew	32
heard	32
gone	32
full	32
cannot	32
taking	31
silence	31
quite	31
innocent	31
through	30
round	30
great	30
fisherman	30
ever	30
whom	29
threw	29
though	29
teigne	29
sadly	29
rest	29
myself	29
isaac	29
hard	29
everything	29
both	29
you'll	28
thing	28
open	28
moment	28
manner	28
friend	28
arms	28
|arabic1digit|	27
slowly	27
rose	27
people	27
lips	27
laid	27
end	27
truth	26
strange	26
stand	26
sake	26
found	26
far	26
even	26
day	26
crime	26
caught	26
yourself	25
taken	25
seen	25
prison	25
opened	25
major	25
house	25
got	25
exclaimed	25
wish	24
perhaps	24
minutes	24
might	24
lay	24
known	24
its	24
horrible	24
drew	24
charge	24
business	24
bray	24
world	23
spoke	23
sharply	23
set	23
sea	23
rockley	23
ready	23
mad	23
horror	23
gazed	23
does	23
cry	23
case	23
anything	23
sat	22
same	22
light	22
left	22
gentleman	22
ceremonies	22
best	22
you've	21
white	21
thinking	21
still	21
passed	21
nonsense	21
murder	21
mean	21
liis	21
heaven	21
ha	21
gave	21
friends	21
drelincourt	21
dean	21
alone	21
agony	21
wretched	20
won't	20
wildly	20
uttered	20
turning	20
turn	20
sweet	20
suffered	20
since	20
quick	20
pier	20
past	20
mother	20
impossible	20
hold	20
figure	20
fiercely	20
death	20
constable	20
coming	20
chair	20
brought	20
tried	19
soon	19
sighed	19
put	19
pay	19
our	19
ought	19
name	19
muttered	19
miserable	19
making	19
late	19
followed	19
find	19
directly	19
bless	19
bad	19
you're	18
walked	18
under	18
troubles	18
smiling	18
shook	18
scoundrel	18
says	18
officer	18
matter	18
keep	18
hope	18
gazing	18
feel	18
excitedly	18
couldn't	18
bent	18
began	18
bed	18
yon	17
yet	17
wonder	17
wild	17
vol	17
table	17
suffering	17
stay	17
soft	17
sis	17
short	17
servant	17
seems	17
raised	17
parade	17
misery	17
josiah	17
fit	17
fallen	17
between	17
because	17
wrong	16
wouldn't	16
used	16
towards	16
times	16
suppose	16
sit	16
silent	16
richard	16
position	16
pardon	16
moments	16
kept	16
ill	16
he's	16
having	16
goodbye	16
getting	16
fresh	16
dead	16
closed	16
care	16
box	16
act	16
window	15
weary	15
tonight	15
together	15
things	15
thank	15
step	15
smiled	15
sigh	15
shrank	15
seem	15
regiment	15
panted	15
pale	15
near	15
live	15
liim	15
kissed	15
gentlemen	15
die	15
dark	15
chapter	15
angry	15
almost	15
years	14
whose	14
trying	14
tone	14
tightly	14
strong	14
standing	14
smile	14
shoulder	14
sank	14
placed	14
most	14
men	14
many	14
madam	14
ma'am	14
loved	14
lordship	14
ladyship	14
killed	14
grey	14
every	14
dare	14
couple	14
continued	14
clear	14
carriage	14
aside	14
afraid	14
yours	13
whisper	13
whip	13
trembling	13
steps	13
sharp	13
read	13
often	13
nearly	13
mine	13
meet	13
knees	13
kind	13
hurried	13
hour	13
higgles	13
hardly	13
given	13
free	13
didn't	13
deal	13
daughter	13
cut	13
curse	13
curious	13
coward	13
clasped	13
changed	13
chaise	13
black	13
across	13
wretch	12
wounded	12
they're	12
tenderly	12
tears	12
struck	12
spoken	12
scandal	12
saved	12
safe	12
remember	12
paste	12
pass	12
neither	12
miggles	12
joseph	12
helpless	12
groaned	12
glad	12
foolish	12
fell	12
fact	12
eh	12
duty	12
dragoon	12
darling	12
close	12
calm	12
brave	12
asleep	12
',	12
whether	11
thoughts	11
straight	11
sternly	11
started	11
speaking	11
sound	11
sort	11
send	11
seeing	11
saying	11
saltinville	11
rough	11
road	11
pleasure	11
opening	11
officers	11
notice	11
nor	11
need	11
neck	11
morning	11
louis	11
lot	11
longer	11
letter	11
i'd	11
holding	11
happy	11
hang	11
grew	11
forward	11
fool	11
fear	11
emotion	11
dreadful	11
doing	11
darkness	11
cruel	11
clung	11
cell	11
call	11
bring	11
bright	11
brain	11
born	11
blind	11
bitter	11
below	11
believed	11
answer	11
aloud	11
watched	10
watch	10
warmly	10
wanted	10
wages	10
tut	10
trust	10
thrown	10
three	10
stone	10
sleep	10
sick	10
shan't	10
shame	10
scene	10
rage	10
pretty	10
pressed	10
present	10
presence	10
passing	10
painful	10
next	10
new	10
necklet	10
nature	10
murderer	10
met	10
knife	10
kill	10
isn't	10
husband	10
hundred	10
growled	10
glanced	10
fought	10
forced	10
faltered	10
ejaculated	10
each	10
drunk	10
drawing	10
disgrace	10
died	10
dearest	10
countenance	10
counsel	10
catching	10
broken	10
breath	10
beneath	10
bell	10
arrest	10
"	10
yo	9
work	9
whole	9
water	9
waiting	9
understand	9
strength	9
stopped	9
stared	9
shrink	9
shot	9
sent	9
rich	9
remained	9
reached	9
ran	9
postboys	9
plump	9
please	9
o	9
moved	9
meant	9
means	9
listening	9
listened	9
lender	9
later	9
kissing	9
insult	9
humph	9
horses	9
hoarsely	9
heavy	9
hate	9
handsome	9
grave	9
glass	9
future	9
forgiveness	9
firmly	9
fire	9
feet	9
family	9
escape	9
enter	9
else	9
dropped	9
drink	9
drawn	9
dog	9
defence	9
deep	9
d	9
comfort	9
clairy	9
chaptee	9
bitterly	9
angrily	9
afterwards	9
affair	9
."	9
wondering	8
wicked	8
watching	8
walk	8
wait	8
visitors	8
ville	8
utterly	8
touch	8
today	8
throat	8
thin	8
surprised	8
surely	8
suddenly	8
start	8
staggered	8
stabbed	8
soldier	8
sobbed	8
sight	8
shown	8
seized	8
seat	8
s	8
run	8
ring	8
received	8
really	8
quietly	8
proud	8
post	8
point	8
plain	8
pity	8
party	8
outside	8
others	8
notes	8
news	8
movement	8
mort'n	8
lying	8
listen	8
leaving	8
laugh	8
latter	8
large	8
knows	8
kindly	8
jools	8
hers	8
hat	8
hastily	8
giving	8
gaoler	8
further	8
forgotten	8
fight	8
feeling	8
feebly	8
faint	8
during	8
driven	8
darted	8
cross	8
cane	8
brow	8
bought	8
beside	8
behind	8
beautiful	8
barracks	8
asking	8
air	8
above	8
able	8
wrist	7
wood	7
unhappy	7
troubled	7
toast	7
tipsy	7
throwing	7
tender	7
ten	7
temptation	7
telling	7
talked	7
stuff	7
struggled	7
struggle	7
stones	7
state	7
spirit	7
sometimes	7
snuffbox	7
sleeping	7
shoot	7
shake	7
shadow	7
service	7
seated	7
scandals	7
scaffold	7
respect	7
reply	7
recollect	7
quivering	7
quiet	7
pounds	7
piteously	7
piteous	7
nodded	7
nobleman	7
months	7
minute	7
led	7
laughed	7
lascelles	7
insolent	7
idol	7
hypocrite	7
honour	7
hint	7
handkerchief	7
gravani	7
goes	7
glance	7
gently	7
gaze	7
gate	7
furiously	7
form	7
forehead	7
fine	7
fast	7
eagerly	7
drunken	7
drinking	7
dream	7
distance	7
disgraced	7
despair	7
desire	7
den	7
dears	7
days	7
dashed	7
crowd	7
confused	7
companion	7
cheeks	7
change	7
called	7
bowed	7
bound	7
book	7
blow	7
blood	7
beg	7
bag	7
worth	6
worse	6
within	6
wistful	6
weakness	6
we'll	6
ways	6
wall	6
veiled	6
vain	6
uniform	6
thrust	6
thousand	6
they'd	6
t	6
surgeon	6
suffer	6
stupid	6
strode	6
stitch	6
sounds	6
soul	6
somewhere	6
social	6
sob	6
snuff	6
slight	6
simple	6
sign	6
shuddered	6
shoulders	6
sell	6
seeming	6
roared	6
returned	6
replied	6
reason	6
rapidly	6
quarters	6
private	6
ponies	6
pocket	6
peculiar	6
paused	6
panting	6
offered	6
noise	6
moving	6
mistake	6
mess	6
lost	6
looks	6
london	6
lived	6
lit	6
lie	6
leaning	6
leaned	6
laughing	6
lately	6
knock	6
knee	6
judge	6
indignantly	6
honest	6
heavily	6
hearing	6
happened	6
handed	6
hah	6
growing	6
ghastly	6
frank	6
force	6
floor	6
flesh	6
flash	6
fishing	6
fetch	6
fate	6
false	6
faintly	6
exchange	6
entered	6
eliza	6
dying	6
dull	6
drily	6
dread	6
draw	6
deed	6
content	6
comes	6
cold	6
cloud	6
cleared	6
clairey	6
certain	6
burst	6
burning	6
blue	6
bit	6
big	6
become	6
baby	6
anger	6
alarm	6
ago	6
affection	6
advise	6
action	6
accident	6
writer	5
wound	5
wonderingly	5
wiping	5
winced	5
we've	5
wasn't	5
walking	5
wailed	5
visit	5
use	5
turf	5
trial	5
transparent	5
tongue	5
tiny	5
throbbing	5
thoughtfully	5
thief	5
tall	5
talking	5
swung	5
superior	5
stunned	5
stronger	5
stranger	5
story	5
stole	5
startled	5
stairs	5
spite	5
space	5
sold	5
society	5
snap	5
show	5
shortly	5
share	5
sham	5
settle	5
secret	5
sad	5
return	5
reeled	5
red	5
real	5
questions	5
quarrel	5
punishment	5
prisoner	5
pinch	5
piles	5
pearls	5
passionately	5
passage	5
paper	5
paid	5
order	5
opposite	5
offering	5
none	5
mystery	5
move	5
mournfully	5
mental	5
meeting	5
lower	5
loves	5
loud	5
loose	5
lip	5
knowledge	5
joined	5
james	5
interest	5
infirmary	5
indeed	5
hurrying	5
hurriedly	5
hours	5
horrified	5
horribly	5
hoarse	5
hke	5
health	5
he'll	5
happiness	5
handle	5
glittering	5
gaol	5
front	5
forgiven	5
flashed	5
fixed	5
firm	5
fierce	5
fever	5
feeble	5
fashion	5
fainting	5
eye	5
excuse	5
evening	5
encounter	5
elope	5
effect	5
edge	5
easy	5
ear	5
drive	5
drawing-room	5
dragged	5
doesn't	5
doctor	5
distress	5
different	5
dazed	5
dared	5
damn	5
creature	5
cowardly	5
coverlid	5
cool	5
confidence	5
company	5
coldly	5
chivalrous	5
children	5
cheek	5
charged	5
chance	5
casket	5
cash	5
cares	5
careful	5
card	5
brush	5
breathed	5
break	5
brandy	5
bowing	5
bottom	5
borrow	5
bolts	5
blessing	5
blackguard	5
bits	5
bill	5
beyond	5
became	5
barrack	5
attempt	5
asked	5
appear	5
appeal	5
anyone	5
aloof	5
ain't	5
advice	5
-	5
yom	4
yielded	4
yards	4
wreck	4
worn	4
women	4
win	4
whispering	4
weeping	4
weeks	4
we're	4
wasting	4
wandering	4
voices	4
visitor	4
veil	4
vacant	4
utter	4
twice	4
trees	4
town	4
throw	4
thick	4
they'll	4
terror	4
suspicion	4
surprise	4
sudden	4
strike	4
stricken	4
strangely	4
stopping	4
staring	4
stare	4
spring	4
spoil	4
spare	4
sooner	4
solemnly	4
sober	4
sobbing	4
small	4
sky	4
six	4
situation	4
sitting	4
sisters	4
signed	4
shrinking	4
shrimping	4
showing	4
shouted	4
sharper	4
shape	4
several	4
setting	4
self	4
satisfied	4
sacrifice	4
roused	4
rouse	4
risk	4
rise	4
resentment	4
replaced	4
repent	4
repeat	4
relief	4
recovered	4
realised	4
reading	4
reach	4
rail	4
purpose	4
pure	4
prostrate	4
prepared	4
precious	4
poverty	4
postboy	4
post-chaise	4
possible	4
pontardent	4
pleasant	4
playfully	4
platform	4
peril	4
pause	4
patient	4
path	4
patch	4
passionate	4
part	4
pace	4
ordered	4
opportunity	4
obedience	4
nurse	4
nod	4
nice	4
necessary	4
muttering	4
morocco	4
momentary	4
moggridge	4
mistress	4
mincing	4
matters	4
matt	4
madness	4
m	4
loving	4
lovely	4
loudly	4
lots	4
loathing	4
liked	4
least	4
laying	4
knot	4
knelt	4
kneeling	4
keys	4
keeping	4
judgement	4
join	4
jewel	4
jealousy	4
iron	4
involuntarily	4
interview	4
interfere	4
instead	4
instant	4
husky	4
hurt	4
humble	4
hps	4
horse	4
horrors	4
hissed	4
high	4
hid	4
helping	4
helped	4
heads	4
he'd	4
haste	4
happier	4
hanging	4
hair	4
guess	4
grown	4
group	4
grief	4
greatly	4
gravely	4
gold	4
gems	4
gathering	4
gates	4
gasped	4
gambling	4
four	4
following	4
flushing	4
flush	4
five	4
finish	4
finger	4
farther	4
falling	4
fair	4
expected	4
excited	4
evidently	4
everyone	4
everybody	4
erect	4
er	4
entering	4
encountered	4
embrace	4
ears	4
dress	4
dredged	4
dreamy	4
drag	4
downs	4
doubts	4
distant	4
diamond	4
devoted	4
devil	4
den\dlle	4
demdlle	4
defiantly	4
deeply	4
deceived	4
dangerous	4
custody	4
cursed	4
crushed	4
convulsed	4
commit	4
closing	4
cliff	4
clearly	4
clasping	4
chaptek	4
chap	4
chamber	4
cause	4
catch	4
carried	4
calling	4
businesslike	4
breaking	4
boldly	4
bending	4
beginning	4
begin	4
beat	4
beaming	4
bank	4
ay	4
awaken	4
avoid	4
auntie	4
approached	4
appeared	4
annie	4
among	4
acted	4
yelled	3
yard	3
wrung	3
wrinkled	3
worshipped	3
working	3
worked	3
wonderful	3
wliich	3
wistfully	3
wishes	3
wide	3
whoever	3
wedding	3
weariness	3
wear	3
wdth	3
wasted	3
wash	3
warn	3
waited	3
vile	3
victim	3
veins	3
vainly	3
vacantly	3
useful	3
upturned	3
upset	3
until	3
unless	3
uneasy	3
twinkling	3
twenty	3
turns	3
truly	3
truehearted	3
tremendous	3
trembled	3
townsman	3
top	3
tones	3
tomorrow	3
tired	3
tiptoe	3
tiara	3
thus	3
thumb	3
thrashed	3
thoroughly	3
they've	3
thanks	3
terribly	3
tempt	3
temples	3
tear	3
tea	3
task	3
tapped	3
tables	3
swiftly	3
surrender	3
surface	3
supporting	3
support	3
summoned	3
sufferings	3
stung	3
strings	3
striking	3
stretched	3
street	3
stoutly	3
stool	3
stir	3
stayed	3
stamp	3
spread	3
specks	3
spasm	3
sparkling	3
sorry	3
sorrow	3
soldiers	3
sofa	3
sobs	3
sneer	3
snatched	3
size	3
sinned	3
single	3
sin	3
shrunk	3
shouldn't	3
shop	3
shone	3
shock	3
shivered	3
shilling	3
she'll	3
shaking	3
settled	3
sergeant	3
serenade	3
sentence	3
sending	3
seek	3
sealed	3
score	3
salute	3
rustling	3
row	3
rope	3
roof	3
rolled	3
rising	3
rid	3
returning	3
reticule	3
resting	3
restful	3
response	3
respected	3
resisted	3
resigned	3
repeated	3
remaining	3
regimental	3
refused	3
reflected	3
recollection	3
recognised	3
reckless	3
realise	3
rather	3
rascal	3
rang	3
raising	3
raise	3
question	3
querulous	3
quaint	3
punished	3
public-house	3
proved	3
protection	3
prostrated	3
propose	3
promised	3
probably	3
principal	3
pride	3
pretence	3
pressing	3
prayed	3
power	3
pointed	3
plenty	3
pleaded	3
playing	3
play	3
pityingly	3
pitying	3
pitiful	3
pish	3
pinched	3
piece	3
pet	3
pen	3
peace	3
patience	3
parting	3
parted	3
paralysed	3
outstretched	3
ourselves	3
ornaments	3
ordinary	3
orders	3
openly	3
offer	3
oblivion	3
noticed	3
nose	3
nobody	3
noble	3
net	3
nervously	3
nervous	3
nay	3
mysterious	3
murmured	3
motionless	3
mortification	3
moneylender	3
misty	3
message	3
mention	3
mechanically	3
marry	3
married	3
marriage	3
mark	3
makes	3
magistrates	3
maddening	3
lose	3
lor	3
livery	3
likes	3
likely	3
lies	3
less	3
leather	3
landing	3
lambent	3
kockley	3
knowing	3
knocked	3
kindness	3
kichard	3
key	3
joining	3
jealous	3
individual	3
impetuous	3
hysterical	3
hurry	3
however	3
hot	3
hopes	3
hopeless	3
hist	3
hideous	3
hidden	3
hesitated	3
hearty	3
hearted	3
haven't	3
harm	3
hangman	3
halt	3
haired	3
hadn't	3
guilty	3
grow	3
gripped	3
grimly	3
greater	3
grateful	3
grasp	3
grand	3
gracious	3
goodnight	3
glided	3
girls	3
furious	3
freely	3
freed	3
forth	3
forsaken	3
forget	3
foreign	3
forbid	3
footsteps	3
footman	3
folded	3
flushed	3
flung	3
floated	3
flight	3
flicked	3
flashing	3
finished	3
fingers	3
filled	3
feverish	3
fellows	3
fault	3
fashionable	3
fall	3
faced	3
eyed	3
expense	3
expect	3
exhausted	3
examined	3
examination	3
entry	3
enjoyed	3
ended	3
elopement	3
eldest	3
elderly	3
eight	3
effort	3
easier	3
dust	3
due	3
dropping	3
dreamily	3
dreaded	3
dre	3
dragging	3
dozen	3
double	3
disappointment	3
diningroom	3
differently	3
difference	3
despondent	3
deserve	3
departure	3
defend	3
debt	3
dangerously	3
dancing	3
dad	3
curtain	3
cure	3
crossed	3
court-martial	3
corner	3
contemptuous	3
contemptible	3
condemned	3
common	3
commission	3
command	3
coach	3
clouds	3
closely	3
clinging	3
clever	3
clasp	3
church	3
choking	3
chest	3
chat	3
chalk	3
ceased	3
cat	3
carpet	3
calumnies	3
cabinet	3
busy	3
buried	3
built	3
brokenhearted	3
broad	3
bravely	3
bracelets	3
boyish	3
boxes	3
bosom	3
books	3
blows	3
bitterness	3
believing	3
beheve	3
begging	3
beggarly	3
beau	3
beast	3
balance	3
awe	3
aunt	3
attend	3
ashy	3
ashes	3
arrested	3
around	3
aren't	3
approaching	3
appealing	3
apparently	3
amongst	3
also	3
already	3
allowed	3
added	3
account	3
abruptly	3
abroad	3
'.'	3
'.	3
}'	2
|arabic3digit|	2
younger	2
you'd	2
yesterday	2
yellow	2
yearning	2
xo	2
x\nd	2
written	2
writing	2
wringing	2
wretches	2
wrested	2
wrecked	2
wouldbe	2
worthless	2
wooden	2
won	2
wliispered	2
witnesses	2
withered	2
wished	2
wiped	2
winter	2
wine	2
wilful	2
wig	2
whitewashed	2
whisperings	2
whisperers	2
wheelers	2
wheel	2
whatever	2
welcome	2
wearied	2
waves	2
waste	2
warning	2
wants	2
wanting	2
wake	2
waist	2
wail	2
volley	2
violently	2
villain	2
view	2
vicious	2
version	2
vehicle	2
valuable	2
using	2
ushered	2
upright	2
unrepentant	2
unlucky	2
unknown	2
unfortunate	2
uneasily	2
undo	2
understood	2
unconsciously	2
uncompromising	2
twisted	2
truthfulness	2
triumph	2
trip	2
treated	2
treat	2
transactions	2
touched	2
tottered	2
title	2
tightened	2
tight	2
throbbed	2
thoughtful	2
thinks	2
terrors	2
tempted	2
tee	2
teach	2
te	2
taint	2
sympathy	2
swore	2
swear	2
supply	2
sunshine	2
sunken	2
sunk	2
sulkily	2
suiting	2
suite	2
suggestion	2
sufficiently	2
succeeded	2
sturdy	2
stuart	2
struggling	2
struggles	2
strove	2
strongly	2
stroked	2
strangled	2
strangers	2
strained	2
stout	2
storm	2
stolen	2
stinging	2
stiffly	2
stern	2
stepping	2
stealing	2
steal	2
starting	2
stars	2
star	2
stage	2
spreading	2
sprang	2
sport	2
spend	2
spell	2
speech	2
speaker	2
sounding	2
soothing	2
soothed	2
somehow	2
somebody	2
soil	2
snarled	2
smuggling	2
smoothed	2
smack	2
slow	2
slipped	2
slip	2
slightly	2
slightest	2
sinking	2
sink	2
singularly	2
simply	2
similarity	2
silver	2
silly	2
silk	2
shut	2
shrugged	2
showed	2
shore	2
shooting	2
shocking	2
shiny	2
shillings	2
shght	2
sheet	2
sheep	2
shed	2
shams	2
shallow	2
shade	2
shabby	2
seventy	2
series	2
senses	2
sensation	2
sends	2
seizing	2
seeker	2
security	2
secrets	2
second	2
seaward	2
seats	2
scuffling	2
screen	2
scratch	2
scented	2
scandalous	2
saves	2
satisfaction	2
salutes	2
saluted	2
sale	2
safety	2
sacrificed	2
rustle	2
rushed	2
rubber	2
rubbed	2
rub	2
romance	2
ringing	2
riding	2
ridiculous	2
ride	2
riches	2
reverting	2
retied	2
restrained	2
resist	2
request	2
reproachfully	2
reproach	2
replace	2
repenting	2
repentance	2
renewed	2
reins	2
refuse	2
recover	2
recklect	2
recalled	2
realising	2
reaching	2
raving	2
rattling	2
rapt	2
rapid	2
rain	2
quivered	2
quarter	2
punish	2
pulse	2
prove	2
proudly	2
protest	2
proposed	2
promise	2
profit	2
priest	2
price	2
previous	2
pretend	2
presume	2
prayer	2
pour	2
posts	2
possess	2
pony	2
poker	2
points	2
pocketknife	2
plunged	2
pleased	2
pleadingly	2
plans	2
plan	2
plainly	2
placing	2
pit	2
pinioned	2
pillow	2
picket	2
picked	2
person	2
perfectly	2
paul	2
patted	2
patches	2
passion	2
passages	2
parties	2
pangs	2
pallid	2
pair	2
painted	2
pained	2
pack	2
overhead	2
overdressed	2
ours	2
ou	2
otherwise	2
older	2
old-fashioned	2
ogre	2
offended	2
offend	2
offence	2
occurred	2
occupied	2
obtained	2
obstinate	2
nut	2
notably	2
nightmare	2
nestling	2
nestled	2
needn't	2
needed	2
nearer	2
nasty	2
narrow	2
nap	2
mustn't	2
music	2
murmur	2
murdered	2
mouth	2
mount	2
motion	2
motes	2
mix	2
mistaken	2
missus	2
missing	2
midst	2
mere	2
merciful	2
memories	2
mel	2
meetings	2
mastering	2
mastered	2
martyrdom	2
martyr	2
marked	2
manliness	2
maligned	2
mackerel	2
machinations	2
lowest	2
lovingly	2
lover	2
losses	2
loosed	2
lonely	2
locks	2
loan	2
lives	2
listless	2
link	2
lincourt	2
lights	2
lifted	2
library	2
letting	2
lest	2
lersh	2
legs	2
leapt	2
leading	2
lawyers	2
lawyer	2
law	2
laughs	2
laughingly	2
lastly	2
lash	2
lads	2
ladies	2
lace	2
la	2
knit	2
kisses	2
kiss	2
keenly	2
jou	2
jehu	2
jade	2
itself	2
italian	2
invite	2
intriguing	2
intoxicated	2
intense	2
intellect	2
insults	2
insulted	2
insisted	2
inquiring	2
inquest	2
inland	2
injustice	2
injury	2
injured	2
ing	2
indignant	2
independent	2
indecision	2
increasing	2
importantly	2
important	2
impetuously	2
impending	2
impatiently	2
imbecile	2
imagination	2
ille	2
ignorance	2
idiot	2
idea	2
hysterically	2
hve	2
huskily	2
hushed	2
hurts	2
hung	2
humour	2
human	2
hostess	2
horsewhipped	2
horsewhip	2
hoped	2
hollow	2
hmi	2
hints	2
hide	2
hiccupped	2
hesitate	2
helplessly	2
heed	2
heavens	2
heaved	2
heartsick	2
hearts	2
heartless	2
headed	2
hats	2
hated	2
hasn't	2
handing	2
hall	2
guinea	2
guard	2
growth	2
groom	2
gripping	2
grim	2
grieved	2
green	2
greatest	2
grasping	2
grasped	2
goings	2
glow	2
glistening	2
glancing	2
glairy	2
generous	2
garden	2
game	2
gamaliel	2
gallows	2
gallop	2
gal	2
gain	2
frightened	2
french	2
frederick	2
frame	2
frail	2
forty	2
fortunate	2
former	2
forgave	2
fop	2
fools	2
fond	2
folly	2
follow	2
folks	2
folds	2
flying	2
flowing	2
flowers	2
flower	2
flowed	2
flattery	2
flashes	2
fixedly	2
fix	2
fist	2
fishermen	2
fish	2
fingerpost	2
finding	2
finally	2
final	2
fill	2
fighting	2
fifty	2
fiddle	2
fervently	2
female	2
feelings	2
fat	2
fascination	2
farewell	2
fancy	2
fancied	2
fan	2
familiar	2
fame	2
failing	2
exposure	2
explain	2
experience	2
expensive	2
executioner	2
excitement	2
exceedingly	2
examinations	2
exactly	2
estrangement	2
erring	2
entrance	2
entirely	2
england	2
engaged	2
energy	2
enemy	2
ends	2
ejaculation	2
eing	2
egad	2
ebbing	2
ebbed	2
ebb	2
eat	2
easily	2
earnestly	2
earnest	2
eager	2
e	2
dutiful	2
dursn't	2
duel	2
duchess	2
drunkenness	2
drowsy	2
drove	2
drop	2
drooped	2
dressed	2
drehncourt	2
drawer	2
drama	2
dragoons	2
downstairs	2
doubt	2
dots	2
doting	2
doctors	2
disposed	2
display	2
disgust	2
discipline	2
discharge	2
dimly	2
difficulty	2
devotion	2
devilish	2
despise	2
desperately	2
despairing	2
depths	2
deportment	2
demille	2
dem	2
delivered	2
delirium	2
deference	2
deeds	2
deceit	2
dearly	2
dash	2
darting	2
daren't	2
dangling	2
dandy	2
cutting	2
customary	2
curiously	2
crush	2
cruelly	2
crossroads	2
crossing	2
crept	2
credit	2
crazy	2
crammed	2
covered	2
cover	2
courage	2
counting	2
countess	2
counter	2
cottage	2
cost	2
conviction	2
conversation	2
convenient	2
control	2
contrive	2
contracted	2
continent	2
contemptuously	2
consequences	2
consent	2
confusion	2
confounded	2
confound	2
confidant	2
condition	2
condemn	2
concerned	2
comprehend	2
complication	2
compelled	2
committed	2
comic	2
comfortable	2
com'se	2
coldness	2
clutching	2
clothes	2
closer	2
cloak	2
cling	2
clau'e	2
clahe	2
civil	2
circumstances	2
circulating	2
chuckled	2
choked	2
chip	2
china	2
chief	2
cheerfully	2
check	2
cheat	2
chase	2
charging	2
chaises	2
certainly	2
ceremony	2
cavalry	2
cast	2
cases	2
careworn	2
career	2
cards	2
car	2
canvas	2
canter	2
calmly	2
buy	2
busybody	2
busily	2
bump	2
bully	2
brute	2
brushed	2
broke	2
brings	2
brief	2
bridegroom	2
breathing	2
bread	2
bowels	2
bore	2
boots	2
bonnet	2
bolt	2
bold	2
body	2
bm	2
bluff	2
blown	2
bleed	2
blame	2
blacker	2
bills	2
bidding	2
believes	2
behaved	2
befallen	2
bedroom	2
battle	2
bathed	2
bath	2
base	2
bare	2
barclays	2
banter	2
ballast	2
badly	2
bade	2
awoke	2
awkward	2
awakened	2
authorities	2
attitude	2
attention	2
attended	2
atmosphere	2
astray	2
assistance	2
assembly	2
aspect	2
ascend	2
artificial	2
arrears	2
arrange	2
armed	2
arch	2
apron	2
approach	2
apologise	2
apart	2
anxious	2
answered	2
angel	2
amid	2
altercation	2
allow	2
aid	2
ahvays	2
agonised	2
agitatedly	2
agitated	2
age	2
afternoon	2
afresh	2
afloat	2
affairs	2
advantage	2
admitted	2
admired	2
addressed	2
acts	2
acquiesced	2
aching	2
accustomed	2
accuse	2
accounts	2
accommodation	2
accession	2
accepted	2
absurd	2
absolutely	2
absent	2
abrupt	2
■	1
•'	1
•	1
|arabicprice|	1
youths	1
yourselves	1
youi	1
yonder	1
yomig	1
yoit	1
yoil*	1
yielding	1
yield	1
yearned	1
ye	1
yawned	1
y	1
xxy	1
x^arade	1
x^ainting	1
x\nnie	1
wuth	1
wush	1
wrote	1
writhed	1
wrists	1
wring	1
wrest	1
wrenched	1
wrench	1
wrath	1
wrapper	1
wqi	1
wounds	1
worthy	1
worthies	1
worst	1
worships	1
worrying	1
worries	1
worldly	1
worldling	1
workmanship	1
wore	1
woollen	1
wooer	1
wooed	1
wont	1
wondered	1
womenfolk	1
wliite	1
wliispers	1
wives	1
wits	1
witnessed	1
witness	1
withdraw	1
wise	1
wires	1
winning	1
windows	1
wince	1
willingly	1
willing	1
wildness	1
wider	1
wickedness	1
who've	1
whistled	1
whistle	1
whis	1
whirl	1
whips	1
whipped	1
whilst	1
wherriting	1
whenever	1
whalebone	1
wet	1
west	1
weren't	1
wept	1
wench	1
weird	1
weight	1
week	1
weather	1
wearing	1
wearily	1
wealth	1
weakest	1
wdll	1
waved	1
waters	1
warrant	1
warnt	1
warmth	1
warm	1
warily	1
wandered	1
walls	1
waking	1
w^ll	1
w^eather	1
w4iile	1
w4iat	1
vv^ith	1
vulgar	1
vou	1
votary	1
votaries	1
voluminous	1
volubly	1
voluble	1
vive	1
visiting	1
visible	1
vise	1
virtues	1
violin	1
violent	1
villainous	1
vibrating	1
vessels	1
veritable	1
verge	1
verandah	1
venus	1
vent	1
venomous	1
veils	1
veal	1
vase	1
value	1
valuables	1
valu'ble	1
valet	1
vague	1
v^ll	1
uttering	1
uti	1
usual	1
ushering	1
usher	1
useless	1
urging	1
upwards	1
upstart	1
uplifted	1
unworthy	1
unwillingly	1
unutterably	1
unturned	1
unto	1
untied	1
unsteady	1
unseen	1
unsealed	1
unresistingly	1
unresisting	1
unreasoning	1
unpleasant	1
unperceived	1
unnaturally	1
unnatural	1
unmurmuringly	1
unmanly	1
unkind	1
unjust	1
unique	1
unintentionally	1
unfriended	1
unforgiving	1
unfit	1
unfavourable	1
unfastened	1
unfairly	1
undulating	1
undress	1
undoubted	1
unconscious	1
uncomplaining	1
uncommonly	1
unclean	1
unable	1
un	1
ugly	1
ugh	1
type	1
twinge	1
twigs	1
twenty-five	1
tumult	1
trusting	1
trusted	1
truest	1
trudged	1
truckle	1
trotted	1
triumphantly	1
triumphant	1
tripped	1
trifle	1
tries	1
trickster	1
trickled	1
trick	1
trespasses	1
trespass	1
tremor	1
tremble	1
treatment	1
treating	1
tread	1
treacherous	1
transported	1
transport	1
transparency	1
trance	1
tramping	1
tramphng	1
training	1
trailed	1
tragedy	1
trade	1
trace	1
toward	1
touching	1
tottering	1
tot	1
tossing	1
tossed	1
torturing	1
tortured	1
torrent	1
torn	1
torment	1
tore	1
toothless	1
tooth	1
tools	1
token	1
tobacco	1
toasts	1
tliinking	1
tinkled	1
tinfoil	1
tin	1
timidly	1
timid	1
timed	1
tilings	1
tiling	1
tighty	1
tightening	1
tighten	1
tide	1
ticker	1
tick	1
thrusting	1
thronged	1
throng	1
throb	1
thrilled	1
thrill	1
threatening	1
threatened	1
thread	1
thout	1
thoughtless	1
thirty	1
thirst	1
thin^fs	1
thiiik	1
therein	1
there'll	1
themselves	1
themes	1
theme	1
theft	1
that'll	1
thanksgiwng	1
thanksgiving	1
th	1
tether	1
testily	1
testament	1
terms	1
terminative	1
termed	1
term	1
tered	1
tens	1
tending	1
tenderness	1
tenderhearted	1
tenderest	1
tended	1
tend	1
tenanted	1
tempting	1
temptations	1
temporary	1
tempered	1
tells	1
teeth	1
teaching	1
taxed	1
tax	1
taught	1
taste	1
tassels	1
tap	1
tangle	1
talks	1
talkmg	1
tales	1
tale	1
tail	1
tacit	1
ta	1
sympathising	1
sympathetic	1
syllable	1
sworn	1
swords	1
swept	1
swelling	1
swelled	1
swell	1
sweat	1
swayed	1
sustenance	1
suspiciously	1
suspicious	1
suspicions	1
suspense	1
suspected	1
suspect	1
surrendered	1
surmise	1
surlily	1
sureender	1
supreme	1
suppressed	1
supplied	1
sunlit	1
sun	1
summon	1
summer	1
sum	1
suit	1
suggest	1
suffused	1
sufficient	1
sufferer	1
succumbing	1
succession	1
succeed	1
subsided	1
subsequent	1
subdued	1
subaltern	1
su	1
style	1
stupor	1
stunted	1
study	1
studded	1
stubble	1
strolled	1
stroll	1
stroke	1
striving	1
striven	1
strive	1
strikes	1
striken	1
stretching	1
streets	1
streamed	1
straw	1
strangle	1
strait	1
straining	1
strain	1
straightforward	1
stories	1
stock	1
stimulant	1
stillness	1
sticking	1
sterling	1
steep	1
steel	1
steeds	1
steed	1
steady	1
steadily	1
ste^ds	1
staying	1
staunch	1
statue	1
stated	1
starving	1
stands	1
standpoint	1
stalwart	1
stakes	1
stains	1
stain	1
staggering	1
stagger	1
stable	1
stability	1
square	1
spurred	1
sprung	1
springing	1
spouse	1
spots	1
spot	1
spokes	1
spoiled	1
splendour	1
spirits	1
spiritous	1
spirited	1
spent	1
speechless	1
sped	1
spectators	1
speck	1
specimen	1
special	1
speaks	1
spanish	1
span	1
sovereigns	1
soundly	1
sounded	1
sought	1
sorely	1
sore	1
soothingly	1
soothe	1
sons	1
sonata	1
somewhat	1
someone	1
soldierly	1
soldiering	1
softened	1
sobered	1
soaked	1
snowball	1
snorted	1
snort	1
sneering	1
smuggung	1
smugghng	1
smothered	1
smooth	1
smoking	1
smoke	1
smelling	1
smash	1
smarting	1
smart	1
sm	1
slyly	1
slippery	1
slightingly	1
slie	1
slid	1
slept	1
sleeve	1
sleeps	1
sleepless	1
slave	1
slap	1
skittles	1
skirts	1
skin	1
skill	1
sjoeak	1
sixty	1
situated	1
sincerity	1
simplicity	1
simpering	1
simpered	1
similar	1
silvery	1
sill	1
silken	1
signify	1
sighing	1
sifted	1
siege	1
sickness	1
shy	1
shutting	1
shudders	1
shudderingly	1
shuddering	1
shudder	1
shrine	1
shrimps	1
shrimped	1
shrimp	1
shrill	1
shriek	1
shows	1
shout	1
shoals	1
shivering	1
shiver	1
shirtfront	1
shingle	1
shine	1
shilly	1
shilhngs	1
shield	1
shelly	1
shell	1
sheaf	1
she'd	1
shawl	1
shaping	1
shamefully	1
shally	1
shafts	1
shadows	1
sh	1
sex	1
sevres	1
severely	1
seventy-three	1
served	1
servants	1
serpent	1
serious	1
serene	1
sentimental	1
sensibly	1
sensible	1
selon	1
self-denial	1
select	1
seldom	1
seize	1
seeking	1
seed	1
securities	1
secrecy	1
secondary	1
seaside	1
searching	1
seal	1
scuffle	1
scruple	1
screwed	1
screening	1
scratched	1
scraps	1
scowl	1
scourge	1
scoundrels	1
scornfully	1
scornful	1
scorn	1
school	1
schemed	1
scent	1
scenes	1
scapegrace	1
scamp	1
sb	1
satisfy	1
sarcastic	1
sapphires	1
sands	1
sand	1
salts	1
saltin	1
saltim^lle	1
salt	1
sajang	1
saint	1
sails	1
saddle	1
saddened	1
sa	1
s'pose	1
rushing	1
rush	1
running	1
rumour	1
ruin	1
ruffled	1
rude	1
ruddy	1
ruby	1
rubbish	1
rubbing	1
rounder	1
rosebud	1
roots	1
rolling	1
roiig	1
rode	1
rocking	1
robust	1
robed	1
risen	1
rippled	1
ripped	1
rings	1
rimmed	1
rift	1
ribbon	1
rheumatism	1
rheumatic	1
reward	1
revoir	1
reviving	1
revive	1
reverently	1
reverent	1
revenue	1
revelled	1
retui'n	1
retreated	1
retorted	1
retaining	1
retained	1
retain	1
retailing	1
resumed	1
resume	1
resulted	1
restoratives	1
resting-place	1
rested	1
respectfully	1
resists	1
resisting	1
resistance	1
resentfully	1
resent	1
rescued	1
reputation	1
reproaching	1
reproaches	1
reprieve	1
reports	1
report	1
repetitions	1
repented	1
repentant	1
repeating	1
rent	1
remembrance	1
remembered	1
remarks	1
remain	1
relieve	1
relentless	1
release	1
relative	1
rejoined	1
rejoiced	1
reiterated	1
reigning	1
regularly	1
regret	1
refusing	1
refreshing	1
refrained	1
refined	1
redeemed	1
recovering	1
recollections	1
recognition	1
recognising	1
reco	1
recluse	1
receiving	1
receive	1
receipt	1
reasons	1
rearrange	1
reaped	1
reahzed	1
readeth	1
rays	1
ray	1
rave	1
ravages	1
rattled	1
rattle	1
rash	1
rapidity	1
rank	1
rancour	1
rambling	1
rake	1
rained	1
raid	1
raged	1
radiance	1
r	1
quiver	1
quitted	1
quit	1
qui	1
questioning	1
questioner	1
questioned	1
queer	1
queen	1
quavering	1
quarrelled	1
quality	1
qnickly	1
pursuit	1
pursued	1
pursue	1
pursed	1
purse	1
purple	1
puppy	1
punishing	1
pulling	1
pull	1
puckering	1
puckered	1
pshaw	1
provoked	1
providence	1
provided	1
provide	1
proves	1
proverbially	1
protected	1
protect	1
prostration	1
prosperity	1
proposing	1
proposal	1
property	1
properly	1
proper	1
proof	1
promptly	1
prompted	1
promenaders	1
profligates	1
profligate	1
profitable	1
professes	1
professed	1
prodigal	1
procession	1
pro\dde	1
prized	1
printers	1
prided	1
prevailed	1
pretended	1
press	1
presently	1
presented	1
prepare	1
prehminary	1
preferring	1
preference	1
preached	1
pre\4ous	1
prays	1
praying	1
prattled	1
powerless	1
powder	1
pouring	1
poured	1
potatoes	1
potato	1
potations	1
pot	1
postoffice	1
possibly	1
possession	1
posed	1
portion	1
port	1
pooh	1
pompously	1
pompous	1
pommel	1
pollute	1
politely	1
policy	1
pocketbook	1
po'chays	1
plumaged	1
pluck	1
plethora	1
pledged	1
pledge	1
pleasantly	1
pleading	1
played	1
plashed	1
planning	1
planks	1
planked	1
plaj'ed	1
placid	1
placard	1
pitifully	1
pitching	1
pistol	1
piping	1
pipe	1
pinching	1
pillar	1
pig	1
piercing	1
piecing	1
picturing	1
picking	1
physician	1
pho	1
phnth	1
phick	1
petulant	1
petty	1
pettishly	1
pets	1
petition	1
perspiration	1
persists	1
persisted	1
persecutor	1
permission	1
perform	1
perfida	1
perfect	1
percent	1
penury	1
pent	1
penny	1
penniless	1
pendent	1
pencil	1
penalty	1
peeling	1
pearl	1
peaceful	1
pays	1
paths	1
pathetic	1
paternal	1
pastry	1
passers	1
passer	1
particularly	1
paroxysm	1
parlour	1
pariahs	1
paralyse	1
papers	1
papa	1
pantry	1
pantaloons	1
pang	1
palsied	1
pallet	1
painfully	1
padded	1
packet	1
paced	1
owner	1
owl	1
owe	1
overturning	1
overturn	1
overstrained	1
overfed	1
overdone	1
overburdened	1
overbalanced	1
oughtn't	1
osses	1
ornament	1
oriental	1
orficer	1
option	1
oppressed	1
opinion	1
opera	1
ooufide	1
onh	1
ones	1
one'll	1
ominous	1
oldest	1
oft	1
offspring	1
offensive	1
offends	1
odour	1
occur	1
occupation	1
occasion	1
obtaining	1
obtain	1
obstinately	1
obstacle	1
obscuring	1
obliged	1
objection	1
object	1
obeyed	1
oath	1
nutriment	1
number	1
nuisance	1
np	1
noted	1
noosed	1
noon	1
noisy	1
noisily	1
nodding	1
noblemen	1
nmrderer	1
nised	1
nine	1
nights	1
niece	1
netting	1
nets	1
ness	1
nervousness	1
nerves	1
nerved	1
nell	1
neglect	1
necklets	1
necessity	1
necessities	1
necessitated	1
necessaries	1
natural	1
narrator	1
names	1
nails	1
nail	1
nad	1
n	1
mysteeious	1
mutely	1
musings	1
musingly	1
musing	1
murmurous	1
murmuring	1
murmtir	1
murders	1
mummy	1
muffled	1
muddle	1
ms	1
mouthpiece	1
mounted	1
motherly	1
mortal	1
month	1
monstrous	1
monster	1
monopolisation	1
monkey	1
mongers	1
monetary	1
mockingly	1
mocking	1
mockery	1
mock	1
moaned	1
moan	1
mnst	1
mmute	1
mm'der	1
mixing	1
mixed	1
misunderstood	1
misunderstanding	1
mistakes	1
mist	1
misses	1
missed	1
misjudged	1
mishap	1
miserly	1
misconducted	1
mischief	1
mire	1
minutiae	1
mingling	1
mingled	1
minced	1
military	1
milestone	1
miles	1
mile	1
miizzled	1
mien	1
middle	1
miarmed	1
metaphorically	1
messages	1
merry	1
merrily	1
meritorious	1
mentioned	1
mentally	1
menace	1
member	1
melt	1
melodramatic	1
mellershwhen	1
medium	1
meditations	1
meanwhile	1
meaning	1
meagrely	1
maybe	1
matthy	1
mates	1
mate	1
match	1
mat	1
masters	1
mass	1
marks	1
market	1
marching	1
marched	1
march	1
manservant	1
manners	1
manly	1
manfully	1
manage	1
malign	1
main	1
maid	1
magistrate	1
magisterial	1
magician	1
maddens	1
maddened	1
madden	1
m'lads	1
lurid	1
lurch	1
lumping	1
luminous	1
ludicrous	1
lucky	1
lucid	1
loyal	1
lowered	1
loungers	1
loudness	1
losing	1
lopement	1
looming	1
loomed	1
lookout	1
longed	1
loftily	1
locked	1
lock	1
loathsome	1
loathe	1
loans	1
load	1
lo\	1
lmnell	1
lixnell	1
living	1
lively	1
lithe	1
literally	1
listlessly	1
listeners	1
links	1
lingering	1
lin	1
limiell	1
likeness	1
liigh	1
lightning	1
lightness	1
lightly	1
lighter	1
lighten	1
liberty	1
lias	1
liar	1
lepers	1
leper	1
lent	1
length	1
lending	1
lend	1
legal	1
legacy	1
ledger	1
leaves	1
leap	1
leaked	1
leaders	1
leader	1
lead	1
lea\ing	1
lea\dng	1
lays	1
laws	1
lavished	1
launched	1
laughter	1
lashed	1
largest	1
lap	1
land	1
lamp	1
lamb	1
lain	1
lackey	1
laces	1
labouring	1
labelled	1
koom	1
knowhow	1
knotted	1
kinds	1
kindling	1
killing	1
kick	1
kegs	1
keg	1
keen	1
justified	1
justice	1
juno	1
jumping	1
jumped	1
judges	1
judged	1
joyful	1
joy	1
josiali	1
jocular	1
jingling	1
jezebels	1
jev^els	1
jersey	1
jerked	1
jaw	1
jars	1
jar	1
jane	1
jaded	1
jackal	1
jack	1
ivory	1
iu	1
itched	1
italians	1
it'll	1
irritable	1
irksome	1
iris	1
invitation	1
investigate	1
invades	1
intimate	1
interrupted	1
interfering	1
intently	1
intention	1
intensity	1
intensifying	1
intensified	1
intending	1
intelligent	1
insulter	1
instinct	1
instantaneously	1
inspecting	1
inspect	1
insolence	1
insistent	1
insist	1
insignificant	1
inside	1
insensate	1
inquiry	1
inquiries	1
inquire	1
innocence	1
inner	1
initiated	1
information	1
influenced	1
influence	1
inflicted	1
inflict	1
infatuation	1
infatuated	1
inexorable	1
inevitable	1
indulging	1
indulged	1
indoors	1
indistinct	1
indignation	1
india	1
indefatigable	1
increased	1
incongruous	1
incoherently	1
incoherent	1
inches	1
inch	1
incapable	1
inaudible	1
impulse	1
imprisonment	1
impressed	1
impossibility	1
importance	1
imploringly	1
impertinent	1
impertinence	1
imperiously	1
imperious	1
impenetrable	1
impatient	1
immediate	1
imitations	1
imitating	1
imitated	1
imist	1
imbibing	1
imagine	1
illumined	1
illness	1
ill-used	1
ignoring	1
ignore	1
idolised	1
idlers	1
identified	1
ice	1
hut	1
hussy	1
hunted	1
hungry	1
hun	1
humbugged	1
humbly	1
humbling	1
humanity	1
hullo	1
hull	1
hugged	1
huge	1
hug	1
hue	1
howl	1
housebreakers	1
hotel	1
horton	1
hort'n	1
horseback	1
horrid	1
hooting	1
hoop	1
hoofs	1
honoured	1
holt	1
holborn	1
hockley	1
hncourt	1
hits	1
hitch	1
hirn	1
hire	1
hiin	1
highwayman	1
highty	1
highness	1
higher	1
hideously	1
hhn	1
hessian	1
hesitation	1
hesitatingly	1
hero	1
helpmeets	1
helplessness	1
helpful	1
hell	1
height	1
heels	1
heeding	1
heat	1
heartstrings	1
heartedness	1
hearers	1
healthy	1
healths	1
headache	1
hea\ang	1
hcjrself	1
hatred	1
hates	1
hateful	1
haster	1
hastened	1
harshly	1
harsh	1
hark	1
hardest	1
hardening	1
happens	1
happen	1
handsomest	1
handsomer	1
hallo	1
hairs	1
haha	1
hags	1
habitual	1
habits	1
guv'nor	1
gulls	1
gulf	1
guise	1
guineas	1
guilt	1
guileless	1
guildford	1
guided	1
guest	1
grumbled	1
gruffly	1
gruff	1
grubby	1
grubber	1
growl	1
ground	1
grotesque	1
groan	1
grip	1
grimmest	1
grimaces	1
greyer	1
gravity	1
gravaiii	1
gratitude	1
grated	1
grass	1
grain	1
gradually	1
graceful	1
grace	1
gouty	1
gouging	1
gossip	1
goose	1
goods	1
goodness	1
goodhearted	1
good-looking	1
golden	1
godsend	1
gods	1
goddess	1
glowed	1
glory	1
glittered	1
glistened	1
gliding	1
glaring	1
glared	1
glances	1
gives	1
giddy	1
gibraltar	1
gi'own	1
ghost	1
george	1
gentle	1
generally	1
general	1
gem	1
gaunt	1
gathered	1
gasp	1
garbled	1
gang	1
gaming	1
galvanise	1
gals	1
gaining	1
gaiety	1
gad	1
fussy	1
fuss	1
furnished	1
funeral	1
fumes	1
fugitive	1
froze	1
frowned	1
frown	1
fro	1
frivolous	1
frill	1
friendless	1
fribbles	1
fret	1
freezing	1
fraid	1
fourth	1
foun	1
foster	1
fortnight	1
fort	1
forsake	1
formed	1
forgot	1
forgiving	1
forgivenees	1
forgets	1
forgetfulness	1
forerunners	1
forces	1
forbearing	1
forbearance	1
fops	1
foot	1
foolishness	1
fooled	1
fondling	1
fomid	1
follies	1
folding	1
flourished	1
florid	1
flood	1
floating	1
float	1
flitted	1
flickering	1
flew	1
fled	1
flaws	1
flattering	1
flattered	1
flatly	1
flat	1
flakes	1
fitting	1
fitted	1
fits	1
fisted	1
fished	1
firmness	1
firing	1
fireplace	1
fired	1
firearms	1
finery	1
finely	1
file	1
fifty-five	1
fierceness	1
fiendish	1
fiend	1
fidget	1
fiddlestick	1
fiction	1
fibs	1
fewer	1
fetching	1
fender	1
fence	1
felon	1
fees	1
features	1
feast	1
fears	1
fearing	1
feared	1
favourites	1
favourite	1
favoured	1
faults	1
fathoming	1
fastening	1
fasliionable	1
fanned	1
falsities	1
falsehoods	1
faithful	1
fairish	1
faintness	1
faintest	1
fainted	1
failed	1
fail	1
fag	1
fading	1
faded	1
fade	1
facing	1
f	1
eyeglass	1
eyebrows	1
extricated	1
extremely	1
extra	1
extended	1
expressed	1
explained	1
expiate	1
expenses	1
expecting	1
expectancy	1
existence	1
existed	1
exercise	1
executed	1
excitable	1
exchanged	1
exceptional	1
exceeding	1
exactness	1
evoking	1
evoked	1
evil	1
evident	1
evidence	1
everj^thing	1
everj'one	1
events	1
event	1
evaders	1
eushing	1
et	1
estimation	1
esteem	1
establishment	1
escaped	1
ere	1
equal	1
epithets	1
eoyal	1
eough	1
eoom	1
eoad	1
envious	1
entries	1
enterprising	1
ensued	1
ensue	1
enjoy	1
english	1
endurance	1
endless	1
ending	1
endeavoured	1
encounters	1
enabling	1
en	1
empty	1
emeralds	1
emdous	1
embraces	1
embraced	1
elucidation	1
elsewhere	1
eloquently	1
eloping	1
eleven	1
elbows	1
elbow	1
elaborately	1
either	1
eichaud	1
ehe	1
effectually	1
eepent	1
eemember	1
ee	1
edifice	1
edged	1
ed	1
ectly	1
echoing	1
echoes	1
eccentric	1
eaving	1
ease	1
earned	1
early	1
e\dl	1
dwelling	1
dwell	1
dwarfed	1
dusk	1
dur&n't	1
dunno	1
duly	1
duligne	1
dug	1
dudgeon	1
du'ection	1
dry	1
drums	1
drowsily	1
drowned	1
drown	1
drops	1
droll	1
driving	1
drinks	1
drifting	1
drift	1
dressing	1
drenched	1
dregs	1
dredge	1
dreary	1
dreams	1
dreamlike	1
dreaming	1
dreading	1
drawm	1
draught	1
drained	1
doze	1
downward	1
dowai	1
dover	1
doubtingly	1
doubted	1
doubly	1
dotard	1
doorstep	1
doors	1
dool	1
dooced	1
donkey	1
dolefully	1
dogs	1
divided	1
divide	1
disturbance	1
distraught	1
distracted	1
distorted	1
distances	1
dissatisfied	1
disposition	1
displeasure	1
displays	1
displaying	1
displayed	1
dispatched	1
disparagement	1
disobedient	1
dismounted	1
dismissed	1
dismay	1
dislocated	1
dislike	1
disinterestedness	1
dishonour	1
dishonest	1
disgusting	1
disguise	1
disgraceful	1
discussed	1
discuss	1
discriminate	1
discovering	1
discount	1
disciplined	1
disarm	1
disappointments	1
disappointed	1
disappearing	1
disappeared	1
disappear	1
directress	1
directions	1
direction	1
directed	1
direct	1
dipping	1
dipped	1
dinster	1
ding	1
dine	1
dim	1
dilating	1
dilated	1
dig	1
dies	1
dictate	1
di\idual	1
di	1
dh	1
dew	1
deuced	1
detaining	1
destruction	1
destroys	1
dessay	1
despond	1
despicable	1
desperate	1
desolation	1
desolate	1
deserved	1
descent	1
dered	1
deposited	1
depicted	1
departing	1
deny	1
denvilles*	1
denvilles	1
denville^	1
dense	1
denounces	1
denounce	1
denied	1
denial	1
den\alle	1
demand	1
delirious	1
deliberate	1
deil	1
degrading	1
degradation	1
deft	1
defined	1
defiled	1
defile	1
defiant	1
defiance	1
defamer	1
declining	1
declared	1
declare	1
deck	1
decisively	1
decisive	1
decision	1
deceive	1
debts	1
debtor	1
dealing	1
dealer	1
deaf	1
deadly	1
daughters	1
dart	1
darkened	1
danger	1
danced	1
damp	1
dame	1
daisies	1
daily	1
dabs	1
dabbed	1
da	1
cynic	1
cuts	1
cutout	1
cutlets	1
custom	1
curving	1
current	1
curiosity	1
cur	1
cupboard	1
cup	1
culprit	1
cuj	1
crystals	1
crumpled	1
cruelty	1
crouched	1
crisis	1
cripple	1
criminal	1
crimes	1
crew	1
crests	1
creeps	1
creel	1
creditors	1
creatm'e	1
crash	1
cracker	1
coxcombs	1
cowardice	1
covering	1
county	1
country	1
counten	1
counted	1
count	1
cosy	1
costume	1
coroner	1
corns	1
cornetmorton	1
corn	1
cordy	1
cord	1
copying	1
convulsively	1
convicted	1
contrived	1
contrivance	1
contrition	1
contrary	1
contradicted	1
contradict	1
contents	1
contented	1
contending	1
contempt	1
contemporaries	1
contamination	1
contain	1
consumption	1
consulted	1
consultation	1
consult	1
consolatory	1
consideration	1
considerable	1
consider	1
consequently	1
consequent	1
consequence	1
conscience	1
cons'ble	1
cons'able	1
conquered	1
connexion	1
conjuring	1
congratulated	1
confiding	1
confidential	1
confide	1
confession	1
confessing	1
confessed	1
confess	1
condemnation	1
conclusion	1
concerns	1
concealment	1
compressed	1
comprehensive	1
comprehended	1
composed	1
complaints	1
complaint	1
compassion	1
compare	1
communications	1
communicate	1
commons	1
comments	1
commands	1
comitiission	1
comforted	1
combined	1
colours	1
colour	1
collecting	1
collected	1
collars	1
cold-blooded	1
coinages	1
coin	1
coat	1
coast	1
coarse	1
cmious	1
clutched	1
clutch	1
cluster	1
club	1
clouded	1
clothed	1
cloth	1
clock	1
climbed	1
climb	1
cliild	1
cleverly	1
clenched	1
clearer	1
claw	1
clause	1
classically	1
claret	1
clap	1
clanking	1
claim	1
claii	1
claiee	1
clah'e	1
circulation	1
circle	1
cigar	1
chucked	1
chronicles	1
chosen	1
chorussed	1
chorused	1
chorus	1
choose	1
choice	1
chivalrously	1
chin	1
chimney-piece	1
chilly	1
chilled	1
childish	1
cheered	1
cheeked	1
checking	1
cheated	1
chatters	1
chatted	1
chased	1
charms	1
chariot	1
character	1
chapteb	1
chaplain	1
channel	1
chamois	1
challenged	1
challenge	1
chalky	1
chairs	1
chain	1
chaff	1
cessation	1
ceremomes	1
cease	1
causes	1
caused	1
cathedral	1
casting	1
cart	1
carrying	1
carry	1
cargoes	1
caressing	1
caresses	1
caressed	1
caress	1
carefully	1
cared	1
cardplayer	1
carbines	1
canvassed	1
canting	1
cantered	1
canes	1
candles	1
candlelight	1
candle	1
cancel	1
calumniating	1
calmness	1
calmer	1
calls	1
callers	1
caller	1
calamity	1
caged	1
cable	1
bystander	1
bye	1
buying	1
butter	1
butt	1
bustling	1
bush	1
bury	1
bursting	1
burned	1
burn	1
burdened	1
burden	1
bundle	1
bunch	1
bullet	1
buck	1
brutal	1
brows	1
browned	1
brown	1
bronzes	1
bronzed	1
bristly	1
briskly	1
brimming	1
brimmed	1
brilliants	1
brilliant	1
brilhants	1
brilhant	1
brightly	1
brighter	1
bride	1
bric	1
brethren	1
breezes	1
breathe	1
brawl	1
braved	1
branches	1
brains	1
bracket	1
bracelet	1
brac	1
boys	1
bow	1
bout	1
bothered	1
boro	1
booking	1
bonny	1
bodily	1
boats	1
bm^st	1
blush	1
bluntly	1
blunted	1
blunt	1
blunder	1
bluish	1
blubbering	1
blowing	1
blotting	1
blotted	1
blotches	1
bloodshed	1
blinding	1
bleeding	1
blasts	1
blasphemer	1
blank	1
blancmange	1
blackening	1
blacken	1
bitten	1
bird	1
billing	1
bigger	1
bidden	1
bid	1
bhen	1
bewitched	1
betrayer	1
betray	1
betimes	1
bestowing	1
bestowed	1
bestow	1
besides	1
bend	1
bemoaning	1
belonged	1
belle	1
belief	1
behave	1
begun	1
begs	1
begins	1
begged	1
befalling	1
befall	1
bedside	1
beds	1
bedclothes	1
bedchamber	1
beckoning	1
beckoned	1
beaver	1
beaux	1
beats	1
beating	1
beaten	1
beasts	1
bearing	1
bearers	1
bearded	1
beams	1
beam	1
beach	1
bay	1
battled	1
bathing	1
basket	1
bashful	1
based	1
barred	1
baronet	1
barely	1
bared	1
bar	1
banteringly	1
bankruptcy	1
banish	1
banging	1
banged	1
balusters	1
balc'ny	1
bait	1
bahisters	1
bah	1
bags	1
baggage	1
badinage	1
backwards	1
backing	1
babble	1
b	1
ayouldn't	1
awful	1
awaking	1
awaiting	1
avowed	1
avert	1
avere	1
ave	1
avail	1
authority	1
author	1
augmenting	1
aught	1
audacity	1
au	1
attracted	1
attentively	1
attending	1
attempting	1
attempted	1
attacks	1
attacking	1
attacked	1
attack	1
atrocious	1
astounded	1
astonishment	1
astonished	1
assured	1
assuming	1
assume	1
assist	1
assailant	1
aspects	1
asks	1
askance	1
ashore	1
ashamed	1
ascended	1
asain	1
artist	1
arranging	1
arn't	1
army	1
aristocratic	1
argue	1
arc	1
appeals	1
appealingly	1
apathy	1
apartments	1
ap	1
anywhere	1
anxiety	1
answerable	1
anonymous	1
animated	1
andinuch	1
ance	1
amsterdam	1
ample	1
amount	1
amiable	1
amends	1
ambitious	1
amazed	1
alter	1
altar	1
aloft	1
alive	1
albeit	1
alarming	1
alarmed	1
ait	1
airs	1
aimed	1
aground	1
agreeable	1
agonising	1
aghast	1
ages	1
aged	1
aforcedlaugh	1
afford	1
affectionately	1
affectionate	1
affected	1
affectation	1
advised	1
adversary	1
advancement	1
admit	1
admiringly	1
admiring	1
admiration	1
admirably	1
adjurations	1
adjournment	1
adieu	1
addition	1
adding	1
ad\'ised	1
acute	1
activity	1
acknowledgment	1
accusing	1
accusation	1
accorded	1
accompanied	1
accept	1
abstemious	1
absolved	1
absence	1
abominable	1
aboat	1
abeyance	1
abear	1
abasement	1
aback	1
a]3parently	1
^yretclled	1
^yith	1
^vith	1
^mellersh	1
^dsitors	1
^;	1
^	1
]	1
\yas	1
?*	1
?"	1
<	1
2gg	1
0u	1
-'	1
*■	1
**	1
*'	1
),	1
)	1
(	1
'?'	1
'*	1
''	1
"■	1
").	1
!"	1
