,	1439
"	910
the	788
to	684
.	662
i	493
of	478
**	390
my	357
*'	353
a	351
and	299
his	297
he	295
in	252
you	250
not	241
it	239
her	234
that	218
was	210
(	186
me	181
with	180
be	175
this	170
but	166
had	154
for	154
:	154
;	152
'	148
as	140
have	138
on	129
—	128
!	128
him	127
at	125
mr	116
which	114
*^	113
by	112
your	111
is	105
sir	101
she	101
from	100
what	90
|arabic1digit|	87
no	87
said	81
fo	80
an	80
?	78
."	78
would	76
will	74
if	73
''	70
miss	68
more	67
now	61
could	60
)	60
their	59
'*	58
who	57
they	56
lady	56
them	53
are	53
|romannumeral|	52
when	51
has	49
dear	49
been	49
how	48
all	48
did	47
were	45
gore	45
than	44
can	44
good	42
coventry	42
such	41
out	41
yet	40
should	40
),	40
or	39
never	38
we	37
though	37
one	37
man	37
after	37
see	36
father	36
edward	36
very	35
shall	35
love	35
know	35
heart	35
am	35
|'s|	34
do	34
say	33
must	33
time	32
only	32
any	32
those	31
replied	31
left	31
hand	31
gilford	31
before	31
much	30
may	30
brother	30
•*	29
then	29
friend	29
too	28
think	28
there	28
j	28
william	27
scipio	27
just	27
fon	27
where	26
some	26
himself	26
again	26
sister	25
our	25
mrs	25
maria	25
lavinia	25
every	25
de	25
cannot	25
thought	24
returned	24
made	24
here	24
come	24
^*	24
^	24
«	23
told	23
place	23
own	23
into	23
child	23
^'	23
take	22
being	22
us	21
till	21
tell	21
other	21
most	21
might	21
give	21
ever	21
^^	21
put	20
let	20
fly	20
first	20
company	20
without	19
vaughan	19
return	19
madam	19
least	19
francis	19
eyes	19
creature	19
«*	18
whom	18
up	18
two	18
took	18
lord	18
little	18
life	18
going	18
f	18
cried	18
why	17
well	17
thousand	17
these	17
nothing	17
many	17
make	17
last	17
happy	17
daughter	17
years	16
y	16
thy	16
person	16
myself	16
morning	16
mafar	16
hermit	16
great	16
found	16
even	16
door	16
?"	16
•'	15
young	15
words	15
saw	15
same	15
re	15
poor	15
old	15
master	15
kind	15
given	15
gave	15
fortune	15
felt	15
back	15
answer	15
«'	14
still	14
soon	14
room	14
readers	14
power	14
next	14
look	14
letter	14
ladyship	14
go	14
day	14
came	14
world	13
ten	13
taking	13
seen	13
reason	13
night	13
mother	13
long	13
indeed	13
hope	13
death	13
both	13
about	13
\	13
'^	13
whilst	12
since	12
rock	12
presence	12
obliged	12
moment	12
leave	12
its	12
honest	12
god	12
friends	12
find	12
few	12
fet	12
face	12
dreadful	12
does	12
dick	12
determined	12
continued	12
boy	12
better	12
amiable	12
*«	12
)!	12
three	11
received	11
pleasure	11
lover	11
knew	11
joy	11
ihe	11
having	11
g	11
enough	11
ed	11
almost	11
affair	11
).	11
worthy	10
wife	10
upon	10
uncle	10
suppose	10
something	10
saying	10
pounds	10
possible	10
niece	10
mistress	10
mind	10
manner	10
instant	10
house	10
heaven	10
happiness	10
generous	10
five	10
family	10
entered	10
d	10
cruel	10
already	10
ah	10
-,	10
used	9
tender	9
taken	9
promise	9
prevented	9
perhaps	9
pardon	9
once	9
met	9
meet	9
ladies	9
honour	9
hands	9
h	9
gentleman	9
fa	9
e	9
days	9
convinced	9
chariot	9
agreeable	9
add	9
account	9
*•	9
!"	9
««	8
whose	8
whole	8
vol	8
under	8
speak	8
second	8
request	8
really	8
pretty	8
pleasing	8
people	8
part	8
over	8
oh	8
lost	8
longer	8
less	8
lay	8
impossible	8
hours	8
hour	8
heard	8
harry	8
grove	8
follow	8
fine	8
faithful	8
countenance	8
consent	8
colour	8
charming	8
chap	8
cafe	8
away	8
arms	8
appearance	8
also	8
affairs	8
<*	8
,,	8
woods	7
wood	7
went	7
way	7
un	7
tears	7
sweet	7
sure	7
step	7
sight	7
servant	7
sent	7
senses	7
says	7
receive	7
rather	7
pray	7
passion	7
parent	7
often	7
oblige	7
nor	7
nephew	7
near	7
nature	7
like	7
interrupted	7
ing	7
ill	7
hopes	7
hint	7
hall	7
half	7
gratitude	7
girl	7
gentle	7
former	7
filled	7
fear	7
expressed	7
each	7
down	7
declared	7
concern	7
con	7
com	7
carried	7
carriage	7
brought	7
bosom	7
best	7
beloved	7
bad	7
asked	7
another	7
air	7
absence	7
);	7
{	6
youth	6
window	6
ward	6
violent	6
trees	6
towards	6
thou	6
thee	6
tea	6
t	6
steps	6
soul	6
satisfy	6
returning	6
retired	6
repeat	6
reflections	6
r	6
quite	6
proceed	6
o	6
new	6
neither	6
necessary	6
name	6
miserable	6
melancholy	6
matters	6
matter	6
m	6
london	6
live	6
liberty	6
large	6
instead	6
immediately	6
held	6
grosvenor	6
grief	6
giving	6
get	6
four	6
following	6
flew	6
finding	6
feel	6
favour	6
far	6
expected	6
expect	6
ex	6
drove	6
done	6
dislike	6
dif	6
desired	6
desire	6
deserving	6
dearest	6
conversation	6
comfort	6
children	6
called	6
breast	6
blame	6
b	6
avoid	6
assistance	6
appear	6
anything	6
against	6
afternoon	6
adopted	6
acquaint	6
?'*	6
*	6
|arabic2digit|	5
yourself	5
woman	5
week	5
wanted	5
walk	5
voice	5
vile	5
unless	5
turned	5
try	5
truly	5
true	5
together	5
thus	5
thinking	5
themselves	5
supposed	5
sudden	5
show	5
sense	5
seemed	5
right	5
rest	5
refuse	5
reasons	5
real	5
promised	5
present	5
preceding	5
plain	5
pen	5
passed	5
pain	5
pafs	5
others	5
opportunity	5
opinion	5
opened	5
occasioned	5
occasion	5
nay	5
mouth	5
months	5
mine	5
meeting	5
lovely	5
light	5
levy	5
latter	5
la	5
intelligence	5
hundred	5
herself	5
hearing	5
health	5
hardly	5
happened	5
greatly	5
generosity	5
fire	5
fettled	5
feet	5
fears	5
fate	5
farther	5
fair	5
extremely	5
evening	5
enter	5
elder	5
either	5
early	5
drawn	5
doubt	5
doctor	5
dispatched	5
describe	5
country	5
convince	5
contrary	5
concerned	5
coming	5
coach	5
care	5
call	5
broke	5
bore	5
between	5
believe	5
became	5
beast	5
ask	5
arrival	5
always	5
alteration	5
alas	5
al	5
added	5
ac	5
able	5
>	5
<'	5
•«	4
•	4
}	4
wrote	4
women	4
wish	4
weeks	4
water	4
waited	4
visit	4
virtues	4
use	4
unhappy	4
understand	4
twelve	4
truth	4
trembling	4
tomorrow	4
times	4
through	4
threw	4
thousands	4
things	4
thing	4
therefore	4
telling	4
talk	4
stay	4
state	4
sorrow	4
sooner	4
sometimes	4
smiling	4
smile	4
small	4
six	4
showed	4
severe	4
send	4
seems	4
secret	4
seated	4
seat	4
s	4
rising	4
reverence	4
retire	4
resolved	4
resolution	4
ready	4
quiet	4
protest	4
prevail	4
praises	4
possessed	4
permit	4
party	4
parlour	4
parents	4
pale	4
ought	4
order	4
open	4
off	4
object	4
noble	4
mofl	4
misfortunes	4
misfortune	4
minutes	4
minds	4
means	4
mean	4
marriage	4
low	4
lovers	4
loss	4
living	4
lived	4
lips	4
led	4
leaving	4
knees	4
keep	4
journey	4
join	4
itself	4
interview	4
interest	4
ho	4
hitherto	4
hear	4
head	4
guilt	4
grateful	4
grant	4
graceful	4
gone	4
gentlemen	4
full	4
fond	4
followed	4
fide	4
extended	4
excuse	4
event	4
engaged	4
end	4
embraced	4
ease	4
duty	4
drive	4
dreaded	4
different	4
devil	4
dark	4
danger	4
concealed	4
common	4
change	4
cave	4
calm	4
bring	4
breakfast	4
bow	4
blessed	4
black	4
bestow	4
besides	4
behaviour	4
begged	4
baronet	4
aversion	4
aunt	4
attention	4
attend	4
assured	4
assist	4
appeared	4
alone	4
age	4
acquainted	4
absolutely	4
]	4
<^	4
..	4
-	4
*<	4
)?	4
";	4
•^	3
—,	3
«^	3
yes	3
wrong	3
wretch	3
word	3
within	3
winter	3
whisper	3
waiting	3
wait	3
visible	3
vessel	3
vaiighan	3
usual	3
unlucky	3
unkindness	3
uneasiness	3
unaccountable	3
twenty	3
turning	3
turn	3
tried	3
trial	3
treatment	3
torn	3
tone	3
title	3
tious	3
tions	3
tion	3
thoughts	3
thanked	3
thank	3
ter	3
sweetly	3
surprised	3
surprise	3
subjects	3
strain	3
stormont	3
stopped	3
spent	3
spared	3
so	3
sleep	3
sit	3
sigh	3
sex	3
servants	3
seized	3
seem	3
scipioy	3
scene	3
scarcely	3
rushed	3
row	3
revere	3
retiring	3
restored	3
reply	3
rendered	3
relations	3
regard	3
recount	3
read	3
rapture	3
ran	3
quit	3
question	3
pursue	3
prove	3
propriety	3
propose	3
pronounced	3
produce	3
proceeded	3
pro	3
presumption	3
presented	3
pre	3
pleased	3
please	3
physician	3
permitted	3
particular	3
pair	3
paid	3
ordering	3
offered	3
obligations	3
objection	3
oath	3
notion	3
note	3
none	3
neck	3
necessity	3
narrative	3
mufti	3
mod	3
method	3
messenger	3
mer	3
mentioned	3
men	3
mc	3
marry	3
marias	3
makes	3
mafar^	3
loves	3
lose	3
looked	3
listened	3
length	3
late	3
kindly	3
kept	3
jones	3
introduced	3
intentions	3
intend	3
innocence	3
informed	3
inform	3
infant	3
inexpressible	3
impatient	3
imagination	3
i'll	3
however	3
horrid	3
honoured	3
home	3
holding	3
hidden	3
help	3
hap	3
greatest	3
grace	3
got	3
gores	3
gloomy	3
gilfordy	3
gil	3
fuffered	3
fright	3
friendship	3
fresh	3
forwards	3
forward	3
forgot	3
forgive	3
forget	3
ford	3
forbade	3
flattering	3
fl	3
finger	3
final	3
file	3
fell	3
felicity	3
favours	3
fall	3
fail	3
expression	3
experience	3
execution	3
esteem	3
estate	3
equal	3
entreaties	3
entreat	3
entrance	3
entertained	3
enjoyed	3
engage	3
en	3
employed	3
elegant	3
eft	3
don't	3
doing	3
disposition	3
disney	3
discover	3
disappointed	3
detained	3
design	3
deserves	3
dependance	3
depend	3
delightful	3
defence	3
declare	3
dead	3
daugh	3
dat	3
cry	3
coward	3
contrive	3
contrivance	3
contained	3
constant	3
conscious	3
concluded	3
comply	3
completed	3
command	3
close	3
choose	3
cherub	3
cheeks	3
charms	3
character	3
chance	3
chamber	3
certainly	3
cell	3
cause	3
carry	3
bro	3
bride	3
bribe	3
bottom	3
blow	3
bless	3
betty	3
bestowed	3
bereft	3
behind	3
began	3
beg	3
beautiful	3
beard	3
band	3
ay	3
assumed	3
art	3
arrived	3
applying	3
animal	3
almighty	3
allow	3
airing	3
advice	3
advancing	3
admiration	3
addition	3
accident	3
abroad	3
abode	3
^«	3
<«	3
<<	3
**;	3
'•	3
♦^	2
£^-	2
|arabic3digit|	2
yours	2
yesterday	2
ycu	2
write	2
wretched	2
work	2
wo	2
witness	2
wishing	2
wind	2
willing	2
white	2
whatever	2
wedding	2
weather	2
ways	2
warmest	2
warm	2
wall	2
voices	2
visits	2
virtue	2
village	2
verge	2
venture	2
vent	2
vas	2
value	2
vain	2
usage	2
unworthy	2
unnecessary	2
unknown	2
unkind	2
universe	2
united	2
ungrateful	2
unfortunate	2
unac	2
treated	2
transport	2
transformed	2
trans	2
traduced	2
trade	2
trace	2
touched	2
ting	2
tidings	2
thrown	2
throw	2
throat	2
terrified	2
termed	2
tenderness	2
tenderhearted	2
te	2
talked	2
table	2
ta	2
sword	2
swift	2
swelling	2
sweetness	2
swains	2
surrounded	2
support	2
summons	2
sufficient	2
sufferings	2
subject	2
strenuously	2
streaming	2
stranger	2
story	2
stop	2
stood	2
steward	2
stepped	2
stephens	2
spot	2
spoke	2
spite	2
spirited	2
spirit	2
speed	2
speechless	2
space	2
source	2
sort	2
somewhat	2
solicit	2
solemn	2
sole	2
soil	2
sneer	2
smiles	2
slow	2
situation	2
single	2
simon	2
shut	2
shown	2
shore	2
ship	2
shine	2
share	2
settle	2
serve	2
separation	2
sentence	2
secrets	2
scheme	2
scarce	2
scandal	2
saved	2
sat	2
sanguine	2
sake	2
safe	2
ruin	2
round	2
road	2
rival	2
ring	2
riches	2
rich	2
revered	2
revenge	2
revealed	2
reveal	2
retreat	2
restraint	2
respects	2
respect	2
resentment	2
required	2
reproof	2
repeating	2
repay	2
render	2
remind	2
rely	2
relieve	2
refused	2
refled	2
reentered	2
recovery	2
recovered	2
reconciled	2
receiving	2
reached	2
quickly	2
questions	2
quainted	2
pursuit	2
proposed	2
proposal	2
property	2
proper	2
probably	2
private	2
prevailed	2
pressed	2
preserved	2
preserve	2
preparing	2
prayers	2
praised	2
poverty	2
pompey	2
pocket	2
plainly	2
placed	2
phoebe	2
petition	2
perfect	2
perceive	2
per	2
peace	2
pe	2
pay	2
path	2
partook	2
partner	2
partly	2
particularly	2
parted	2
owing	2
owe	2
outvie	2
ourselves	2
otherwise	2
orders	2
oppressed	2
ones	2
oft	2
office	2
offer	2
offending	2
offended	2
obliging	2
obliga	2
obey	2
ob	2
nuptials	2
numberless	2
num	2
np	2
notwithstanding	2
net	2
nefs	2
native	2
narrow	2
names	2
mv	2
motions	2
moon	2
month	2
mofi	2
mo	2
mistook	2
mistaken	2
misery	2
mils	2
millbridgey	2
miles	2
mild	2
merciless	2
mention	2
ment	2
memory	2
meaning	2
married	2
marian	2
manly	2
lye	2
lution	2
lustre	2
loved	2
lordship	2
looks	2
looking	2
liould	2
lily	2
lifeless	2
lie	2
letters	2
lead	2
lavi	2
lately	2
landing	2
land	2
lancholy	2
lafl	2
ladyihip	2
known	2
kissing	2
judging	2
jo	2
jetty	2
jealousy	2
james	2
ipoke	2
intruder	2
intimate	2
interrupt	2
inter	2
intending	2
inten	2
instantly	2
insisted	2
innocent	2
inno	2
infinite	2
indulge	2
indignation	2
important	2
impatiently	2
immense	2
imagined	2
im	2
ilie	2
iliall	2
ignorant	2
idea	2
hurry	2
humanity	2
human	2
huf	2
horses	2
hoping	2
hither	2
highly	2
high	2
hi	2
heavy	2
heavenly	2
hearts	2
heartily	2
heads	2
hea	2
hate	2
hastened	2
hartly	2
harmony	2
hard	2
happen	2
hang	2
hajlings^	2
hair	2
habitation	2
guilty	2
guest	2
guess	2
guard	2
green	2
greater	2
grange	2
goodness	2
good-humour	2
gift	2
gere	2
general	2
fury	2
fur	2
fun	2
fro	2
friendly	2
frequent	2
frenzy	2
freely	2
fpeeded	2
formerly	2
forfeit	2
force	2
forbear	2
fool	2
folks	2
flewin	2
fled	2
flames	2
fixed	2
finish	2
filent	2
fight	2
fellow	2
feeling	2
features	2
feared	2
fe	2
faughan	2
fatlsfadion	2
fancy	2
fancied	2
fame	2
falling	2
fald	2
eye	2
exquisite	2
experienced	2
expense	2
expedition	2
expecting	2
excursion	2
exceeded	2
exalted	2
evil	2
evidence	2
everything	2
escaped	2
eradicate	2
equally	2
entreated	2
entirely	2
entire	2
entertaining	2
entertain	2
entering	2
enjoy	2
engaging	2
enclosed	2
eminence	2
emily	2
embrace	2
elfe	2
elected	2
eldest	2
eight	2
efforts	2
easy	2
easily	2
earth	2
ear	2
during	2
due	2
du	2
drop	2
drink	2
dressed	2
draw	2
doubtless	2
divine	2
distress	2
distance	2
displeasure	2
disorder	2
discovery	2
disappeared	2
disagreeable	2
dignity	2
diffident	2
difficulty	2
die	2
detain	2
destitute	2
despicable	2
described	2
delivered	2
degree	2
defer	2
deepest	2
deep	2
deceived	2
decease	2
debt	2
debarred	2
dawn	2
darling	2
dare	2
curiosity	2
cu	2
cross	2
crept	2
creditors	2
cover	2
cottage	2
contents	2
considering	2
consenting	2
confusion	2
confess	2
conduct	2
conceal	2
companion	2
commands	2
comes	2
comb	2
cold	2
coachman	2
co	2
civility	2
cheerfulness	2
cheek	2
chair	2
certain	2
cavern	2
caution	2
caused	2
carrying	2
caresses	2
car	2
can't	2
business	2
buried	2
brilliant	2
brighter	2
break	2
bowed	2
bout	2
bound	2
blushing	2
blood	2
beyond	2
betray	2
bent	2
below	2
behold	2
beginning	2
begging	2
bed	2
because	2
beauty	2
bear	2
aw	2
attempting	2
astonishment	2
arts	2
arise	2
arguments	2
argument	2
apprehensions	2
apprehend	2
apply	2
appellation	2
appears	2
apology	2
apartment	2
ap	2
anxious	2
answered	2
anger	2
angel	2
amusement	2
alk	2
alive	2
alighted	2
airings	2
aiked	2
afraid	2
affectionate	2
af	2
adversary	2
adieu	2
addresses	2
ad	2
actions	2
action	2
acknowledgements	2
acknowledge	2
accompanied	2
accepting	2
acceptance	2
absolute	2
above	2
abated	2
<(	2
;;	2
:.	2
.''	2
-^	2
,.	2
**'	2
):	2
',	2
"!	2
!''	2
♦*	1
■.	1
■,	1
■*'	1
■'.	1
■"	1
■	1
€c	1
••	1
•should	1
•s	1
•noble	1
•have	1
•^^	1
•<	1
•*■	1
•*^	1
•*/^^	1
—.	1
»^	1
£^^	1
}.	1
|arabic5+digit|	1
|arabic4digit|	1
zounds	1
zotjnds	1
z/^'u/w^	1
yourtawneys	1
younger	1
youlhall	1
youi	1
yotj	1
yoixr	1
yo\i	1
yl	1
yix	1
yiv/	1
yiv.gore	1
yen	1
year	1
ye	1
ycry	1
xviir	1
x.o	1
wtllidm	1
wrung	1
wrought	1
written	1
writings	1
wounded	1
wound	1
worth	1
worked	1
woolly	1
wool	1
woodsy	1
wonders	1
wonderful	1
wondered	1
woes	1
wmmmxm^mm.}mm%)mm	1
wj^slt	1
witnesses	1
witii	1
withme	1
withhold	1
withhimfelf	1
withfliamc	1
withdrawn	1
wit	1
wished	1
wise	1
wisdom	1
wipe	1
winning	1
wings	1
williarns	1
willia?n	1
willi	1
willed	1
wilhcd	1
wiiliam	1
wiihed	1
wiih	1
wif	1
widow	1
wholesome	1
whllft	1
whkh	1
whitest	1
whim	1
while	1
whey	1
whenever	1
whence	1
wheedled	1
wheatly^	1
whatobje(flion	1
wh9'^ol4	1
wereftrained^	1
wept	1
wench	1
wem	1
weji	1
weight	1
weeping	1
weeds	1
weatlyl	1
wear	1
weapon	1
weak	1
waves	1
watery	1
watching	1
watches	1
waste	1
warmth	1
warmly	1
want	1
walked	1
waits	1
wager	1
wa	1
vvill	1
vvhofe	1
vvas	1
vv^ill	1
vsfq	1
vs/ith	1
voyage	1
vou	1
vo	1
vmighan	1
vivacity	1
visitors	1
visiting	1
visita	1
visibly	1
violently	1
violence	1
viniay	1
villainy	1
villains	1
viler	1
vilely	1
vifitj	1
views	1
viewing	1
view	1
vide	1
vibrate	1
vhebe	1
vex	1
vermilioned	1
vered	1
vere	1
venors	1
ven	1
ve	1
vault	1
vaugkan	1
vaughauy	1
vaughariy	1
vaughari	1
vaughan)y	1
vaughaii)^	1
vaugha?i**	1
vaugha	1
vaugban^	1
vaugban	1
vaters	1
various	1
vanishes	1
vanghan	1
valuable	1
val	1
vaiigha?2y	1
vai\\ii	1
v^thy	1
v\o	1
utter	1
ut	1
usually	1
using	1
urchin	1
upwards	1
uplifted	1
upbraiding	1
unwilling	1
unweary	1
unseasonable	1
unreludantly	1
unrelenting	1
unpropitious	1
unpremeditated	1
unpitying	1
unperceived	1
unobserved	1
unmarry	1
unluckily	1
unknov^^ing	1
universal	1
unity	1
uniting	1
union	1
unhinges	1
unfortunately	1
unexpedled	1
unexpecsedly	1
uneasy	1
undilco	1
undertake	1
undergoing	1
undergo	1
undefervinghis	1
undeferv	1
undeceive	1
uncurled	1
unconscious	1
unconcerned	1
uncertainty	1
unbrotherly	1
unblemished	1
unavoidable	1
unat	1
unanimously	1
unadvised	1
unacquainted	1
unaccount	1
uiould	1
ughany	1
tword	1
twice	1
turns	1
tunity	1
tumultuous	1
tumults	1
tual	1
tttb	1
tryy	1
trusted	1
trufl	1
truer	1
troubles	1
troubled	1
trouble	1
troth	1
trials	1
tremor	1
tremendous	1
tremble	1
trefsof	1
treble	1
treating	1
treasure	1
transmitted	1
tran	1
traduce	1
track	1
town	1
tour	1
tough	1
touchstone	1
tossed	1
toss	1
torrent	1
torment	1
tonight	1
tolerably	1
tobyy	1
toby	1
toafk	1
tlon	1
tli^refore	1
tjo	1
tj^dward	1
tithe	1
tirely	1
tired	1
tink	1
tinfte	1
tincture	1
timed	1
tili	1
tie	1
tiate	1
thx	1
throws	1
throwing	1
thrilled	1
threvv	1
threescore	1
threats	1
threatens	1
threatening	1
thread	1
thrcd	1
thoughtful	1
thofe'of	1
thk	1
thisl	1
thishoufer	1
third	1
thinks	1
thin	1
thi	1
themif	1
thdxlavinia	1
thanks	1
tha	1
tfieir	1
tfie	1
tete-a-tete	1
tete	1
terror	1
terrible	1
terms	1
tently	1
tenderneis	1
tenderly	1
tended	1
tempted	1
tells	1
teeth	1
tedious	1
tectli	1
taxed	1
taunts	1
tasted	1
taste	1
task	1
tant	1
tan	1
talking	1
tales	1
taketh	1
takes	1
tailed	1
sympathetic	1
sylvia	1
syllable	1
sy	1
sworn	1
swore	1
swollen	1
swifter	1
sweat	1
swearing	1
swallows	1
swallow	1
suspicions	1
suspense	1
susceptible	1
surmise	1
surely	1
supremely	1
supreme	1
suppressed	1
suppress	1
supplied	1
sup	1
sun	1
sums	1
summer	1
sum	1
suggestion	1
suggest	1
suffer	1
successful	1
success	1
succeeding	1
subtle	1
subterraneous	1
subside	1
sublunary	1
style	1
study	1
studiously	1
struggle	1
strongly	1
stroke	1
striving	1
stripped	1
strictest	1
stretched	1
strangers	1
strange	1
stormonty	1
stolen	1
stock	1
stili	1
stepping	1
statute	1
starting	1
started	1
start	1
stars	1
stamp	1
stairs	1
stabbed	1
srr	1
squirrel	1
squeezing	1
sprung	1
sprained	1
sprain	1
spots	1
sport	1
spontaneous	1
spirits	1
sphere	1
spending	1
speech	1
speaking	1
sparkling	1
sparkled	1
souls	1
sought	1
sorts	1
sorry	1
sorrows	1
sorely	1
soothing	1
sono	1
someway	1
sometime	1
somebody	1
solitude	1
solemnised	1
soften	1
soft	1
society	1
smothered	1
smooth	1
smiled	1
sly	1
slew	1
sleeping	1
sleek	1
sky	1
skipping	1
skin	1
skimmed	1
skill	1
sjj.^	1
sixpence	1
situations	1
sitting	1
sisters	1
sipped	1
sion	1
sinister	1
sincere	1
sin	1
simo?i	1
simm	1
similitude	1
silence	1
signs	1
signify	1
sighs	1
sick	1
sibly	1
shrivelled	1
shrink	1
shows	1
shower	1
shorten	1
short	1
shorn	1
shone	1
shocking	1
shock	1
ships	1
shepherdess	1
sheet	1
shared	1
shape	1
shaking	1
several	1
seven	1
service	1
seriously	1
serenity	1
serenely	1
serene	1
sentiments	1
sentences	1
sensible	1
sensations	1
selfish	1
seldom	1
seizing	1
sees	1
seeking	1
seek	1
seeing	1
securing	1
secrecy	1
seas	1
sea	1
sdpo	1
sdpio	1
sctpio	1
screams	1
scream	1
scipo^	1
scipio'y	1
scifio	1
school	1
scabbard	1
sbakefpeares	1
sbakefpeare	1
save	1
satisfied	1
satisfaction	1
satis	1
saluted	1
salute	1
sallys	1
sally	1
sailed	1
safety	1
sadly	1
sacrificed	1
sacred	1
sack	1
s\zfra?2cisy	1
rustic	1
russet	1
rushing	1
rural	1
ruby	1
rubber	1
rowy	1
roused	1
rough	1
rosy	1
rose	1
rooti	1
root	1
rooni	1
roomr	1
rolling	1
roll	1
rocks	1
rockj	1
roared	1
roar	1
rnc	1
rivulet	1
riveted	1
rit	1
rise	1
rightly	1
rienced	1
richest	1
ri	1
reversed	1
reverend	1
returns	1
returfled	1
ret	1
restrictions	1
restrain	1
respectfully	1
resolving	1
resignation	1
residence	1
resenting	1
resemblance	1
requested	1
reputation	1
reposy	1
repose	1
reported	1
replying	1
repleniilied	1
repined	1
repine	1
rephed	1
repenting	1
repeated	1
reparation	1
rent	1
removed	1
reminded	1
remembrance	1
remember	1
remarkably	1
remains	1
remaining	1
remainder	1
reluctance	1
relished	1
reliance	1
relation	1
relating	1
related	1
rejoined	1
rejoices	1
reio	1
regrets	1
regret	1
regards	1
regained	1
refusing	1
refuses	1
refusal	1
reftralned	1
refreshed	1
refokition	1
refo	1
reflection	1
reflecting	1
reflect	1
reflcdlions	1
refifung	1
refem	1
reduced	1
redoubled	1
red	1
recover	1
recounting	1
recouedtion	1
reconciliation	1
recommendation	1
recommend	1
recolledted	1
recollection	1
recollect	1
recital	1
reception	1
recede	1
recalling	1
reality	1
reafonc	1
reading	1
reader	1
reach	1
rd	1
rc	1
raven	1
rascal	1
rapidity	1
raphael	1
raising	1
raised	1
raise	1
rain	1
rail	1
raged	1
rage	1
quitting	1
quitted	1
quick	1
quefticns	1
queen	1
quarrel	1
quantity	1
quainting	1
puzzled	1
putting	1
puttcft	1
pursued	1
purpose	1
punishment	1
puniflied	1
pulling	1
psha	1
prude	1
provision	1
provided	1
proud	1
protector	1
prostrate	1
prospects	1
prop	1
proofs	1
pronounce	1
promising	1
profound	1
profession	1
prof	1
produced	1
procure	1
probability	1
prize	1
prithee	1
printer	1
princely	1
prevent	1
pretensions	1
pretended	1
pretence	1
presume	1
pressing	1
preserving	1
preserver	1
presents	1
presenting	1
prepoflfeflted	1
prepared	1
preited	1
preferred	1
prefenee	1
predominate	1
precipitation	1
precipitately	1
prcmifed	1
prat	1
practice	1
pox	1
powerfully	1
poured	1
possibility	1
possession	1
positively	1
position	1
posed	1
portending	1
popf	1
poodnefs	1
pom	1
poltefled	1
polteffor	1
politeness	1
politely	1
poied	1
pohtenefs	1
pofttof	1
pofteffion	1
poflcflbr	1
poffefted	1
pof	1
plungedv	1
plunged	1
plumed	1
plenty	1
pleases	1
plea	1
plantations	1
plan	1
plague	1
pity	1
pious	1
pink	1
piety	1
pies	1
pierced	1
piece	1
pie	1
pidiire	1
physiognomist	1
philosophical	1
pet	1
perusal	1
persuasive	1
persuasions	1
personate	1
perplexing	1
perplexed	1
perjury	1
perish	1
perilaps	1
perigreen	1
performed	1
perfectly	1
perfections	1
perfcn	1
perfbn	1
perched	1
perceived	1
peo	1
penetrating	1
pencil	1
pelican	1
peevishness	1
peeviflily	1
pbebe	1
pays	1
paying	1
paw	1
patty	1
patience	1
paternal	1
past	1
passions	1
passing	1
passage	1
particu	1
partially	1
partiality	1
parch	1
papers	1
paper	1
pany	1
pang	1
paleness	1
paint	1
painful	1
pafted	1
packet	1
pa	1
p.ight	1
owns	1
owned	1
owii	1
overwhelmed	1
overheard	1
overhear	1
overclouded	1
outwardly	1
outlived	1
ouf	1
otiier	1
oter	1
ornament	1
ordered	1
orangery	1
oppresses	1
opposites	1
opposite	1
opposed	1
oppose	1
opportunities	1
oppor	1
opi	1
opening	1
op	1
omit	1
oi	1
ohq	1
offst	1
offices	1
officer	1
offend	1
offence	1
oe	1
odd	1
occurred	1
occur	1
occasions	1
obstruct	1
obstinately	1
observed	1
observe	1
obscure	1
obligingly	1
objects	1
objections	1
obiervation	1
obh	1
obftruds	1
obfti	1
obeyed	1
obedient	1
oa	1
nymph	1
nuts	1
nursed	1
number	1
nt	1
nphe	1
nowun	1
nour	1
notionsofanceftry	1
noting	1
notfurprifed	1
notes	1
nose	1
northeast	1
nonsense	1
nonr	1
nonefince	1
nion	1
nineteen	1
nimble	1
news	1
nevertheless	1
nent	1
neighbour	1
negligence	1
neglecting	1
neglecfl	1
negica	1
neg	1
need	1
nedyouii	1
ned	1
necessaries	1
neceltary	1
nearest	1
ndation	1
nd	1
nav	1
naturally	1
natural	1
natto	1
n	1
myidear	1
mvfterious	1
mute	1
muster	1
music	1
multitude	1
multi	1
mull	1
muft.not	1
mufl	1
ms	1
mq	1
moved	1
move	1
mourned	1
mour	1
mottled	1
motive	1
moter	1
mortifications	1
morrow	1
morn	1
moralise	1
mor	1
monster	1
monitrefs	1
moneys	1
money	1
monde	1
momentary	1
modesty	1
modestly	1
moderate	1
mmia	1
mjr	1
mj	1
miy	1
mistake	1
mismanaged	1
misera	1
mis	1
miracle	1
minute	1
ming	1
millions	1
millbrrdge	1
millbrijgey	1
millbridge	1
mil	1
miilrefs	1
mightily	1
mif^	1
mif	1
methinks	1
merit	1
mercies	1
merchant	1
ments	1
memorable	1
meltage	1
meitenger	1
meffen	1
meditated	1
measuring	1
meant	1
meandering	1
meaft	1
matrimony	1
mate	1
match	1
mat	1
masser	1
mask	1
mark	1
mariuy	1
marihal	1
marid%	1
mariaj	1
mankind	1
mand	1
manage	1
mamma	1
malignant	1
malady	1
making	1
majar^	1
main	1
mailer	1
mafterto	1
mafier	1
mafary	1
mafarr	1
maar	1
ma	1
m^yrelf	1
m!ik	1
lxwinia	1
luntarily	1
ludden	1
luce	1
loving	1
lours	1
loudly	1
loud	1
londoji	1
loftiest	1
lockanfwering	1
loaded	1
load	1
lo7e	1
lo	1
llie	1
livid	1
lives	1
lity	1
listening	1
listen	1
list	1
lis	1
liquor	1
lion	1
lin	1
likewise	1
lighted	1
lies	1
liars	1
levelled	1
lethargic	1
lessened	1
lese	1
leper	1
lengthen	1
legacy	1
leftened	1
leded	1
leaves	1
leapc	1
leaning	1
leal	1
leagues	1
leafonable	1
lcivinia	1
lazi7iia	1
laying	1
lawyers	1
laws	1
lavt*	1
lavmia	1
lavinwy	1
laviniay	1
lavima	1
lavijiia	1
laviiiid^	1
laviiiia	1
laughing	1
laudable	1
lated	1
lasting	1
lar	1
language	1
laid	1
laftvifitor	1
ladyfliiip	1
lad	1
laced	1
laas	1
l^er	1
l\deed	1
kughcd	1
knowledge	1
knowing	1
knowest	1
knife	1
knee	1
kins	1
kingdom	1
kindness	1
killing	1
kill	1
kifsit	1
kifs	1
kidnapped	1
keeper	1
keen	1
k	1
jvilliam	1
jveatly^	1
jvat	1
justness	1
justly	1
jumped	1
jufh	1
judge	1
joyful	1
jour	1
jointly	1
joining	1
joined	1
joies	1
jfhould	1
jewels	1
jcnes	1
jciy	1
jaws	1
j^j	1
j^	1
j)acy	1
iz^^own^o.y^x.'edgcgmbe	1
iviifs	1
ivediiejday	1
ivardy	1
ivardvaughan	1
iupparted	1
ithurier^	1
issued	1
isovercaft	1
irresolution	1
irresistibly	1
irony	1
ir	1
ipleen	1
ipeech	1
ipear	1
iould	1
iore	1
ior	1
iohartly	1
io	1
invulnerable	1
involvements	1
involve	1
involuntarily	1
invaluable	1
invalid	1
intolerable	1
interupt	1
interruption	1
intermediate	1
interested	1
intentiop	1
intention	1
intended	1
insult	1
instances	1
instance	1
instability	1
inspire	1
insinuate	1
inside	1
insensible	1
insensibility	1
inquisitiveness	1
inquiries	1
inquired	1
ink	1
injurer	1
injured	1
inimitably	1
inimitable	1
iniier	1
inhospitable	1
inhabitants	1
ingly	1
information	1
inflantto	1
infinuatcr	1
infinitely	1
inexperience	1
inestimable	1
ineffedual	1
ineffediial	1
ineffcqual	1
ineffable	1
indulging	1
indulgent	1
indulged	1
indisposed	1
indiscretion	1
indignity	1
indigna	1
indifferent	1
indifference	1
index	1
inclinations	1
inclination	1
incendiary	1
incapable	1
inani	1
inadvertently	1
inadver	1
improved	1
imposed	1
impose	1
importunities	1
impolite	1
impoftible	1
imperti	1
imperious	1
impatience	1
immensely	1
immediate	1
imivmg	1
imagine	1
imaginations	1
ima	1
ilretched	1
illusion	1
illness	1
ill-founded	1
il	1
iknew	1
ikin	1
ijim	1
iit	1
iinfore	1
ihrieks	1
ihocked^	1
ihiall	1
ihevvn	1
ihev^n	1
ihepromifed	1
ihave	1
ihadow	1
ih	1
ifidia	1
ielfifh	1
ie	1
ido	1
idle	1
icy	1
ibn	1
ib	1
i^qix	1
i'avifh	1
hy	1
husbands	1
hurried	1
humorously	1
hu	1
htv	1
hoxk^yi^.vaugkansy	1
howl	1
hov^	1
hov/	1
housekeeper	1
hourly	1
houfey	1
horse	1
horrible	1
hoodwink	1
honeftbreaft	1
honcur	1
holds	1
hold	1
hocked	1
hock	1
hoarse	1
hoarded	1
hkenefs	1
hke	1
hislordihip	1
hip	1
higher	1
hiftoryr	1
hie	1
hidia	1
hide	1
hid	1
hewed	1
hesitation	1
hesitating	1
hesitate	1
hers	1
herr	1
heroifni	1
hero	1
helped	1
hell	1
heinous	1
heightened	1
height	1
heels	1
heavens	1
heartrending	1
heartbroken	1
hears	1
heal	1
hdid	1
hd	1
hcrfemea	1
hazard	1
havinid	1
havinia^	1
havefpoke	1
hateful	1
hat	1
hastings	1
hastily	1
hasten	1
hast	1
haryy	1
hartly^	1
harmonised	1
harmonious	1
harbour	1
harangue	1
happineis	1
happier	1
happi	1
handsome	1
handing	1
handfurae	1
hajiings^	1
hajiings	1
hady	1
habi	1
ha	1
gust	1
guifli	1
guide	1
groundless	1
ground	1
grojvenor	1
grojirnor	1
grofvenoty	1
grofvemr	1
grofve7ior	1
grofve	1
grofvcnor	1
grofuerzor	1
grofovnor\	1
grofoencrs	1
grofcenor	1
grof	1
greatness	1
grcfvenor^	1
grcfve?ior	1
grcccy	1
grave	1
gratify	1
gratc^	1
grass	1
grasp	1
granting	1
granted	1
gradually	1
gracefully	1
gr<9/lv	1
gqntleman	1
governor	1
goto	1
gors	1
gorcy	1
gome	1
goes	1
glows	1
glowing	1
glory	1
gleam	1
glasses	1
glass	1
gladness	1
gladly	1
glad	1
gji	1
giver	1
girls	1
ghastly	1
gh	1
getting	1
gets	1
ger	1
gentlemaii	1
genteel	1
gene	1
gcr^	1
gazed	1
gax'e	1
gations	1
game	1
gain	1
g^ve	1
fymmetryidf	1
fware	1
fwal	1
fvvim	1
fvveet	1
fvilliam	1
future	1
fully	1
fufjer	1
fufier	1
fuchpro	1
fubterfu2	1
fub	1
ftupificd	1
ftrid	1
ftrau*	1
ftitute	1
ftilk	1
ft	1
frown	1
frost	1
front	1
frock	1
fretful	1
freed	1
fre(h	1
franch	1
france	1
framed	1
frajicis	1
fra?tcis	1
fra7tcis	1
fquirre	1
fpl	1
fountains	1
founded	1
fou	1
fotrow	1
forwarding	1
forty	1
fortunately	1
fortunate	1
fortitude	1
fortiines	1
forsaken	1
forsake	1
forro\^	1
forlorn	1
fori	1
forfeiture	1
forfeited	1
forever	1
foreiofn	1
forehead	1
forcing	1
forced	1
forae	1
fooa	1
fons	1
fondness	1
fondly	1
fondefl	1
fompey\	1
fompey	1
folly	1
folie	1
folded	1
foi	1
fofweetlycondefcending	1
fo7npey\r	1
fntreaties	1
fmilc	1
fmigbanymchaniingly	1
fluttered	1
flowers	1
flowed	1
flourishing	1
flory	1
flopped	1
flood	1
flitute	1
flirubbery	1
fliouldft	1
flight	1
fliev\ted	1
flially	1
flftance	1
flesh	1
flepping	1
fleetest	1
fleeted	1
fleet	1
flattered	1
flashing	1
flaring	1
flame	1
flafliing	1
fkipped	1
fix	1
fish	1
firrt	1
firil	1
finks	1
finking	1
finished	1
finis	1
fingers	1
finest	1
finer	1
fimpli	1
fillers	1
fiippofing	1
fiill	1
figure	1
fifty	1
fifteen	1
fides	1
fidelity	1
fickleneft	1
fi'ancis	1
fh«	1
fhilly	1
fhiiles	1
fhevvn	1
ffew	1
ff	1
fey	1
fever	1
fettling	1
fetdement	1
fetch	1
festival	1
fervantsj	1
ferret	1
fer	1
fentlments	1
fen	1
feme	1
fel	1
feiit	1
feelings	1
feeing	1
feed	1
feature	1
fearing	1
feal	1
fcru	1
fcowled	1
fc	1
fbip	1
fb	1
fay	1
favourite	1
faults	1
fault	1
faugha?2	1
fattened	1
fatisfaflion	1
fatisfa<5lion	1
fathers	1
fater	1
fastened	1
fasten	1
fast	1
farthing	1
fars	1
farewell	1
fare	1
falsehood	1
falls	1
fallen	1
faith	1
fainting	1
fails	1
failings	1
fadier	1
facetious	1
f^.of	1
eying	1
extricate	1
extreme	1
extinguifli	1
expressions	1
expressing	1
express	1
explanation	1
expeifting	1
expedla	1
expedations	1
expectations	1
expectation	1
expe	1
expa	1
existence	1
exhibited	1
exhausted	1
exhaufflefs	1
exer	1
exempt	1
exemplary	1
excused	1
excurfionrs	1
excufcj	1
exclude	1
exclaiming	1
exclaimed	1
exchange	1
excellent	1
example	1
examining	1
examined	1
examine	1
examination	1
everywhere	1
everybody	1
evert	1
events	1
eve	1
evasion	1
ethiopian	1
eternal	1
estimated	1
esteemed	1
escort	1
escape	1
error	1
errand	1
erect	1
er	1
eqn	1
epistle	1
eompledion	1
envy	1
entreating	1
entrap	1
entitle	1
enters	1
entendre	1
enraptured	1
enormous	1
enjoining	1
engross	1
englandy	1
england	1
engkfid	1
engagement	1
eng	1
energy	1
enemy	1
endrely	1
endeavours	1
encroacher	1
encr	1
enabled	1
emptied	1
employments	1
employer	1
emphatically	1
emotions	1
emilys	1
emilia	1
embracing	1
embarkation	1
eloquent	1
eloquence	1
elm	1
elliott	1
elf	1
elements	1
elbow	1
ekmrdr	1
ejaculation	1
eh	1
eftbrts	1
eftablkhed	1
eflfed	1
effusions	1
effi	1
effedtionate	1
effected	1
efcap	1
educated	1
edivard	1
edge	1
edgcome^y	1
edgcome	1
ed'coardy	1
eclipse	1
eclairciffement	1
eclairciffe	1
echo	1
eau	1
ears	1
earnestly	1
earlier	1
eagerly	1
eager	1
dwelling	1
dwell	1
dutiful	1
duly	1
duce	1
drops	1
dropping	1
dropped	1
drives	1
driven	1
dressing	1
dress	1
drefe	1
dread	1
draws	1
drawing	1
drank	1
dr	1
downstairs	1
doubts	1
doubtjefs	1
doubted	1
double	1
doted	1
dote	1
doors	1
domestics	1
dom	1
doea	1
doc	1
dlfappointed	1
divin	1
divested	1
dit	1
disunite	1
disturb	1
distressing	1
distracted	1
distinguished	1
dissuade	1
dissolution	1
disposed	1
displeased	1
display	1
dismounting	1
dishonour	1
dish	1
disguise	1
disdainfully	1
disdain	1
discovering	1
discovered	1
disconcerted	1
discharged	1
disapprobation	1
disappointment	1
disabled	1
direction	1
directed	1
dip	1
dining	1
dined	1
dilsenting	1
dilbbey	1
diiferent	1
diicovered	1
diiapprobation	1
diftreltes	1
diftrafled	1
diftovery	1
diftin*	1
difpolition	1
diffused	1
diffo	1
difficult	1
difc^m	1
didlates	1
dictate	1
diamonds	1
di	1
devoured	1
devolved	1
devilish	1
determination	1
destructive	1
destroying	1
destroy	1
despised	1
despise	1
desperate	1
despair	1
desirous	1
desiring	1
desires	1
designed	1
deserted	1
dernefe	1
dered	1
derate	1
der	1
deprive	1
dependence	1
depended	1
depen	1
departure	1
demanded	1
demand	1
deluded	1
delivering	1
delirium	1
delinquent	1
delighted	1
delight	1
delicacy	1
dejcded	1
deities	1
deierving	1
defigr>	1
defiance	1
deferv	1
defend	1
def	1
deeply	1
dedicated	1
declined	1
decline	1
declin	1
declaring	1
declaration	1
debts	1
dears	1
dearefti	1
deaf	1
dc	1
dazzlingly	1
dastard	1
darting	1
darted	1
daphne	1
dangerously	1
dancing	1
dance	1
damn	1
dame	1
dallied	1
daily	1
cutting	1
cut	1
curtains	1
curtain	1
cursed	1
curse	1
current	1
curled	1
cured	1
cupidity	1
cup	1
cummings	1
cuftcm	1
ctify	1
ct	1
crowded	1
cropped	1
crofted	1
croaking	1
crimsoned	1
credu	1
credited	1
credit	1
creatures	1
created	1
cre	1
cr	1
cowardice	1
covered	1
coventryy	1
coven	1
covemry	1
covejifry	1
cove?itry\	1
cousin	1
courtyard	1
courage	1
couple	1
counting-house	1
cou	1
corner	1
coridon	1
cordially	1
cordi	1
coooooooooocxxxxxxxa	1
coo	1
convincing	1
conversa	1
converfetion	1
conveniences	1
contrived	1
continues	1
continue	1
continuation	1
continually	1
continual	1
conti	1
contention	1
contemplation	1
contain	1
consulting	1
consulted	1
consult	1
construe	1
constantly	1
consoling	1
console	1
considered	1
consideration	1
considerate	1
consider	1
consequences	1
consequence	1
conscience	1
conjectures	1
conjecture	1
coniiderations	1
congratulation	1
confused	1
confugon	1
confufedj	1
confound	1
confirmed	1
confirm	1
confinement	1
confined	1
confider	1
confide	1
confi	1
confeis	1
conduced	1
condition	1
condemn	1
conception	1
concealment	1
composing	1
complain	1
complacency	1
compenlate	1
compel	1
compassion	1
compare	1
companions	1
compact	1
commit	1
commanded	1
comie	1
combed	1
coldly	1
coinpaftion	1
cogitations	1
coat	1
co'ventryy	1
clump	1
clouds	1
clothes	1
closed	1
clever	1
claret	1
city	1
circle	1
cill	1
cife	1
cicijheo	1
church	1
chris	1
chose	1
choked	1
chinese	1
childiili	1
chased	1
charniing	1
chapter	1
changed	1
chaise	1
chained	1
chagrin	1
cgve?2fry	1
cf	1
certainty	1
cen^	1
ccnfequence	1
cc^vcn	1
caught	1
cau	1
caterers	1
catd»	1
catching	1
catch	1
catastrophe	1
cased	1
caressed	1
carelessness	1
careless	1
careful	1
careftes	1
cards	1
card	1
capable	1
candles	1
candle	1
candidates	1
calls	1
calling	1
calculated	1
calcu	1
cafefo	1
cacy	1
butamo	1
busily	1
burst	1
burnt	1
buoy	1
bull	1
built	1
brows	1
broken	1
brodier	1
brings	1
bringing	1
bright	1
bridge	1
bribed	1
breathless	1
breathing	1
breathed	1
breakiaft	1
breadth	1
breads	1
bread	1
brake	1
box	1
bowling	1
bowl	1
bouse	1
bounty	1
bounds	1
bouncing	1
bottle	1
born	1
booty	1
bon	1
bold	1
body	1
bodily	1
bodies	1
board	1
bo	1
blush	1
bluili	1
blue	1
blowing	1
blooming	1
bloom	1
blof	1
blessing	1
blended	1
bled	1
bleak	1
ble	1
blazed	1
blasted	1
blackest	1
bkjjed	1
birth	1
billet	1
big	1
bickerings	1
betler	1
bet	1
besotted	1
bequeathed	1
bequeath	1
bengal	1
benefadlor	1
benefactor	1
beneath	1
bending	1
belonged	1
bellowed	1
believed	1
begin	1
beea	1
become	1
beauties	1
beauteous	1
beau	1
beat	1
bauble	1
bathed	1
baser	1
baseness	1
bark	1
barber	1
bankruptcy	1
bank	1
banished	1
balsam	1
baking	1
baffled	1
bachelor	1
ba	1
axikward	1
awaked	1
awake	1
await	1
averse	1
authority	1
author	1
aurora	1
aught	1
auditors	1
audience	1
au	1
attendants	1
attendant	1
attendance	1
attempted	1
attempt	1
attained	1
attached	1
ations	1
astonished	1
assuring	1
assurance	1
assuming	1
assisting	1
assiduities	1
assertions	1
aspire	1
aspect	1
asleep	1
asking	1
aside	1
ascended	1
artifice	1
arti	1
arrives	1
arri	1
arose	1
arm	1
arising	1
arises	1
argued	1
arfncertainly	1
arefopleaf	1
areas	1
ardour	1
arch	1
aq^	1
approves	1
approve	1
approaching	1
approached	1
approach	1
apprehensive	1
appointment	1
applied	1
appearing	1
appearances	1
anybody	1
antic	1
answering	1
anoder	1
annuity	1
angry	1
androfy	1
andj	1
andftars	1
andfince	1
amused	1
amongst	1
ambiguous	1
ambi	1
amazingly	1
alternative	1
altercation	1
along	1
almofi	1
ally	1
alloy	1
allowed	1
alliance	1
alleged	1
allege	1
alking	1
alked	1
alike	1
alight	1
alarms	1
alarming	1
alarmed	1
alacrity	1
aitured	1
aik	1
aifedtionate	1
ahghting	1
ah'eady	1
agreeably	1
agent	1
afufficient	1
aftess	1
aft	1
afljftance	1
afliire	1
afliflant	1
affures	1
affuie	1
affrighted	1
afforded	1
affluence	1
afflidions	1
afflicted	1
affirms	1
affirmed	1
affed	1
affections	1
affection	1
affecting	1
affected	1
affecfling	1
affec	1
affabihty	1
ady*s	1
advocate	1
advise	1
adversity	1
adventureffes	1
advantage	1
advances	1
advanced	1
adt	1
ads	1
admit	1
admires	1
admired	1
administer	1
adl	1
adequate	1
additional	1
addijon	1
actually	1
acting	1
acquit	1
acquiescence	1
accustomed	1
accosted	1
accordingly	1
accomplished	1
accom	1
accepted	1
accept	1
accent	1
acccmplifliments	1
abundance	1
absorbed	1
absent	1
abashed	1
abandon	1
a^tete	1
^r^/^j	1
^lv	1
^iked	1
^fon	1
^^jordzna	1
^^jbrd	1
^^^q^mafanmafar	1
^\	1
^;	1
^:	1
^/rf	1
^.ypu„	1
^*;	1
],	1
\\	1
\'	1
?}	1
?^/	1
??,	1
?;	1
?:	1
?,.	1
?**	1
?';	1
?''	1
?".	1
>^mmoomoaeoeom*meeeoemm^^^	1
<5^	1
;?;	1
;,	1
7iame	1
72or	1
4iad	1
2/ry	1
1^*^^	1
/*	1
/	1
.^*	1
.^"	1
.**	1
.*'	1
.)	1
.'	1
.".	1
-^-^^	1
--	1
,)	1
*■'	1
*vhe	1
*^fordy	1
*^*	1
*^'	1
*5.termincd	1
*/	1
*.*	1
**therr	1
**^	1
**!	1
*'?	1
*'!	1
*"	1
)^	1
)'	1
({	1
((	1
'«	1
'^''^^■	1
'\	1
';	1
'.*	1
'.	1
'*'	1
'"	1
&	1
"■	1
"£)■	1
"-'	1
"'	1
!>	1
!:	1
!*	1
!'*	1
!'	1
!!	1
