,	9137
the	3530
and	3022
of	2597
to	2519
i	2096
.	2023
a	1414
my	1363
in	1329
;	1143
that	989
you	934
her	848
he	761
with	756
his	711
was	699
at	644
as	629
it	587
me	581
on	578
—	563
is	549
have	541
"	538
for	534
had	494
not	483
your	435
she	427
this	415
be	411
but	402
by	395
from	381
which	361
or	354
him	343
when	335
no	298
we	286
dudley	274
all	274
:	267
|'s|	239
will	236
!	236
our	228
are	222
|arabic1digit|	218
were	214
one	207
been	205
has	197
(	190
now	189
."	189
an	184
own	181
they	178
time	177
if	174
claudy	170
what	167
may	165
)	158
most	157
their	152
other	152
more	150
?	150
**	148
would	147
so	146
who	142
than	139
should	139
father	137
after	135
upon	128
some	126
could	124
them	122
shall	121
then	120
still	118
said	118
j	117
am	117
us	116
'	114
any	112
ever	110
dear	108
can	108
very	107
yet	106
mother	106
into	104
mrs	103
never	102
did	102
such	101
only	97
friend	96
though	95
out	95
little	95
do	95
sir	93
myself	93
up	92
must	92
love	92
might	91
years	90
there	88
being	88
having	87
return	86
life	86
even	86
england	86
gabrielle	85
see	84
eliot	82
these	81
lady	81
daughter	81
first	80
day	80
letter	79
thus	78
here	78
last	77
zulvago	76
young	76
once	76
hand	76
well	75
man	75
himself	73
before	73
whilst	71
take	71
room	71
over	71
|romannumeral|	70
until	70
replied	70
mind	69
every	69
took	68
made	68
since	67
without	66
where	66
know	66
hour	65
few	65
eyes	65
?"	65
wish	64
heart	63
place	62
whom	61
moment	60
those	59
old	59
great	59
clonmore	59
again	58
two	57
give	57
good	56
found	56
down	56
hope	55
euphorbia	55
doctor	54
come	54
under	53
name	53
much	53
long	53
*	53
!"	53
teneriffe	52
present	52
how	52
alford	52
sobrino	51
saw	51
let	51
alone	51
about	51
like	50
its	50
heard	50
child	50
both	50
world	49
seen	49
make	49
look	49
indeed	49
house	49
each	49
back	49
go	48
continued	48
through	47
off	47
next	47
same	46
many	46
herself	46
felt	46
say	45
round	45
future	45
find	45
three	44
days	44
side	43
put	43
looked	43
left	43
howard	43
friends	43
best	43
already	43
*'	43
|arabic2digit|	42
subject	42
rather	42
person	42
part	42
face	42
during	42
words	41
way	41
speak	41
remarked	41
nature	41
happiness	41
hands	41
between	41
wife	40
whether	40
remember	40
door	40
think	39
short	39
mine	39
grantley	39
become	39
word	38
towards	38
however	38
gave	38
either	38
appeared	38
went	37
son	37
saying	37
neither	37
mr	37
better	37
added	37
youth	36
thought	36
read	36
pleasure	36
morning	36
marriage	36
feel	36
yourself	35
victorina	35
turned	35
too	35
taken	35
received	35
perhaps	35
oh	35
happy	35
h	35
full	35
don	35
death	35
also	35
returned	34
quitted	34
observed	34
nor	34
longer	34
balfour	34
voice	33
society	33
object	33
men	33
lost	33
letters	33
early	33
course	33
called	33
boy	33
age	33
''	33
period	32
late	32
table	31
shelburne	31
nothing	31
husband	31
home	31
cavendish	31
care	31
among	31
'*	31
write	30
town	30
times	30
taking	30
study	30
state	30
spanish	30
sight	30
really	30
leave	30
half	30
family	30
english	30
came	30
yes	29
visit	29
understand	29
soon	29
passed	29
health	29
doubt	29
d	29
account	29
spain	28
head	28
female	28
donna	28
convinced	28
arms	28
turner	27
true	27
sat	27
rose	27
miss	27
idea	27
dr	27
change	27
certainly	27
cannot	27
looking	26
hours	26
held	26
god	26
girl	26
beloved	26
away	26
appearance	26
why	25
ten	25
right	25
peace	25
past	25
night	25
lord	25
law	25
i'll	25
high	25
hear	25
going	25
conversation	25
company	25
children	25
arm	25
<*	25
seemed	24
respect	24
profession	24
otherwise	24
order	24
meet	24
means	24
hitherto	24
four	24
fortune	24
does	24
brother	24
became	24
attention	24
answer	24
add	24
whatever	23
together	23
tears	23
poor	23
master	23
louisa	23
instead	23
imagine	23
hold	23
hamilton	23
given	23
following	23
feelings	23
conduct	23
choice	23
chair	23
case	23
appears	23
another	23
although	23
allow	23
walk	22
told	22
therefore	22
suppose	22
studies	22
silence	22
possible	22
perfect	22
near	22
inquired	22
forward	22
formed	22
far	22
end	22
earth	22
character	22
cause	22
brothers	22
|arabic3digit|	21
worthy	21
wished	21
whole	21
twenty	21
spoke	21
sister	21
sent	21
repeat	21
promise	21
particularly	21
none	21
noble	21
less	21
fond	21
considered	21
ask	21
affection	21
absence	21
written	20
wishes	20
usual	20
tomorrow	20
tell	20
purpose	20
presence	20
perfectly	20
ought	20
open	20
need	20
met	20
least	20
latter	20
knowledge	20
kind	20
keep	20
instant	20
immediately	20
illness	20
form	20
fellow	20
country	20
circumstances	20
beauty	20
air	20
truth	19
truly	19
surprise	19
s	19
receive	19
notice	19
mean	19
married	19
looks	19
isidore	19
heaven	19
get	19
gentleman	19
followed	19
fixed	19
fire	19
daily	19
colonel	19
bosom	19
blessed	19
asked	19
above	19
woman	18
vol	18
vain	18
trust	18
sudden	18
stood	18
spirit	18
spent	18
sort	18
something	18
smile	18
slowly	18
set	18
service	18
romeri	18
rest	18
question	18
pretty	18
mutual	18
months	18
manner	18
london	18
light	18
india	18
giving	18
follow	18
five	18
equally	18
done	18
desire	18
departure	18
contrary	18
certain	18
call	18
attended	18
affections	18
adding	18
.)	18
whose	17
watch	17
spot	17
six	17
scarcely	17
restored	17
remark	17
protection	17
placed	17
often	17
known	17
knew	17
honour	17
fair	17
existence	17
endeavour	17
design	17
dead	17
cottage	17
caught	17
brought	17
arrival	17
answered	17
acquainted	17
able	17
*«	17
writing	16
single	16
silent	16
send	16
power	16
picture	16
passion	16
offered	16
new	16
nearly	16
native	16
month	16
mention	16
meeting	16
loved	16
led	16
leaving	16
just	16
informed	16
gone	16
garden	16
forget	16
evening	16
engelhardt	16
engaged	16
countenance	16
captain	16
aware	16
^	16
year	15
wholly	15
turning	15
tender	15
step	15
small	15
sisters	15
secret	15
respecting	15
opened	15
offer	15
o	15
neighbourhood	15
merely	15
marry	15
making	15
hastily	15
fine	15
fell	15
expected	15
education	15
don't	15
charming	15
born	15
books	15
believe	15
attempt	15
act	15
within	14
white	14
walking	14
unless	14
turn	14
themselves	14
stopped	14
speaking	14
shortly	14
servant	14
rich	14
request	14
repeated	14
removed	14
private	14
pressed	14
party	14
parents	14
mentioned	14
large	14
judge	14
imagination	14
horses	14
hair	14
frequently	14
forced	14
fashion	14
dinner	14
dark	14
court	14
consequences	14
consequence	14
conscious	14
blue	14
bloomfield	14
behind	14
aunt	14
assistance	14
arrived	14
aranjuez	14
almost	14
accompanied	14
abode	14
work	13
weeks	13
week	13
trees	13
tree	13
suffered	13
suffer	13
started	13
slightest	13
seems	13
residence	13
reserve	13
rectory	13
reading	13
particular	13
others	13
opportunity	13
niece	13
necessary	13
minutes	13
memory	13
live	13
lay	13
join	13
inn	13
inform	13
increased	13
humble	13
hearing	13
grief	13
general	13
fear	13
expect	13
e	13
distant	13
distance	13
desired	13
countess	13
comfort	13
church	13
carlos	13
black	13
beautiful	13
adopted	13
acquaintance	13
*<	13
youthful	12
widow	12
water	12
watched	12
want	12
voyage	12
various	12
use	12
upwards	12
tenderness	12
tall	12
t	12
steps	12
stand	12
st	12
spare	12
sorrow	12
situation	12
shoulder	12
separation	12
self	12
seem	12
sake	12
rising	12
regard	12
real	12
quitting	12
quit	12
proper	12
promised	12
pass	12
parted	12
papa	12
pale	12
observe	12
lad	12
kept	12
intentions	12
intention	12
ill	12
hundred	12
hopes	12
henry	12
gustavus	12
ground	12
fully	12
feeling	12
fate	12
fail	12
eye	12
expression	12
duty	12
dearest	12
confess	12
cheek	12
calm	12
business	12
blush	12
blame	12
began	12
attachment	12
anxious	12
almeida	12
affairs	12
advice	12
advantage	12
.'	12
whereas	11
war	11
wait	11
vessel	11
things	11
sufficient	11
suddenly	11
street	11
spend	11
soldier	11
share	11
shape	11
servants	11
sense	11
seeing	11
second	11
seat	11
rosalva	11
reply	11
remainder	11
remain	11
regret	11
public	11
propriety	11
poverty	11
pity	11
perceive	11
nay	11
madeira	11
madam	11
living	11
lived	11
liberty	11
length	11
language	11
interest	11
instantly	11
inquiries	11
honest	11
green	11
greatly	11
gentle	11
friendship	11
french	11
fondly	11
folly	11
feet	11
evil	11
entrance	11
emotion	11
dress	11
designed	11
degree	11
couple	11
common	11
close	11
chance	11
bring	11
breakfast	11
blessing	11
b	11
against	11
affectionate	11
accustomed	11
-	11
«	10
wealth	10
violent	10
thrown	10
thither	10
third	10
terms	10
struck	10
strangers	10
square	10
spoken	10
sound	10
soft	10
sleep	10
show	10
settled	10
separated	10
sentiment	10
seek	10
sea	10
run	10
roof	10
robert	10
resolved	10
removal	10
recollection	10
ran	10
r	10
prove	10
property	10
pride	10
prevent	10
prayer	10
possession	10
point	10
please	10
physician	10
pay	10
patience	10
passing	10
palace	10
opinion	10
medical	10
madrid	10
low	10
loss	10
learned	10
land	10
joy	10
journey	10
joined	10
jack	10
islands	10
interfere	10
intended	10
innocent	10
ing	10
independence	10
guardian	10
grateful	10
glass	10
further	10
excursion	10
excellent	10
dignity	10
died	10
determined	10
despair	10
delicacy	10
de	10
cried	10
conde	10
concluded	10
communication	10
cheeks	10
calling	10
broken	10
book	10
baronet	10
assured	10
anxiety	10
almighty	10
alarm	10
afterwards	10
«*	9
yours	9
wind	9
wear	9
walked	9
united	9
unable	9
thoughts	9
thereby	9
talk	9
suspense	9
sun	9
strong	9
strange	9
spirits	9
sofa	9
slight	9
seated	9
scene	9
rise	9
restraint	9
refused	9
ready	9
rapid	9
progress	9
prepare	9
preference	9
pleased	9
play	9
plan	9
passage	9
painful	9
ordered	9
observing	9
observation	9
nurse	9
news	9
neck	9
motion	9
moments	9
m	9
lomond	9
lives	9
list	9
jane	9
itself	9
intelligence	9
human	9
helen	9
heiress	9
hazard	9
hampton	9
glance	9
gives	9
g	9
fortitude	9
forest	9
foot	9
filled	9
farewell	9
fall	9
f	9
except	9
entering	9
employment	9
employed	9
emotions	9
effect	9
drawing-room	9
disappeared	9
directions	9
delight	9
decided	9
danger	9
concealed	9
con	9
claim	9
childhood	9
caused	9
blow	9
birth	9
ben	9
begin	9
attending	9
attend	9
attached	9
argument	9
appear	9
addressing	9
address	9
active	9
accept	9
\	9
/	9
wild	8
walks	8
view	8
value	8
u	8
travels	8
thanks	8
stay	8
sought	8
sons	8
situated	8
singular	8
ship	8
seven	8
services	8
serious	8
sensibility	8
secure	8
search	8
safe	8
rushed	8
rooms	8
ride	8
richmond	8
retired	8
reminded	8
remind	8
regiment	8
recollect	8
receiving	8
realised	8
reached	8
proceedings	8
previous	8
prepared	8
pounds	8
pointed	8
pocket	8
persons	8
pause	8
parting	8
parent	8
pair	8
opposite	8
obey	8
names	8
n	8
misery	8
melancholy	8
lovely	8
learn	8
ladies	8
kiss	8
judgement	8
island	8
intend	8
inquiry	8
industry	8
indifference	8
important	8
image	8
horror	8
hearts	8
greater	8
grant	8
grace	8
goodbye	8
glad	8
girls	8
former	8
flowers	8
favourite	8
fancy	8
familiar	8
fallen	8
faith	8
expressions	8
explanation	8
exercise	8
exchange	8
excepting	8
evident	8
events	8
enough	8
enjoyed	8
ease	8
dreadful	8
drawn	8
drawing	8
domestic	8
dispute	8
desperate	8
describe	8
deceived	8
continue	8
connexions	8
conducted	8
concerning	8
cold	8
city	8
chosen	8
charge	8
changed	8
chaise	8
carriage	8
boys	8
body	8
boast	8
blushed	8
bless	8
besides	8
benefit	8
bed	8
bank	8
around	8
apartments	8
answers	8
always	8
agent	8
advantages	8
admiration	8
action	8
across	8
accompany	8
?''	8
.''	8
•	7
yesterday	7
wrong	7
window	7
willing	7
welcome	7
victim	7
utter	7
utmost	7
unseen	7
union	7
ungrateful	7
understood	7
understanding	7
try	7
touch	7
tone	7
threw	7
temper	7
teach	7
taste	7
swallow	7
surprised	7
surely	7
support	7
superior	7
sunshine	7
summit	7
standing	7
son-in-law	7
solitary	7
solemn	7
smiles	7
severe	7
separate	7
school	7
running	7
riding	7
rev	7
returning	7
retreat	7
result	7
required	7
remarks	7
relative	7
recovered	7
quickly	7
putting	7
pursuit	7
proof	7
produced	7
proceed	7
prince	7
powerful	7
pocketbook	7
perceiving	7
perceived	7
peculiar	7
patron	7
owing	7
orders	7
occupy	7
occupied	7
occasion	7
objects	7
o'clock	7
natural	7
money	7
medium	7
maxwell	7
matter	7
manners	7
macdonald	7
loud	7
lips	7
laying	7
laid	7
knows	7
kindness	7
k	7
interview	7
interrupted	7
inquire	7
innocence	7
ignorant	7
hurried	7
hat	7
guessed	7
grave	7
gratitude	7
good-humour	7
gold	7
gain	7
fortunate	7
forgotten	7
footing	7
figure	7
fever	7
feminine	7
features	7
favour	7
fashionable	7
expressive	7
explained	7
experience	7
exclaimed	7
equal	7
elbow	7
effects	7
distress	7
disappointment	7
difficulty	7
different	7
diamond	7
deep	7
darling	7
cutting	7
cruelty	7
credit	7
correspondence	7
contrived	7
constant	7
consider	7
consent	7
conclude	7
complete	7
compared	7
companion	7
command	7
coming	7
college	7
coat	7
clear	7
choose	7
cheerful	7
charles	7
chamber	7
caroline	7
candour	7
calmly	7
bear	7
awkward	7
avoid	7
assure	7
ardour	7
allowed	7
affair	7
accident	7
abilities	7
<«	7
'^	7
yonder	6
yards	6
wrote	6
wounded	6
windows	6
william	6
wheel	6
walls	6
waiting	6
veteran	6
vengeance	6
uttered	6
used	6
twelvemonth	6
trial	6
treat	6
travelling	6
trace	6
tour	6
title	6
throw	6
thousand	6
thirty	6
thence	6
talents	6
summoned	6
studied	6
stranger	6
stone	6
stature	6
spinning	6
solemnly	6
sole	6
smiling	6
smallest	6
simplicity	6
shown	6
shared	6
sex	6
seventeen	6
served	6
scattered	6
savage	6
safety	6
roses	6
road	6
requested	6
renewed	6
remove	6
remembered	6
remained	6
reliance	6
rejected	6
regarded	6
reason	6
rank	6
raised	6
raise	6
questions	6
q	6
punishment	6
provided	6
produce	6
principles	6
presents	6
prefer	6
portsmouth	6
ponies	6
pleasing	6
places	6
permitted	6
permit	6
penury	6
particulars	6
partiality	6
papers	6
paper	6
oxford	6
owner	6
ourselves	6
ornament	6
orange	6
oi	6
narrative	6
mouth	6
mistress	6
minute	6
miles	6
merit	6
merchant	6
loves	6
lose	6
listened	6
line	6
limbs	6
liberal	6
leaves	6
laugh	6
invitation	6
independent	6
increasing	6
horseback	6
horse	6
hoped	6
honours	6
honourable	6
holy	6
ho	6
hereafter	6
help	6
heir	6
height	6
happened	6
guests	6
gravity	6
grasped	6
grasp	6
grand	6
golden	6
german	6
funds	6
forty	6
forth	6
forming	6
force	6
fondest	6
flying	6
flower	6
flagstaff	6
firm	6
final	6
fearful	6
fancied	6
false	6
fairly	6
express	6
exchanged	6
exactly	6
evils	6
error	6
enter	6
eight	6
ears	6
dozen	6
dog	6
divine	6
disposition	6
dined	6
difference	6
die	6
determination	6
delicate	6
delay	6
degrees	6
deeply	6
decisive	6
dancing	6
cut	6
conviction	6
continues	6
continent	6
consideration	6
confusion	6
confidence	6
concern	6
conceal	6
complexion	6
colour	6
clothes	6
closed	6
climbed	6
cheerfulness	6
chambers	6
carefully	6
cape	6
cage	6
buried	6
break	6
box	6
boat	6
bitter	6
birthday	6
bird	6
bell	6
becomes	6
ball	6
averted	6
august	6
attempted	6
attack	6
assist	6
arrive	6
apparently	6
apparent	6
anything	6
amusement	6
america	6
alarming	6
adieu	6
actually	6
acted	6
acquired	6
accounts	6
according	6
accidental	6
younger	5
y	5
worth	5
wonder	5
won	5
widowhood	5
whip	5
wherefore	5
whence	5
wedded	5
wanted	5
visiting	5
visited	5
vineyards	5
vigilance	5
vase	5
unknown	5
universal	5
unfortunate	5
unbounded	5
trifling	5
trifles	5
travelled	5
transport	5
touched	5
total	5
token	5
till	5
throwing	5
taller	5
tails	5
swimming	5
sure	5
supposing	5
supported	5
suit	5
sufficiently	5
suffering	5
submit	5
strongest	5
strictly	5
stop	5
stoop	5
stones	5
spring	5
spaniard	5
south	5
sorry	5
sooner	5
smiled	5
sixteen	5
sincerely	5
sincere	5
shut	5
sentiments	5
senor	5
sending	5
says	5
save	5
satisfied	5
sacred	5
romantic	5
rocks	5
risen	5
resemblance	5
repeatedly	5
rendered	5
remarking	5
reject	5
regularly	5
refuse	5
red	5
recovery	5
recall	5
reality	5
ray	5
quick	5
proved	5
protest	5
professions	5
probably	5
prisoner	5
princess	5
predilection	5
precious	5
preceding	5
possess	5
political	5
plans	5
plain	5
pieces	5
perusal	5
personal	5
permitting	5
pecuniary	5
peak	5
paused	5
parson	5
pardon	5
paid	5
p	5
officers	5
offers	5
obtained	5
number	5
nod	5
necessity	5
mourning	5
motive	5
morton	5
mischief	5
miniature	5
military	5
mental	5
lower	5
lisbon	5
lingered	5
lieutenant	5
lie	5
library	5
lesson	5
leaned	5
lately	5
landed	5
labour	5
knock	5
kissing	5
justice	5
irritation	5
infant	5
indulge	5
income	5
incessant	5
incapable	5
impatience	5
ideas	5
i'm	5
hesitated	5
hernandez	5
heavy	5
heat	5
heads	5
hall	5
granted	5
grandfather	5
governed	5
glasses	5
glancing	5
getting	5
gently	5
gentlemen	5
generosity	5
gazed	5
forehead	5
fool	5
floor	5
fix	5
fifty	5
fears	5
fault	5
fatal	5
farther	5
faithful	5
faint	5
extend	5
expressed	5
expecting	5
excuse	5
example	5
evidently	5
event	5
escaped	5
entreated	5
entitled	5
enjoy	5
ended	5
endeavoured	5
elegant	5
easily	5
earn	5
eagerness	5
eagerly	5
duties	5
due	5
dressed	5
distinguish	5
distinction	5
display	5
disappointed	5
deuce	5
destroyed	5
desmond	5
deprived	5
depend	5
delirium	5
dated	5
daring	5
damp	5
cry	5
creator	5
corner	5
contents	5
contained	5
consult	5
consternation	5
consolation	5
considerable	5
consequently	5
confirmed	5
confined	5
condition	5
conclusion	5
communicate	5
committed	5
chief	5
cases	5
card	5
capable	5
candid	5
bush	5
brown	5
broke	5
brave	5
bounty	5
bounds	5
bound	5
blushing	5
blessings	5
bible	5
beside	5
below	5
becoming	5
bath	5
banks	5
balfours	5
aversion	5
authors	5
authority	5
arrangements	5
approaching	5
apprehensions	5
applied	5
annuity	5
aloud	5
along	5
ago	5
aged	5
advised	5
advanced	5
adoption	5
addressed	5
acknowledge	5
accidents	5
abhorrence	5
?'*	5
),	5
!)	5
•,	4
|arabic4digit|	4
zul	4
worst	4
worse	4
worldly	4
wood	4
women	4
witnessed	4
witness	4
wine	4
winds	4
wig	4
whimsical	4
wherein	4
welfare	4
wedding	4
watching	4
warmest	4
warfare	4
waited	4
waist	4
voices	4
visitor	4
villain	4
vehemence	4
vases	4
vago	4
useful	4
unusual	4
unnecessary	4
unfortunately	4
tutors	4
tried	4
trembled	4
treatment	4
treasures	4
treasure	4
train	4
today	4
tied	4
tie	4
thou	4
thinking	4
thing	4
thank	4
terrace	4
talking	4
talked	4
tagus	4
symptoms	4
sword	4
subsistence	4
subjects	4
style	4
stroke	4
striking	4
strike	4
stretched	4
strength	4
straw	4
storms	4
stern	4
steady	4
spy	4
sprung	4
sported	4
spending	4
speed	4
soul	4
solitude	4
softened	4
snug	4
snuffbox	4
slip	4
slept	4
sitting	4
sit	4
simply	4
silk	4
signal	4
sides	4
sick	4
shrieked	4
shore	4
shoes	4
shilling	4
shelter	4
shade	4
settle	4
seriously	4
september	4
sentence	4
senses	4
selfish	4
seeds	4
secretly	4
schools	4
saxony	4
sailor	4
sailed	4
sail	4
sad	4
sacrifice	4
royal	4
rode	4
rock	4
river	4
ring	4
riches	4
ribbon	4
reverend	4
resume	4
restrain	4
resources	4
reproach	4
report	4
repaired	4
render	4
remains	4
relating	4
rejoice	4
regretted	4
regardless	4
reflection	4
recovering	4
recourse	4
recalled	4
reared	4
reach	4
re	4
rapture	4
rapidly	4
rain	4
quite	4
quarter	4
purchase	4
pupil	4
prudence	4
protect	4
proportion	4
pronounce	4
professional	4
professed	4
proceeded	4
privilege	4
prevail	4
pressure	4
preparing	4
predominant	4
precipitate	4
pray	4
practice	4
post	4
possesses	4
possessed	4
positively	4
poring	4
politics	4
poet	4
playing	4
played	4
pictures	4
pension	4
path	4
passions	4
parlour	4
parliament	4
park	4
parish	4
outward	4
ou	4
original	4
occupying	4
occasional	4
obstinacy	4
objection	4
neglected	4
neglect	4
negative	4
named	4
music	4
mountains	4
moral	4
modesty	4
modest	4
milk	4
member	4
measures	4
measure	4
maternal	4
match	4
madness	4
mad	4
lovers	4
lover	4
literally	4
listening	4
likeness	4
leading	4
le	4
lawyer	4
landlady	4
knees	4
knee	4
king	4
kindly	4
keeping	4
juliet	4
judged	4
jealousy	4
invariably	4
invariable	4
introduced	4
insolence	4
inseparable	4
indulgence	4
individual	4
indispensable	4
indian	4
inclined	4
inclinations	4
impression	4
impossible	4
importance	4
identical	4
honoured	4
hither	4
hill	4
highly	4
higher	4
hide	4
hers	4
hardt	4
hamburg	4
habit	4
guidance	4
guardianship	4
guard	4
grooms	4
greatest	4
gratifying	4
gradually	4
graces	4
graceful	4
gout	4
got	4
glow	4
generally	4
gay	4
gather	4
gallant	4
gained	4
gabriel	4
funeral	4
fulfil	4
fruitless	4
friendly	4
fresh	4
free	4
forgive	4
follies	4
fly	4
firmly	4
finished	4
fingers	4
finger	4
fill	4
females	4
feels	4
fanciful	4
falling	4
exquisite	4
exposed	4
explain	4
experienced	4
expense	4
expedition	4
exertion	4
excess	4
examining	4
examine	4
everything	4
esteem	4
especially	4
errors	4
entered	4
engrossed	4
engel	4
endeavours	4
enchanting	4
eminence	4
eloi	4
eighteen	4
educated	4
ear	4
dying	4
dwelling	4
drop	4
drive	4
draw	4
doubtless	4
domingo	4
doing	4
distinguished	4
disorder	4
dismissed	4
discovered	4
directly	4
determine	4
destined	4
desk	4
derived	4
dependent	4
departed	4
delightful	4
dejection	4
deepest	4
decision	4
deceive	4
dearer	4
deal	4
dangerous	4
dance	4
cup	4
crutch	4
cruel	4
crown	4
creation	4
courage	4
corunna	4
convince	4
convent	4
contrive	4
containing	4
constantly	4
consented	4
conscience	4
confinement	4
concealing	4
comprehend	4
completely	4
completed	4
compare	4
communicated	4
commission	4
commanding	4
colours	4
clue	4
closet	4
clock	4
clerk	4
clergyman	4
clasped	4
chimney	4
check	4
chariot	4
cease	4
caution	4
catholic	4
carry	4
carelessness	4
careful	4
career	4
capital	4
calcutta	4
bushes	4
broad	4
brilliant	4
brain	4
boyish	4
boundless	4
bore	4
bold	4
board	4
blown	4
bliss	4
bis	4
birds	4
bid	4
beyond	4
bestowed	4
bestow	4
bench	4
behold	4
beginning	4
battle	4
bad	4
awoke	4
author	4
attendant	4
arose	4
arise	4
arguments	4
appeal	4
animation	4
angel	4
ambassador	4
alternately	4
allude	4
allowance	4
alarmed	4
aid	4
agitation	4
agents	4
admitted	4
admirable	4
actual	4
actions	4
acquire	4
acquainting	4
accidentally	4
absent	4
abruptly	4
•*	3
«'	3
|arabicprice|	3
yourselves	3
yoii	3
writes	3
wretchedness	3
wretched	3
wounds	3
worn	3
works	3
woods	3
withered	3
withdrawn	3
withdraw	3
wise	3
widely	3
whisper	3
whatsoever	3
wept	3
weight	3
weeping	3
weary	3
wearing	3
we'll	3
waves	3
warmth	3
wandering	3
waking	3
volume	3
virtues	3
violently	3
violence	3
vile	3
vestibule	3
velvet	3
vacant	3
utterly	3
unwilling	3
unreserved	3
unlike	3
unkind	3
unexpected	3
uneasiness	3
undertaken	3
unavoidable	3
twice	3
tutor	3
trusted	3
trip	3
trials	3
trembling	3
treated	3
traced	3
touching	3
tolerable	3
timidity	3
threat	3
thousands	3
thoughtlessness	3
therein	3
terrified	3
tenerifte	3
tenderly	3
tendency	3
tempted	3
takes	3
system	3
surrounding	3
supplied	3
supernatural	3
superb	3
sunk	3
sum	3
sufferings	3
successful	3
success	3
succeeded	3
succeed	3
substance	3
student	3
strolled	3
stripped	3
string	3
stream	3
stopping	3
stock	3
steadily	3
statue	3
stated	3
starting	3
star	3
stage	3
stables	3
sprang	3
sport	3
speculations	3
spectacles	3
species	3
spark	3
spared	3
source	3
sorrows	3
solid	3
softness	3
sober	3
snuff	3
snatching	3
slowness	3
slow	3
slightly	3
sleeping	3
sky	3
skin	3
skill	3
simple	3
silver	3
signs	3
signed	3
sign	3
sighed	3
shunned	3
shoulders	3
shot	3
shorter	3
shining	3
shake	3
severely	3
several	3
setting	3
serve	3
sermon	3
sensation	3
selfishness	3
seldom	3
seeking	3
seducer	3
security	3
seas	3
sealed	3
seal	3
scruple	3
saved	3
santa	3
salute	3
salary	3
saladin	3
rustic	3
rule	3
ruin	3
royalty	3
routine	3
route	3
rochefort	3
robust	3
roads	3
rival	3
risk	3
rides	3
reward	3
revived	3
returns	3
retiring	3
retirement	3
restriction	3
restoring	3
respects	3
respected	3
resign	3
reserved	3
resembles	3
resemble	3
requisite	3
reproaches	3
reproached	3
reports	3
renders	3
remorse	3
reluctant	3
relief	3
released	3
relations	3
rejoiced	3
reflect	3
reference	3
rector	3
recommendation	3
recommend	3
recollections	3
reap	3
readily	3
rap	3
rang	3
quiet	3
questioned	3
quarters	3
quality	3
qualities	3
puts	3
pursuing	3
purposely	3
purposed	3
pure	3
purchased	3
pulse	3
providence	3
prospero	3
prospects	3
prosecute	3
promote	3
profit	3
procure	3
procession	3
probable	3
pro	3
prisons	3
principle	3
preventing	3
prevented	3
prevailed	3
presented	3
preparations	3
premises	3
preferred	3
precautions	3
powers	3
posterity	3
possibly	3
portugal	3
portion	3
port	3
porch	3
porcelain	3
polished	3
pointing	3
plunged	3
pleasant	3
planted	3
pistol	3
piety	3
persisted	3
persist	3
perpetually	3
pernicious	3
pennyless	3
pencil	3
pen	3
pays	3
parties	3
partial	3
parsonage	3
paint	3
orotava	3
ornaments	3
openly	3
opening	3
officer	3
occupies	3
obtaining	3
observer	3
observations	3
obscurity	3
nurses	3
notwithstanding	3
notes	3
note	3
north	3
nobody	3
nobleman	3
nobility	3
newspapers	3
newly	3
nerves	3
negligence	3
needlework	3
nearer	3
nd	3
naturally	3
nation	3
narrow	3
naked	3
nails	3
mystery	3
murmur	3
movement	3
mournful	3
moss	3
mortification	3
moore	3
mode	3
mingled	3
minded	3
mighty	3
midnight	3
middle	3
message	3
merits	3
mere	3
meaning	3
meal	3
maturity	3
matched	3
masters	3
mark	3
march	3
manuel	3
manliness	3
mankind	3
manes	3
maker	3
magnificent	3
losing	3
lords	3
lodger	3
load	3
listen	3
lip	3
lingering	3
linen	3
limited	3
lifted	3
lier	3
level	3
legal	3
leaning	3
lawful	3
languor	3
languages	3
lake	3
lace	3
knitting	3
kissed	3
judicious	3
judges	3
john	3
jesting	3
isle	3
iron	3
ireland	3
intrusion	3
intrude	3
introduce	3
intimacy	3
interrupt	3
instructions	3
inspection	3
injure	3
inhabited	3
inflexible	3
infirm	3
inch	3
imprudent	3
improved	3
improve	3
impressive	3
impressions	3
imploring	3
imitation	3
imagined	3
ignorance	3
hush	3
husbands	3
hurry	3
hung	3
humour	3
hoy	3
homeward	3
holding	3
hit	3
hinted	3
hid	3
hi	3
hence	3
helpless	3
heights	3
heartily	3
hears	3
healthy	3
hanging	3
halfway	3
habitual	3
gunpowder	3
guide	3
guess	3
guarded	3
guanche	3
growth	3
grow	3
groves	3
grove	3
grey	3
gratify	3
gratified	3
gratification	3
gong	3
goes	3
godmother	3
glare	3
giddy	3
george	3
generous	3
gates	3
gardens	3
gardeners	3
furnished	3
furnish	3
fulfilled	3
fro	3
frigate	3
friendless	3
freedom	3
frankness	3
france	3
fourth	3
fourteen	3
founder	3
foundation	3
fought	3
formerly	3
foreign	3
fondness	3
flown	3
firmness	3
finish	3
finds	3
finding	3
finally	3
fetch	3
fellows	3
feature	3
favourable	3
families	3
failure	3
failed	3
fact	3
eyebrows	3
exterior	3
expired	3
expectations	3
expanded	3
existed	3
exist	3
executed	3
execute	3
exclusively	3
exclusion	3
exclamation	3
evenings	3
europe	3
eternal	3
entreaties	3
engross	3
enemy	3
endured	3
endure	3
endeavouring	3
enabled	3
employer	3
elsewhere	3
elegance	3
elder	3
elapsed	3
eh	3
economy	3
earnest	3
dupe	3
drew	3
dreams	3
downstairs	3
double	3
doors	3
divided	3
disturb	3
displeased	3
dispensations	3
disdain	3
direction	3
directed	3
dimples	3
difficulties	3
devoted	3
detained	3
detain	3
detailed	3
detail	3
desires	3
deserving	3
described	3
deposited	3
denied	3
defeated	3
deeper	3
declined	3
declare	3
decide	3
deceased	3
debts	3
debate	3
deathbed	3
daughters	3
darkness	3
dances	3
danced	3
curricle	3
cruz	3
cross	3
crisis	3
crimsoned	3
credulity	3
courtship	3
counsellor	3
correct	3
coronet	3
conveyance	3
conversations	3
control	3
contention	3
content	3
constancy	3
consistent	3
considering	3
considerably	3
conquered	3
conquer	3
confident	3
conclusions	3
concerns	3
composure	3
composed	3
compose	3
compliment	3
complied	3
compliance	3
compelled	3
comparing	3
comparatively	3
companions	3
commissioned	3
comforts	3
comes	3
collation	3
coffee	3
coarse	3
coach	3
clouds	3
closing	3
climate	3
cleared	3
claudina	3
circumstance	3
churchyard	3
cherished	3
cherish	3
cheer	3
chase	3
charm	3
charities	3
chaplain	3
chairs	3
censure	3
ceased	3
carriages	3
carelessly	3
cards	3
canary	3
can't	3
calls	3
buy	3
bustle	3
bursting	3
british	3
britain	3
bright	3
briefs	3
breathed	3
breath	3
bread	3
bones	3
blunt	3
blooming	3
blood	3
blind	3
bled	3
blank	3
bidding	3
behalf	3
because	3
beau	3
beam	3
beach	3
bayonne	3
bay	3
bashfulness	3
backgammon	3
bachelor	3
awful	3
awakened	3
avoided	3
avenue	3
attacked	3
atlas	3
astonishment	3
assuring	3
associated	3
asserted	3
asleep	3
ashamed	3
article	3
arriving	3
arrangement	3
army	3
appropriated	3
apprehension	3
applicable	3
apple	3
appealing	3
apparition	3
apology	3
apartment	3
anticipated	3
amuse	3
amiable	3
amazement	3
altered	3
alluded	3
aim	3
ah	3
agusto	3
agreement	3
agreed	3
agreeable	3
agree	3
agony	3
afforded	3
afflicted	3
affected	3
advise	3
adopt	3
admire	3
acquirements	3
acknowledged	3
accomplishments	3
accompanying	3
<<	3
<	3
-,	3
*•	3
).	3
',	3
■	2
•«	2
|arabic5+digit|	2
youths	2
youngest	2
you're	2
yoke	2
wretch	2
wore	2
wonderful	2
wondered	2
won't	2
wit	2
wishing	2
winter	2
wink	2
wings	2
winding	2
willed	2
wildly	2
wide	2
whomsoever	2
whither	2
whistle	2
whispering	2
whispered	2
whereon	2
whereby	2
whelp	2
west-india	2
west	2
wellington	2
wellesley	2
well-known	2
weep	2
wealthy	2
weak	2
waterloo	2
warning	2
warn	2
warmly	2
warm	2
wariness	2
wards	2
wantonly	2
wandered	2
waltzing	2
waiters	2
w	2
voyages	2
vows	2
voluntary	2
vocation	2
vivacity	2
visits	2
visions	2
visionary	2
virtually	2
viranda	2
villa	2
vigour	2
views	2
vicar	2
vic	2
verified	2
vere	2
ventured	2
venture	2
venerable	2
veil	2
vas	2
variable	2
vanity	2
vanished	2
valued	2
valuable	2
valleys	2
vacancy	2
using	2
urgent	2
urged	2
upstairs	2
upper	2
uplifted	2
unworthy	2
unwarrantable	2
unsight	2
unreservedly	2
unreasonable	2
unpleasant	2
unmixed	2
unlucky	2
unlimited	2
unhappy	2
ungenerous	2
unfit	2
undissembled	2
underwent	2
undertake	2
understands	2
undergo	2
unconscious	2
unconcealed	2
uncertain	2
unavoidably	2
unattended	2
unalloyed	2
un	2
ugly	2
tyrant	2
twenty-six	2
twelve	2
turns	2
turkey	2
tune	2
trusting	2
troops	2
trivial	2
tripped	2
trifle	2
tribute	2
treaty	2
tread	2
travellers	2
transient	2
trampling	2
track	2
tot	2
tossing	2
torture	2
torment	2
torina	2
tore	2
top	2
tongue	2
tom	2
tl	2
tinge	2
tight	2
tidings	2
tide	2
thundering	2
thunderbolt	2
thunder	2
thrust	2
throughout	2
threatened	2
thorough	2
thorns	2
thee	2
theatre	2
thankful	2
th	2
testimonies	2
terror	2
term	2
tend	2
tenacity	2
temptation	2
temperance	2
tea	2
te	2
talisman	2
synonimous	2
sympathy	2
swoon	2
switzerland	2
swelling	2
sweetness	2
sweet	2
suspicion	2
suspected	2
survived	2
survive	2
surpass	2
surgeon	2
suppressed	2
supposed	2
supply	2
superiority	2
sup	2
sunday	2
sunbeam	2
summons	2
summer	2
suitors	2
suited	2
substituted	2
subsided	2
subsequent	2
sublime	2
sturdy	2
strongly	2
strode	2
strikes	2
strictest	2
strict	2
stretch	2
streets	2
strained	2
storm	2
stirring	2
stirred	2
stimulus	2
steward	2
stepping	2
steep	2
steadiness	2
steadfastly	2
staying	2
station	2
states	2
staring	2
starboard	2
stake	2
stairs	2
stable	2
spur	2
spun	2
spread	2
speechless	2
speaks	2
space	2
southey	2
sounds	2
sounded	2
solely	2
soldiers	2
softest	2
snow	2
snatched	2
smothered	2
smooth	2
smoke	2
slippery	2
slim	2
skilful	2
skies	2
sixth	2
sirrah	2
sinking	2
singing	2
sincerest	2
similar	2
silly	2
silently	2
sickened	2
si	2
shutting	2
shriek	2
shower	2
shooting	2
shocked	2
ships	2
shawls	2
shaking	2
shadows	2
shadow	2
shaded	2
sh	2
sentinel	2
sensible	2
selves	2
selected	2
seizing	2
sees	2
seemingly	2
securing	2
sealing	2
scruples	2
scriptures	2
scott	2
scotland	2
science	2
scheme	2
scenes	2
saucy	2
satisfaction	2
sang	2
saluted	2
sails	2
sailing	2
safeguard	2
sadness	2
russia	2
rush	2
rules	2
roused	2
rosy	2
rookh	2
robin	2
rob	2
ripened	2
ringing	2
rights	2
ridiculed	2
rid	2
richly	2
richest	2
revive	2
reverse	2
reverence	2
revenge	2
results	2
resulting	2
restoration	2
resting	2
rested	2
responsible	2
respectable	2
resigned	2
resignation	2
residing	2
resembled	2
repeating	2
repay	2
renounce	2
renew	2
remittances	2
reminding	2
remembrance	2
remembers	2
remarkable	2
rely	2
reluctance	2
relinquish	2
religious	2
religion	2
relieved	2
relieve	2
relatives	2
reigns	2
regulated	2
regularity	2
regent	2
reflected	2
recover	2
reconciliation	2
reconciled	2
recollecting	2
reception	2
receives	2
reasonable	2
readiness	2
reaching	2
rattling	2
rate	2
rapturous	2
rapping	2
rally	2
rallied	2
rage	2
race	2
quizzing	2
questioning	2
quarrel	2
pushed	2
purple	2
purest	2
puppy	2
punished	2
publish	2
publications	2
prudent	2
provide	2
proud	2
protector	2
protecting	2
prosperous	2
prospect	2
prose	2
proposal	2
proofs	2
pronounced	2
promotion	2
promising	2
prohibition	2
profusion	2
profound	2
proficiency	2
productive	2
proceeding	2
privileges	2
prison	2
price	2
pretended	2
presumptuous	2
pressing	2
press	2
preserver	2
presently	2
preparatory	2
prejudice	2
prayers	2
prate	2
practised	2
powdered	2
posture	2
positive	2
position	2
pompous	2
poisoned	2
points	2
poignant	2
poetry	2
plunging	2
pleases	2
plead	2
platting	2
plant	2
placing	2
pitiable	2
pious	2
piercing	2
phrase	2
pew	2
perverted	2
perverse	2
persuaded	2
persuade	2
perspective	2
personified	2
personally	2
perplexed	2
permission	2
perished	2
periodical	2
peril	2
performed	2
perform	2
perfection	2
peremptorily	2
people	2
pensioners	2
peculiarly	2
pearls	2
peach	2
patronage	2
patriot	2
paternal	2
pate	2
pasture	2
passionately	2
passes	2
passages	2
parts	2
partner	2
paris	2
parental	2
par	2
pang	2
paleness	2
painter	2
painted	2
pages	2
pace	2
pa	2
owners	2
owe	2
overlooked	2
overcome	2
outcast	2
ostensible	2
orphan	2
origin	2
oppressed	2
operate	2
opens	2
openness	2
omission	2
older	2
offering	2
oddities	2
october	2
occurred	2
occur	2
occupation	2
occasions	2
occasionally	2
obtain	2
obstinate	2
obscure	2
obliged	2
objections	2
obeying	2
nursed	2
notions	2
northern	2
noise	2
nieces	2
nie	2
newspaper	2
nest	2
ness	2
nervous	2
nephews	2
neighbouring	2
necessarily	2
navy	2
naval	2
nations	2
myrtle	2
mv	2
musical	2
murder	2
mules	2
mule	2
moved	2
move	2
mournfully	2
mounted	2
mortal	2
monumental	2
monster	2
monastery	2
moderate	2
model	2
mo	2
mixture	2
mixing	2
missing	2
miseries	2
mines	2
million	2
miller	2
midshipman	2
methods	2
messenger	2
meridian	2
mercy	2
mercantile	2
mentions	2
mentioning	2
memorandum	2
members	2
meanwhile	2
maxim	2
mawkish	2
matrimony	2
marrying	2
marriages	2
marking	2
marked	2
maria	2
manhood	2
managed	2
malek	2
major	2
majesty	2
main	2
mail	2
magistrates	2
magic	2
luxury	2
lounging	2
lonely	2
log	2
lofty	2
locks	2
lock	2
livelihood	2
literature	2
literary	2
lines	2
likely	2
liis	2
lightning	2
lifting	2
lift	2
lifetime	2
lesser	2
leisure	2
legs	2
legitimate	2
legally	2
laws	2
later	2
lasted	2
lane	2
landscapes	2
landscape	2
lamented	2
lamentation	2
lallah	2
ladyship	2
lads	2
knowing	2
knot	2
kindest	2
killed	2
key	2
kensington	2
keeps	2
jurisprudence	2
journal	2
jointure	2
joining	2
jirst	2
jewels	2
jenny	2
jealous	2
james	2
italy	2
italian	2
isolated	2
irremediable	2
irish	2
invulnerable	2
involuntary	2
involuntarily	2
invited	2
invalid	2
intruding	2
intimation	2
intimate	2
interruption	2
internal	2
interior	2
interfered	2
interests	2
interesting	2
intends	2
insured	2
insulting	2
inspired	2
inspire	2
inside	2
inquiring	2
inmates	2
ink	2
inherits	2
inhabiting	2
inhabitants	2
inhabitant	2
ingratitude	2
influence	2
infection	2
infancy	2
induced	2
induce	2
individuals	2
individually	2
indignation	2
indignant	2
indifferent	2
indescribable	2
indefatigable	2
indebted	2
incredible	2
increase	2
inconvenient	2
inclination	2
incident	2
incessantly	2
impulse	2
impudent	2
impudence	2
imprisoned	2
imported	2
implored	2
implore	2
impetuous	2
impertinence	2
immediate	2
immaterial	2
im	2
illustrious	2
illnesses	2
idol	2
idleness	2
identify	2
ibr	2
hy	2
hut	2
hurt	2
hundreds	2
humility	2
humanity	2
hospitals	2
hospitality	2
horrid	2
horrible	2
hopeless	2
hoop	2
homage	2
holidays	2
holds	2
hispaniola	2
hint	2
hiding	2
hidden	2
hey	2
hesitate	2
heri	2
herein	2
henceforward	2
hems	2
hem	2
hedges	2
heavens	2
hearty	2
hearth	2
hearse	2
headstrong	2
headed	2
headache	2
hazards	2
hazarded	2
haughty	2
hatred	2
hasten	2
haste	2
hast	2
harsh	2
harry	2
hard	2
harbour	2
happier	2
handsome	2
handled	2
handkerchief	2
habits	2
guides	2
guided	2
guest	2
grown	2
grew	2
granny	2
grandmother	2
grandeur	2
gown	2
goose	2
goodness	2
good-natured	2
good-humoured	2
godson	2
glowing	2
gladly	2
giver	2
gilded	2
gift	2
geranium	2
gelhardt	2
gaze	2
gathering	2
gasping	2
garret	2
gallantry	2
gaining	2
gaiety	2
gabrieile	2
fury	2
furious	2
function	2
fullgrown	2
fuel	2
fruits	2
front	2
frighten	2
frequent	2
freely	2
fourteenth	2
founded	2
fostering	2
forwarded	2
forsaken	2
forgiveness	2
forfeit	2
foretop	2
foreigner	2
forcing	2
forces	2
fopperies	2
footpad	2
footed	2
folded	2
foils	2
flushed	2
flung	2
flow	2
flocks	2
fling	2
flight	2
flies	2
fled	2
flannel	2
flag	2
fixing	2
fit	2
first-rate	2
finely	2
filling	2
filial	2
figures	2
fight	2
fifth	2
fidelity	2
festival	2
fervent	2
ferdinand	2
fellow-creatures	2
feeble	2
fed	2
feared	2
favourites	2
fast	2
farrier	2
familiarity	2
falmouth	2
faithfully	2
failing	2
faces	2
eyelids	2
extreme	2
extraneous	2
extinguished	2
extended	2
exposure	2
explicit	2
expiration	2
expatiated	2
existing	2
exhausted	2
exerted	2
excluded	2
exclaim	2
exception	2
excepted	2
excels	2
excellencies	2
excel	2
examined	2
ex	2
everlasting	2
established	2
erected	2
erect	2
equipped	2
entwined	2
entrusted	2
entrust	2
entirely	2
enthusiasm	2
entangled	2
ensued	2
englishmen	2
engagement	2
eng	2
energy	2
endowed	2
endless	2
endearing	2
encouragement	2
enclosed	2
enable	2
en	2
empty	2
emperor	2
embrace	2
embarrassed	2
embarkation	2
embark	2
elbows	2
effectually	2
effected	2
edward	2
echo	2
eating	2
eat	2
easy	2
earl	2
dwelled	2
dust	2
duplicity	2
duke	2
dudlet	2
ducal	2
dry	2
dropped	2
driving	2
driven	2
drink	2
dresden	2
dreary	2
dread	2
drawings	2
dragoons	2
downright	2
downcast	2
doubts	2
doubtful	2
docked	2
disturbance	2
distrust	2
distributed	2
distraction	2
dispense	2
dispatched	2
disinterested	2
disease	2
discrimination	2
discover	2
discontent	2
discerned	2
disappointments	2
disadvantage	2
disabled	2
direct	2
diplomatic	2
dining	2
dine	2
diminutive	2
diminished	2
diamonds	2
dew	2
destruction	2
destroy	2
despoiled	2
desperately	2
designing	2
deserves	2
deserved	2
deserve	2
descriptions	2
deranged	2
depending	2
dependence	2
demanded	2
delivered	2
deliver	2
deliberation	2
deliberately	2
delayed	2
definitive	2
defiance	2
defer	2
defending	2
defend	2
defence	2
defection	2
decorate	2
declares	2
declared	2
decisively	2
decidedly	2
december	2
decay	2
debtors	2
debating	2
dearly	2
deaf	2
deadly	2
date	2
dashing	2
dashed	2
darted	2
dare	2
customs	2
custom	2
curtains	2
curiosity	2
cure	2
cultivated	2
crying	2
cruise	2
crimes	2
creditors	2
creature	2
creating	2
coveted	2
covet	2
covers	2
covered	2
courts	2
countries	2
costello	2
correspondents	2
correspondent	2
correspond	2
corrected	2
corps	2
cornet	2
convulsion	2
conversing	2
convenient	2
contrives	2
contribute	2
continuing	2
continuation	2
continental	2
contented	2
contagious	2
constitution	2
conspicuous	2
consigned	2
consciousness	2
conqueror	2
connexion	2
connected	2
confounded	2
confine	2
confession	2
conducts	2
conductor	2
concluding	2
conceive	2
compliments	2
competence	2
comparison	2
comparative	2
compact	2
communicating	2
commoner	2
committing	2
com	2
coloured	2
collars	2
collar	2
coin	2
coffin	2
coffeehouse	2
closely	2
clon	2
clerical	2
clearness	2
claudy^	2
clasping	2
claret	2
clapping	2
civilised	2
cities	2
circles	2
chose	2
choosing	2
chnmore	2
chimney-piece	2
childish	2
chiefly	2
chestnut	2
chest	2
checked	2
chased	2
charley	2
characters	2
chapel	2
channels	2
changing	2
chain	2
certainty	2
centre	2
catch	2
casualties	2
casual	2
casting	2
castille	2
cast	2
carrying	2
carried	2
carpet	2
carpenter	2
carlo	2
careless	2
captured	2
capricious	2
capacity	2
cap	2
candidly	2
canarian	2
cambridge	2
calmness	2
cabin	2
byron	2
burn	2
bundle	2
build	2
buds	2
bud	2
brute	2
brow	2
broth	2
brooch	2
brino	2
brief	2
breeze	2
breastplate	2
breast	2
breaks	2
breach	2
brats	2
branches	2
branch	2
boyhood	2
bow	2
bourbon	2
bottom	2
bordering	2
boots	2
boot	2
bond	2
bombay	2
boarding	2
blushes	2
bloom	2
blew	2
bleeding	2
blamed	2
bitterness	2
bill	2
bewitching	2
betrayed	2
bent	2
benefactor	2
benedict	2
bend	2
benches	2
belonged	2
believed	2
beings	2
beholding	2
beheld	2
behaviour	2
begun	2
beg	2
battles	2
basket	2
barrister	2
bargain	2
bar	2
bands	2
bandalour	2
balustrade	2
balm	2
ballad	2
bald	2
avoids	2
avocations	2
au	2
attractions	2
attentively	2
attentive	2
attendance	2
attempts	2
atlantic	2
asylum	2
astray	2
assumed	2
association	2
asses	2
assert	2
aside	2
ascent	2
artifice	2
articles	2
art	2
arranged	2
arrange	2
arising	2
argued	2
ardent	2
apropos	2
approve	2
approached	2
approach	2
apprehensive	2
apologies	2
apollo	2
anxiously	2
antiquities	2
antelopes	2
announced	2
ankle	2
anguish	2
angry	2
anger	2
angelic	2
andalusian	2
amusing	2
amusements	2
amused	2
amply	2
ample	2
amongst	2
amicable	2
amends	2
ambitious	2
alteration	2
alive	2
alighted	2
alfbrd	2
alacrity	2
al	2
ajar	2
aisle	2
airs	2
ailment	2
aifection	2
agonising	2
afraid	2
afford	2
affectionately	2
affecting	2
adventurers	2
admiring	2
admired	2
admiralty	2
adjoining	2
adhering	2
adhere	2
adhel	2
adds	2
acute	2
acts	2
acquit	2
accounted	2
accosted	2
accordingly	2
accord	2
acclivity	2
accepting	2
accepted	2
accent	2
abuse	2
abundance	2
absurd	2
abroad	2
abovementioned	2
^.	2
^*	2
^'	2
]	2
1'*	2
-^	2
*»	2
*,	2
);	2
'«	2
!*'	2
!'*	2
!'	2
€njoy	1
••	1
•<	1
»udley«	1
««	1
«tep	1
«<	1
©udley	1
£nend	1
~	1
}	1
|)romising	1
{	1
zulvago^	1
zulvagd	1
zujvago	1
zuhagoj^	1
zest	1
zenobia	1
z/ow	1
youy	1
younker	1
youngsters	1
yoor	1
yom	1
yoked	1
yoiuig	1
yoif	1
yoice	1
yo.fv^	1
ylie	1
yielding	1
yield	1
yf	1
yery	1
yearly	1
yard	1
xj	1
wrongs	1
writhing	1
writer	1
writ	1
wristbands	1
wrestling	1
wrestled	1
wrestle	1
wrenching	1
wrenched	1
wrecks	1
wreath	1
wrath	1
wrapped	1
wrap	1
wrangling	1
wrangler	1
woven	1
wound	1
worthless	1
worshipping	1
worshippers	1
worshipped	1
worship	1
worm	1
worlds	1
workmanship	1
working	1
workhouse	1
woolsack	1
wool	1
wooed	1
wooden	1
wonderfully	1
woman^s	1
wofully	1
wnftsoever	1
wn'th	1
wl.om	1
witnessing	1
witnesses	1
wither	1
withdrawing	1
wisp	1
wisest	1
wiser	1
wisely	1
wire	1
wiped	1
wipe	1
wins	1
windsor	1
windings	1
winchester	1
wimbledon	1
willis	1
wilfully	1
wildness	1
widower	1
widowed	1
wicker	1
wickedness	1
wickedly	1
wicked	1
whq	1
whosesoever	1
whiteness	1
whistling	1
whispers	1
whiskers	1
whisked	1
whisk	1
whirl	1
whims	1
whim	1
while	1
wherever	1
whenever	1
wheels	1
wh^/*	1
wexford	1
wet	1
westminster	1
werd	1
welsh	1
wellwisher	1
wells	1
weightier	1
weigh	1
wei	1
weekly	1
weeds	1
wednesday	1
wed	1
wece	1
weaving	1
weave	1
weathers	1
wears	1
weariness	1
wearer	1
weakness	1
weakened	1
wdngs	1
wayes	1
wax/	1
waverley	1
wave	1
waterfalls	1
waterfall	1
watchful	1
waste	1
washer	1
wash	1
wary	1
warranted	1
warrant	1
warp	1
warms	1
warlike	1
warily	1
warehouses	1
wanton	1
wanting	1
wanderer	1
wander	1
waltzed	1
walnut	1
wakefield	1
wake	1
waits	1
wagon	1
wager	1
wag	1
wafted	1
wafers	1
w^re	1
w4io	1
vv^ith	1
vsobrino	1
vshe	1
vowed	1
vow	1
vouchers	1
vou	1
voracity	1
void	1
vohmtaiy	1
vmtli	1
vivian	1
visitors	1
visiters	1
virtus	1
virtue	1
virgin	1
violate	1
vinegar	1
vindicated	1
vimiera	1
vilege	1
vigilant	1
viewing	1
viewed	1
vienna	1
vie	1
victorin	1
victo	1
viction	1
vice	1
vi^ith	1
vestry	1
vestibules	1
vertigos	1
verse	1
verily	1
verge	1
verdure	1
verd	1
ventures	1
veneiable	1
vendish	1
veins	1
vehemently	1
vehement	1
vega	1
vault	1
varying	1
varlet	1
variety	1
variation	1
vapour	1
vanish	1
vanguard	1
valuables	1
valley	1
valets	1
vague	1
v^^eathered	1
v/cek	1
uutii	1
utters	1
uttering	1
ushant	1
useless	1
urchins	1
upsetting	1
uphold	1
unwedded	1
unutterable	1
unusually	1
untoward	1
untie	1
unsuccessful	1
unrolling	1
unrestricted	1
unreserve	1
unremitting	1
unprotected	1
unprincipled	1
unperceived	1
unparalleled	1
unopened	1
unobserved	1
unnoticed	1
unmanly	1
unlaced	1
university	1
unite	1
unirequently	1
uninterrupted	1
uninterested	1
unintelligible	1
unica	1
unguarded	1
ungratified	1
ungratefully	1
ungovernable	1
unforeseen	1
unfolding	1
unfledged	1
unfixed	1
unfeigned	1
unfashionable	1
unfashion	1
unfair	1
unexpectedly	1
unequivocal	1
unequal	1
undoubtedly	1
undone	1
undivided	1
undescribable	1
underwood	1
undertaking	1
underneath	1
undefended	1
undeceived	1
unconstrained	1
unconsciously	1
unconnected	1
unconditionally	1
uncommon	1
uncle	1
uncivilised	1
unbroken	1
unbridled	1
unbound	1
unbagged	1
unassuming	1
unalterable	1
unaired	1
unadorned	1
unacquainted	1
ugliness	1
tyranny	1
tyrannical	1
typhus	1
ty	1
twq	1
twisting	1
twenty-sixth	1
twenty-first	1
twenty-fifth	1
twanging	1
twain	1
tutorship	1
turpitude	1
turnvictorina	1
turnpike	1
turmng	1
turkish	1
ture	1
turbulent	1
turally	1
tur	1
tuneful	1
tunbridge	1
tumults	1
tumbled	1
tumble	1
tulip	1
tufted	1
tu(je	1
tu	1
truss	1
trunk	1
trumpets	1
trumpery	1
trudged	1
trtdy	1
trousers	1
trough	1
trod	1
triton	1
trinkets	1
trinidad	1
trim	1
tricks	1
tress	1
tremendously	1
tremendous	1
tremblings	1
tremble	1
treasured	1
treading	1
tray	1
traversing	1
travel	1
trary	1
transported	1
transparent	1
translate	1
transition	1
transgress	1
transformation	1
transatlantic	1
transactions	1
trait	1
trained	1
trafalgar	1
tradesmen	1
trade	1
toy	1
townj	1
tow	1
touches	1
totjoast	1
totally	1
toss	1
tortoiseshell	1
torn	1
topsails	1
tops	1
topmast	1
tool	1
tonne	1
tongues	1
tones	1
tombstones	1
toledo	1
tokens	1
tokay	1
toils	1
togeihet	1
tobacco	1
toasted	1
to.be^	1
tny	1
tng^s	1
tlwugku	1
tli^^	1
tjudley	1
tjie7i	1
tiveiity	1
tits	1
tithes	1
tishe	1
tis	1
tirst	1
tired	1
tiptop	1
tipsy	1
tipon	1
tinkling	1
ting	1
tinctured	1
tin	1
timid	1
timely	1
timed	1
tillers	1
tieveff	1
ties	1
tidy	1
tides	1
thy	1
thus.soon	1
thursday	1
thunderstruck	1
thunderstorm	1
thump	1
thumb	1
thrusting	1
throughby	1
throbs	1
throat	1
thriving	1
thrilling	1
threshold	1
threaten	1
thread	1
thraldom	1
thjs	1
thinner	1
thickset	1
thickly	1
thicket	1
thi5	1
thi&	1
they'll	1
thers	1
thern	1
theology	1
themes	1
thejn	1
theincrease	1
theii	1
theatrical	1
thaw	1
thati	1
thanked	1
than.sijs^	1
th^tp	1
text	1
testator	1
territory	1
territories	1
terrific	1
terrier	1
terminate	1
terial	1
ter	1
tenyears^	1
tenth	1
tens	1
teneriflte	1
tenerifle	1
tenement	1
tench	1
tenants	1
tenacious	1
temple	1
templar	1
temperament	1
teliefi	1
telescope	1
technical	1
tear	1
teacher	1
tbair	1
tax	1
tava	1
tautology	1
tatler	1
tastes	1
task	1
tapped	1
tape	1
tap	1
tantalus	1
tambourines	1
tambour	1
talent	1
takis	1
tailor	1
tafferil	1
tack	1
taciturn	1
t>ui)lky	1
t/ou	1
t)udlev	1
syren	1
symptom	1
sympathising	1
sylvanus	1
syllable	1
sworn	1
swollen	1
swisserland	1
swing	1
swimmings	1
swim	1
swiftly	1
swift	1
swelled	1
sweeping	1
swear	1
swayed	1
swan	1
swam	1
swain	1
sustenance	1
suspicions	1
suspect	1
susceptible	1
survivor	1
survives	1
surveillance	1
surrounded	1
surround	1
surprising	1
surplices	1
surplice	1
surpassed	1
surmounting	1
surmount	1
surly	1
surgical	1
sureties	1
supreme	1
supposes	1
supports	1
supporting	1
supplying	1
supping	1
supper	1
supersedes	1
superintended	1
superintendanccy	1
superfluous	1
superfluity	1
superbe	1
superannuated	1
sunset	1
sunrise	1
sundry	1
sundiy	1
sunburnt	1
sums	1
sumptuous	1
summoning	1
summon	1
sullenness	1
sullen	1
sulky	1
sulks	1
suits	1
suitor	1
suiting	1
suitering	1
suitable	1
suipicion	1
suicide	1
suhpcena	1
suggested	1
sugar	1
suffocating	1
suffocated	1
sufficiency	1
suffers	1
sufferer	1
suf	1
suer	1
sucking	1
succour	1
successor	1
succeeds	1
subsists	1
subsist	1
subsides	1
subsequtent	1
submission	1
sublunary	1
sublimer	1
subjected	1
subdue	1
suasion	1
stunned	1
stung	1
stuff	1
studying	1
students	1
stuck	1
strung	1
struggles	1
struggled	1
struggle	1
stronger	1
stroked	1
strive	1
strippling	1
striplings	1
strip	1
strings	1
strides	1
strengthen	1
stray	1
stratagem	1
straps	1
strahan	1
stores	1
stored	1
store	1
stopper	1
stooping	1
stool	1
stolen	1
stole	1
stockings	1
stocking	1
stocked	1
stir	1
stimulated	1
stiff	1
sticking	1
stfeets	1
sternest	1
sterling	1
sterile	1
stepped	1
stephens	1
stem	1
steels	1
steeds	1
statute	1
stationed	1
stationary	1
stately	1
stat	1
starts	1
stared	1
stare	1
stardy	1
stantly	1
standard	1
stamped	1
stalks	1
stalking	1
stalk	1
stakes	1
staggering	1
stagger	1
stages	1
squirting	1
squire	1
squibs	1
squares	1
squandered	1
squalls	1
squalling	1
squalid	1
spying	1
spyglass	1
spu'its	1
springs	1
springing	1
spring.'^	1
sprightliness	1
spreading	1
spouse	1
spottiswoode	1
sportive	1
sporting	1
spontaneous	1
sponsor	1
sponge	1
spok^	1
spoilt	1
spoil	1
splendour	1
splendidly	1
splendid	1
splashing	1
spite	1
spiritual	1
spirited	1
spire	1
speedy	1
speediest	1
speech	1
speculator	1
spectre	1
specified	1
special	1
spasms	1
sparrows	1
sparrow	1
spacious	1
sown	1
sovereign	1
sources	1
sour	1
soult	1
souls	1
sou	1
sos	1
sore	1
sordid	1
sorcerer	1
sooth	1
songs	1
sometimes	1
solicitude	1
solicitor	1
solicitation	1
soli	1
solace	1
soi	1
sohrino	1
softer	1
soften	1
social	1
sobs	1
sobers	1
sobered	1
soar	1
soaped	1
so-so	1
snuffs	1
snuffed	1
snarl	1
snares	1
snapping	1
smother	1
smoked	1
smitten	1
smirk	1
smd	1
smaller	1
smacking	1
sly	1
sluggish	1
slippers	1
slipped	1
slender	1
sleeves	1
sleet	1
sleepless	1
slavery	1
slaveries	1
skirted	1
skirt	1
skirmisher	1
sketch	1
skeletons	1
skeleton	1
skein	1
sized	1
sixteenth	1
sip	1
sins	1
singularly	1
sing	1
sinful	1
sind	1
sincerity	1
sincerer	1
sinc^	1
simpering	1
simile	1
siknt	1
sights	1
sighing	1
siege	1
siderable	1
sideboard	1
sickly	1
sicken	1
shylock	1
shunning	1
shun	1
shuffled	1
shuddered	1
shucks	1
shrunk	1
shrub	1
shrinking	1
shrink	1
showing	1
showers	1
showed	1
shouldered	1
shoul^	1
shortness	1
shortened	1
shorten	1
shores	1
shop	1
shook	1
shock	1
shivered	1
shirt	1
shipping	1
shifting	1
shift	1
shield	1
sheltered	1
shelf	1
shelburiie	1
shelbnrne	1
sheffield	1
sheepish	1
sheep	1
shed	1
she'll	1
shc'was	1
sharp	1
shaped	1
shakespeare	1
shakes	1
shaggy	1
shackled	1
shabby	1
sferies	1
settling	1
session	1
servitude	1
serving	1
sermons	1
sergeant	1
serene	1
serena	1
sequestered	1
separating	1
separately	1
sentences	1
sensations	1
sens	1
senator	1
semi	1
semblance	1
self-denial	1
select	1
seizes	1
seized	1
segovian	1
segovia	1
segars	1
segar	1
seethat	1
seeming	1
seed	1
seducing	1
seduced	1
sedate	1
secrets	1
secretary	1
secrecy	1
secrecj'^	1
secluded	1
seating	1
seasoning	1
season	1
sear	1
seams	1
seahorse	1
scrupulously	1
scrubbing	1
scribbling	1
screens	1
screen	1
screams	1
scream	1
scrapes	1
scotchman	1
scorn	1
score	1
scolded	1
scissors	1
scilly	1
scientifically	1
scarlett	1
scarlet	1
scared	1
scarce	1
scar	1
scanty	1
scale	1
saxon	1
saving	1
sauvage	1
saussure	1
sauntered	1
satrap	1
satisfies	1
sash	1
sarcastic	1
sarcasm	1
sappho	1
sap	1
sanguine	1
sand	1
sanctioned	1
sanction	1
salver	1
salutes	1
salutations	1
sally	1
salisbury	1
sale	1
sakes	1
saint	1
sagacity	1
sagacious	1
safely	1
saddles	1
saddled	1
sacrilege	1
sacrifices	1
sacrificed	1
sacks	1
runs	1
runner	1
ruminated	1
ruling	1
ruined	1
rug	1
ruffian	1
rudiments	1
rubicon	1
rubbish	1
rub	1
rpom	1
roy	1
rowland	1
rowing	1
routes	1
rosewood	1
rosettes	1
ropes	1
roots	1
romps	1
romerj	1
romeri^	1
romances	1
romance	1
roman	1
rogues	1
rogue	1
roek	1
rods	1
roderick	1
rod	1
rocket	1
robiist	1
robe	1
roaring	1
roaming	1
ro	1
rny	1
rnost	1
rivalling	1
rites	1
rises	1
riounce	1
rinsing	1
ringlets	1
rina	1
ril	1
rigour	1
rightly	1
ridiculous	1
ridicule	1
ridges	1
richness	1
ribbons	1
rheum	1
reyna	1
revolutions	1
revolution	1
reviewed	1
revere	1
returiiedto	1
retrograde	1
retreated	1
retorted	1
retire	1
retaken	1
retained	1
resumed	1
resulted	1
restrictions	1
restricting	1
restrained	1
restore	1
restlessness	1
respite	1
respectful	1
resource	1
resounded	1
resolving	1
resolution	1
resoh^ed	1
resistance	1
resist	1
reside	1
reservoirs	1
reservation	1
resembling	1
require	1
requesting	1
reputed	1
reputable	1
repulses	1
repulse	1
repugnance	1
republican	1
reprove	1
reproof	1
reproaching	1
reproachfully	1
reprimanded	1
represented	1
repose	1
replying	1
replaced	1
repinings	1
repine	1
rephed	1
repented	1
repentant	1
repentance	1
repartee	1
repairing	1
repair	1
rented	1
renowned	1
rendering	1
removing	1
remnant	1
remedy	1
remaining	1
rem.ovang	1
relinquishing	1
religiously	1
relied	1
release	1
relation	1
related	1
relate	1
relapsing	1
relapse	1
rejoined	1
rejoicing	1
rejection	1
rejecting	1
regular	1
regrets	1
registered	1
regimentals	1
regards	1
regaled	1
regained	1
refuses	1
refuge	1
refreshments	1
refresh	1
refrained	1
refrain	1
reflections	1
reflecting	1
refinement	1
refined	1
reduced	1
redeemed	1
recurrence	1
recreation	1
recovering'it	1
reconcile	1
recompensing	1
recollected	1
reclaimed	1
reckon	1
reciting	1
recess	1
receiyed	1
receding	1
recapitulating	1
recapitulated	1
recalling	1
rebuke	1
reasons	1
reaped	1
realm	1
realjy	1
realising	1
readmitted	1
readings	1
reader	1
reaches	1
rays	1
raw	1
rattled	1
ratified	1
rash	1
rascal	1
rapier	1
rapidity	1
rantine	1
ransacking	1
ranks	1
randolph	1
rambling	1
rambles	1
ramble	1
raisins	1
raising	1
rained	1
railing	1
rail	1
radiance	1
ractere	1
racks	1
rack	1
quits	1
quintin	1
quilt	1
quieted	1
quenched	1
queen	1
quarterdeck	1
quarry	1
quali	1
quadrille	1
qiian	1
q^ery	1
puss	1
pursued	1
pursue	1
pursuance	1
purse	1
purposes	1
purity	1
puri	1
purchases	1
pupils	1
puny	1
punish	1
punctually	1
pulpy	1
pulpit	1
pulled	1
puffs	1
puffins	1
puerile	1
pudley	1
ptiier	1
psalms	1
prussia	1
prudish	1
proxy	1
provoking	1
provocation	1
proving	1
proves	1
proudly	1
protested	1
protegee	1
protectress	1
prosecutes	1
prosecuted	1
proposals	1
proportioned	1
prompter	1
prompted	1
promoting	1
promises	1
prominent	1
promenades	1
prolonged	1
proiession	1
prohibited	1
progeny	1
profuse	1
productions	1
producing	1
produces	1
procuring	1
proctors	1
process	1
probity	1
probe	1
prizes	1
prize	1
privateer	1
prisoners	1
prisonej	1
printers	1
principal	1
princely	1
primed	1
prime	1
priest	1
previously	1
prevents	1
prettier	1
pretext	1
pretensions	1
pretend	1
presumption	1
presumes	1
presumed	1
presidencies	1
preserve	1
preservation	1
presenting	1
prescribed	1
pres^fit	1
prepossession	1
preparation	1
premature	1
prejudices	1
preferring	1
predilections	1
prediction	1
predicted	1
predecessor	1
preconcerted	1
precise	1
precipitancy	1
preceptors	1
precarious	1
prebendary	1
preacher	1
preach	1
pre	1
prays	1
prayed	1
praised	1
poweri'ui	1
poured	1
pour	1
pound	1
posts	1
postponed	1
postillion	1
possibility	1
possessors	1
possessor	1
possessions	1
possessing	1
posed	1
portpianteau	1
portionless	1
portioned	1
portfolio	1
porters	1
porpoise	1
pope	1
poorhouses	1
pontiff	1
pondered	1
pond	1
pon	1
polonius	1
politician	1
polite	1
polishing	1
polish	1
police	1
pole	1
poland	1
poisons	1
poisoning	1
poison	1
poetic	1
pockets	1
pocketed	1
pob'sh	1
pm	1
plymouth	1
plunge	1
plums	1
pluck	1
plough	1
plied	1
plenty	1
pledge	1
pleasures	1
pleasantly	1
plea	1
plays	1
playful	1
platoff	1
plates	1
plaster	1
plainly	1
plainer	1
plaiddy	1
plaguy	1
placid	1
pitt	1
pitied	1
pitched	1
pitch	1
pit	1
piqued	1
pique	1
piping	1
pipe	1
pins	1
pinions	1
pineapple	1
pinched	1
pinch	1
pight	1
pigeon	1
picked	1
pianos	1
physiognomy	1
physicians	1
phiz	1
philosophical	1
pf	1
petrarch	1
petition	1
petersham	1
petersburgh	1
pet	1
peruse	1
persists	1
persisting	1
persian	1
persevering	1
persevered	1
persevere	1
perseverance	1
persecution	1
perpetual	1
perpendicular	1
permits	1
permanency	1
perils	1
perilous	1
performance	1
perfections	1
peremptory	1
percy	1
perched	1
per	1
pensive	1
pens	1
peninsula	1
penetrating	1
penelope	1
penchant	1
penalty	1
peevish	1
peerage	1
peer	1
peeping	1
pedro	1
pedestrians	1
pedestrian	1
peculiarity	1
peculiarities	1
pearl	1
pbserved	1
pborbia	1
paying	1
payable	1
paw	1
pausing	1
patrons	1
patronising	1
patroness	1
patriarchal	1
patients	1
patiently	1
patient	1
paternity	1
patent	1
pated	1
passports	1
passionflowers	1
passionate	1
passenger	1
partly	1
participate	1
parrots	1
parrot	1
parodied	1
parishioners	1
pardoned	1
pardonable	1
parchments	1
parchment	1
parative	1
paraphernalia	1
paralytic	1
parallel	1
paradox	1
parade	1
papered	1
panting	1
palmyra	1
palls	1
palaces	1
painting	1
pains	1
painfully	1
pain	1
pail	1
pagod	1
page	1
pack	1
oysters	1
oxfordshire	1
owns	1
owning	1
owned	1
owed	1
overwhelming	1
overwhelmed	1
overturned	1
overtakes	1
overtaken	1
overtake	1
overstocked	1
overseas	1
overpowered	1
overheard	1
overhanging	1
overcast	1
outvie	1
outstripped	1
outside	1
outhouse	1
outgrown	1
outbidding	1
ours	1
otaheite	1
ot	1
ostentatious	1
ostentation	1
ostend	1
osiers	1
ortegal	1
oro	1
ornamented	1
orjight	1
originally	1
orchard	1
orator	1
oranges	1
opportunities	1
opponent	1
opium	1
opinions	1
operator	1
operations	1
operation	1
operates	1
opera	1
onne	1
ones	1
omitted	1
omit	1
om	1
olives	1
oliver	1
old-fashioned	1
oisicer	1
oiie	1
oif	1
ofvictorina	1
oftener	1
ofj	1
officious	1
officiating	1
officiate	1
offices	1
offend	1
of'guy	1
ode	1
ocean	1
occupier	1
occupations	1
occasioned	1
obtruding	1
obtains	1
obstruction	1
obstacle	1
observes	1
observable	1
obsequies	1
obscujity	1
obliterated	1
obliging	1
obligations	1
objected	1
obeyed	1
ob	1
oats	1
oatlands	1
oat	1
oakland	1
oa	1
o'neips	1
o'keeffe	1
nursery	1
nuptial	1
nuncio	1
numbers	1
numberless	1
numbering	1
numbered	1
null	1
nubley	1
ns	1
nourishment	1
nourished	1
noticing	1
nosegays	1
nosegay	1
nosed	1
northeast	1
noon	1
nonsense	1
nonchalance	1
nonappearance	1
nom	1
noiseless	1
nods	1
nobly	1
noblest	1
nobler	1
nobleness	1
noblemen	1
nnd	1
niy	1
niore	1
ninth	1
nineteen	1
nine	1
nights	1
nickecl	1
ni	1
ngiai'ly	1
ng	1
nfie	1
newton	1
neverceased	1
neutral	1
neuter	1
nether	1
net	1
nests	1
nerving	1
neptune	1
nephew	1
neighbours	1
neighbour	1
needy	1
needs	1
needle	1
needful	1
necromancy	1
necklace	1
neckcloth	1
nearest	1
navigators	1
nautical	1
nativity	1
nathus	1
narrower	1
napoleon	1
napes	1
namcj	1
naivete	1
nabobs	1
nabob	1
na	1
mysterious	1
myseli	1
myselfi	1
mutually	1
mutter	1
mutilation	1
muslin	1
musket	1
murmurs	1
murmuring	1
murky	1
murderer	1
munificent	1
munching	1
mum	1
muleteer	1
mulberry	1
muff	1
mud	1
mspired	1
ms	1
movable	1
mousey	1
mourner	1
mourn	1
motives	1
motionless	1
motio	1
moscow	1
mortified	1
mortar	1
mornings	1
morniiig	1
morn	1
moreover	1
moreau	1
morality	1
moody	1
monopolise	1
monei/y	1
monday	1
monas	1
momentary	1
moggy	1
modulated	1
modicum	1
mmi	1
mjdley	1
mix	1
misunderstood	1
misunderstand	1
misty	1
mistook	1
mistaking	1
mistaken	1
mistake	1
misses	1
missed	1
misfortunes	1
miserable	1
mischiefs	1
miscarried	1
mirror	1
minutiae	1
minority	1
miniatures	1
miniatm	1
mingling	1
mingles	1
mingle	1
minds	1
min	1
millions	1
militate	1
mile	1
milder	1
mild	1
mil	1
miguel	1
midst	1
microscope	1
metaphor	1
messrs	1
messages	1
mess	1
mermaids	1
merited	1
meri	1
merciless	1
menservants	1
menace	1
melting	1
meets	1
meditated	1
medicine	1
medici	1
meddling	1
medal	1
measles	1
meantime	1
meanness	1
mc^t	1
mazy	1
maypossess	1
maxwells	1
mature	1
matthew	1
matsys	1
mats	1
matrons	1
matron	1
matrimonial	1
matriculations	1
matriculation	1
mathematics	1
mathematical	1
materials	1
material	1
mate	1
masts	1
mastered	1
mask	1
mary	1
martial	1
martella	1
marries	1
marquis	1
marmion	1
marks	1
market	1
marbles	1
marble	1
mar	1
maps	1
map	1
manufactures	1
manufacture	1
manual	1
mantle	1
mansions	1
manly	1
maniac	1
mania	1
manchester	1
management	1
man-of-war	1
mammy	1
mamma	1
malta	1
malignant	1
malicious	1
makes	1
majority	1
majestic	1
maintained	1
maii»coach	1
maiden	1
maida	1
maid	1
magpies	1
magnitude	1
magnificence	1
magical	1
madras	1
madoc	1
madman	1
madly	1
maddened	1
ma'am	1
lying	1
luxuries	1
lustre	1
lurked	1
lures	1
lurch	1
lullaby	1
lull	1
luitil	1
luggage	1
ludian	1
luckily	1
lucid	1
lowers	1
loving	1
lovelier	1
lounger	1
loudness	1
lottery	1
lot	1
loses	1
lorenzo	1
lording	1
lopping	1
lopez	1
lookout	1
looking-glass	1
longman	1
longinus	1
longing	1
longevity	1
lodgings	1
lodged	1
local	1
loas	1
lo7igy	1
lo	1
llo	1
ll.d	1
lizard	1
livery	1
lively	1
liveliness	1
liveli/	1
littl§	1
littleton	1
listens	1
lisp	1
lis	1
linished	1
lincoln	1
limp	1
limiting	1
limit	1
lime	1
limb	1
lilies	1
likewise	1
liked	1
liim	1
lights	1
lightened	1
ligatiues	1
lifeless	1
lieutenant-colonel	1
lieut	1
lid	1
libitum	1
liberation	1
liberality	1
liad	1
lewis	1
letting	1
lettered	1
lets	1
lest	1
lessons	1
les	1
leon's*	1
leon	1
lengthways	1
lengthened	1
lends	1
lend	1
legible	1
leg	1
leer	1
lectures	1
leav	1
leash	1
learns	1
learning	1
leapt	1
leaping	1
leaf	1
leads	1
lead	1
lays	1
lawsuit	1
lawn	1
lawfully	1
lawder	1
lavished	1
laurel	1
laura	1
launched	1
laughs	1
latin	1
latent	1
lasting	1
lassy.*	1
lashes	1
largest	1
larboard	1
lapse	1
lapel	1
lap	1
lanky	1
lanes	1
lands	1
landing	1
lain	1
ladylike	1
ladying	1
laces	1
laced	1
labours	1
labouring	1
la	1
l^ndoo	1
l^ndon	1
l>udley	1
komeri	1
knuckles	1
knocking	1
knit	1
knighthood	1
kneeling	1
kite	1
kitchen	1
kingdom	1
kinds	1
kindling	1
kindled	1
killing	1
kicked	1
keys	1
keyhole	1
kettledrum	1
keenly	1
ke	1
kdies	1
kd	1
kad	1
justiiication	1
justifying	1
jury	1
juniors	1
jump	1
july	1
juice	1
juggling	1
judicial	1
judgments	1
judging	1
jt)uj>ley	1
jrienci^	1
jr	1
joyful	1
jour	1
joose	1
jolt	1
jolly	1
jointly	1
joint	1
joins	1
joiner	1
jmd	1
jle	1
jish	1
jiope	1
jilting	1
jiim	1
jigging	1
jiere	1
jief	1
jewel	1
jete	1
jest	1
jessions	1
jerking	1
jects	1
je	1
jays	1
jasmine	1
jasmin	1
jas	1
jantic	1
jade	1
iww^	1
iwill	1
ivy	1
ivugust	1
ivt	1
ivir	1
itj	1
itinerary	1
issuing	1
ispain	1
isles	1
islander	1
isidro	1
irrigate	1
irresistibly	1
irreproachably	1
irregular	1
irrecoverably	1
irom	1
irksome	1
iriotism	1
iremained	1
ior	1
ioerifiig	1
io	1
inward	1
invocations	1
invitations	1
invisibly	1
invisible	1
invincible	1
invective	1
invaluable	1
invaded	1
intuitive	1
intrusive	1
introduction	1
introducer	1
intrinsic	1
intricate	1
intoxications	1
intimated	1
intimacies	1
inthatquiet	1
intervening	1
intervals	1
interval	1
interpretation	1
intermittent	1
intermarry	1
interloper	1
interim	1
interfering	1
interference	1
interested	1
intercourse	1
intently	1
intentional	1
intending	1
intellectual	1
intellects	1
intellect	1
insults	1
insulted	1
insult	1
insulated	1
instruments	1
instances	1
instance	1
insolvency	1
insincerity	1
inseparables	1
insensible	1
insects	1
insect	1
inscriptions	1
insatiable	1
insane	1
inquisitive	1
inquisition	1
innumerable	1
inns	1
injustice	1
injury	1
injuries	1
injunctions	1
inhaled	1
ings	1
informing	1
information	1
inflicting	1
infirmity	1
infirmities	1
inferior	1
infer	1
infanta	1
infallible	1
inexperienced	1
inexperience	1
inexhaustible	1
inew	1
inevitable	1
inestimable	1
inequality	1
inelegance	1
industrious	1
indulging	1
indisputably	1
indisposed	1
indiscriminately	1
indignity	1
indies	1
indians	1
indelible	1
indefinite	1
indeed^f	1
incur	1
inculcating	1
inculcated	1
increases	1
inconvenience	1
incongruity	1
inches	1
imtil	1
imprudently	1
imprudence	1
improving	1
impropriety	1
improper	1
impressively	1
impracticable	1
imposition	1
importunity	1
importation	1
import	1
implies	1
implicitly	1
impious	1
impetuosity	1
imperious	1
imperial	1
imperfectly	1
impenetrable	1
impelled	1
impediment	1
impartial	1
imparted	1
immoveable	1
immortality	1
immortal	1
imme	1
imitating	1
imitate	1
imbibed	1
imaginary	1
illumined	1
illiberality	1
ill-bred	1
iio	1
iind	1
iifteenth	1
iidence	1
iiad	1
ih^y	1
ignition	1
ield	1
idols	1
idolises	1
idler	1
idle	1
identity	1
id	1
iced	1
iaithful	1
iair	1
i^elloxi	1
i've	1
i'esprit	1
i'arrier	1
hythe	1
hysterical	1
hypocrisy	1
hymns	1
hvdleyi	1
hussy	1
husb?ind	1
hunting	1
hunter	1
hunger	1
hungary	1
humorous	1
humid	1
huge	1
huff	1
hr	1
hoz/r^	1
hox	1
howm^d	1
hovering	1
housewifery	1
housemaids	1
household	1
hourly	1
hound	1
hostile	1
horrors	1
horribly	1
hops	1
hoping	1
hopeful	1
hoops	1
hook	1
hoofs	1
hood	1
honeysuckles	1
honeymoon	1
honesty	1
honestly	1
homely	1
hollow	1
hollo	1
holland	1
hobby	1
ho'wanl	1
hjs	1
hippocrates	1
hints	1
hinl	1
himselii	1
him^and	1
hills	1
highway	1
highroad	1
highlands	1
high-spirited	1
hideous	1
hidalgo	1
hibernian	1
hewy	1
hetookacardfrom	1
heterogeneous	1
hero	1
hermitage	1
herds	1
herdaughter	1
henceforth	1
helping	1
helped	1
heiresses	1
hei	1
heel	1
heedlessness	1
hedge	1
hector	1
heaving	1
heavily	1
heavenly	1
heath	1
heated	1
heartfelt	1
heartache	1
healths	1
healing	1
headquarters	1
headlong	1
he's	1
he'll	1
hcnsoard	1
hazel	1
hazarding	1
havoc	1
hath	1
hastiness	1
hastening	1
hastened	1
haslemere	1
hase	1
hart	1
harshly	1
harriet	1
harps	1
harness	1
harmless	1
harm	1
hardy	1
hardships	1
hardhearted	1
happily	1
happiest	1
happi	1
haphazard	1
hap	1
handsomest	1
handsj	1
handles	1
handicraft	1
handed	1
halted	1
halford	1
hale	1
hairs	1
haired	1
hailing	1
hail	1
haggard	1
hady	1
hackney	1
habituated	1
habitation	1
h/s	1
gypsy	1
guy	1
gutta	1
gushed	1
gulls	1
guinea	1
guilty	1
gruff	1
grudge	1
grows	1
growing	1
grovelling	1
grounds	1
grounded	1
grotto	1
grmitude	1
grizzled	1
grin	1
grievous	1
grieve	1
gretna	1
greensward	1
grazing	1
graves	1
gravely	1
gratuitously	1
grating	1
grasping	1
graphy/	1
grapes	1
graniley*	1
grandee	1
granddaddy	1
gramme	1
grammatical	1
grakiley*	1
grains	1
graham	1
gracious	1
gracefully	1
graced	1
gra7itley	1
gowns	1
governesses	1
gouty	1
gothic	1
gospels	1
goodnight	1
goodnesi^j	1
goings	1
godwin	1
godoy	1
godfathers	1
glows	1
glowed	1
gloves	1
glorying	1
glorious	1
gloomy	1
gloom	1
globe	1
glistening	1
glistened	1
gliding	1
glided	1
glenalvon	1
gleanings	1
gleam	1
glasgow	1
glanced	1
girlish	1
gilt	1
gilding	1
gifts	1
gifted	1
gibraltar	1
giant	1
ghastly	1
gets	1
gesture	1
germany	1
georgey.'*	1
georgey	1
geography	1
genuine	1
gentler	1
gentlemanly	1
genoa	1
geniuses	1
genius	1
genial	1
geneva	1
generals	1
gem	1
geese	1
gazing	1
gazettes	1
gaunt	1
gathers	1
gate	1
garters	1
garolitie	1
games	1
game	1
gamblers	1
galloped	1
gale	1
gal	1
furtherance	1
furnishing	1
furiously	1
fur	1
fulfils	1
fulfilment	1
fugitive	1
frustrated	1
fruit	1
frugal	1
frowning	1
frown	1
fronft	1
frolicks	1
frog	1
frock	1
frivolous	1
frills	1
frightened	1
fright	1
freshwater	1
fresco	1
frenzy	1
frederick	1
freakish	1
fraud	1
frantic	1
frankly	1
frame	1
fragrant	1
fragrance	1
fr'iiited	1
fox	1
fowl	1
fours	1
fourfold	1
foundering	1
foul	1
fou	1
fortunes	1
fortunately	1
fortnight	1
forsook	1
forms	1
formality	1
forlorn	1
forgot	1
forgetting	1
forgetfulness	1
foresight	1
forerunner	1
forenoon	1
foreigners	1
foreground	1
fords	1
ford	1
forbidding	1
forbid	1
fops	1
fop	1
footsteps	1
foolish	1
food	1
font	1
follows	1
folks	1
folios	1
foliage	1
folding	1
fold	1
foi	1
foggy	1
fof	1
fny	1
flush	1
flowing	1
flowering	1
flowered	1
flowed	1
flout	1
flourishes	1
flourish	1
flour	1
flock	1
floating	1
floated	1
flirting	1
flirt	1
flints	1
flesh	1
flemish	1
flax	1
flatterer	1
flattered	1
flashed	1
flash	1
flapping	1
flanders	1
flame	1
flags	1
flagging	1
fixedly	1
fitted	1
fits	1
fists	1
fishing	1
fish	1
firmest	1
fireside	1
fired	1
finisterre	1
finishing	1
finer	1
finement	1
finances	1
fills	1
fillip	1
file	1
fiis	1
fifteen	1
fiery	1
fierceness	1
fiercely	1
fiend	1
field	1
fides	1
fiction	1
fickle	1
fi	1
fflobe	1
ff	1
fetters	1
fete	1
fetched	1
fertile	1
ferocity	1
ferii	1
fencings	1
fencing	1
fenced	1
fence	1
femme	1
fellowman	1
felicity	1
fees	1
feelingly	1
feed	1
fee	1
feathers	1
favourably	1
faux	1
faulty	1
faults	1
fatigues	1
fatigue	1
fathers	1
fastnesses	1
fastened	1
fashions	1
fashionables	1
farquhar	1
farmyard	1
fand	1
fancies	1
famously	1
famous	1
famished	1
fame	1
falls	1
faithlul	1
fairest	1
faintinglieart	1
fainter	1
fainted	1
fade	1
faculties	1
eyesore	1
eyery	1
extremes	1
extravagance	1
extraor	1
extracted	1
extort	1
extolled	1
extinct	1
extends	1
exquisitely	1
expressively	1
expresses	1
explanations	1
explaining	1
expires	1
expert	1
experiments	1
expenses	1
expansion	1
expand	1
exists	1
exigencies	1
exhorted	1
exeter	1
exert	1
exercising	1
exercises	1
exercised	1
exempted	1
exemplary	1
executors	1
execution	1
excusing	1
excused	1
excursions	1
exclamations	1
exclaiming	1
excited	1
exchanging	1
excellency	1
excellence	1
exceeding	1
examines	1
exacts	1
exacting	1
exact	1
evincing	1
everybody	1
evergreen	1
eventful	1
eve	1
eu	1
eternity	1
eternally	1
estates	1
establishment	1
essential	1
essence	1
esq	1
espoused	1
esher	1
esculapius	1
escaping	1
escape	1
ertions	1
errand	1
ermined	1
ering	1
eras	1
equivocation	1
equivalent	1
equinox	1
equerry	1
equalled	1
eqoal	1
epithet	1
epistles	1
epaulettes	1
eonfess	1
envy	1
enviable	1
enveloped	1
enumerating	1
enumerate	1
entreaty	1
entreating	1
entrap	1
entitles	1
entitle	1
entire	1
enticing	1
enthusiastic	1
enthusiast	1
entertained	1
entertain	1
ensuring	1
ensure	1
ensue	1
enriching	1
enormous	1
enlivened	1
enlist	1
enlightened	1
enlarged	1
enjoyments	1
enjoyment	1
enjoying	1
englishwoman	1
englishman	1
englato	1
englancv	1
engine	1
engagements	1
enfolded	1
enflaming	1
enduring	1
ends	1
endearment	1
endeared	1
encumbered	1
encumber	1
encroach	1
encouraged	1
encountering	1
enclosure	1
enchanted	1
enables	1
empowered	1
employers	1
eminently	1
emerged	1
embroidered	1
embracing	1
embraced	1
embers	1
embassy	1
embarrassment	1
embarking	1
eloquence	1
elms	1
ellen	1
elixir	1
elipt	1
eleven	1
electrified	1
elected	1
elba	1
elated	1
elastic	1
ejaculations	1
eighth	1
eighteenth	1
effrontery	1
effectual	1
effaced	1
efface	1
ef	1
educations	1
educating	1
educate	1
editions	1
edge	1
eddystone	1
ed	1
eclaircissement	1
echoing	1
echoed	1
eccentricities	1
eccentric	1
ea»th	1
eau	1
eatly	1
easier	1
earthly	1
earthenware	1
earthen	1
earnings	1
earning	1
earnestness	1
earnestly	1
earlier	1
eagles	1
eager	1
ea	1
dwells	1
dwell	1
dutiful	1
dustryj	1
duration	1
duplicates	1
dumps	1
duly	1
duetto	1
dudt£3c	1
dudtey<	1
dudlfil^*	1
dudlev	1
dudlef*	1
dudky	1
dudiey	1
duck	1
ducat	1
dtjdley	1
dtjdleve	1
dtjdlev	1
dtjdlefo	1
dryness	1
drubbing	1
drowned	1
drops	1
droop	1
drone	1
drinking	1
drifted	1
dressing	1
dresses	1
dredge	1
dream	1
dreaded	1
drawl	1
drapery	1
drags	1
dragged	1
drafts	1
dozing	1
downy	1
dowager	1
dove	1
doux	1
doum	1
douglas	1
doted	1
dose	1
dores	1
doomed	1
donzella	1
domestics	1
domesticated	1
domesticate	1
dolphin	1
documents	1
doctors	1
docility	1
doatingly	1
doabt	1
dn	1
dm	1
diverting	1
divert	1
ditches	1
disturbing	1
distressing	1
distinguishes	1
distinct	1
distanced	1
dissolved	1
dissolution	1
dissatisfied	1
disregarded	1
disregard	1
disquietude	1
disputes	1
dispossess	1
disposed	1
displeasure	1
displays	1
dispersed	1
dispel	1
dispatches	1
dispassionate	1
disparity	1
disordered	1
dismay	1
dislocated	1
disjointed	1
disinclined	1
dishes	1
dish	1
disguise	1
disengaging	1
disengage	1
discussed	1
discuss	1
discovering	1
discourse	1
discomfited	1
disco	1
disclosure	1
discipline	1
discharged	1
discernible	1
disagreement	1
disadvantages	1
dis	1
diqcldivq	1
dint	1
dinners	1
dinary	1
dimpled	1
dim	1
diligently	1
dignities	1
diffuse	1
diffident	1
diffidence	1
differently	1
differ	1
dies	1
didixioi	1
diction	1
dice	1
diametrically	1
dialogue	1
dexterous	1
devil	1
deviation	1
deucedly	1
determiped	1
determining	1
deter	1
detected	1
destroying	1
destitute	1
destiny	1
despondency	1
despises	1
despicable	1
despairing	1
desist	1
desiring	1
designs	1
deservedly	1
desdemona	1
description	1
descended	1
depths	1
deprive	1
deprivations	1
depressed	1
depress	1
depositee	1
deposit	1
deportment	1
depictured	1
depends	1
depended	1
dependant	1
dependance	1
depart	1
deny	1
denoting	1
denial	1
demure	1
demnation	1
delver	1
delude	1
dells	1
deliberate	1
delectable	1
del	1
dejectedly	1
dejected	1
deigns	1
deformity	1
deflate	1
defect	1
defaced	1
deer	1
dedicated	1
dedicate	1
decreed	1
decree	1
decorum	1
decorated	1
decline	1
deck	1
decides	1
deception	1
deceives	1
deceit	1
decanter	1
debut	1
debtor	1
debt	1
debility	1
debates	1
deaths	1
deathblow	1
dean	1
dazzlingly	1
dazzled	1
dazzle	1
daytime	1
daybreak	1
daws	1
dash	1
darting	1
dangers	1
damsels	1
damaged	1
daity	1
d?i(iley	1
d'eau	1
d'almeida	1
d'affaires	1
cypress	1
cygnet	1
cutlass	1
cushions	1
cushion	1
curtain	1
curly	1
curls	1
curling	1
curl	1
curfew	1
curb	1
curate	1
cups	1
culture	1
cultivation	1
culprit	1
cueertul	1
crowning	1
crowned	1
crowd	1
crooked	1
crippled	1
cripple	1
cringe	1
crimson	1
cries	1
credentials	1
creatures	1
create	1
crease	1
cream	1
creaking	1
crea	1
crater	1
crash	1
cram	1
crackbrained	1
cowardly	1
cow	1
covering	1
cover	1
covent-garden	1
cousins	1
cousin	1
courtesy	1
courtesies	1
courted	1
couriers	1
courier	1
counts	1
countrywomen	1
countrymen	1
countryman	1
countless	1
counter	1
countenances	1
cotton	1
costly	1
cost	1
cosmetic	1
cosey	1
cortes	1
corsair	1
corridor	1
corresponding	1
correctness	1
corpse	1
cordiality	1
cordial	1
coquetting	1
coquettes	1
copper	1
coop	1
cooler	1
cool	1
cook	1
convulsed	1
convoy	1
converted	1
converse	1
convents	1
conveisaiion	1
convalescence	1
controlled	1
contrivance	1
contrasting	1
contrasted	1
contrast	1
contraries	1
contradiction	1
contracting	1
contracted	1
contract	1
contraband	1
contending	1
contemplation	1
contemplating	1
consumption	1
consummation	1
consummate	1
consumed	1
consulting	1
consulted	1
consultation	1
construed	1
construction	1
constructing	1
constructed	1
constraint	1
constitute	1
consort	1
consoles	1
consisting	1
consist	1
considers	1
consents	1
consenting	1
conquering	1
connivance	1
conjure	1
conjointly	1
congreve	1
congregation	1
congratulated	1
congratulate	1
confused	1
conformity	1
conforming	1
conformable	1
conflict	1
confiding	1
confide	1
confidantes	1
confessing	1
confessed	1
confab	1
conduc4	1
conditions	1
condescensions	1
condescension	1
condescends	1
condescend	1
concurrence	1
concur	1
concerts	1
concernijig	1
concerned	1
conceiving	1
comus	1
compromise	1
compression	1
comprehension	1
comprehends	1
comprehended	1
compound	1
composedly	1
comply	1
complicated	1
completes	1
complaisance	1
complaints	1
complaint	1
complains	1
complacency	1
compel	1
compassionately	1
compassion	1
community	1
communion	1
communicative	1
commons	1
common-sense	1
commit	1
commissions	1
commencing	1
commenced	1
commence	1
commands	1
commandments	1
commander	1
commanded	1
comical	1
comic	1
comforted	1
comet	1
combustibles	1
combs	1
combination	1
combat	1
colony	1
collegian	1
colleges	1
collects	1
collected	1
coleridge	1
coke	1
coheir	1
cockades	1
cockade	1
coated	1
coast	1
coals	1
coachman	1
coaches	1
co	1
clustering	1
cluster	1
cloud	1
clothed	1
closeting	1
closest	1
clorinda	1
cloomore	1
clonmor€j*	1
clonmore^	1
clonmore*	1
clonmorc	1
clonmor	1
clonmoke	1
clonmm	1
clo7imorc	1
clirfiaa	1
clinging	1
cling	1
cliair	1
clever	1
clergymen	1
clenched	1
clearing	1
clearest	1
claw	1
clause	1
claudy!*	1
claudhia	1
classes	1
classed	1
class	1
clasp	1
claremont	1
clap	1
clan	1
clambering	1
claimed	1
cl4udy	1
cjppearance	1
cjisabled	1
civilian	1
civil	1
citizen	1
circus	1
circumstantial	1
circumstanced	1
circumnavigator	1
circulation	1
circular	1
circle	1
cigar	1
ciety	1
ci-devant	1
churchy	1
chucking	1
chronicle	1
christmas	1
christians	1
christian	1
christened	1
chose7i	1
chooses	1
chooser	1
chivalrous	1
chiurch	1
china	1
chilling	1
chicken	1
chetwynd	1
chess	1
chemistry	1
cheering	1
cheeked	1
cheat	1
chatterer	1
chaste	1
charity	1
charging	1
charger	1
charged	1
characteristic	1
chaplains	1
chapef	1
chap	1
channel	1
chances	1
chancery	1
chancellors	1
chancellor	1
chaffinch	1
cha	1
cf	1
cessj	1
cession	1
cervantes	1
ceremony	1
century	1
censured	1
cenone	1
cement	1
celibacy	1
celebrating	1
celebrated	1
ceded	1
caven	1
cautiously	1
cautioned	1
causing	1
caudle	1
cattle	1
cathedrals	1
castles	1
castle	1
castilians	1
caspar	1
carrier	1
carp	1
cares	1
car	1
captivity	1
captives	1
captivated	1
capitulation	1
capabilities	1
cany	1
canting	1
cantab	1
cant	1
canopy	1
canopied	1
cannonball	1
cankered	1
cane	1
candles	1
canariesj	1
canaries	1
canaria	1
campaigns	1
campaign	1
camp	1
cambric	1
calves	1
caledonian	1
calculates	1
calculated	1
calculate	1
calamities	1
cake	1
ca	1
byname	1
buzzing	1
buzz	1
buttress	1
butterflies	1
busts	1
bustling	1
busily	1
burst	1
burns	1
burning	1
burned	1
burial	1
buonaparte	1
bumper	1
bullfinch	1
built	1
building	1
buffet	1
budley*	1
buckles	1
buck	1
btjdley	1
brussels	1
bruised	1
brotherly	1
brother-in-law	1
bros	1
brokenhearted	1
britannia	1
briskly	1
bringing	1
brimful	1
brilliants	1
briers	1
brier	1
briefly	1
bridle	1
bridge	1
bridesmaid	1
bride	1
bridal	1
breathless	1
breathing	1
breathe	1
breastwork	1
breaking	1
breadth	1
bravo	1
brat	1
bracelet	1
bra	1
boxes	1
bows	1
bounteous	1
boundary	1
bounce	1
bouid	1
bought	1
boughs	1
bottle	1
botk	1
bothering	1
bosoms	1
bordered	1
border	1
bookshelves	1
bookshelf	1
bookcase	1
bonny	1
bonnets	1
bonnet	1
bonds	1
bonaparte	1
bom	1
bolt	1
boi/	1
boerhaave	1
boding	1
bodily	1
boatswain	1
boats	1
boards	1
blve	1
blunted	1
blundering	1
bluff	1
blucher	1
blubbering	1
blotted	1
blossoming	1
bloorafield	1
blooms	1
blockhead	1
blistered	1
blissful	1
blinds	1
blindly	1
blight	1
blhck	1
blended	1
blazon	1
blazing	1
blaming	1
blackstone	1
blacksmith	1
blackamoors	1
bitterly	1
bit	1
bishops	1
bishop	1
biscuit	1
biscay	1
births	1
birthdays	1
birmingham	1
biography	1
bio	1
binding	1
billy	1
billiards	1
billeted	1
billet	1
biillfiach	1
bibles	1
bias	1
bewitched	1
bev	1
betrothed	1
bespoken	1
bespoke	1
besiege	1
beseeching	1
beseech	1
beresford	1
bequeathing	1
benevolent	1
benefits	1
benefited	1
beneath	1
belvidere	1
belonging	1
belong	1
bells	1
believing	1
belief	1
bejlve	1
beholden	1
behindhand	1
behaved	1
beguile	1
begotten	1
begins	1
beggar	1
beftjre	1
befriended	1
befallen	1
beent	1
beehive	1
beds	1
bedroom	1
becalmed	1
bec	1
beaux	1
beauties	1
beating	1
beaten	1
bears	1
beaks	1
beads	1
baulk	1
bat	1
baskets	1
base	1
barrosa	1
barrier	1
barrel	1
baronets	1
baroness	1
baron	1
barn	1
barked	1
barely	1
barclay	1
barbary	1
barbarous	1
barbarian	1
baptism	1
banquo	1
banknotes	1
bankers	1
banishing	1
banished	1
bandeau	1
band	1
balustri?de	1
balls	1
balloon	1
balanced	1
balance	1
bal	1
baira	1
bailley	1
bags	1
bag	1
badge	1
bade	1
baboon	1
aye	1
awed	1
awe	1
awaken	1
await	1
avowed	1
avowal	1
aviil	1
avhilst	1
avert	1
aversions	1
averse	1
avarice	1
autumn	1
authorised	1
authorise	1
augmented	1
audacity	1
auburn	1
attraction	1
attracting	1
attracted	1
attorney	1
attitude	1
atti^	1
attendants	1
attempting	1
attainments	1
attaining	1
attain	1
attacks	1
attacking	1
attaching	1
atmosphere	1
athletic	1
asylums	1
asturias	1
astride	1
astonishingly	1
assures	1
assuredly	1
assurance	1
assuming	1
associates	1
assists	1
assisted	1
assistant	1
assigning	1
assignation	1
assiduous	1
assertions	1
assertion	1
asserter	1
assented	1
assemblies	1
asperity	1
aspect	1
asking	1
ashes	1
ascertained	1
ascertain	1
ascend	1
arts	1
artless	1
artist	1
artificial	1
artificers	1
articulated	1
arthur	1
artful	1
artaxerxes	1
arrogance	1
arrives	1
arrear	1
armour	1
ariadne	1
arguing	1
arduous	1
archway	1
archly	1
architecture	1
archipelago	1
archduke	1
archdeacon	1
arch	1
apt	1
approving	1
apprenticed	1
apprehend	1
appreciate	1
appointed	1
applying	1
apply	1
application	1
appendages	1
appearances	1
appalled	1
apost	1
apologise	1
antiquary	1
anticipate	1
antelope	1
antechamber	1
anon	1
annul	1
annuities	1
annual	1
annoyed	1
announcing	1
announces	1
annihilated	1
annexed	1
animals	1
ani	1
angels	1
angelo	1
andy	1
ancj	1
anchor	1
amorous	1
amorey	1
amiss	1
amine	1
amiens	1
american	1
amend	1
amenable	1
amelioration	1
ambition	1
amazing	1
alternative	1
altercation	1
alterations	1
almshouses	1
alms	1
almond	1
alluding	1
allows	1
allowances	1
allies	1
allied	1
alley	1
allemande	1
alight	1
alien	1
alias	1
ali	1
algiers	1
alexander	1
alcove	1
albuera	1
alas	1
alarms	1
akin	1
ajiother^	1
ait	1
airing	1
ail	1
aikther	1
aiiecting	1
aigrette	1
aie	1
ahuost	1
aheady	1
ah'eady	1
agresham	1
agreeably	1
agonies	1
agency	1
afr	1
affords	1
affluence	1
affliction	1
affinity	1
affects	1
affectation	1
afe	1
ae	1
advocate	1
advertisements	1
adventurer	1
advau	1
adrift	1
adorn	1
adores	1
adopting	1
adonis	1
adolpjius	1
admitting	1
admittance	1
admits	1
admit	1
admission	1
admires	1
admirer	1
admirals	1
admirably	1
administering	1
administered	1
adjusted	1
adieus	1
adhered	1
adequate	1
addioy	1
adam	1
adage	1
ad	1
acx^ompanied	1
acutely	1
activity	1
acquitted	1
acquaints	1
acquaintances	1
acquaint	1
acknowledging	1
ache	1
accusing	1
accomplish	1
accommodated	1
accommodate	1
acceptthem	1
accents	1
absorbs	1
absolutely	1
abject	1
abide	1
abbeys	1
abashed	1
abandonment	1
^yhich	1
^xistipg	1
^sl	1
^scn	1
^rst	1
^ngland	1
^^^	1
^^0	1
^^*	1
^<?."	1
^'ouvsdfj	1
],	1
\vith	1
?**	1
?'^	1
?'	1
<juestion	1
<:	1
<)fticers	1
<'	1
3issist	1
1st	1
1*	1
1	1
/,	1
/'	1
..	1
.,	1
.'"	1
."'	1
--	1
-"	1
*tk	1
*^	1
**^	1
)'	1
'^^	1
'<	1
'**	1
')	1
'')	1
'''"^'■^	1
&>	1
%	1
$	1
"^	1
!,	1
!''	1
