,	3739
the	1774
and	1424
of	1393
.	1324
to	1203
a	968
;	749
i	671
in	660
"	626
that	442
—	429
her	427
is	408
not	396
with	339
it	326
be	311
my	290
for	285
was	283
his	280
as	247
we	246
she	241
but	239
:	237
have	226
he	211
."	208
you	201
are	200
this	197
which	185
our	176
at	175
by	173
from	160
lady	158
all	157
so	155
had	139
one	136
an	132
young	131
their	131
or	131
they	130
jerningham	129
him	127
on	125
!	121
who	120
sir	116
me	114
|'s|	112
upon	107
when	106
them	105
would	104
will	104
no	101
must	101
very	98
some	98
most	95
your	94
more	94
there	93
|arabic1digit|	91
said	91
if	89
dear	89
any	89
may	87
william	84
were	84
such	84
has	84
us	83
should	80
own	78
been	78
much	77
how	77
little	76
'	75
do	74
what	70
think	70
could	69
every	67
out	66
mr	66
am	66
these	65
shall	65
can	64
?	63
time	62
|romannumeral|	61
being	61
never	60
woman	59
than	59
those	58
good	57
family	57
many	56
selina	55
man	55
into	55
after	55
|arabic3digit|	54
friend	54
might	53
?"	51
mind	50
heart	50
up	49
life	49
cannot	48
without	47
well	47
day	47
poor	45
now	45
ever	45
thought	44
then	44
over	44
god	44
campbell	44
yet	43
too	43
|arabic2digit|	42
miss	42
happy	42
long	41
down	40
room	39
great	39
about	39
say	38
mother	38
only	37
though	36
other	36
maria	36
know	36
even	36
daughter	36
morning	35
lord	35
early	35
comfort	35
whom	34
state	34
see	34
love	34
husband	34
before	34
aunt	34
take	33
o	33
its	33
go	33
wish	32
often	32
kind	32
conversation	32
soon	31
present	31
world	30
make	30
indeed	30
made	29
herself	29
happiness	29
hand	29
give	29
did	29
!"	29
way	28
perhaps	28
mrs	28
greatly	28
virtue	27
subject	27
still	27
place	27
maddox	27
letter	27
father	27
character	27
two	26
something	26
quite	26
part	26
himself	26
does	26
again	26
(	26
soul	25
seemed	25
rather	25
like	25
here	25
through	24
seems	24
says	24
pretty	24
myself	24
house	24
feelings	24
child	24
best	24
)	24
want	23
together	23
read	23
madam	23
leave	23
last	23
just	23
fine	23
few	23
always	23
.'	23
whole	22
useful	22
tender	22
once	22
joy	22
interesting	22
first	22
others	21
night	21
looked	21
having	21
feel	21
*	21
under	20
took	20
sensible	20
remain	20
period	20
old	20
nor	20
left	20
full	20
far	20
bright	20
better	20
appeared	20
truly	19
society	19
same	19
return	19
parents	19
look	19
ladies	19
heard	19
gone	19
enjoy	19
d	19
convinced	19
children	19
youth	18
why	18
trust	18
seem	18
pleasure	18
people	18
open	18
nothing	18
nature	18
let	18
length	18
influence	18
hopes	18
hope	18
friends	18
delight	18
death	18
countenance	18
away	18
anything	18
years	17
women	17
thus	17
sweet	17
stage	17
short	17
set	17
sense	17
pleased	17
ningham	17
necessary	17
jer	17
gentleman	17
general	17
excellent	17
evening	17
days	17
company	17
come	17
book	17
believe	17
taste	16
reading	16
power	16
persons	16
person	16
passed	16
ourselves	16
married	16
j	16
human	16
home	16
hear	16
future	16
eyes	16
creature	16
crab	16
attention	16
appear	16
anxiety	16
another	16
amiable	16
age	16
wife	15
where	15
visit	15
u	15
till	15
themselves	15
s	15
right	15
put	15
ought	15
name	15
matter	15
mamma	15
less	15
frederick	15
f	15
edward	15
dress	15
different	15
cooper	15
breakfast	15
words	14
valuable	14
tears	14
talk	14
taken	14
speak	14
sister	14
self	14
seen	14
sedley	14
proper	14
particularly	14
next	14
new	14
march	14
manners	14
m	14
least	14
ill	14
hall	14
going	14
found	14
endeavour	14
dinner	14
degree	14
country	14
certainly	14
bear	14
almost	14
affection	14
above	14
yesterday	13
work	13
vol	13
truth	13
town	13
thrown	13
things	13
tell	13
sex	13
render	13
religious	13
reason	13
ready	13
rational	13
pleasing	13
pleasant	13
peace	13
off	13
object	13
meet	13
lost	13
knowledge	13
imagine	13
henry	13
goodness	13
entirely	13
distressing	13
consider	13
chance	13
books	13
anxious	13
alone	13
window	12
while	12
wants	12
usual	12
true	12
sunday	12
son	12
respect	12
party	12
modest	12
mine	12
men	12
marquis	12
live	12
light	12
keep	12
joseph	12
high	12
help	12
health	12
harriet	12
ham	12
habits	12
given	12
fond	12
female	12
extreme	12
evil	12
everything	12
delicacy	12
consequence	12
conduct	12
common	12
change	12
case	12
came	12
blessings	12
become	12
among	12
adieu	12
united	11
thing	11
sufficiently	11
sort	11
returned	11
reflection	11
possible	11
opportunity	11
occasionally	11
moment	11
manner	11
loss	11
looking	11
important	11
ideas	11
head	11
greatest	11
girls	11
followed	11
expression	11
dr	11
door	11
course	11
content	11
chapter	11
care	11
bustle	11
blessing	11
blessed	11
attachment	11
angelina	11
amusement	11
alas	11
affected	11
year	10
word	10
wishes	10
walk	10
tenderness	10
suddenly	10
since	10
severe	10
round	10
regard	10
r	10
proceeded	10
pride	10
piety	10
month	10
means	10
leontine	10
lace	10
itself	10
heaven	10
girl	10
gay	10
gave	10
frequently	10
find	10
fear	10
fashionable	10
experience	10
entered	10
effect	10
delightful	10
delighted	10
deep	10
dearest	10
continued	10
cold	10
cheerful	10
burton	10
both	10
beloved	10
bed	10
appearance	10
amusing	10
allowed	10
afterwards	10
within	9
whose	9
walked	9
various	9
value	9
tranquil	9
told	9
thoughts	9
thank	9
sure	9
suppose	9
style	9
strong	9
striking	9
spirit	9
sorrows	9
situation	9
silence	9
sick	9
sentiments	9
saw	9
satisfaction	9
rest	9
remained	9
reflecting	9
really	9
real	9
public	9
properly	9
principles	9
pray	9
pleasures	9
perfect	9
pass	9
oh	9
noble	9
near	9
mutual	9
lovely	9
looks	9
judgement	9
jerning	9
horses	9
hearts	9
gravity	9
forth	9
following	9
filled	9
feeling	9
exalted	9
done	9
deeply	9
comforts	9
cause	9
carriage	9
call	9
brighton	9
began	9
beautiful	9
back	9
b	9
arms	9
answer	9
afternoon	9
affecting	9
able	9
yes	8
wretched	8
wilson	8
wilmot	8
went	8
vanity	8
tomorrow	8
times	8
three	8
thou	8
theatre	8
terms	8
table	8
study	8
spirits	8
sorrow	8
sophia	8
silent	8
shut	8
school	8
saying	8
resignation	8
regret	8
received	8
raised	8
poems	8
philip	8
pardon	8
paper	8
order	8
niece	8
nay	8
natural	8
met	8
mental	8
making	8
loved	8
known	8
knowing	8
knew	8
instead	8
improvement	8
immediately	8
idea	8
however	8
holy	8
highly	8
half	8
gives	8
former	8
forget	8
fill	8
felt	8
favour	8
fair	8
face	8
expected	8
excellence	8
example	8
estimable	8
enjoyments	8
end	8
elegant	8
either	8
draw	8
divine	8
disposed	8
delicate	8
daily	8
cousin	8
couple	8
consequences	8
connexions	8
confess	8
complete	8
coming	8
circumstances	8
church	8
christian	8
certain	8
called	8
bride	8
bold	8
between	8
appears	8
also	8
air	8
against	8
affectionate	8
active	8
act	8
writing	7
worthy	7
wisdom	7
week	7
weakness	7
voice	7
vain	7
upstairs	7
unable	7
twenty	7
turn	7
trifling	7
temper	7
surprised	7
superior	7
sudden	7
stop	7
speaking	7
small	7
sin	7
simple	7
side	7
settled	7
run	7
rich	7
retirement	7
retired	7
request	7
reproach	7
rendered	7
religion	7
reflections	7
quietly	7
question	7
procure	7
possibly	7
point	7
past	7
painful	7
modern	7
melancholy	7
marriage	7
mark	7
makes	7
lose	7
longer	7
living	7
levity	7
kindness	7
jan	7
instance	7
impatience	7
hours	7
history	7
highest	7
happened	7
h	7
ground	7
gratitude	7
gradually	7
grace	7
generally	7
gained	7
gain	7
forward	7
fortune	7
folks	7
fixed	7
feb	7
fashion	7
fancy	7
families	7
extravagance	7
enjoyment	7
education	7
each	7
e	7
duty	7
dust	7
drawn	7
disposition	7
dignity	7
declare	7
dark	7
crabb	7
constant	7
considerable	7
companion	7
cloud	7
clarendon	7
business	7
brought	7
beings	7
because	7
became	7
bad	7
awful	7
arrived	7
arrival	7
answered	7
actually	7
?'	7
<	7
-	7
■	6
youthful	6
yourself	6
ways	6
visible	6
virtues	6
vice	6
venture	6
veil	6
unfortunate	6
understood	6
trifles	6
trials	6
trash	6
thy	6
thee	6
thankful	6
talking	6
talents	6
surprise	6
surely	6
supposed	6
souls	6
sometimes	6
sinking	6
similar	6
shoes	6
sentiment	6
scene	6
sat	6
salutary	6
sacrifice	6
returning	6
require	6
reflect	6
rank	6
questioned	6
qualities	6
prove	6
positive	6
plan	6
plainly	6
pious	6
particular	6
pair	6
occasioned	6
nervous	6
neglect	6
neat	6
naturally	6
minds	6
mentioned	6
loose	6
lived	6
likely	6
letters	6
lay	6
interest	6
intended	6
intelligence	6
instantly	6
innocent	6
induced	6
india	6
increase	6
hurried	6
horse	6
heavenly	6
heartfelt	6
happen	6
hands	6
habit	6
grief	6
g	6
friendship	6
four	6
form	6
food	6
fix	6
fit	6
fellow	6
fell	6
farther	6
eye	6
enough	6
enjoyed	6
emotion	6
effects	6
distressed	6
desirable	6
deprivations	6
departure	6
deal	6
daughters	6
confused	6
charming	6
calm	6
box	6
bonnet	6
bless	6
aware	6
alarming	6
affections	6
advantage	6
accompany	6
•	5
«	5
wrong	5
writer	5
write	5
witnessed	5
white	5
whilst	5
weigh	5
weak	5
use	5
unhappy	5
unfortunately	5
unexpected	5
tried	5
trial	5
tour	5
therefore	5
talked	5
taking	5
supposing	5
sufferings	5
suffering	5
suffer	5
subsequent	5
struck	5
strength	5
stopped	5
stand	5
sooner	5
solid	5
smile	5
sleep	5
sitting	5
sit	5
sickness	5
serious	5
sent	5
send	5
seldom	5
seek	5
satisfied	5
rumours	5
retire	5
resign	5
replied	5
remember	5
regulate	5
pursue	5
purity	5
principle	5
prevent	5
preserve	5
powers	5
possession	5
plain	5
piece	5
perfection	5
pay	5
patience	5
path	5
passion	5
parties	5
offer	5
offence	5
occasional	5
occasion	5
obliged	5
objects	5
nurse	5
number	5
notice	5
neither	5
neglected	5
nearly	5
n	5
muslin	5
months	5
misses	5
misery	5
mean	5
matters	5
marked	5
mansion	5
maid	5
lover	5
london	5
line	5
liberty	5
lesson	5
led	5
lately	5
laid	5
ladyship	5
kept	5
judicious	5
joyful	5
journey	5
joined	5
invaluable	5
indulgence	5
incessant	5
impossible	5
imagination	5
hour	5
horrible	5
honour	5
hold	5
grove	5
greater	5
giving	5
get	5
gentle	5
garden	5
fully	5
freely	5
formerly	5
formed	5
folly	5
flew	5
figure	5
females	5
favourite	5
favourable	5
fancied	5
faith	5
expressions	5
expressed	5
existence	5
excuse	5
exclaimed	5
evidently	5
eternal	5
engaged	5
enable	5
empty	5
employ	5
embrace	5
else	5
elevated	5
elderly	5
easy	5
earthly	5
during	5
dressed	5
doing	5
dissipation	5
dissipated	5
discovered	5
disappointed	5
died	5
debility	5
dangerous	5
creatures	5
constitution	5
constantly	5
consideration	5
confusion	5
confidence	5
conclusion	5
composed	5
completely	5
circumstance	5
check	5
characters	5
changed	5
cast	5
capable	5
burst	5
breast	5
awkward	5
attractive	5
astonishment	5
assembled	5
articles	5
article	5
around	5
arm	5
apprehend	5
amusements	5
aid	5
agreeable	5
afford	5
adds	5
actions	5
acquainted	5
!'	5
|arabicprice|	4
written	4
worldlings	4
wished	4
willing	4
wild	4
whatever	4
walking	4
visits	4
visitors	4
virtuous	4
view	4
unto	4
until	4
unstained	4
unimportant	4
unexceptionable	4
understanding	4
understand	4
turned	4
towards	4
totally	4
tone	4
titterer	4
thinking	4
tendency	4
ten	4
tea	4
system	4
sweetly	4
suspicions	4
sunk	4
summer	4
struggle	4
strongly	4
straw	4
step	4
statue	4
standard	4
spring	4
spite	4
species	4
solemnity	4
skill	4
six	4
simply	4
simplicity	4
shattered	4
sensual	4
sensibility	4
seeming	4
seeing	4
scarcely	4
sad	4
sacred	4
rise	4
ride	4
responsibility	4
respectable	4
requires	4
required	4
remains	4
recovered	4
recollection	4
receive	4
reasoning	4
reached	4
raise	4
rain	4
quitted	4
putting	4
pure	4
proves	4
propensities	4
productions	4
probably	4
probable	4
prevailed	4
pretending	4
prepared	4
prepare	4
practice	4
points	4
please	4
perusing	4
permit	4
peeping	4
peculiar	4
paternal	4
parts	4
parted	4
pale	4
painting	4
pain	4
overpowered	4
overcome	4
otherwise	4
opera	4
ones	4
oct	4
occupy	4
observed	4
numerous	4
novels	4
necessity	4
monson	4
moderate	4
mixed	4
miserable	4
merely	4
meeting	4
measure	4
marry	4
marks	4
luxuries	4
low	4
listen	4
lines	4
learned	4
laying	4
laughing	4
latter	4
late	4
large	4
languor	4
languages	4
kingdom	4
k	4
judge	4
join	4
introduced	4
idle	4
hurry	4
hung	4
hot	4
hint	4
heads	4
hath	4
hastily	4
handsome	4
handkerchief	4
guilty	4
grave	4
grant	4
grand	4
gowns	4
goods	4
glowing	4
genteel	4
free	4
force	4
foolish	4
follows	4
follies	4
flutter	4
flight	4
flatter	4
filling	4
fifty	4
feels	4
favoured	4
fault	4
fall	4
failings	4
expense	4
exactly	4
errors	4
error	4
entrance	4
encouragement	4
employment	4
earnest	4
dwell	4
dull	4
dread	4
doubtless	4
don't	4
distress	4
difficult	4
determined	4
desire	4
deserving	4
deserve	4
delights	4
dejection	4
dejected	4
declared	4
dead	4
danger	4
damp	4
corrupt	4
correct	4
corner	4
cool	4
converse	4
contribute	4
contemplation	4
confident	4
conducted	4
conducive	4
compassion	4
companions	4
communicate	4
commenced	4
comfortable	4
colour	4
coachman	4
clothes	4
closet	4
close	4
cloak	4
class	4
choose	4
childish	4
chief	4
cheerfulness	4
charles	4
ceremonious	4
caused	4
cases	4
cap	4
can't	4
bridge	4
bonnets	4
blue	4
bliss	4
birds	4
beyond	4
behind	4
avoided	4
attach	4
assume	4
assistance	4
approach	4
appointment	4
apparently	4
anxiously	4
already	4
allow	4
ah	4
afraid	4
afflicted	4
admire	4
admiration	4
added	4
actual	4
accomplished	4
absurd	4
absent	4
youngest	3
younger	3
ye	3
writers	3
wrapped	3
worth	3
worship	3
worldly	3
witness	3
withdrawn	3
wiser	3
winter	3
wicked	3
whether	3
whence	3
weeping	3
water	3
watch	3
warmth	3
warm	3
wanting	3
waited	3
w	3
void	3
visitor	3
village	3
ventured	3
variety	3
useless	3
usefulness	3
unwell	3
unsullied	3
unsettled	3
unpleasant	3
unnecessary	3
unless	3
unknown	3
union	3
uninteresting	3
uneasy	3
undress	3
uncomfortable	3
twelve	3
turning	3
try	3
trouble	3
treated	3
train	3
trace	3
torrent	3
tolerably	3
tis	3
tippets	3
thinks	3
theatres	3
terrible	3
t	3
suspected	3
suspect	3
supporting	3
support	3
sufficient	3
subsided	3
subjects	3
strict	3
stream	3
strange	3
story	3
stimulus	3
steps	3
spoken	3
spoke	3
splendid	3
spared	3
spare	3
sources	3
sound	3
son-in-law	3
somewhat	3
smiled	3
sixteen	3
single	3
silently	3
sight	3
shoulders	3
several	3
service	3
serve	3
servant	3
seriously	3
senses	3
sensations	3
secret	3
seated	3
scenes	3
save	3
satisfactory	3
sanctioned	3
sailed	3
sail	3
running	3
romans	3
risk	3
rising	3
ridicule	3
reunion	3
respectful	3
requisite	3
repast	3
remarks	3
relation	3
reign	3
regulated	3
reduced	3
recover	3
reasonable	3
rate	3
ran	3
rambling	3
raising	3
quitting	3
quiet	3
quick	3
pursuit	3
providence	3
proved	3
protest	3
promise	3
private	3
prints	3
preyed	3
pretended	3
pretend	3
pressed	3
presents	3
presence	3
powerful	3
playhouse	3
play	3
plants	3
plans	3
pity	3
piteous	3
perused	3
peruse	3
persuaded	3
pernicious	3
perfectly	3
pause	3
passage	3
particulars	3
parent	3
papers	3
ornamental	3
opportunities	3
opinions	3
opening	3
opened	3
omitted	3
offered	3
occupation	3
observing	3
observation	3
o'clock	3
nursery	3
numbers	3
north	3
none	3
nobility	3
news	3
nest	3
nerves	3
neighbourhood	3
music	3
mounted	3
mortified	3
mortals	3
mornings	3
morals	3
money	3
moments	3
modesty	3
model	3
miscellaneous	3
mirth	3
minute	3
mild	3
mighty	3
middle	3
merit	3
mercy	3
mention	3
memory	3
meal	3
manage	3
male	3
maintain	3
main	3
lower	3
loves	3
lovers	3
lives	3
lively	3
library	3
lessen	3
leaving	3
leaves	3
learn	3
laugh	3
language	3
lamented	3
knows	3
kissed	3
king	3
justice	3
ir	3
involved	3
invariably	3
introducing	3
interested	3
intellect	3
insipid	3
insensible	3
inquired	3
inherent	3
ing	3
inform	3
influenced	3
infant	3
indulge	3
indisposition	3
inclination	3
improved	3
impression	3
importance	3
impatient	3
imagined	3
images	3
horrors	3
heavy	3
heavens	3
hastened	3
harshness	3
harmless	3
hardly	3
hang	3
guilt	3
guide	3
guidance	3
guest	3
guardian	3
grown	3
grow	3
gross	3
grandmothers	3
gown	3
gloves	3
glory	3
glad	3
gently	3
gentlemen	3
generation	3
fresh	3
frequent	3
frame	3
fourteen	3
foundation	3
forming	3
forgiven	3
flow	3
finest	3
feelingly	3
fearful	3
feared	3
fatigue	3
falling	3
faint	3
fail	3
fact	3
extracts	3
exquisite	3
expressing	3
experienced	3
exhibited	3
exertion	3
exercised	3
excursion	3
exceptions	3
evenings	3
eternity	3
establishment	3
erring	3
equally	3
entreated	3
entertainments	3
entertainment	3
enjoying	3
england	3
energetic	3
endure	3
endeavours	3
employed	3
embarrassment	3
elegance	3
eldest	3
educated	3
eagerly	3
duties	3
drew	3
drawing	3
drapery	3
domestic	3
dogs	3
doctor	3
distinguished	3
distinctions	3
distinction	3
distant	3
distance	3
dissatisfaction	3
display	3
dislike	3
discover	3
discontent	3
diminish	3
difficulties	3
difference	3
determination	3
detained	3
detail	3
desirous	3
deprived	3
depravity	3
departed	3
delme	3
delicacies	3
decline	3
decisive	3
decent	3
deaf	3
de	3
darling	3
darkness	3
dare	3
curious	3
cultivation	3
cultivated	3
craving	3
cox	3
cost	3
conveyed	3
continue	3
continually	3
continual	3
contents	3
console	3
consolation	3
considered	3
conscious	3
conscience	3
connexion	3
connected	3
composure	3
compliments	3
complaint	3
comparative	3
command	3
comes	3
coldness	3
coach	3
clearly	3
clear	3
circle	3
choice	3
cheering	3
charms	3
charity	3
charitable	3
chamber	3
causes	3
careless	3
caps	3
capacity	3
campbells	3
camp	3
calls	3
calling	3
brussels	3
brother	3
broken	3
brilliant	3
brightness	3
breathed	3
bow	3
bound	3
bosom	3
born	3
body	3
blossom	3
black	3
benevolent	3
benefit	3
behold	3
begged	3
beg	3
becoming	3
becomes	3
beauty	3
beautifully	3
band	3
avoid	3
attractions	3
attraction	3
attended	3
attend	3
attached	3
astonished	3
assured	3
associating	3
associate	3
asked	3
arts	3
art	3
arose	3
ardent	3
april	3
approaches	3
approached	3
apprehension	3
anybody	3
announced	3
animated	3
amuse	3
altogether	3
alliance	3
ago	3
adopt	3
admired	3
action	3
acquirements	3
account	3
according	3
accompanied	3
abuse	3
/	3
")	3
£.	2
£	2
|arabic5+digit|	2
|	2
yea	2
y	2
wrangler	2
wounded	2
worst	2
works	2
wore	2
wood	2
wonderful	2
wondered	2
won	2
woe	2
wo	2
wit	2
wings	2
wing	2
willingly	2
wilful	2
wildly	2
wickedness	2
whisper	2
wherein	2
whenever	2
west	2
weep	2
wedding	2
weather	2
wearing	2
wear	2
wean	2
weakens	2
watts	2
watchful	2
warded	2
war	2
wanted	2
wandering	2
waiting	2
visitant	2
violation	2
vintage	2
views	2
venerable	2
vegetation	2
vary	2
varied	2
uttered	2
usually	2
uphold	2
unwarily	2
unprincipled	2
unobtrusive	2
unmeaning	2
unluckily	2
unite	2
unhealthy	2
ungratified	2
unfit	2
undergone	2
uncommonly	2
uncommon	2
unbelief	2
ultimate	2
twenty-five	2
turns	2
tuesday	2
trying	2
triumph	2
tremble	2
treasure	2
travelling	2
travel	2
transcribe	2
tranquillity	2
track	2
torn	2
tolerable	2
today	2
tiresome	2
tion	2
timid	2
throwing	2
throw	2
throughout	2
throne	2
threw	2
thousands	2
thousand	2
thoughtlessly	2
thoroughly	2
thine	2
theresa	2
thanks	2
thankfulness	2
thai	2
th	2
terrors	2
terror	2
terminated	2
tending	2
tenderly	2
tenderest	2
tend	2
tempted	2
temptation	2
temperate	2
temperance	2
tastes	2
talker	2
tales	2
takes	2
symptom	2
sweetness	2
swallowed	2
sustained	2
suspicion	2
survive	2
surprising	2
supports	2
supported	2
supplicate	2
supper	2
sullenness	2
success	2
submitted	2
studied	2
stronger	2
stroke	2
strike	2
strides	2
strengthening	2
strengthen	2
stranger	2
stomach	2
stillness	2
stern	2
stay	2
station	2
statement	2
starting	2
stamp	2
staircase	2
spot	2
sponged	2
splendour	2
speech	2
spark	2
spanish	2
sorts	2
sorrowful	2
sons	2
solemn	2
softness	2
softening	2
soft	2
snares	2
smiles	2
smallest	2
slippers	2
slightly	2
slighted	2
slight	2
sketch	2
situations	2
sing	2
silly	2
silk	2
sickly	2
shrubbery	2
shown	2
showed	2
show	2
shoulder	2
shortly	2
shops	2
shelter	2
shed	2
sharp	2
shadow	2
settle	2
servants	2
separated	2
separate	2
sentence	2
senseless	2
sensation	2
selves	2
self-denial	2
seized	2
second	2
search	2
screams	2
score	2
scissors	2
schools	2
schoolboy	2
schemes	2
satire	2
satin	2
sanction	2
sake	2
rustic	2
rush	2
roof	2
romantic	2
robe	2
robber	2
roads	2
rival	2
ring	2
rigid	2
rightly	2
righteousness	2
ridiculous	2
richardson	2
review	2
reverence	2
revered	2
retaining	2
result	2
restrained	2
restrain	2
restored	2
restore	2
restless	2
respected	2
respectability	2
resolutions	2
resigned	2
reserve	2
requesting	2
requested	2
represented	2
represent	2
report	2
reply	2
repeated	2
repeat	2
rent	2
renewed	2
renders	2
removed	2
remorse	2
remaining	2
remainder	2
relish	2
relieve	2
relief	2
relations	2
related	2
rejected	2
reins	2
reigned	2
regularly	2
regular	2
regretted	2
regain	2
refuse	2
recommend	2
reception	2
receipt	2
readiness	2
ranks	2
radcliffe	2
quit	2
pursuing	2
pursued	2
purpose	2
purified	2
purest	2
punishment	2
pulling	2
prospect	2
propriety	2
proportion	2
promises	2
promised	2
profligacy	2
profession	2
produces	2
procured	2
proceeding	2
privilege	2
print	2
prey	2
pretence	2
presume	2
pressing	2
preserved	2
preparing	2
preparatory	2
precepts	2
praises	2
praised	2
practised	2
poverty	2
possessed	2
portrayed	2
portion	2
popular	2
politeness	2
poetry	2
poet	2
plumptre	2
placed	2
pinnacle	2
pillars	2
pillar	2
picture	2
physiognomy	2
physician	2
petticoat	2
perverse	2
personal	2
permitted	2
periods	2
performer	2
perfections	2
perfecting	2
pensive	2
pen	2
pelisse	2
pedigree	2
peculiarly	2
peated	2
patiently	2
paths	2
passive	2
passing	2
passes	2
partiality	2
partaker	2
parson	2
parma	2
paris	2
parade	2
pains	2
packet	2
p	2
overthrow	2
overflowing	2
oti	2
opinion	2
openness	2
openly	2
omit	2
oi	2
october	2
occurrences	2
occupied	2
occupations	2
observers	2
observe	2
observations	2
objections	2
oak	2
novelty	2
nourishment	2
nourished	2
noticed	2
newspaper	2
net	2
neighbours	2
neck	2
neatly	2
native	2
narrow	2
narrative	2
nankeen	2
mysterious	2
murdered	2
murder	2
multitudes	2
multitude	2
moving	2
movements	2
movement	2
moved	2
motion	2
mothers	2
mortification	2
monkey	2
modes	2
moderation	2
misty	2
miseries	2
method	2
merriment	2
merits	2
mere	2
merciful	2
ments	2
mend	2
memoirs	2
meditates	2
meditate	2
measures	2
meaning	2
meals	2
mature	2
matthew	2
master	2
marched	2
mankind	2
management	2
manageable	2
maintained	2
maids	2
magazines	2
mad	2
luxury	2
luxurious	2
lution	2
lowest	2
lowered	2
lounging	2
loud	2
losses	2
listless	2
limited	2
liking	2
likes	2
likeness	2
lifted	2
lie	2
licentious	2
libertine	2
lest	2
legal	2
lectures	2
learning	2
leads	2
leading	2
lawn	2
law	2
lavish	2
latent	2
lamenting	2
lamentable	2
labourer	2
labour	2
klopstock	2
kindly	2
keeping	2
justifies	2
journeys	2
josephus	2
joins	2
irritation	2
irritated	2
inward	2
invited	2
invitation	2
invalid	2
intoxication	2
intimacy	2
interference	2
intercourse	2
intentions	2
intention	2
insignificant	2
inquire	2
inmate	2
injustice	2
influences	2
infirm	2
infinitely	2
infinite	2
indulged	2
indifferent	2
indicate	2
indecent	2
indebted	2
impudence	2
improving	2
improve	2
immortal	2
illustration	2
illness	2
ignorance	2
ignominy	2
ic	2
hut	2
hunger	2
hundred	2
humility	2
humbled	2
humble	2
houses	2
housekeeper	2
horrid	2
hoped	2
hitherto	2
histories	2
highwayman	2
hide	2
heroism	2
hero	2
held	2
heats	2
hearty	2
hatred	2
harsh	2
happily	2
hanged	2
hale	2
habitually	2
habitual	2
guests	2
guardianship	2
grownup	2
group	2
grounds	2
grossly	2
grievous	2
grieve	2
grey	2
green	2
grecian	2
gratification	2
grateful	2
graces	2
governor	2
got	2
goodwill	2
good-humour	2
gold	2
glow	2
gleams	2
gifts	2
genuine	2
gentleness	2
gate	2
gambler	2
gaining	2
gaily	2
gaiety	2
furnished	2
fur	2
funeral	2
fruits	2
frown	2
frothy	2
frivolity	2
frightened	2
french	2
francis	2
forty	2
fortunately	2
fortitude	2
forgiving	2
forgive	2
forgetfulness	2
forced	2
forbearance	2
foot	2
follow	2
flower	2
flesh	2
fleet	2
fl	2
firm	2
fire	2
fir	2
finished	2
finish	2
finding	2
fills	2
field	2
fever	2
feminine	2
felicity	2
feed	2
features	2
fears	2
fate	2
fashionables	2
fascinating	2
farewell	2
fancying	2
fancies	2
false	2
faithfully	2
fairly	2
fainting	2
failed	2
faculties	2
factitious	2
exulting	2
exult	2
extremely	2
extravagant	2
extraordinary	2
extinct	2
external	2
exterior	2
extensive	2
express	2
experiment	2
expensive	2
expenses	2
expedient	2
expect	2
exhibit	2
exhausted	2
exertions	2
exercise	2
exclaim	2
excess	2
exceptionable	2
exception	2
exalting	2
evinced	2
everlasting	2
event	2
esteem	2
estate	2
escapes	2
escaped	2
escape	2
equanimity	2
entreat	2
entitled	2
entire	2
entertain	2
ensuing	2
english	2
endeavouring	2
endeavoured	2
emperor	2
emotions	2
embraced	2
embarrassed	2
elopement	2
elegancies	2
elated	2
eight	2
edition	2
easily	2
ease	2
earth	2
ears	2
eager	2
duke	2
due	2
dry	2
drove	2
drive	2
dresses	2
dream	2
dreadful	2
drawing-room	2
doubting	2
doted	2
doors	2
domestics	2
divisions	2
dissatisfied	2
disobedience	2
disgust	2
disgrace	2
disease	2
discussion	2
discriminating	2
discomposure	2
discomposed	2
dined	2
devour	2
devotion	2
details	2
detached	2
detach	2
despondency	2
desperate	2
deserved	2
deserts	2
desert	2
describe	2
deputed	2
deportment	2
dependent	2
depend	2
deny	2
delineation	2
deliberation	2
deliberate	2
delay	2
dejections	2
degraded	2
deficient	2
deficiency	2
defiance	2
defend	2
defects	2
defeated	2
decoration	2
declaration	2
debilitated	2
deadness	2
dazzled	2
dates	2
dashing	2
daring	2
dancing	2
dancer	2
culprit	2
cruelty	2
crudities	2
cried	2
credit	2
creator	2
countrified	2
cottage	2
costume	2
costly	2
correctness	2
cordial	2
copy	2
coolly	2
cooks	2
convey	2
converting	2
conversations	2
contrived	2
contrive	2
contradict	2
contented	2
contempt	2
constituted	2
congeniality	2
confined	2
confessed	2
conclude	2
concerned	2
concern	2
conceive	2
composition	2
compose	2
compliment	2
complexion	2
completed	2
complaints	2
compelled	2
comparing	2
compared	2
communication	2
communicated	2
commandments	2
comfortably	2
comedies	2
coloured	2
coarse	2
clouds	2
clouded	2
cloaks	2
clean	2
circulating	2
circassian	2
chosen	2
chills	2
chill	2
cheerfully	2
charlotte	2
chap	2
chagrin	2
censurable	2
cautious	2
caught	2
catechism	2
catching	2
cat	2
castle	2
capital	2
candidate	2
calculated	2
busy	2
bustles	2
buoyant	2
building	2
broad	2
bring	2
brightest	2
brighter	2
brightened	2
breeding	2
bread	2
boldness	2
boast	2
bit	2
birth	2
biassed	2
betters	2
betray	2
betide	2
bestowed	2
benefactor	2
bell	2
begin	2
bedside	2
beauties	2
beat	2
beasts	2
bays	2
battle	2
banishment	2
ball	2
balance	2
badinage	2
awestruck	2
await	2
avowed	2
average	2
author	2
augmented	2
audience	2
attracted	2
attired	2
attain	2
associates	2
assisted	2
assist	2
assiduously	2
assiduous	2
assiduity	2
assertion	2
aspiring	2
aspect	2
aside	2
arrive	2
arranging	2
arrangement	2
arrange	2
argument	2
archduke	2
archduchess	2
arch	2
approved	2
apprehensive	2
apprehensions	2
apply	2
application	2
appeal	2
apparent	2
apartments	2
apartment	2
anxieties	2
animals	2
angelic	2
ancestors	2
amiss	2
although	2
altered	2
allowance	2
alleviation	2
alleviate	2
alighted	2
alarmed	2
alacrity	2
agreed	2
agitated	2
aged	2
affording	2
affliction	2
afflicting	2
affair	2
advice	2
adorn	2
adored	2
admitted	2
address	2
addition	2
adding	2
actresses	2
activity	2
acting	2
across	2
acquiring	2
accumulation	2
accumulated	2
accounts	2
accidental	2
accident	2
absorbed	2
absolute	2
absence	2
abruptly	2
abroad	2
abilities	2
^	2
\	2
>	2
..	2
.''	2
*'	2
#	2
►	1
™j	1
™	1
•{	1
„	1
°	1
~	1
}',	1
}	1
|arabic4digit|	1
zimmerman	1
zealous	1
youdg	1
yota	1
york	1
yieldeth	1
yawning	1
w€	1
wtlliam	1
wrought	1
wrote	1
writes	1
writ	1
wreck	1
wrap	1
wrangling	1
wranglers	1
wound	1
worshippers	1
worse	1
worn	1
worms	1
worlds	1
working	1
wondering	1
wonder	1
won't	1
womb	1
woefully	1
wjjj	1
wives	1
witty	1
witticism	1
witnessing	1
witnesses	1
withhold	1
withheld	1
withereth	1
withdraw	1
withal	1
wishing	1
wise	1
winged	1
wine	1
windows	1
winding	1
windersgratz	1
wind	1
willingness	1
widows	1
wide	1
whither	1
whist	1
whispering	1
whispered	1
whirlpools	1
whip	1
whim	1
whereas	1
wheat	1
wet	1
well-meaning	1
welfare	1
welcome	1
weight	1
weeper	1
ween	1
weeks	1
weeds	1
weary	1
weariness	1
wealth	1
weaknesses	1
weakly	1
waylays	1
waves	1
waters	1
watering	1
watched	1
warren	1
warnings	1
warned	1
warmly	1
warmest	1
wardour	1
ward	1
warblers	1
wanderer	1
wandered	1
wander	1
wall	1
walks	1
waked	1
waiteth	1
wait	1
vvihnot	1
vvhich	1
vulgar	1
voyage	1
vouch	1
vou	1
voluptuousness	1
volumes	1
volume	1
voluble	1
vogue	1
vn	1
vivacity	1
vitiated	1
vitiate	1
vital	1
visiting	1
visitest	1
visionary	1
violent	1
violate	1
vineyards	1
vine	1
villain	1
vigour	1
vigorous	1
vigilant	1
viewing	1
victim	1
vicious	1
vices	1
vexations	1
veterinary	1
vested	1
vest	1
vessel	1
versa	1
verrons	1
vermin	1
verge	1
ver	1
venus	1
vent	1
venerate	1
velvet	1
vehicle	1
vegetables	1
ve	1
varnish	1
vantage	1
vanish	1
valued	1
vainglory	1
vaguely	1
vagaries	1
vacuity	1
vacant	1
uuan	1
uttering	1
usurped	1
ust	1
usefully	1
used	1
urn	1
urging	1
urge	1
upwards	1
uproar	1
upright	1
uppermost	1
upholsterers	1
upbraids	1
unworthy	1
unwittingly	1
unwholesome	1
unvaried	1
unusual	1
untouched	1
unsusceptible	1
unspotted	1
unsettle	1
unsatisfied	1
unrestrained	1
unresenting	1
unreasonableness	1
unreasonable	1
unperish	1
unnatural	1
unmerited	1
unmercifully	1
unlike	1
unjustly	1
unjustifiable	1
unjust	1
university	1
universities	1
uniting	1
unintermixed	1
uninterested	1
uninterest	1
uniformity	1
uniform	1
unhappily	1
ungarbled	1
unforeseen	1
unfolds	1
unfold	1
unfeigned	1
unfeeling	1
unfashioned	1
unexplained	1
unexpectedly	1
uneven	1
unerring	1
unenlightened	1
uneasiness	1
undressed	1
undoubtedly	1
undisguised	1
underrated	1
underneath	1
undermine	1
underground	1
uncontaminated	1
uncontamihated	1
unconsciously	1
unclouded	1
uncivilised	1
uncheered	1
uncertainty	1
uncautioned	1
unbiassed	1
unavailing	1
unattended	1
unattached	1
unarmed	1
unamusing	1
unaccompanied	1
un	1
uilmot	1
tyrant	1
typhus	1
twilight	1
twenty-three	1
twenty-second	1
twentieth	1
tutor	1
turvy	1
tunic	1
tumult	1
tumble	1
tuckers	1
truths	1
trusted	1
truest	1
troublesome	1
troubled	1
troops	1
trivial	1
trinkets	1
trimming	1
trimmed	1
trifiers	1
tremors	1
tremor	1
tremendous	1
tree	1
treats	1
treasures	1
treasured	1
treachery	1
traveller	1
travelled	1
trap	1
transported	1
transport	1
transmitted	1
translation	1
transfuse	1
tranquilly	1
traits	1
traitor	1
trait	1
tragedy	1
tractable	1
touching	1
tottering	1
tormenting	1
tor	1
topsy	1
tongues	1
tongue	1
tomb	1
tittering	1
tittered	1
titter	1
titles	1
tit	1
tissue	1
tired	1
tints	1
tint	1
tinker	1
tine	1
tincture	1
timed	1
ties	1
tied	1
tie	1
tide	1
thyself	1
thrust	1
throws	1
throats	1
thriving	1
threatened	1
thoughtless	1
thoughtfulness	1
thoughtful	1
thoughful	1
thorn	1
thomas	1
thirty	1
third	1
thfa	1
therein	1
thereby	1
theatrical	1
thanking	1
thankfully	1
testimony	1
testimonies	1
test	1
terribly	1
terras	1
termination	1
ter	1
tempt	1
tempest	1
tempers	1
tempered	1
tells	1
telling	1
teeth	1
tediously	1
tedious	1
teased	1
tease	1
tearful	1
tear	1
teaching	1
teach	1
taxes	1
taught	1
tassels	1
task	1
tan	1
tampering	1
taller	1
talks	1
talkers	1
tales^which	1
talent	1
talbot	1
taketh	1
tailor	1
tabernacle	1
t.ijr	1
sympathising	1
syllable	1
sylla	1
sybilla	1
swoonings	1
swift	1
sweets	1
sweetmeats	1
sweetens	1
sweetened	1
swarms	1
survived	1
surveying	1
survey	1
surrounded	1
surrendering	1
suppressed	1
supply	1
supplied	1
supplicating	1
superstructure	1
superiorities	1
superintending	1
superintendants	1
superinduced	1
supercilious	1
superb	1
superadd	1
sunshine	1
sun	1
summon	1
suited	1
suitable	1
suit	1
suffocations	1
suffers	1
sufferer	1
suffered	1
sue	1
succouring	1
successfully	1
succeeded	1
substitute	1
substance	1
subservient	1
subscription	1
submit	1
sublimest	1
sublime	1
subdued	1
subdue	1
styles	1
stupor	1
stumble	1
stuff	1
studying	1
stubborn	1
struggling	1
struggles	1
struggled	1
strings	1
strikes	1
striding	1
strided	1
strewing	1
stress	1
strengthener	1
streets	1
strcct	1
strangers	1
straits	1
storms	1
storm	1
stories	1
store	1
stood	1
stolberg	1
stock	1
stitch	1
stir	1
stipulate	1
stiff	1
sterling	1
stepping	1
stepped	1
steed	1
stealing	1
steady	1
stays	1
statues	1
stations	1
states	1
stated	1
starving	1
startled	1
started	1
stared	1
starch	1
staniforths	1
staniforth	1
stands	1
standing	1
stagnate	1
stability	1
square	1
sprightly	1
spread	1
sprang	1
spotless	1
sporting	1
spontaneously	1
sponging	1
spoiled	1
spiritual	1
spirited	1
spinster	1
spiders	1
spider	1
spent	1
speedily	1
speculators	1
speckled	1
specimen	1
speaks	1
spain	1
space	1
soured	1
soups	1
sot	1
sorry	1
soothing	1
sonnet	1
songs	1
song	1
somewhere	1
somebody	1
solitude	1
solitary	1
solicitude	1
solicited	1
solicit	1
solemnly	1
sole	1
sola	1
softened	1
sofa	1
social	1
sobriety	1
sobbed	1
so-so	1
sneers	1
snatched	1
snare	1
smothered	1
smooth	1
smiling	1
smell	1
smart	1
smallpox	1
slit	1
slip	1
slightest	1
slender	1
sleepiness	1
sky	1
skim	1
sizes	1
sixty	1
sitteth	1
sits	1
sirwiljiam	1
sirtwilliam	1
sirong	1
sion	1
sink	1
singularity	1
singular	1
singing	1
singed	1
sincerity	1
sincerely	1
sincere	1
sim»	1
signs	1
significantly	1
significant	1
sign	1
sighs	1
sigh	1
sides	1
sickens	1
shy	1
shunned	1
shows	1
showing	1
shot	1
shop	1
shod	1
shock	1
shivering	1
ship	1
shining	1
shine	1
shawl	1
sharpest	1
shape	1
shamelessness	1
shalt	1
sexes	1
severity	1
severest	1
seventy	1
seventh	1
seven	1
setting	1
sets	1
sentimental	1
sentient	1
sens	1
sends	1
sempstresses	1
seltna	1
selfish	1
self-love	1
select	1
seemly	1
seemeth	1
seeks	1
seductive	1
seduction	1
security	1
secondly	1
seats	1
seat	1
seasons	1
seaside	1
seals	1
sea	1
scudding	1
scrutinising	1
scriptures	1
scream	1
scraps	1
scotchman	1
scorn	1
scoffers	1
scarlet	1
scarely	1
scampered	1
scalloped	1
scaffolding	1
saviour	1
saturday	1
satisfying	1
satiety	1
sarsenet	1
santest	1
sandals	1
sanctions	1
sanctify	1
sanctified	1
sample	1
saluted	1
salutations	1
sally	1
saint	1
sailor	1
safety	1
safer	1
safe	1
sadness	1
sadly	1
saddle	1
sacrificing	1
rwulproc	1
rust	1
runs	1
rumour	1
rules	1
rule	1
ruins	1
ruined	1
ruin	1
ruggedness	1
rugged	1
ruffs	1
rude	1
rubbish	1
rt	1
roused	1
rough	1
rooted	1
root	1
romance	1
roman	1
robs	1
road	1
river	1
risibility	1
rises	1
ripened	1
ringing	1
rights	1
rifit	1
riei	1
ried	1
riding	1
rid	1
reynolds	1
revolution	1
revolting	1
revo	1
revives	1
reviewer	1
reveries	1
reverie	1
revenge	1
revealed	1
rev	1
returns	1
retty	1
retreating	1
retreated	1
retires	1
retained	1
retain	1
resumed	1
rests	1
restraint	1
restlessness	1
resting	1
rested	1
responsible	1
respects	1
respecting	1
resorted	1
resort	1
resolution	1
resist	1
resigning	1
residence	1
reserved	1
resembled	1
resemble	1
requisites	1
requiring	1
requests	1
reputations	1
reputation	1
repulsed	1
reproof	1
reposited	1
repose	1
reports	1
repetition	1
repent	1
repeating	1
repaired	1
repair	1
renounced	1
renewer	1
renewal	1
renew	1
rend	1
remove	1
remind	1
remembrances	1
remembrance	1
remembered	1
remarkable	1
relying	1
relinquish	1
relieved	1
release	1
relaxed	1
relatives	1
relative	1
rejoining	1
rejoinder	1
rejoiced	1
rejoice	1
rejects	1
rejection	1
reject	1
regaining	1
refute	1
refusal	1
refreshed	1
refrain	1
reform	1
refiners	1
refinement	1
refined	1
refer	1
refections	1
ree	1
redoubled	1
redeemer	1
redeemed	1
redeem	1
red	1
rectory	1
recrimination	1
recovers	1
reconcile	1
recon	1
recommends	1
reckoned	1
recipe	1
recent	1
receiving	1
receding	1
recedes	1
recall	1
rebellious	1
reasoned	1
rear	1
reads	1
readily	1
reaching	1
re	1
rationally	1
rationality	1
rarely	1
rare	1
rapture	1
ransack	1
rang	1
rambled	1
rallies	1
rage	1
racketting	1
racket	1
rabbits	1
qut	1
quoted	1
quotation	1
quis	1
quickly	1
quickened	1
questiond	1
quently	1
queer	1
queen	1
quarto	1
qualms	1
quality	1
qualified	1
qnn	1
puts	1
push	1
purse	1
purposely	1
purifying	1
purify	1
puppet	1
pupil	1
punishing	1
punished	1
pulled	1
pull	1
publishing	1
publisher	1
published	1
publications	1
psalms	1
prudery	1
prudence	1
proving	1
provided	1
proverbial	1
protracted	1
protestant	1
protectors	1
protector	1
prosperous	1
prospects	1
pros	1
proportions	1
proportionably	1
property	1
propensity	1
prop	1
proof	1
pronounced	1
proneness	1
promulgated	1
prompt	1
promote	1
promising	1
progress	1
prognostics	1
progeny	1
progenitors	1
profitable	1
profit	1
professors	1
profane	1
productive	1
production	1
producing	1
procrastination	1
proceeds	1
probability	1
prize	1
privations	1
prisoner	1
printer	1
principal	1
priding	1
price	1
preys	1
previously	1
previous	1
presumptive	1
presumption	1
presumed	1
pressure	1
presses	1
preserving	1
preservation	1
presented	1
prepossession	1
prepossesses	1
preparations	1
preparation	1
preoccupied	1
prejudices	1
prehend	1
preference	1
prefer	1
preeminence	1
predominates	1
precipitate	1
precipices	1
preceding	1
precedes	1
precaution	1
pre	1
prayers	1
prancing	1
praise	1
practical	1
pr	1
powder	1
pouring	1
poured	1
pour	1
pounds	1
pound	1
potatoes	1
posterity	1
possessions	1
possess	1
position	1
portugal	1
portsmouth	1
portraying	1
portray	1
portraiture	1
portraits	1
poorly	1
poorest	1
pooh	1
politician	1
politely	1
polite	1
polished	1
poison	1
pointed	1
poem	1
pockets	1
pocketbook	1
plunged	1
plume	1
ployed	1
plot	1
plentiful	1
pleasurable	1
pleases	1
pleasantness	1
pleasantest	1
plays	1
playing	1
playfulness	1
playful	1
players	1
plate	1
planted	1
planned	1
places	1
placable	1
pitfalls	1
pitch	1
pit	1
pistol	1
pinching	1
pily	1
piicity	1
pieces	1
picturesque	1
pictures	1
pickling	1
picked	1
philtre	1
philosophers	1
philanthropy	1
petulant	1
petty	1
perverseness	1
perusal	1
perturbation	1
pert	1
persuade	1
personate	1
pers	1
perplexed	1
perpetuate	1
perpetually	1
perpetual	1
perpetrators	1
permanent	1
perishes	1
perilous	1
performed	1
performances	1
performance	1
perdition	1
perception	1
perceiving	1
perceive	1
per	1
penitent	1
pelisses	1
peevish	1
peer	1
peculiarity	1
peaceful	1
peaceable	1
pe	1
paused	1
patient	1
pastoral	1
passages	1
parting	1
particularity	1
particles	1
partialities	1
partial	1
partaking	1
partakes	1
partake	1
parrot	1
parasol	1
paramount	1
paralytic	1
paradise	1
par	1
pant	1
pampers	1
palpitations	1
palpitating	1
pall	1
paleness	1
pairs	1
painter	1
painted	1
paid	1
pages	1
page	1
pagan	1
paces	1
pace	1
p.s	1
owners	1
owing	1
owed	1
owe	1
ovid	1
overwhelming	1
overwhelm	1
overtaken	1
overshadows	1
overpower	1
overmuch	1
outward	1
outset	1
ousness	1
ot	1
ostrich	1
ostler	1
ornaments	1
ork	1
oris	1
originally	1
orders	1
ordering	1
ordered	1
opulent	1
oppression	1
oppresses	1
opie	1
operations	1
operated	1
opens	1
onions	1
omissions	1
oldham	1
older	1
ol	1
offspring	1
offices	1
office	1
offering	1
offended	1
offend	1
oddities	1
odd	1
ocean	1
occurred	1
occur	1
obvious	1
obtaining	1
obtained	1
obstinacy	1
observer	1
oblivion	1
obliging	1
obliges	1
oblige	1
obligations	1
objection	1
obedience	1
oakely	1
nutter	1
nurturing	1
nurtured	1
nurture	1
nurses	1
numberless	1
nt	1
noxious	1
novel	1
nous	1
nourishing	1
noticing	1
notes	1
note	1
norton	1
northern	1
northeast	1
nonsense	1
noise	1
nobody	1
noblest	1
nineteen	1
nightly	1
nigh	1
nice	1
ney	1
nevertheless	1
neve	1
network	1
negligent	1
negligence	1
neglects	1
needles	1
need	1
necks	1
necessaries	1
natured	1
narrating	1
nard	1
naples	1
naked	1
n's	1
mythology	1
mystery	1
muttered	1
musty	1
museum	1
murmer	1
multifarious	1
muffs	1
mss	1
mrs.klopstock	1
move	1
mouth	1
mourning	1
mourner	1
mounting	1
motives	1
motioned	1
moses	1
mortifying	1
mortal	1
morrow.'*	1
morrow	1
moreover	1
morbid	1
moralists	1
monuments	1
monarchs	1
momentary	1
moist	1
mob	1
mk	1
mixture	1
mixes	1
mitigate	1
mistress	1
mistakes	1
mistaken	1
mistake	1
misssedley*s	1
misguided	1
miserably	1
mir	1
minutes	1
minutely	1
ministers	1
mingled	1
mindful	1
mince	1
milton	1
milliners	1
milies	1
miles	1
mile	1
mildest	1
mi	1
metropolis	1
meto	1
mertonr	1
merry	1
meridian	1
mentor	1
mentions	1
mending	1
mended	1
memories	1
memoir	1
meekness	1
medium	1
meditations	1
meditation	1
medicine	1
meazles	1
measured	1
meant	1
meanness	1
meads	1
matronly	1
matrimonial	1
maternal	1
material	1
mary	1
martial	1
marrying	1
marriages	1
marking	1
marchioness	1
marble	1
mar	1
manuscript	1
mantua	1
mantle	1
manoeuvre	1
manly	1
manifested	1
mangen	1
managers	1
manager	1
managed	1
malice	1
makers	1
maker	1
makei	1
majority	1
majestically	1
majestic	1
mai	1
magnify	1
magic	1
magazine	1
madness	1
ma'am	1
lyric	1
lurking	1
luggage	1
ludricous	1
ludicrous	1
lucky	1
loyalty	1
lowliness	1
lounger	1
lot	1
losing	1
loser	1
lore	1
lordship	1
looker	1
longs	1
longest	1
lonely	1
loitered	1
log	1
loads	1
lo	1
ll	1
littlenesses	1
littleness	1
literary	1
lit	1
list	1
liquors	1
lips	1
linof	1
lingering	1
lined	1
limerick	1
limbs	1
liiin	1
lights	1
lightly	1
lighten	1
lift	1
lies	1
libraries	1
liberality	1
lg$	1
levities	1
level	1
lettered	1
lessens	1
leon	1
lent	1
lending	1
lend	1
leisure	1
legislature	1
legislators	1
legally	1
lecture	1
leaning	1
leaned	1
lean	1
lead	1
lawyer	1
lavishly	1
lavished	1
laughter	1
laudatory	1
latterly	1
latin	1
latch	1
lasting	1
lasted	1
larned	1
largely	1
lard	1
languishing	1
languid	1
landlord	1
laments	1
lamentations	1
lament	1
lamb	1
lam	1
lake	1
lad	1
lack	1
laboured	1
la	1
knoweth	1
knot	1
knocked	1
kneel	1
knee	1
klopstocks	1
kinsman	1
kinds	1
kindnesses	1
killing	1
kill	1
kid	1
key	1
kempis	1
keenness	1
kdw	1
kames	1
justifiers	1
jumped	1
juice	1
judiciously	1
judging	1
judged	1
joys	1
joyous	1
journal	1
jour	1
joshua	1
joining	1
johnson	1
john	1
jockey	1
joby	1
jigs	1
jibs	1
jewel	1
jerninshanv	1
jerningham/'such	1
jerningha?n	1
jerning*	1
jernincham	1
jern	1
jemingham	1
jcrningham	1
jcr	1
japanning	1
january	1
jane	1
james	1
jam	1
jagged	1
itti	1
italy	1
issued	1
isse	1
israel	1
ischia	1
isaiah	1
irritate	1
irritable	1
irritability	1
irretrievably	1
irreligion	1
irith	1
involuntarily	1
invisible	1
invincible	1
invigorate	1
invested	1
inventions	1
invaria	1
intruder	1
introduction	1
introduces	1
introduce	1
intrigue	1
interview	1
interspersed	1
interrupting	1
interrupt	1
internally	1
intermingled	1
interfere	1
interests	1
interchange	1
intentionally	1
intelligent	1
intellectual	1
intellects	1
insurmountable	1
insults	1
instrument	1
instructress	1
instructor	1
instructing	1
instructed	1
instruct	1
instigation	1
instant	1
inspruck	1
inspired	1
inspecting	1
insisted	1
insinuate	1
inserted	1
insert	1
insensibility	1
insatiate	1
inquiry	1
inquiring	1
inquiries	1
innocents	1
innocence	1
inn	1
inlreating	1
injury	1
injuring	1
injuries	1
injures	1
injured	1
injudicious	1
initiated	1
iniquity	1
inimitable	1
inheritable	1
inhale	1
inha	1
ingham	1
ingenuity	1
information	1
infirmity	1
infirmities	1
inferior	1
infectious	1
infants	1
infanta	1
infallibly	1
infallible	1
inexperience	1
inexorable	1
inexhaustible	1
inert	1
inequality	1
industry	1
industrious	1
indulges	1
indulgences	1
induce	1
indolently	1
individual	1
indistinctness	1
indistinct	1
indiscretion	1
indignation	1
indictment	1
indecency	1
increases	1
increased	1
incorporated	1
inconvenience	1
inconsolable	1
inconceivable	1
incomparable	1
income	1
incog	1
inclined	1
incline	1
incidents	1
inches	1
inch	1
incessantly	1
incentive	1
incapacitate	1
inattention	1
inactivity	1
impropriety	1
impressive	1
impressions	1
impressed	1
impress	1
imposing	1
implored	1
implore	1
impious	1
impiety	1
impetuous	1
impetuosity	1
imperial	1
imperfect	1
imperceptible	1
imperative	1
impending	1
impelled	1
impatiently	1
impassable	1
impartiality	1
immortality	1
immorality	1
immensity	1
immensely	1
immense	1
immediate	1
imitate	1
imbibed	1
imagining	1
imaginations	1
imaginary	1
imaginable	1
image	1
illinois	1
ill-treated	1
ill-bred	1
il	1
iid	1
ignorant	1
idolater	1
idol	1
i.oiu	1
i'll	1
husk	1
hush	1
hurt	1
hurrying	1
hunting	1
hundreds	1
humour	1
humiliation	1
humblest	1
humanity	1
hovering	1
household	1
hourly	1
hothouse	1
hostile	1
horror	1
horizon	1
hoping	1
hopeless	1
honoured	1
honesty	1
homes	1
holiest	1
holes	1
holds	1
holding	1
hoax	1
ho	1
hither	1
historian	1
hissing	1
hints	1
hinted	1
hill	1
highwaymen	1
highroad	1
higher	1
hidden	1
hibernian	1
hi	1
hesitates	1
heroine	1
heroic	1
heritage	1
heriot	1
hereafter	1
hercules	1
herbert	1
hence	1
hen	1
helping	1
helped	1
heiress	1
heir	1
heightens	1
heightened	1
hectic	1
hebrews	1
heaviest	1
heating	1
heated	1
heartless	1
heartily	1
hearse	1
hears	1
hearers	1
healthy	1
headache	1
he's	1
hause	1
haughty	1
hats	1
hat	1
hast	1
harmony	1
harmonise	1
hardship	1
hardened	1
harden	1
harangues	1
harangue	1
happiest	1
happier	1
hap	1
hants	1
handwriting	1
handsomely	1
handkerchiefs	1
hamlet	1
hallelujahs	1
hairs	1
hairbreadth	1
hair	1
habituated	1
habitations	1
habiliments	1
gulf	1
guineas	1
guessed	1
guess	1
grows	1
growling	1
growing	1
grounded	1
grosvexor	1
grooms	1
groom	1
grimace	1
grew	1
greet	1
greeks	1
gravely	1
gratifying	1
gratefully	1
grass	1
grasp	1
grants	1
granting	1
granted	1
grandison	1
grandfather	1
gracious	1
graceful	1
graced	1
government	1
governesses	1
good-natured	1
goes	1
goddess	1
gob	1
glorious	1
gloomy	1
glistened	1
gleaned	1
gleam	1
glass	1
glaring	1
glare	1
glances	1
gingerbread	1
gilpin	1
ghost	1
getfulness	1
germs	1
george	1
geography	1
gentry	1
gentlewoman	1
gentility	1
generous	1
generality	1
gene	1
gaze	1
gathered	1
gardeners	1
gaming	1
gamester	1
galloping	1
galloped	1
gallery	1
galleries	1
gallantry	1
gainer	1
furs	1
furious	1
fuming	1
fulfilment	1
fulfilled	1
ft	1
fruitless	1
fruit	1
frqaf	1
frowns	1
frivolous	1
frivolities	1
frightful	1
friendly	1
fretting	1
fretted	1
fretful	1
frequented	1
freedom	1
fraught	1
frank	1
frames	1
frailty	1
frailties	1
frail	1
fragrance	1
foung	1
founded	1
fostering	1
forty-two	1
fortunes	1
fortunate	1
forms	1
formidable	1
formal	1
forgot	1
forgiveness	1
forgetting	1
forgetful	1
forfeit	1
foreseeing	1
foreigners	1
forebodings	1
ford	1
forcibly	1
forbid	1
forbade	1
foppery	1
foolishly	1
fondness	1
fondest	1
follower	1
followedf	1
folding	1
folded	1
foi	1
foggy	1
fog	1
flying	1
fly	1
fluttering	1
flush	1
flurried	1
flowing	1
flowery	1
floating	1
flippancy	1
fledged	1
fled	1
flattery	1
flattering	1
flattered	1
flat	1
fixation	1
five	1
fits	1
firmness	1
finite	1
final	1
filthy	1
filth	1
filleth	1
fight	1
fewer	1
fevers	1
feverish	1
fermenting	1
fermented	1
fences	1
fence	1
fellows	1
fellow-creatures	1
feint	1
feet	1
feeding	1
feeble	1
fed	1
feb.ls	1
feather	1
faults	1
fatiguing	1
fatigued	1
fathom	1
fastings	1
fastidious	1
fastening	1
fast	1
fascinations	1
farthest	1
falls	1
fallen	1
faithful	1
fainted	1
fading	1
fadeth	1
facts	1
faced	1
eyed	1
exultingly	1
exultation	1
extract	1
exquisitely	1
expressive	1
expresses	1
exposure	1
expostulation	1
exposed	1
expo	1
explicitly	1
explanation	1
explain	1
experiencing	1
expended	1
expectation	1
expatiating	1
expanded	1
exodus	1
existing	1
existed	1
exist	1
exhilarating	1
exhibitions	1
exhaustless	1
exerts	1
exerted	1
exert	1
exercises	1
exemplify	1
excuses	1
excursions	1
exclusive	1
excluded	1
exclaiming	1
exchanging	1
excessively	1
except	1
examples	1
examining	1
exalt	1
ex	1
evils	1
evident	1
everybody	1
events	1
eternally	1
estrangement	1
estimated	1
esteemed	1
establishing	1
established	1
essay	1
especially	1
escaping	1
erroneous	1
erred	1
errand	1
erected	1
ere	1
eradicate	1
era	1
equipped	1
equipment	1
equal	1
epistolary	1
epistle	1
enviable	1
envelope	1
entrusted	1
entreaties	1
enthusiastic	1
enthusiasm	1
entertained	1
entering	1
enter	1
ensure	1
enormous	1
enormity	1
enlivening	1
enlarged	1
enlarge	1
enigmatical	1
engagement	1
engage	1
enemies	1
endurance	1
endues	1
endued	1
ends	1
endowed	1
endless	1
ending	1
ended	1
endears	1
endearing	1
encumbering	1
encouraging	1
encourage	1
encomiums	1
enchanting	1
enamoured	1
enables	1
en	1
empyreum	1
emphatic	1
eminently	1
embracing	1
embolden	1
emanation	1
elizabeth	1
eliza	1
element	1
elegantly	1
electa	1
elbve	1
elbows	1
elates	1
elate	1
ejaculations	1
eighty-two	1
eighteen	1
egyptians	1
egyptian	1
efforts	1
effort	1
effluvium	1
effectual	1
effected	1
edw	1
editors	1
editor	1
edged	1
eden	1
ed	1
ecstatic	1
economy	1
echo	1
easter	1
earnestness	1
earliest	1
eagerness	1
dutiful	1
dusty	1
dusk	1
durst	1
dumb	1
duly	1
dullness	1
dues	1
ductile	1
ducted	1
ducive	1
duchess	1
dryden	1
drunk	1
drum	1
dropping	1
dropped	1
drop	1
drooping	1
drooped	1
driving	1
drinking	1
drier	1
dressmaker	1
dreaming	1
dreaded	1
draws	1
draughts	1
draught	1
drank	1
dragged	1
dozen	1
doze	1
dox	1
downstairs	1
doubts	1
doubtful	1
doubt	1
doting	1
dote	1
dot	1
dose	1
dominion	1
domineering	1
domineer	1
dog	1
doatingly	1
dj	1
divinity	1
divested	1
divest	1
divert	1
diversion	1
disturbed	1
distortions	1
distn	1
distinctly	1
distemper	1
distaste	1
dissolving	1
dissolution	1
dissipates	1
dissipate	1
dissenter	1
disrespect	1
dispositions	1
disposal	1
displeased	1
displays	1
displaying	1
displayed	1
displacing	1
disperse	1
dispatched	1
disorder	1
dismayed	1
dismay	1
dismal	1
disinterested	1
disheartened	1
dish	1
disguiseth	1
discussing	1
discuss	1
discrimination	1
discovery	1
discovering	1
discourse	1
discouragements	1
discouraged	1
discourage	1
disconsolate	1
disclose	1
discharged	1
discharge	1
discern	1
disapproved	1
disappointments	1
disappointment	1
disappeared	1
disadvantage	1
dis	1
directs	1
directly	1
directions	1
direction	1
directed	1
dine	1
diminished	1
digestion	1
digest	1
dig	1
diffusive	1
diffused	1
diffuse	1
diffident	1
difficulty	1
die	1
dictate	1
devout	1
devotional	1
devoted	1
develop	1
detriment	1
detestable	1
deters	1
deterring	1
determine	1
detected	1
destructive	1
destroyed	1
destroy	1
destinies	1
destined	1
despotism	1
despise	1
despairing	1
desires	1
deserted	1
describing	1
described	1
descending	1
descendant	1
deriving	1
derived	1
derive	1
derision	1
deranges	1
depth	1
depraved	1
deposited	1
deplored	1
depict	1
dependencies	1
depended	1
depart	1
denying	1
denly	1
demonstration	1
demirep	1
delusion	1
delmes	1
delinquent	1
delineate	1
delicately	1
delegated	1
deity	1
deigns	1
deigned	1
degrading	1
degradation	1
defy	1
defoe	1
defective	1
defect	1
decrees	1
decrease	1
decided	1
decide	1
decency	1
deceiver	1
decamped	1
debater	1
debate	1
debasing	1
debases	1
dearly	1
dealing	1
daytime	1
darkener	1
dared	1
daniel	1
dance	1
damsel	1
dampest	1
damped	1
cutting	1
customs	1
custom	1
curtain	1
curtailer	1
curtail	1
cursed	1
curiously	1
curiosity	1
cures	1
cup	1
cunning	1
cultivating	1
culties	1
cui	1
cscc	1
cry	1
crushed	1
cruel	1
crowned	1
crowding	1
crowded	1
crowd	1
cross	1
criticism	1
critical	1
criminating	1
crime	1
cress	1
crea	1
crawling	1
crammed	1
crabbs	1
coxcomb	1
cowper	1
covering	1
cousins	1
courtship	1
courtesying	1
courtesies	1
courted	1
courier	1
couples	1
county	1
countess	1
counterpart	1
counteracted	1
couch	1
cotton	1
cottager	1
cott	1
corruption	1
correspondence	1
coronet	1
cornerstone	1
corned	1
copper	1
coolness	1
cook	1
conyers	1
convulsive	1
convince	1
conveying	1
conversant	1
control	1
contrition	1
contributions	1
contributing	1
contributes	1
contributed	1
contrary	1
continuing	1
continuation	1
contemptible	1
contemplator	1
contemplative	1
contemplations	1
contemplates	1
contemplate	1
contaminating	1
contaminated	1
containing	1
contain	1
consummate	1
consumers	1
consultations	1
consultation	1
consult	1
constitute	1
consoles	1
consist	1
consign	1
considerations	1
considerably	1
consents	1
consent	1
consciousness	1
cons	1
conjured	1
conjugal	1
congratulation	1
congratulating	1
congenial	1
confounds	1
confound	1
confirmed	1
confiding	1
confided	1
confers	1
confectioners	1
condescended	1
condemn	1
concluding	1
concludes	1
concerts	1
concert	1
concerns	1
concerning	1
conceptions	1
conception	1
conceived	1
conceited	1
concealed	1
con	1
compunction	1
compromise	1
compounded	1
complying	1
compliance	1
completing	1
complaining	1
complained	1
complain	1
competition	1
compensated	1
compendium	1
comparison	1
compare	1
communications	1
communicates	1
communicable	1
commune	1
commonplace	1
commodiously	1
committed	1
commission	1
commiseration	1
commerce	1
commendable	1
commend	1
commence	1
comme	1
comedy	1
combs	1
combat	1
colours	1
colleges	1
college	1
collecting	1
collected	1
collect	1
collar	1
coffin	1
cof	1
coated	1
coast	1
coals	1
coachmen	1
coaches	1
co	1
clung	1
clumsy	1
clothing	1
clothe	1
closing	1
closets	1
closes	1
closed	1
clock	1
clinging	1
cling	1
clever	1
clergyman	1
clearness	1
clearer	1
clasp	1
clap	1
clamour	1
claim	1
cjuick	1
civilest	1
civil	1
cites	1
cit	1
cis	1
circulation	1
ciiab	1
chyle	1
chose	1
choosing	1
choked	1
chilled	1
cherished	1
chemistry	1
chemises	1
chemise	1
cheers	1
cheered	1
cheer	1
cheek	1
cheap	1
chatter	1
chastening	1
chastely	1
chasms	1
charmed	1
charge	1
characteristic	1
changing	1
changes	1
changeableness	1
chancing	1
chanced	1
chaise	1
chain	1
cessation	1
ceremony	1
ceremonies	1
century	1
censures	1
censure	1
celestial	1
cela	1
ceased	1
ce	1
cavendish	1
catechising	1
catch	1
casting	1
castigation	1
carter	1
carrying	1
carry	1
carried	1
caressed	1
cares	1
carei	1
card	1
carcase	1
captivating	1
cape	1
capacious	1
candour	1
candidly	1
candid	1
campaign	1
cambr	1
calmness	1
calico	1
caledonian	1
calculations	1
calculation	1
calamity	1
cable	1
cabinet	1
butter	1
butchers	1
busied	1
burtpn	1
burning	1
burnet	1
burn	1
buried	1
bureau	1
bunch	1
bulk	1
bud	1
bubs	1
bubbles	1
brushes	1
brown	1
brow	1
brothers	1
broke	1
bro	1
british	1
brings	1
bringing	1
brightens	1
brighten	1
bridegroom	1
breathe	1
breaking	1
breakfasted	1
break	1
brats	1
branscomb	1
branches	1
brace	1
boys	1
boyle	1
bowdler	1
bounds	1
bounced	1
bought	1
bottom	1
botany	1
boston	1
borough	1
bore	1
borders	1
bordering	1
border	1
boots	1
bono	1
bonfire	1
bond	1
bodily	1
blushing	1
blushes	1
blush	1
blooming	1
bloom	1
blood	1
blisters	1
blinds	1
blinded	1
blind	1
blighted	1
blesses	1
blame	1
blacking	1
bitting	1
bitterly	1
bitants	1
bishop	1
bis	1
birthday	1
bird	1
biography	1
bill	1
biit	1
bids	1
bid	1
bibles	1
bettering	1
besides	1
beseech	1
bequest	1
bent	1
benignity	1
benign	1
benefited	1
beneficial	1
beneficence	1
beneath	1
bench	1
ben	1
below	1
belong	1
believed	1
belief	1
beholdeth	1
beheld	1
behaved	1
begun	1
begs	1
beginning	1
beetles	1
beehive	1
beds	1
bedroom	1
bedchamber	1
beauteous	1
beattie	1
bears	1
bearing	1
bearers	1
beams	1
bauche\	1
battered	1
bashful	1
base	1
baronet	1
bare	1
banished	1
banish	1
bang	1
banditti	1
balls	1
ballroom	1
bakueld	1
bag	1
backward	1
background	1
awfully	1
awakened	1
awake	1
avowing	1
avowedly	1
avoidance	1
averted	1
aversion	1
autumn	1
authority	1
authorities	1
authorised	1
austerity	1
austere	1
aunts	1
august	1
auditor	1
attribute	1
attribu	1
attracts	1
attitude	1
attentively	1
attentive	1
attentions	1
attending	1
attendants	1
attempts	1
attempting	1
attack	1
attachments	1
attaching	1
atoms	1
atmosphere	1
atl	1
ate	1
astronomy	1
assuring	1
assure	1
assumption	1
assuming	1
assumed	1
associated	1
assis	1
assertions	1
asserted	1
assemble	1
asks	1
asking	1
ashamed	1
ascertain	1
artless	1
artist	1
artificial	1
artificer	1
artifice	1
arriving	1
arrest	1
arrangements	1
armenian	1
ariseth	1
arguments	1
ares	1
archway	1
apt	1
approving	1
approve	1
appropriate	1
approbation	1
approaching	1
appreciate	1
appointed	1
applied	1
applicable	1
appealed	1
apparel	1
app<	1
apoplexy	1
apart	1
antiquity	1
annoyed	1
annoyance	1
announce	1
anne	1
animation	1
animate	1
ani	1
angry	1
anger	1
angel	1
and^he	1
ancient	1
amusino	1
amused	1
ampbell	1
amidst	1
amenable	1
amelia	1
ambitious	1
amber	1
alzvays	1
alternative	1
alteration	1
alt	1
aloud	1
along	1
alluring	1
allurements	1
allure	1
alluded	1
allthe	1
allied	1
alleviations	1
alive	1
alfresco	1
alf	1
alarms	1
airs	1
ails	1
ail	1
aiding	1
aide	1
agues	1
agreement	1
agreeably	1
agree	1
aggravate	1
aggrandisement	1
agents	1
afterward	1
affords	1
afforded	1
affluent	1
afflictions	1
afflict	1
affectionately	1
advise	1
adventurous	1
adventitious	1
advantageous	1
adults	1
adulterer	1
adulation	1
adopted	1
administered	1
adjustment	1
adhered	1
adhere	1
addresses	1
addressed	1
additional	1
addison	1
add	1
acts	1
actively	1
acted	1
acquisitions	1
acquired	1
acquire	1
acquaintances	1
acorn	1
acknowledgment	1
acknowledges	1
acknowledged	1
acknowledge	1
acid	1
ache	1
accustomed	1
accuse	1
accurate	1
accounted	1
accordingly	1
accomplishments	1
accomplish	1
accommodate	1
accidents	1
accidently	1
accession	1
accepted	1
acceptation	1
acceptance	1
acceptable	1
accept	1
acceding	1
abused	1
abundantly	1
absurdities	1
abstractedness	1
absolve	1
absolutely	1
absents	1
absenting	1
abrahams	1
about.what	1
abode	1
ably	1
abide	1
abhors	1
abhor	1
aad	1
aaccompanied	1
[	1
?.	1
?*'	1
?*	1
?''	1
<•	1
<£	1
<(	1
0<	1
/)	1
/'	1
.?	1
..-	1
.,	1
.)	1
-^	1
--	1
*ith	1
*...	1
*,	1
(.	1
',	1
'*'	1
".	1
"'	1
!»	1
!*	1
!"*	1
