,	4400
the	2519
.	2278
and	2165
to	1925
of	1558
her	1323
she	945
in	851
"	821
a	808
i	779
that	746
was	707
you	634
for	571
he	529
it	503
had	499
not	494
with	436
his	410
which	407
as	396
but	394
."	375
;	358
have	341
at	331
is	322
be	321
all	271
would	259
myers	256
mrs	249
they	248
mr	247
on	216
no	210
if	205
|'s|	200
from	199
were	196
one	196
them	195
so	184
do	183
will	177
this	177
their	177
little	177
what	176
hamilton	167
him	166
been	162
me	161
mother	160
when	158
!	157
kate	156
now	152
or	151
who	150
could	147
there	140
by	139
emeline	138
are	137
more	134
marion	128
we	127
can	125
did	124
your	123
my	122
home	122
has	121
said	118
only	117
upon	114
'	114
some	110
should	108
children	108
an	105
own	102
never	102
heart	101
house	99
see	98
any	96
how	94
sister	92
about	92
time	90
before	90
very	89
might	89
well	88
much	88
?"	86
herself	85
go	85
out	84
made	82
god	82
:	82
up	81
many	80
think	79
take	79
come	79
know	78
then	77
make	76
|romannumeral|	75
than	75
where	74
after	74
thought	73
place	70
long	70
!"	70
care	69
such	68
husband	68
good	67
those	66
without	65
life	65
—	64
day	63
shall	62
things	61
like	61
other	60
am	60
room	59
nothing	59
years	58
every	57
way	56
few	56
into	55
new	54
too	53
most	53
girls	53
dear	53
himself	52
done	52
anything	52
work	51
may	51
love	51
still	50
passed	50
over	50
length	50
why	49
us	49
isabel	49
hope	49
found	49
also	49
these	48
must	48
hand	48
feel	48
better	48
|arabic1digit|	47
our	47
mind	47
just	47
felt	47
seemed	46
everything	46
|arabic2digit|	45
wish	45
money	45
father	45
while	44
two	44
say	44
once	44
left	44
don't	44
again	43
last	42
great	42
family	42
ever	42
child	42
want	41
interest	41
future	41
enough	41
beautiful	41
often	40
knew	40
hour	40
until	39
let	39
get	39
even	39
whom	38
possible	38
came	38
away	38
able	38
wife	37
told	37
through	37
need	37
leave	37
its	37
far	37
among	37
almost	37
letter	36
friends	36
first	36
days	36
yet	35
louisa	35
took	34
soon	34
however	34
find	34
down	34
yourself	33
walter	33
pleasant	33
old	33
oh	33
man	33
kilborn	33
here	33
help	33
night	32
give	32
edward	32
both	32
sisters	31
return	31
people	31
indeed	31
visit	30
tell	30
sweet	30
school	30
received	30
eyes	30
around	30
always	30
world	29
taken	29
enfield	29
comfort	29
being	29
aunt	29
?	29
word	28
whose	28
went	28
sabbath	28
poor	28
look	28
fear	28
ask	28
sure	27
saw	27
same	27
present	27
manner	27
heard	27
course	27
best	27
alone	27
words	26
uncle	26
something	26
seen	26
least	26
kind	26
keep	26
influence	26
between	26
become	26
spirit	25
nt	25
moment	25
hear	25
harriet	25
going	25
friend	25
expected	25
engaged	25
arrived	25
trouble	24
though	24
since	24
several	24
past	24
part	24
looked	24
land	24
happy	24
feelings	24
entirely	24
circumstances	24
cheerful	24
yes	23
weeks	23
soul	23
grace	23
during	23
character	23
became	23
wished	22
whole	22
vain	22
under	22
themselves	22
suppose	22
set	22
scarcely	22
ready	22
morning	22
ll	22
hands	22
gave	22
feeling	22
effort	22
duty	22
death	22
change	22
called	22
call	22
brother	22
another	22
woman	21
thus	21
thing	21
stay	21
off	21
girl	21
face	21
evening	21
evans	21
bed	21
use	20
together	20
sick	20
put	20
parents	20
means	20
looking	20
live	20
hours	20
furniture	20
willing	19
richmond	19
really	19
promise	19
prepared	19
myself	19
mercy	19
matter	19
m	19
learn	19
fine	19
doing	19
brought	19
beauty	19
already	19
within	18
times	18
tears	18
sometimes	18
society	18
needed	18
except	18
efforts	18
door	18
does	18
condition	18
church	18
answer	18
young	17
write	17
turned	17
three	17
t	17
rest	17
reason	17
pass	17
laid	17
hard	17
glad	17
frank	17
expect	17
early	17
constantly	17
beside	17
bell	17
table	16
speak	16
please	16
perhaps	16
none	16
mean	16
large	16
heaven	16
garden	16
conversation	16
carriage	16
blessing	16
bible	16
bear	16
approached	16
tender	15
state	15
right	15
rich	15
read	15
quite	15
prayer	15
pleasure	15
permitted	15
neither	15
lost	15
lord	15
light	15
late	15
journey	15
inclined	15
else	15
either	15
doubt	15
coming	15
certainly	15
attention	15
voice	14
village	14
toward	14
tired	14
surprise	14
small	14
share	14
self	14
returned	14
purpose	14
plenty	14
person	14
pay	14
path	14
party	14
name	14
miserable	14
making	14
letters	14
less	14
learned	14
head	14
having	14
gone	14
gladly	14
full	14
flowers	14
delight	14
daughters	14
continued	14
comfortable	14
case	14
bring	14
believe	14
because	14
asked	14
although	14
year	13
wonder	13
week	13
wait	13
trust	13
thoughts	13
summer	13
spare	13
remained	13
plan	13
others	13
opened	13
nor	13
months	13
meet	13
lay	13
known	13
it's	13
improvement	13
hearts	13
expression	13
easily	13
each	13
dress	13
dream	13
daughter	13
clara	13
city	13
appeared	13
york	12
wrote	12
turn	12
truth	12
ten	12
supply	12
study	12
stood	12
spot	12
spoke	12
side	12
seems	12
secured	12
remember	12
promised	12
placed	12
personal	12
pale	12
open	12
next	12
natural	12
moments	12
lovely	12
loved	12
longer	12
inquiries	12
immediately	12
hopes	12
happiness	12
given	12
finished	12
feet	12
eye	12
elegant	12
ear	12
country	12
compelled	12
clothing	12
clothes	12
business	12
beloved	12
began	12
auntie	12
aside	12
arms	12
absent	12
written	11
winter	11
window	11
whether	11
west	11
wants	11
various	11
understand	11
tea	11
taking	11
sought	11
sorrow	11
sin	11
settled	11
seem	11
pray	11
power	11
plans	11
perfect	11
paid	11
offered	11
occasionally	11
near	11
met	11
living	11
listened	11
labour	11
joy	11
invited	11
holy	11
grew	11
forward	11
domestic	11
dollars	11
dead	11
cross	11
commenced	11
comforts	11
cold	11
christ	11
born	11
blessed	11
bad	11
articles	11
along	11
affection	11
account	11
whitney	10
walked	10
try	10
true	10
trials	10
thou	10
task	10
subject	10
studies	10
servant	10
sent	10
seek	10
saviour	10
sadly	10
rooms	10
respect	10
resolved	10
residence	10
reply	10
replied	10
quiet	10
question	10
preparations	10
peace	10
passing	10
opportunity	10
occurred	10
object	10
notice	10
native	10
lessons	10
jane	10
hopeless	10
health	10
half	10
gentle	10
faithful	10
fair	10
expressed	10
evidently	10
divine	10
died	10
die	10
devoted	10
dark	10
bridget	10
books	10
altogether	10
against	10
admiration	10
acquaintance	10
absence	10
welcome	9
wealth	9
ve	9
thy	9
surprised	9
storm	9
single	9
silence	9
sight	9
short	9
send	9
scenes	9
says	9
sake	9
receive	9
provided	9
provide	9
preached	9
period	9
ones	9
neglect	9
necessary	9
nature	9
loss	9
lived	9
lips	9
likely	9
laurelton	9
knows	9
kindness	9
interests	9
impossible	9
hundred	9
glowing	9
fruit	9
four	9
favour	9
faithfully	9
faith	9
end	9
earth	9
continually	9
consent	9
changes	9
cause	9
can't	9
begged	9
back	9
appearance	9
appear	9
anxious	9
affectionate	9
-*-	9
(	9
wretched	8
weary	8
wanted	8
ventured	8
utmost	8
unable	8
troubles	8
thee	8
thank	8
suitable	8
strong	8
spring	8
sir	8
second	8
season	8
sat	8
rose	8
roof	8
regret	8
regard	8
refused	8
reach	8
rapidly	8
quickly	8
pupils	8
proud	8
presence	8
prepare	8
possession	8
point	8
peaceful	8
patience	8
parting	8
particularly	8
paper	8
number	8
misery	8
minds	8
meeting	8
marry	8
margaret	8
manifested	8
madam	8
loving	8
kept	8
jessie	8
itself	8
instead	8
inquired	8
household	8
hot	8
high	8
habits	8
ground	8
gospel	8
gathered	8
free	8
five	8
fall	8
entire	8
enterprise	8
entered	8
enter	8
em	8
education	8
departure	8
deep	8
consented	8
confidence	8
concluded	8
company	8
christian	8
cared	8
burden	8
broken	8
bright	8
breast	8
bitter	8
attend	8
assistance	8
assist	8
age	8
afraid	8
accomplished	8
above	8
youth	7
ye	7
wrong	7
won't	7
women	7
wishes	7
william	7
weather	7
wear	7
walk	7
waited	7
views	7
utter	7
unnecessary	7
unless	7
undertake	7
tried	7
trees	7
today	7
tenderness	7
teacher	7
talk	7
sunk	7
sufficient	7
suffer	7
street	7
stranger	7
spoken	7
spiritual	7
song	7
somewhat	7
sold	7
smile	7
slowly	7
simply	7
sense	7
seeing	7
seated	7
s	7
rudely	7
returning	7
requested	7
reproach	7
remembered	7
recognised	7
reception	7
rather	7
prospects	7
proposal	7
preach	7
possessed	7
pleased	7
plainly	7
ourselves	7
ought	7
obtained	7
obtain	7
music	7
memory	7
materials	7
married	7
makes	7
low	7
liberty	7
leaving	7
law	7
labours	7
ignorant	7
idea	7
happened	7
further	7
forever	7
foot	7
excited	7
enjoy	7
endeavoured	7
easy	7
earthly	7
duties	7
dresses	7
dreams	7
doors	7
distant	7
disappointed	7
degree	7
cool	7
conscious	7
childhood	7
cherish	7
changed	7
cast	7
brow	7
awakened	7
arrangements	7
apparently	7
answered	7
amount	7
amid	7
accustomed	7
accomplish	7
|arabic3digit|	6
wise	6
whenever	6
wardrobe	6
waiting	6
usefulness	6
united	6
trembled	6
travelling	6
touched	6
tie	6
talking	6
sympathy	6
support	6
suffering	6
suddenly	6
strangers	6
strange	6
stove	6
started	6
sphere	6
spent	6
spend	6
speaking	6
spared	6
source	6
solemn	6
slightest	6
sit	6
silent	6
show	6
severe	6
service	6
sermon	6
seed	6
secure	6
search	6
save	6
satisfied	6
sacred	6
rise	6
ride	6
retired	6
restrain	6
religious	6
relations	6
recovered	6
rebellion	6
reading	6
quietly	6
pure	6
purchased	6
property	6
principles	6
prairie	6
passes	6
parent	6
pain	6
packed	6
ordered	6
occasion	6
nursery	6
moved	6
miss	6
men	6
looks	6
lonely	6
led	6
lady	6
kitchen	6
inquiry	6
inquire	6
information	6
induced	6
improve	6
ill	6
humble	6
hopkins	6
hoping	6
hesitation	6
gratified	6
got	6
goods	6
giving	6
generous	6
gained	6
furnish	6
frequent	6
flower	6
floor	6
fixed	6
fit	6
fire	6
finish	6
fell	6
feels	6
feared	6
fact	6
example	6
evil	6
enjoyed	6
encouraged	6
dying	6
dressed	6
dread	6
disposed	6
difficulty	6
destitute	6
desire	6
countenance	6
cost	6
constant	6
cheerfulness	6
cheek	6
building	6
breath	6
boy	6
box	6
bent	6
beneath	6
behalf	6
begun	6
beginning	6
becoming	6
awhile	6
associations	6
ashamed	6
arrival	6
arranged	6
alas	6
aid	6
acquainted	6
.,	6
worse	5
wood	5
wild	5
whither	5
white	5
whatever	5
wedding	5
ways	5
water	5
wasted	5
wandering	5
walls	5
wagon	5
usual	5
useful	5
used	5
unto	5
unknown	5
unkind	5
tt	5
treated	5
threatened	5
thinking	5
thankful	5
tasteful	5
taste	5
supposed	5
supported	5
suggestion	5
suffered	5
standing	5
stand	5
sprung	5
spread	5
sown	5
son	5
slept	5
sleeping	5
sleep	5
services	5
sees	5
scheme	5
satisfaction	5
sad	5
sacrifice	5
ruin	5
round	5
result	5
respects	5
rendered	5
render	5
removed	5
remarked	5
remain	5
relation	5
regular	5
regarded	5
refuse	5
reference	5
realise	5
real	5
quick	5
prove	5
proposed	5
proper	5
presented	5
prayers	5
portfolio	5
play	5
plain	5
pity	5
permit	5
permission	5
perform	5
peculiar	5
parted	5
parlour	5
pardon	5
pains	5
occupied	5
notwithstanding	5
neighbours	5
neglected	5
muley	5
moral	5
modest	5
miles	5
midst	5
master	5
loveliness	5
lose	5
lesson	5
leisure	5
lead	5
invitation	5
invested	5
interesting	5
intend	5
influences	5
infant	5
indulged	5
indifference	5
indicated	5
hoped	5
hers	5
helping	5
held	5
heartless	5
hearing	5
healthful	5
gratification	5
glance	5
getting	5
gentleman	5
gaze	5
gate	5
furnished	5
fully	5
frequently	5
fortune	5
form	5
forget	5
foreign	5
follows	5
followed	5
follow	5
filled	5
fill	5
features	5
faults	5
fast	5
fail	5
etc	5
entering	5
enjoyment	5
encouragement	5
earnest	5
eagerly	5
drew	5
distance	5
disease	5
dinner	5
difficult	5
different	5
difference	5
determined	5
delighted	5
curls	5
cottage	5
correspondence	5
converse	5
continue	5
consideration	5
conscience	5
completely	5
committed	5
close	5
circle	5
chose	5
cheerfully	5
cheer	5
chance	5
careless	5
bound	5
bore	5
book	5
boarders	5
board	5
berries	5
aware	5
avoid	5
attached	5
art	5
arrangement	5
arose	5
approbation	5
anywhere	5
annoyances	5
ambition	5
almighty	5
allow	5
alarmed	5
agreeable	5
ago	5
advantage	5
accompany	5
.'	5
yours	4
yonder	4
worst	4
worship	4
worldly	4
wondering	4
wonderful	4
windows	4
williams	4
weaker	4
watching	4
watch	4
warm	4
wander	4
value	4
utterly	4
unusual	4
unpleasant	4
unhappy	4
unexpected	4
undoubtedly	4
twenty	4
trying	4
truths	4
trembling	4
treatment	4
treasures	4
travelled	4
town	4
tomorrow	4
tiresome	4
tiny	4
throne	4
threw	4
thoughtful	4
thanks	4
tenderly	4
temper	4
teaching	4
talents	4
supplied	4
sung	4
sun	4
sum	4
suit	4
sufficiently	4
success	4
struggle	4
strength	4
stole	4
steps	4
steady	4
spite	4
sorry	4
slight	4
six	4
sitting	4
silently	4
shook	4
shed	4
servants	4
serious	4
separated	4
sentiments	4
seldom	4
scorned	4
saying	4
saved	4
salvation	4
safe	4
rude	4
reverence	4
resulted	4
restrained	4
resolution	4
resided	4
request	4
remorse	4
remark	4
relieve	4
relative	4
reduced	4
recovery	4
reasons	4
reap	4
reader	4
ran	4
purposes	4
public	4
provision	4
providing	4
providence	4
propose	4
promote	4
privilege	4
principle	4
prevented	4
presume	4
preparing	4
preparation	4
precious	4
prayed	4
praises	4
possibly	4
possibility	4
pillow	4
pictures	4
persuaded	4
perfectly	4
perception	4
penitent	4
pencil	4
paused	4
passion	4
particular	4
page	4
order	4
obligation	4
objection	4
obedience	4
niece	4
neighbourhood	4
neighbour	4
needs	4
needful	4
necessities	4
necessaries	4
neatly	4
neat	4
movement	4
mournful	4
monday	4
mischief	4
minister	4
mine	4
meanwhile	4
manners	4
lot	4
longed	4
lives	4
listen	4
liked	4
lie	4
library	4
leaves	4
learning	4
laboured	4
knowledge	4
knowing	4
kindly	4
kil	4
keeping	4
joyful	4
intelligent	4
instruction	4
informed	4
induce	4
improvements	4
impression	4
important	4
impatient	4
imagine	4
hush	4
hostility	4
hold	4
highest	4
heavy	4
heavenly	4
heads	4
hath	4
hated	4
hastily	4
hast	4
hartmann	4
handsome	4
grove	4
grief	4
greatly	4
greater	4
grave	4
gazed	4
gathering	4
funeral	4
frightened	4
friday	4
freely	4
former	4
forgotten	4
folly	4
fingers	4
final	4
fifty	4
field	4
fearful	4
favourite	4
fault	4
fatigue	4
farm	4
farewell	4
familiar	4
failed	4
express	4
exposed	4
expenses	4
expecting	4
exclaimed	4
evident	4
event	4
esteem	4
entitled	4
engage	4
endeavour	4
employments	4
emergency	4
eldest	4
eddy	4
eat	4
eager	4
due	4
dreaming	4
drawing	4
draw	4
doctor	4
disposition	4
directions	4
direction	4
dim	4
devote	4
deserved	4
describe	4
dependent	4
demanded	4
delightful	4
delicate	4
delay	4
degraded	4
decent	4
dared	4
cruel	4
crossed	4
credit	4
costly	4
cooking	4
conversing	4
convenience	4
control	4
congregation	4
confess	4
conduct	4
concerned	4
completed	4
complaint	4
companion	4
community	4
common	4
clear	4
chickens	4
cherished	4
chamber	4
chairs	4
certain	4
cares	4
calls	4
busy	4
burst	4
brother-in-law	4
boxes	4
blood	4
bitterness	4
birds	4
bestowed	4
benefit	4
bending	4
beheld	4
befall	4
bearing	4
basket	4
baby	4
babe	4
awakening	4
awaken	4
await	4
attractive	4
attempt	4
attacked	4
asking	4
arouse	4
arithmetic	4
angry	4
angels	4
ample	4
altered	4
altar	4
air	4
ails	4
agony	4
afternoon	4
affliction	4
addressed	4
additional	4
accounts	4
abundant	4
ability	4
-	4
)	4
yielded	3
yield	3
worthy	3
worn	3
wondered	3
won	3
withdrawn	3
wishing	3
widower	3
western	3
weep	3
weakness	3
wave	3
watched	3
warned	3
wanderer	3
visiting	3
visited	3
view	3
vegetables	3
vanity	3
uttered	3
utensils	3
usually	3
urged	3
urge	3
unwilling	3
unused	3
union	3
unfrequently	3
unfortunately	3
unfeeling	3
uneasy	3
undertaken	3
understanding	3
unconscious	3
u	3
tyrant	3
triumphs	3
trial	3
tormenting	3
tonight	3
toil	3
thousand	3
thorough	3
third	3
thicket	3
terrible	3
tells	3
telling	3
teach	3
tall	3
takes	3
sweetly	3
sustained	3
sustain	3
suspected	3
sunshine	3
sunny	3
sudden	3
substantial	3
submission	3
subjects	3
struggled	3
stripped	3
story	3
stormy	3
stock	3
sternly	3
step	3
starve	3
stairs	3
spoil	3
sounds	3
souls	3
sort	3
sorrowful	3
sooner	3
somewhere	3
solitary	3
slumber	3
sixteen	3
simplest	3
simple	3
sign	3
sigh	3
shared	3
shame	3
shadow	3
settle	3
setting	3
settee	3
self-denial	3
seeming	3
seeking	3
seeds	3
secret	3
seat	3
sea	3
scene	3
satisfy	3
salary	3
sakes	3
rule	3
rouse	3
rode	3
reward	3
retirement	3
retire	3
rested	3
respectable	3
reserve	3
requisite	3
rent	3
remonstrate	3
reluctantly	3
religion	3
regardless	3
redeeming	3
redeemed	3
record	3
reconciled	3
recalled	3
readiness	3
readers	3
rate	3
rare	3
rank	3
r	3
questions	3
proved	3
prostrate	3
prosperity	3
prosecute	3
promising	3
promises	3
progress	3
profane	3
proceeded	3
privileges	3
private	3
pride	3
previous	3
prevailed	3
preferred	3
precisely	3
precincts	3
poverty	3
poured	3
postmaster	3
position	3
port	3
pledge	3
pleasures	3
pleads	3
plates	3
plants	3
plant	3
picture	3
persevering	3
patiently	3
passionate	3
paradise	3
paint	3
package	3
p	3
outward	3
otherwise	3
ordinary	3
opposition	3
offer	3
occasional	3
obey	3
o'clock	3
nurse	3
numerous	3
note	3
noise	3
necessity	3
mutual	3
mountain	3
mothers	3
morality	3
minutes	3
mechanics	3
measure	3
meant	3
meal	3
marriage	3
manly	3
manage	3
loves	3
loudly	3
lively	3
livelihood	3
listening	3
lingered	3
linger	3
laying	3
lavish	3
laughing	3
laughed	3
lately	3
language	3
lamb	3
labouring	3
jewels	3
jesus	3
ironing	3
invite	3
intimated	3
interview	3
intervals	3
interested	3
intense	3
intelligence	3
instrumentality	3
instructed	3
instinctively	3
ing	3
industrious	3
indignation	3
indifferent	3
increased	3
income	3
inclination	3
incessantly	3
implored	3
imperious	3
immortal	3
imagination	3
illness	3
ignorance	3
idle	3
humbled	3
human	3
hopeful	3
holding	3
hire	3
heathen	3
haunted	3
hastening	3
hastened	3
haste	3
hardness	3
hardened	3
happier	3
happen	3
ham	3
hair	3
greatest	3
gratitude	3
grateful	3
gradually	3
gold	3
goes	3
gladden	3
gives	3
gentleness	3
gentlemen	3
genius	3
gay	3
gain	3
front	3
fro	3
frighten	3
formerly	3
forgive	3
fondly	3
following	3
fitted	3
feverish	3
fence	3
feeble	3
fearing	3
fancy	3
extremely	3
extravagance	3
extended	3
exposure	3
experience	3
expects	3
expectation	3
excuse	3
exclaiming	3
evenings	3
europe	3
eternal	3
especially	3
escape	3
equal	3
envy	3
entrusted	3
entrance	3
enthusiastic	3
enthusiasm	3
enjoying	3
endure	3
encourage	3
enclosed	3
enable	3
employed	3
emotion	3
embarrassment	3
element	3
elapsed	3
eight	3
eating	3
east	3
earn	3
earlier	3
drinking	3
drink	3
dreary	3
doubted	3
dollar	3
disturbed	3
distinctly	3
dismissed	3
dislike	3
discord	3
discharge	3
directed	3
diningroom	3
diligently	3
development	3
destroyed	3
desperate	3
desolate	3
desert	3
descended	3
deformity	3
decision	3
deceived	3
dawned	3
darkness	3
dangers	3
daily	3
cow	3
counted	3
cook	3
conveniences	3
contains	3
contained	3
considered	3
consequences	3
consequence	3
connexion	3
confusion	3
confided	3
complain	3
commit	3
comes	3
college	3
clung	3
closet	3
closed	3
clearly	3
classic	3
claim	3
circumstance	3
chester	3
cherishing	3
cheerless	3
cheered	3
chair	3
cease	3
carry	3
carelessness	3
carefully	3
careful	3
canvas	3
calm	3
busily	3
brings	3
bringing	3
bride	3
breakfast	3
boarding	3
blessings	3
black	3
bitterly	3
bills	3
bill	3
besides	3
behold	3
behind	3
bare	3
band	3
awaited	3
avail	3
attentive	3
attended	3
attendance	3
assurance	3
associated	3
assisting	3
arrive	3
arise	3
appreciate	3
appointed	3
applied	3
anxiously	3
anxiety	3
anxieties	3
animal	3
angel	3
amusement	3
alter	3
alpine	3
aloud	3
allusion	3
alluded	3
allowed	3
alike	3
afforded	3
affections	3
affected	3
advise	3
advantages	3
adding	3
added	3
across	3
acknowledged	3
accuse	3
accompanied	3
accident	3
abode	3
^	3
]"	3
]	3
*	3
''	3
%	3
•	2
zeal	2
yourselves	2
youngsters	2
you'll	2
yielding	2
yard	2
writing	2
wreath	2
wrap	2
worshippers	2
worried	2
worm	2
working	2
wore	2
woe	2
wisdom	2
wing	2
wind	2
win	2
willingly	2
wide	2
wholesome	2
whip	2
wherever	2
wept	2
weight	2
weeping	2
weeds	2
wearisome	2
weariness	2
weak	2
wayward	2
waters	2
wast	2
washing	2
warning	2
wanting	2
wandered	2
w	2
voluntary	2
visible	2
vex	2
vessel	2
verdant	2
vent	2
variety	2
vanished	2
valued	2
valuable	2
valleys	2
vainly	2
urging	2
upstairs	2
upper	2
unwell	2
unwearied	2
unusually	2
untiring	2
untended	2
unnecessarily	2
unmindful	2
unmannerly	2
unkindness	2
unjust	2
unfinished	2
undertook	2
uncomplaining	2
uncommon	2
uncomfortable	2
unchanged	2
ultimately	2
twice	2
twenty-five	2
turns	2
trusting	2
troubled	2
tree	2
travellers	2
tradesmen	2
trace	2
touch	2
total	2
torn	2
topic	2
tone	2
toiled	2
tidings	2
throw	2
threaten	2
thoroughly	2
thither	2
thine	2
thin	2
testimony	2
terror	2
termination	2
terminate	2
tenderest	2
temporary	2
tempered	2
teased	2
tease	2
teams	2
te	2
taught	2
tastefully	2
tasted	2
tantalised	2
talent	2
tables	2
symmetry	2
sweetness	2
sweeter	2
suspicious	2
suspense	2
surpassing	2
supper	2
superstition	2
superior	2
sunset	2
summons	2
sullen	2
suited	2
suggested	2
suffused	2
sufferer	2
subjected	2
stupid	2
studied	2
strove	2
stretched	2
stream	2
strawberries	2
stored	2
stopped	2
stop	2
stoop	2
sting	2
stern	2
steadily	2
station	2
stare	2
standard	2
stalked	2
stains	2
staid	2
sport	2
speech	2
speculation	2
special	2
speaks	2
soweth	2
sound	2
sorrows	2
sorrowing	2
solicitude	2
sojourn	2
softly	2
softened	2
sober	2
snowy	2
snow	2
smallest	2
smaller	2
slumbering	2
skilful	2
skies	2
sketches	2
situation	2
sins	2
sinner	2
singing	2
sing	2
similar	2
silver	2
signs	2
significant	2
sighing	2
shut	2
shrubs	2
shortly	2
shorter	2
shores	2
shoes	2
shocked	2
shock	2
shepherd	2
sheltered	2
shawl	2
september	2
separation	2
sensible	2
seminary	2
selected	2
select	2
seal	2
scornfully	2
scorn	2
schoolhouse	2
scholar	2
satins	2
sarcastically	2
sale	2
sacrificed	2
run	2
roused	2
rough	2
roots	2
rising	2
ripening	2
ringlets	2
richly	2
richest	2
ribbons	2
revelations	2
retreated	2
retain	2
results	2
restraint	2
responsibilities	2
resources	2
resistance	2
reserved	2
required	2
requesting	2
reproduce	2
reproaching	2
repress	2
repose	2
repent	2
renewing	2
renew	2
reminiscences	2
reminded	2
remarkably	2
remaining	2
relieving	2
relieved	2
reliance	2
relatives	2
regularly	2
reeling	2
red	2
recover	2
recollections	2
recognise	2
recklessness	2
reckless	2
recent	2
receiving	2
rebelled	2
reached	2
re	2
rarely	2
rapid	2
raised	2
raise	2
rain	2
race	2
ra	2
quantity	2
pursuits	2
public-house	2
prudent	2
prostrated	2
prospect	2
proportion	2
prophet	2
promotion	2
profess	2
productive	2
procure	2
probably	2
prevails	2
prevail	2
pretty	2
pressed	2
presents	2
preachers	2
practice	2
portion	2
population	2
poorly	2
poorest	2
poison	2
points	2
pointed	2
pocket	2
plums	2
pledged	2
pleasantly	2
plead	2
plastered	2
plaster	2
planting	2
placing	2
places	2
pilgrimage	2
piety	2
pieces	2
piece	2
physician	2
petted	2
petitions	2
perverse	2
persuade	2
persons	2
permanent	2
perish	2
performed	2
performance	2
perfection	2
per	2
peacefully	2
pausing	2
paths	2
partly	2
particulars	2
parlours	2
painting	2
painted	2
painful	2
owned	2
overheard	2
overbearing	2
outset	2
outer	2
opinions	2
operation	2
opening	2
older	2
offers	2
offering	2
offended	2
occupy	2
occasions	2
observing	2
observed	2
obliged	2
obeyed	2
oaks	2
notion	2
noticing	2
noticed	2
noon	2
nonsense	2
nobody	2
nicely	2
nice	2
nevertheless	2
nephew	2
neck	2
necessarily	2
neatness	2
nearly	2
n	2
mysterious	2
mute	2
muses	2
murmured	2
multitudes	2
move	2
mourned	2
mountains	2
mortgage	2
month	2
mocked	2
mo	2
mistaken	2
missed	2
mislaid	2
misfortunes	2
miseries	2
mingled	2
millions	2
mighty	2
midnight	2
method	2
merit	2
mere	2
mental	2
member	2
melons	2
measures	2
matters	2
mason	2
marshal	2
managed	2
malignant	2
malicious	2
maintain	2
mainly	2
mailed	2
luxuries	2
lowly	2
lovingly	2
loud	2
losses	2
longing	2
loneliness	2
loaded	2
load	2
livid	2
lip	2
link	2
lingering	2
lines	2
line	2
lightly	2
lies	2
liberal	2
lest	2
laugh	2
latter	2
latest	2
lassitude	2
largest	2
lamented	2
ladies	2
laden	2
kingdom	2
keeps	2
justice	2
joys	2
journeys	2
join	2
jewellery	2
j	2
italian	2
irs	2
irritation	2
irritating	2
irksome	2
irish	2
involved	2
inventory	2
intrust	2
introduced	2
intoxicated	2
intercourse	2
intended	2
insulting	2
instructions	2
institution	2
instil	2
instantly	2
inspired	2
insisted	2
insects	2
innocent	2
ingratitude	2
infringement	2
informing	2
inform	2
infested	2
industry	2
indolence	2
individual	2
indispensable	2
indications	2
indescribable	2
indebted	2
increasing	2
incidents	2
incessant	2
inaccessible	2
impulses	2
impulse	2
impress	2
implore	2
impertinent	2
images	2
image	2
idly	2
ia	2
hut	2
hungry	2
humph	2
humbly	2
hopelessness	2
honour	2
homeward	2
homes	2
homely	2
hoarsely	2
ho	2
history	2
hide	2
hid	2
hesitated	2
heroic	2
helpless	2
helper	2
hedge	2
heavily	2
heartily	2
hearth	2
haven	2
hateful	2
hasten	2
harmony	2
hardly	2
handling	2
handed	2
hall	2
habit	2
ha	2
guests	2
guest	2
guessed	2
guess	2
grown	2
growing	2
graceless	2
government	2
goodness	2
glow	2
glory	2
gloomy	2
gloom	2
gleam	2
glass	2
gifted	2
gazing	2
garments	2
gaming	2
g	2
fury	2
fuel	2
ft	2
french	2
foundations	2
foundation	2
forth	2
formal	2
forgot	2
forests	2
forced	2
foolish	2
folks	2
foi	2
flattered	2
finger	2
finding	2
fiercely	2
feebleness	2
fears	2
favoured	2
faultless	2
fatiguing	2
fastidious	2
fashionable	2
farmers	2
families	2
f	2
exquisite	2
expressions	2
expressing	2
experienced	2
expense	2
expenditure	2
expectations	2
existence	2
existed	2
exile	2
exhausted	2
exertion	2
exerted	2
exert	2
exercise	2
excursions	2
excellent	2
excellence	2
exceedingly	2
examine	2
examination	2
exalted	2
evergreens	2
eternity	2
estimation	2
estate	2
essential	2
ere	2
eraeline	2
equally	2
entreaties	2
entertained	2
entertain	2
energy	2
ended	2
employment	2
emotions	2
eminently	2
embarrassed	2
elect	2
elder	2
efficient	2
economy	2
eastern	2
ease	2
earnestly	2
earliest	2
eagerness	2
dust	2
drove	2
drive	2
dreamy	2
dreaded	2
drawn	2
drawings	2
doubts	2
doubting	2
distinguished	2
distinction	2
dissatisfaction	2
display	2
dispatched	2
dismiss	2
dismay	2
dishes	2
disheartened	2
dish	2
disgrace	2
discovery	2
discouragements	2
discouraged	2
directly	2
direct	2
dingy	2
dimly	2
differently	2
dies	2
dews	2
devotion	2
devoting	2
determination	2
detained	2
destroy	2
destined	2
desirous	2
desired	2
deserted	2
descried	2
dependence	2
dejected	2
definite	2
deeply	2
deeper	2
deem	2
deed	2
declared	2
declare	2
decide	2
dealt	2
dealing	2
deal	2
de	2
dare	2
danger	2
d	2
curiosity	2
cups	2
cultivation	2
cultivate	2
cry	2
crushed	2
crown	2
crowded	2
cries	2
cried	2
creations	2
covered	2
couple	2
counterfeit	2
count	2
counsels	2
counsel	2
couch	2
cotton	2
cot	2
corner	2
conviction	2
conveyance	2
convey	2
conversion	2
conversations	2
contrast	2
contrary	2
continues	2
contented	2
contending	2
contend	2
consulting	2
consulted	2
consult	2
consternation	2
consisting	2
connected	2
congenial	2
conflicting	2
confining	2
confine	2
confiding	2
confident	2
concern	2
compulsion	2
composed	2
complained	2
comparatively	2
companions	2
communications	2
command	2
comfortless	2
com	2
colours	2
coloured	2
colour	2
collars	2
coarse	2
coach	2
cloud	2
clothe	2
closer	2
cling	2
clearer	2
clean	2
claimed	2
citizens	2
cities	2
cistern	2
circles	2
chooses	2
choose	2
china	2
check	2
cheap	2
charm	2
charles	2
charge	2
cent	2
causes	2
caused	2
cattle	2
carrying	2
carpenter	2
caressed	2
carelessly	2
capricious	2
cannot	2
calico	2
calculated	2
cakes	2
butter	2
burdens	2
build	2
bud	2
brown	2
brothers	2
broke	2
breathed	2
breathe	2
breaks	2
breaking	2
break	2
bread	2
bowed	2
bouquets	2
bounds	2
boston	2
bosom	2
boast	2
boards	2
blossom	2
blind	2
blended	2
blame	2
bit	2
birth	2
bind	2
bidding	2
beyond	2
bethought	2
besought	2
bereavement	2
below	2
belonged	2
begin	2
bedside	2
becomes	2
bath	2
base	2
bark	2
babies	2
awaiting	2
avoided	2
autumn	2
aunties	2
auburn	2
attracted	2
attract	2
attachment	2
ate	2
assured	2
assume	2
assigned	2
assembled	2
ashes	2
ascended	2
article	2
arm	2
aristocratic	2
appropriate	2
approaching	2
apprised	2
appears	2
apostle	2
anybody	2
antidote	2
anticipated	2
anticipate	2
answers	2
annoyance	2
annoy	2
announcing	2
announced	2
alternate	2
allowing	2
alarm	2
airy	2
agreed	2
agent	2
afford	2
afflicting	2
afflicted	2
affair	2
afar	2
advised	2
advance	2
adorned	2
admired	2
adjacent	2
adieu	2
add	2
act	2
acquire	2
ached	2
accuses	2
accordingly	2
accepted	2
accept	2
academy	2
absolute	2
abilities	2
\	2
..	2
-*-'-*-	2
-'-'-'-	2
),	2
'.	2
'-	2
'"	2
»	1
®ljt	1
«	1
¥'	1
|arabic4digit|	1
|amilt0n	1
|0ttst	1
|0kn&	1
zion	1
yvished	1
youthful	1
yourn	1
younger	1
yon	1
yesterday	1
yearly	1
yea	1
yawning	1
xxxhl	1
wrought	1
wronging	1
wretchedness	1
wretchedly	1
wretch	1
wreak	1
wrath	1
wrapped	1
woven	1
worthless	1
worthier	1
worth	1
worry	1
worlds	1
workmen	1
wonted	1
wonders	1
wonderingly	1
womanly	1
witnessing	1
witnessed	1
witness	1
withdraw	1
withal	1
wisest	1
wipe	1
winning	1
winged	1
winfry	1
winds	1
winding	1
wilt	1
wills	1
willingness	1
wilderness	1
widened	1
wickedness	1
wicked	1
wholly	1
whitewashing	1
whiteness	1
whispered	1
whisper	1
whiplash	1
whici	1
wherefore	1
whence	1
whatsoever	1
wetit	1
wended	1
wen	1
welfare	1
welcomes	1
web	1
wears	1
wearily	1
wearied	1
wealthy	1
waywardness	1
waves	1
waut	1
wau	1
watercolours	1
watchings	1
watchful	1
watcher	1
waste	1
wass	1
washed	1
wash	1
was.too	1
warn	1
warmth	1
warmly	1
warmhearted	1
ware	1
warbled	1
wantonly	1
wan	1
walks	1
waking	1
waive	1
wail	1
wagons	1
wagoner	1
wages	1
vt	1
vrork	1
voyager	1
voyage	1
votaries	1
voluntarily	1
volume	1
voices	1
vocabulary	1
vividness	1
visits	1
visitor	1
vision	1
virtuous	1
virtue	1
vious	1
violently	1
violent	1
vineyard	1
vine	1
vile	1
victory	1
vicious	1
vice	1
vexed	1
vexations	1
venturing	1
venting	1
varying	1
varieties	1
varied	1
variation	1
vampire	1
valley	1
vale	1
vailed	1
vail	1
vague	1
vagrant	1
vacation	1
useless	1
usages	1
urges	1
unworthy	1
unworthiness	1
unwonted	1
unwittingly	1
unwillingness	1
unvisited	1
unutterable	1
untsytrtt&	1
untried	1
untrained	1
untidy	1
unstrengthened	1
unsettled	1
unscrupulously	1
unscrupulous	1
unsafe	1
unrivalled	1
unrestrained	1
unrenewed	1
unproductive	1
unprincipled	1
unprepared	1
unnatural	1
unmitigated	1
unlovely	1
unlooked-for	1
unlike	1
unlearn	1
uninclosed	1
unimpressed	1
unharmed	1
unharassed	1
unhappiness	1
ungratified	1
ungracious	1
ungodly	1
unfrequented	1
unfortunate	1
unfortified	1
unfolds	1
unfolding	1
unfolded	1
unfavourable	1
unfaithfulness	1
unfailing	1
unearthly	1
unduly	1
undressed	1
undoubting	1
undeserved	1
undertaking	1
undertakes	1
understood	1
underlying	1
undeceived	1
undeceive	1
und	1
uncurtained	1
unconsciousness	1
unconsciously	1
uncongenial	1
uncomforted	1
uncertainty	1
uncertainties	1
uncarpeted	1
unburdened	1
unbroken	1
unblushing	1
unbelief	1
unattractive	1
unaccustomed	1
unaccommodating	1
un	1
uj>	1
tyre	1
tyrannising	1
typhus	1
twining	1
twilight	1
twenty-four	1
tvuring	1
tvd	1
turning	1
tuned	1
tumult	1
tumblers	1
tumbled	1
tuesday	1
tubers	1
tto	1
ts	1
trusty	1
trustfulness	1
trusted	1
trunk	1
truly	1
tripped	1
trip	1
trifle	1
tremble	1
treats	1
treating	1
treasure	1
tread	1
travel	1
transporting	1
transportation	1
transpire	1
transmit	1
transformed	1
trample	1
tramping	1
trait	1
training	1
train	1
tragic	1
tracts	1
traced	1
tpour	1
touchingly	1
touching	1
torture	1
torment	1
topics	1
tongue	1
toned	1
tolerate	1
tolerable	1
tokens	1
toils	1
tnt	1
tnn	1
tle	1
tj^rom	1
tj^or	1
tissues	1
timidly	1
tilings	1
tigress	1
tidy	1
tide	1
ti/trs	1
thyself	1
throng	1
thriving	1
thrills	1
thrilling	1
threshold	1
threats	1
threatening	1
threat	1
threaded	1
thoroughfares	1
thoa	1
thirty	1
thinks	1
thinga	1
thickly	1
thick	1
therefore	1
theological	1
theme	1
theirs	1
thein	1
that.kate	1
thas	1
thanksgiving	1
thanking	1
th	1
tfcis	1
tf	1
text	1
testify	1
test	1
terrified	1
terrestrial	1
terms	1
tenements	1
tened	1
tenderer	1
tendency	1
tendei	1
tended	1
tempted	1
tempers	1
telligenee	1
teethe	1
teeming	1
tedious	1
tearful	1
tear	1
teapots	1
teamster	1
teachings	1
teachers	1
td	1
taverns	1
tavern	1
tastes	1
taskmasters	1
talks	1
talked	1
tale	1
tained	1
tain	1
taciturn	1
tablecloth	1
systematic	1
symptoms	1
sympathised	1
sympathies	1
symbol	1
switzerland	1
swine	1
swift	1
swerved	1
swept	1
sweetest	1
swear	1
swarthy	1
swarms	1
swam	1
suspicion	1
suspecting	1
suspect	1
survivors	1
survived	1
survey	1
surrounding	1
surrounded	1
surly	1
supreme	1
supervision	1
superstitious	1
superiority	1
superintend	1
sunder	1
sums	1
sumptuously	1
sumptuous	1
summoned	1
summits	1
sullenness	1
suggestions	1
suggesting	1
suggest	1
sugar	1
sufficed	1
successor	1
successive	1
succession	1
succeeding	1
succeed	1
subsisted	1
subsided	1
subsequent	1
submits	1
subjoin	1
subdued	1
subdue	1
styled	1
stupified	1
struggling	1
stronger	1
striving	1
strip	1
striking	1
strengthened	1
streets	1
streams	1
streamed	1
strangest	1
strangely	1
stouter	1
stores	1
storeroom	1
store	1
stopping	1
stones	1
stocks	1
stimulate	1
stifling	1
stifijfentss	1
stiff	1
sternness	1
stepped	1
steep	1
steamboats	1
stealthily	1
staying	1
stayed	1
statuary	1
statement	1
stately	1
starting	1
starching	1
stands	1
stamp	1
stalks	1
stain	1
staff	1
st	1
squalor	1
spurned	1
sprinkled	1
spreading	1
sprang	1
spots	1
spotless	1
spontaneously	1
spoiling	1
splendour	1
splendid	1
spirituous	1
spirits	1
spiritedness	1
spire	1
spill	1
spikes	1
spends	1
spending	1
speedily	1
speed	1
sped	1
sparrow	1
sparkling	1
sparkled	1
sparkle	1
spark	1
spake	1
sowing	1
sow	1
sovereign	1
southern	1
sources	1
sounded	1
sorely	1
soothed	1
sons	1
songs	1
somebody	1
solitudes	1
solicit	1
solemnity	1
soldierlike	1
soil	1
softening	1
soften	1
softe.i	1
soft	1
sofas	1
sofa	1
social	1
sobs	1
soaked	1
sneered	1
snapping	1
smitten	1
smiling	1
smiled	1
slumbers	1
slumbered	1
slovenly	1
sloughs	1
slough	1
sleepy	1
sleeper	1
slatternly	1
slain	1
sky	1
sketch	1
sixty	1
situated	1
sits	1
sinners	1
sinless	1
sinking	1
sinister	1
sinfulness	1
sincerely	1
simplicity	1
simpleton	1
simpler	1
silly	1
siiw	1
signify	1
signet	1
signature	1
sights	1
sighs	1
sighed	1
siek	1
sideboard	1
sickroom	1
sickness	1
shuddering	1
shuddered	1
shrunk	1
shrines	1
showed	1
shouting	1
shouted	1
shoum	1
shorten	1
shops	1
shining	1
shines	1
shine	1
shildren	1
shield	1
sheltering	1
shelter	1
shells	1
shell	1
sheet	1
sheds	1
shameful	1
shalt	1
shaken	1
shadows	1
shaded	1
shade	1
shabby	1
sex	1
severity	1
settling	1
settlers	1
served	1
seriously	1
serenity	1
serene	1
sequestered	1
separates	1
sentiment	1
sentences	1
sentence	1
sensibilities	1
senseless	1
selwyn	1
sell	1
selfishness	1
selecting	1
seized	1
seeth	1
seeks	1
securing	1
securely	1
section	1
secrets	1
secondly	1
secondary	1
seclusion	1
seats	1
searched	1
sculptured	1
scriptures	1
scouring	1
scores	1
score	1
scold	1
scoffing	1
schools	1
schoolroom	1
scepticism	1
sceptical	1
scenery	1
scattering	1
scattered	1
scatter	1
scarfs	1
scared	1
scanty	1
scan	1
sauntered	1
saucers	1
saturday	1
sang	1
sanctuary	1
sanctified	1
salutary	1
sagacity	1
safest	1
safely	1
sadth	1
saddened	1
sacrificing	1
sacrifices	1
sabbaths	1
sab	1
ruins	1
ruined	1
rugged	1
rtihe	1
rrihe	1
rpime	1
routes	1
roundness	1
rosy	1
roses	1
romping	1
romped	1
roguish	1
rod	1
rock	1
roams	1
roam	1
roads	1
road	1
rjlhus	1
rivers	1
rites	1
ripen	1
ripe	1
rights	1
rightly	1
ridiculous	1
ridiculing	1
ridiculed	1
ridicule	1
richer	1
rhine	1
rewarding	1
rewarded	1
revolving	1
reviving	1
revived	1
reviewed	1
reverse	1
reveals	1
revealed	1
reveal	1
reunion	1
returns	1
retreat	1
retaining	1
restored	1
restless	1
restive	1
responsibility	1
responding	1
resplendent	1
respectfully	1
respectability	1
resource	1
resounded	1
resorted	1
resolutions	1
resolutely	1
resolute	1
resin	1
resigns	1
resemble	1
requiring	1
requires	1
require	1
reputed	1
repulsive	1
reproof	1
reproached	1
represented	1
reposing	1
reposed	1
repining	1
repined	1
repenting	1
repenteth	1
repented	1
repentance	1
repeatedly	1
repeat	1
repaired	1
repair	1
renowned	1
renovation	1
renounced	1
renews	1
renewed	1
rendering	1
rend	1
remove	1
removal	1
remonstrances	1
reminds	1
remembers	1
remembering	1
remedy	1
remarking	1
remains	1
remainder	1
relumed	1
reluctant	1
reluctance	1
relton	1
relinquished	1
relinquish	1
relief	1
rejoined	1
rejoicing	1
rejoiced	1
rejoice	1
rein	1
regularity	1
regretting'that	1
region	1
regarding	1
regain	1
regai'd	1
refusing	1
refusal	1
refreshment	1
refreshing	1
refreshed	1
reform	1
reflection	1
reducing	1
redoubled	1
redeemer	1
records	1
recommended	1
recommend	1
recollection	1
recollected	1
recognition	1
reckon	1
recently	1
receives	1
receipt	1
rebuke	1
reat	1
rearing	1
reared	1
reapeth	1
realised	1
readily	1
reaches	1
rays	1
ray	1
ravishing	1
ravings	1
rashly	1
rash	1
rapture	1
rains	1
railroads	1
rage	1
radically	1
radiant	1
qut	1
quixotic	1
quivered	1
querulousness	1
querulous	1
quently	1
quality	1
qualities	1
qualify	1
qualified	1
qualifications	1
qo	1
qftlittian	1
purty	1
pursuing	1
pursues	1
pursue	1
pursuaded	1
purses	1
purse	1
purified	1
purely	1
purchaser	1
purchase	1
pupil	1
pupation	1
pulsen	1
pulse	1
pulling	1
publicly	1
prudence	1
provocation	1
provisions	1
proving	1
province	1
provides	1
proves	1
protracted	1
protection	1
protect	1
prosperous	1
prospering	1
prospered	1
propriety	1
properly	1
propensity	1
proof	1
prone	1
promptitude	1
promenade	1
projecting	1
project	1
progresses	1
profusion	1
profound	1
profits	1
profitable	1
professional	1
profession	1
profanity	1
produced	1
prodigal	1
procured	1
processes	1
proceed	1
probable	1
prized	1
prize	1
privately	1
principal	1
prince	1
primary	1
primaeval	1
priestcraft	1
priest	1
prided	1
price	1
previously	1
preventing	1
prevent	1
prevailing	1
presumed	1
pressure	1
pressing	1
presided	1
preserved	1
preparatory	1
preoccupied	1
premises	1
prejudices	1
preeminence	1
precipice	1
precepts	1
precautions	1
preaching	1
preaches	1
pre	1
praised	1
prairies	1
practical	1
practicable	1
pr	1
pouting	1
pouring	1
pour	1
potent	1
postmark	1
post	1
possessor	1
possessing	1
possess	1
positive	1
portions	1
portals	1
poppy	1
pools	1
polished	1
poisoned	1
poetry	1
pockets	1
plump	1
ploughing	1
pledges	1
playing	1
playful	1
plate	1
plastering	1
plains	1
plagued	1
placid	1
pitchers	1
pious	1
pined	1
pilot	1
pillars	1
piled	1
pile	1
pierce	1
phnty	1
pharisee	1
petty	1
petition	1
pet	1
pervaded	1
perusal	1
pertinacious	1
persuasions	1
persuasion	1
persisted	1
persist	1
perseveringly	1
persecution	1
perplexity	1
pernicious	1
permanence	1
peril	1
perfumes	1
performing	1
perfectly'must	1
perfections	1
peremptory	1
perceiving	1
perceive	1
pencilled	1
peevish	1
peering	1
peeps	1
peep	1
pedestrian	1
peasant	1
pearls	1
payment	1
paying	1
pauses	1
passengers	1
passage	1
pas	1
parts	1
partition	1
particle	1
partially	1
partial	1
partaker	1
parian	1
parasol	1
papered	1
pantry	1
pantries	1
palpable	1
palm	1
pallor	1
pallid	1
pair	1
paintings	1
pail	1
pages	1
packages	1
pack	1
pacified	1
paces	1
pa	1
owner	1
owe	1
overwhelmed	1
overspread	1
overmatched	1
overflowing	1
overcome	1
oven	1
outwardly	1
outspread	1
outraged	1
outlandish	1
outhouses	1
outcry	1
outbreaks	1
ouisa	1
ou	1
ostentatious	1
ornaments	1
ornamenting	1
ornament	1
original	1
origin	1
organs	1
orders	1
orderly	1
opprobrious	1
oppressive	1
oppressed	1
opportunities	1
operations	1
opens	1
onward	1
one.who	1
omitted	1
omit	1
olive	1
oldest	1
old-fashioned	1
ol>	1
oitterly	1
oils	1
oil	1
offices	1
office	1
ocean	1
occurs	1
occurring	1
occurrence	1
occur	1
occupies	1
occask	1
obstinacy	1
obstacle	1
observe	1
observation	1
obscure	1
oblige	1
obligations	1
objects	1
objections	1
obdurate	1
oare	1
oaken	1
oak	1
o	1
nut	1
nurseries	1
numbers	1
numbered	1
noyance	1
nowhere	1
notions	1
notified	1
nother	1
notes	1
noisy	1
noises	1
nobly	1
nobk	1
nnremembered	1
nine	1
nients	1
newspapers	1
nevr	1
nestled	1
nervous	1
nerves	1
nerved	1
nephews	1
neighbouring	1
neglects	1
neglecting	1
neglectful	1
needy	1
nearing	1
nearest	1
natured	1
naturally	1
nation	1
narrative	1
napkin	1
nameless	1
named	1
nal	1
naked	1
nad	1
mysteries	1
myriads	1
muttering	1
muttered	1
mutilated	1
muscle	1
murmur	1
mt	1
msketh	1
moving	1
movements	1
movable	1
mouth	1
mourning	1
mourners	1
mourn	1
mouldy	1
motto	1
motives	1
motive	1
motioned	1
motion	1
motherly	1
mortification	1
mortal	1
morrison	1
morn	1
moreover	1
morel	1
moored	1
mood	1
monuments	1
monosyllables	1
monks	1
momentary	1
moist	1
modestly	1
mode	1
mocking	1
mock	1
moaning	1
mistress	1
mistake	1
missus	1
missionary	1
mission	1
missing	1
misjudged	1
misguided	1
misgivings	1
misgiving	1
misfortune	1
miserly	1
miserably	1
mischievous	1
miscalling	1
miscalculated	1
minor	1
ministry	1
minding	1
mindedness	1
millinery	1
mild	1
midsummer	1
mg	1
messenger	1
merry	1
merchants	1
mention	1
ment	1
menns	1
menial	1
members	1
mem	1
melody	1
mellowed	1
mellons	1
melancholy	1
meetings	1
meekness	1
meekly	1
meek	1
meditations	1
mechanically	1
measured	1
meanness	1
meanly	1
meandered	1
meagre	1
meadows	1
meaat	1
mc	1
mature	1
matilda	1
mathematics	1
maternal	1
matches	1
masters	1
marvel	1
marrying	1
marries	1
marred	1
marks	1
march	1
marble	1
mantle	1
mansion	1
mannner	1
manji	1
manifest	1
management	1
males	1
maker	1
majority	1
mail	1
maids	1
magnificent	1
madonas	1
maddened	1
mad	1
ma'am	1
ma	1
lying	1
luxurious	1
lunch	1
lumbering	1
lower	1
louder	1
losing	1
lore	1
loosely	1
loose	1
longs	1
lone	1
loitering	1
log	1
lodgings	1
locks	1
locked	1
lock	1
location	1
loaves	1
loathing	1
loath	1
loading	1
lo	1
lllntss	1
livingston	1
literature	1
literally	1
lit	1
listens	1
listeners	1
list	1
liquors	1
liom	1
lingers	1
linen	1
limits	1
limited	1
limit	1
lime	1
limb	1
likt	1
likes	1
lightning	1
lifted	1
lier	1
liberties	1
liberally	1
letain	1
leisurely	1
learns	1
leaked	1
leading	1
lawyer	1
lavished	1
laud	1
lau	1
lath	1
later	1
larger	1
lapse	1
lap	1
languishing	1
languidly	1
landscapes	1
lands	1
landlady	1
lamp	1
lamentation	1
lake	1
ladyship	1
ladylike	1
lad	1
laconic	1
lacked	1
labourers	1
laborious	1
kn°	1
knowost	1
knot	1
knoll	1
knelt	1
knees	1
kneeling	1
knee	1
kl^bokn	1
kindling	1
killiorn	1
killing	1
kill	1
kilbcrn	1
kijlborn	1
kichmond	1
khorassan	1
keenness	1
kedeemer	1
kc	1
kale	1
k	1
jut	1
justly	1
juster	1
judging	1
judgement	1
jt	1
joyfully	1
joke	1
jl	1
jiery	1
jfittlt	1
jewelled	1
jewel	1
jestingly	1
jested	1
jealous	1
jaunting	1
jarred	1
january	1
j.'fc	1
itprs	1
ito	1
itinerant	1
ita	1
it7hen	1
it1hree	1
isn't	1
ish	1
irritated	1
irritate	1
irreverence	1
irreligious	1
ir	1
ione	1
io	1
inwardly	1
involuntary	1
involuntarily	1
invocation	1
inviting	1
invest	1
invariably	1
invalid	1
invade	1
intuitively	1
inttrtst	1
intruding	1
intruded	1
intrinsically	1
intoxication	1
intolerable	1
intimidating	1
intimidate	1
intimation	1
intimately	1
interrupted	1
interrupt	1
interpreting	1
interpreter	1
interpreted	1
interchanged	1
intercessor	1
intensity	1
intemperance	1
insurmountable	1
insulted	1
instrument	1
instruct	1
instituted	1
instances	1
instance	1
installed	1
inspiring	1
insisting	1
insist	1
insinuate	1
inside	1
insanity	1
insane	1
inquiring	1
innumerable	1
injury	1
injured	1
injure	1
injunction	1
initials	1
inhabitants	1
ings	1
influenza	1
influencing	1
influenced	1
inflicting	1
inflict	1
inflexible	1
infirmities	1
infinite	1
infants	1
inexorable	1
inevitably	1
inevitable	1
indulgent	1
indulgence	1
inducing	1
indolent	1
indisposition	1
indignantly	1
indicating	1
indicates	1
indicate	1
indians	1
indian	1
india	1
indellibly	1
indellible	1
incumbent	1
inculcate	1
incoherently	1
incoherent	1
inability	1
improving	1
improved	1
impressions	1
impressed	1
imprecation	1
imploring	1
implied	1
impiety	1
impetuous	1
impetuosity	1
impersonation	1
impenitenct	1
impatiently	1
impatience	1
impassable	1
imparted	1
immediate	1
immeasurable	1
imaginative	1
im	1
ily	1
ilton	1
illustration	1
illustrating	1
ills	1
illntss	1
ill-used	1
iixtt	1
iine	1
ihave	1
ignore	1
ign	1
ift	1
ifitn	1
idols	1
idol	1
idlers	1
idleness	1
identified	1
ideal	1
ice	1
i've	1
i'm	1
i'd	1
hymns	1
hymn	1
husbands	1
hus	1
hurried	1
hunting	1
hung	1
hundredfold	1
humility	1
humiliating	1
humanly	1
hugged	1
huge	1
hue	1
huc	1
hu	1
housekeeper	1
hound	1
hotel	1
hosts	1
host	1
hospitable	1
horses	1
horrid	1
horizon	1
hord	1
hopo	1
hopelessly	1
hopefulness	1
hopefully	1
hoof	1
honoured	1
honourable	1
honey	1
honest	1
homeliest	1
holds	1
hoir	1
hoard	1
hnsanrtififir	1
hmilton	1
hitherto	1
historic	1
hired	1
hindered	1
hinder	1
hin	1
highly	1
high-spirited	1
hia	1
hi	1
hex	1
hest	1
hesitate	1
heroically	1
hero	1
heritor	1
herds	1
herbaceous	1
henceforth	1
hen	1
hem	1
helped	1
height	1
hei	1
heeded	1
heber	1
heaviness	1
heavier	1
heavenword	1
heathenism	1
hearty	1
heartlessness	1
heartbroken	1
hears	1
heaping	1
haunts	1
haunt	1
hats	1
hatred	1
hasty	1
hastens	1
haskall	1
harvest	1
hart	1
harshly	1
harsh	1
harrow	1
harps	1
harp	1
harmonised	1
harmonious	1
harmonies	1
harder	1
harass	1
haps	1
happens	1
hapless	1
handled	1
hallowed	1
haleful	1
hairs	1
haggard	1
habitual	1
h^d	1
h	1
guiding	1
guidance	1
guardianship	1
guardian	1
guarded	1
guard	1
growth	1
groves	1
group	1
groaning	1
grim	1
grieved	1
grieve	1
grey	1
greeting	1
greet	1
green	1
gree	1
gratify	1
gratifications	1
grass	1
grapes	1
grand	1
graduated	1
gowuness	1
gorgeous	1
golden	1
gods	1
gnawing	1
glows	1
glowed	1
glorious	1
glorified	1
glided	1
glens	1
gleams	1
glances	1
glanced	1
gladdens	1
gladdened	1
glacier	1
gifts	1
gift	1
giddy	1
gewgaws	1
gets	1
gently	1
genial	1
generosity	1
general	1
gems	1
gaudy	1
gather	1
gasping	1
garret	1
gardens	1
gar	1
gambling	1
gales	1
fuss	1
furthermore	1
furs	1
furnishes	1
fund	1
fun	1
fulfilled	1
ftlhe	1
fruitful	1
frugality	1
frowned	1
frown	1
frolic	1
fret	1
frequented	1
freedom	1
freed	1
fre	1
frankly	1
frames	1
frame	1
fragrant	1
fovcr	1
fourteen	1
fountain	1
foster	1
forwarded	1
forthwith	1
forsook	1
forms	1
forming	1
formed	1
formality	1
forgiveness	1
forgetful	1
forgete	1
forewarned	1
foreverl	1
forethought	1
forest	1
foresaw	1
forego	1
forebodings	1
forbid	1
food	1
fond	1
folded	1
fold	1
foaming	1
foamf	1
fo	1
fluency	1
fltto	1
flourishing	1
flock	1
flitting	1
flirtation	1
fled	1
flattering	1
flame	1
firm	1
finishing	1
finest	1
finery	1
finds	1
finally	1
finale	1
fihalt	1
fields	1
fiddlesticks	1
fhlfc	1
ff	1
fevered	1
fever	1
fetter	1
fervently	1
fellow	1
feebler	1
fed	1
feature	1
feats	1
feaied	1
favourable	1
fatigued	1
fate	1
fatal	1
faster	1
fashion	1
farmer	1
fan	1
familiarity	1
fam	1
false	1
falls	1
falling	1
fallen	1
fairer	1
failings	1
faded	1
facts	1
extraordinary	1
external	1
extent	1
expressive	1
explanation	1
explained	1
explain	1
expired	1
expensive	1
expended	1
expanded	1
exists	1
exhibited	1
exerting	1
exercises	1
exemplary	1
exclamation	1
excites	1
excitement	1
excite	1
exchanged	1
exception	1
exceed	1
exasperate	1
examples	1
exactly	1
evui	1
evory	1
everywhere	1
everybody	1
everlasting	1
eventually	1
etneline	1
estimate	1
established	1
essay	1
especial	1
ers	1
error	1
erring	1
errand	1
err	1
erne	1
erection	1
eradicate	1
equivalent	1
epithets	1
epicure	1
entreaty	1
entreated	1
entitle	1
entice	1
entertainment	1
enterprising	1
entangled	1
enraged	1
enliven	1
enlighten	1
enlarged	1
enjoyments	1
enjoining	1
enjoined	1
engraved	1
engagements	1
engagement	1
energies	1
energetic	1
enemies	1
enduring	1
endowment	1
endanger	1
encumbered	1
encroach	1
encouraging	1
encounter	1
enclosures	1
enclose	1
enabled	1
en	1
eminence	1
emergencies	1
emerged	1
emeliue	1
emelino	1
emelinc	1
eme	1
embrace	1
embassies	1
elsewhere	1
elite	1
eleven	1
elements	1
elegance	1
elasticity	1
eighteen	1
eggs	1
effectually	1
effected	1
efface	1
educate	1
edge	1
eden	1
economyto	1
echoed	1
echo	1
easiest	1
easel	1
earns	1
earned	1
eared	1
dwindled	1
dwelling	1
dwelled	1
dutiful	1
dusky	1
dullness	1
drying	1
dry	1
drunkard	1
dropped	1
drop	1
driving	1
driver	1
drifted	1
drear	1
dreamed	1
dreading	1
dreadful	1
drawer	1
dozens	1
dozen	1
downward	1
dower	1
dowdy	1
double	1
doth	1
dormant	1
doorway	1
doomed	1
docile	1
dlrecteth	1
dizzy	1
divested	1
divest	1
diverting	1
divert	1
disturbs	1
disturb	1
distrustful	1
distressing	1
distinctions	1
dissolution	1
dissipation	1
dissatisfied	1
disposal	1
displays	1
displaying	1
displayed	1
disliked	1
disgusting	1
disgraced	1
discussions	1
discussed	1
discuss	1
discretion	1
discoveries	1
discontinue	1
discontented	1
discipline	1
discharging	1
discarded	1
disappointment	1
disappointing	1
disappeared	1
disagreeable	1
disadvantage	1
dirty	1
diligence	1
dilapidated	1
difficulties	1
didn't	1
dictation	1
dictated	1
diabolical	1
df	1
dexterous	1
devotes	1
deviseth	1
developed	1
deterioration	1
detailed	1
destroying	1
destroyer	1
destiny	1
desponding	1
despondency	1
despite	1
despise	1
despair	1
desist	1
desiring	1
desirable	1
designs	1
deserves	1
deserve	1
desertand	1
description	1
descries	1
describing	1
descent	1
descend	1
dered	1
derances	1
depths	1
deprived	1
depressed	1
deportment	1
depend	1
depart	1
denying	1
denied	1
denial	1
den	1
demurring	1
demeanour	1
demand	1
deliver	1
delicious	1
delicately	1
delicacy	1
delicacies	1
deliberate	1
delaying	1
delayed	1
deigning	1
degrees	1
defy	1
definitely	1
defer	1
defence	1
defective	1
deems	1
deducted	1
declined	1
decks	1
deck	1
decidely	1
deceitful	1
debt	1
debasement	1
dearly	1
dearest	1
dearer	1
dealings	1
deaf	1
dawning	1
daunted	1
date	1
daring	1
dangerously	1
damped	1
dahlia	1
cutting	1
cutlery	1
cut	1
customs	1
curtains	1
curtail	1
curl	1
curious	1
cure	1
cup	1
cumbrous	1
cultivators	1
cultivated	1
crush	1
cruelly	1
crowds	1
crossing	1
crosses	1
crop	1
crisis	1
crib	1
creep	1
creditors	1
creator	1
creating	1
cream	1
cradle	1
cp	1
coveted	1
cover	1
courteous	1
coupled	1
countenances	1
corruption	1
corresponded	1
corduroy	1
cordially	1
cordial	1
coquette	1
copies	1
coolly	1
coolest	1
convulsed	1
convivial	1
convincing	1
convenient	1
convalescence	1
controversy	1
contrived	1
contrasted	1
contour	1
continu	1
contest	1
contention	1
content	1
contempt	1
contemplation	1
contemplating	1
containing	1
contact	1
consummated	1
consultation	1
constructed	1
constraint	1
constrained	1
constituted	1
constitute	1
consolations	1
consolation	1
consisted	1
considerate	1
considerably	1
considerable	1
consequently	1
consciousness	1
conquests	1
conquest	1
congratulating	1
confused	1
conflict	1
confirming	1
confirmed	1
confinement	1
confined	1
confide	1
confession	1
conferred	1
conduce	1
condescended	1
condemned	1
conciliate	1
concentrated	1
conceive	1
conceal	1
compliment	1
complete	1
complaints	1
compel	1
compassion	1
comparisons	1
companionship	1
communion	1
communication	1
communicating	1
communicated	1
commonplace	1
commodious	1
commissioned	1
commences	1
commence	1
comforted	1
comfortably	1
colouring	1
colloquy	1
collisions	1
collision	1
collar	1
coldly	1
coffin	1
coffers	1
coffee	1
coaxing	1
coat	1
coadjutors	1
clustering	1
cluster	1
cloth	1
closing	1
closets	1
closest	1
closely	1
clings	1
climbed	1
cliff	1
clew	1
clergyman	1
cleaned	1
clasped	1
clasp	1
clammy	1
cigar	1
christians	1
chosen	1
choke	1
choice	1
chips	1
childish	1
cheers	1
cheerlessness	1
cheering	1
cheeks	1
chastening	1
chastened	1
charity	1
charging	1
characters	1
characteristic	1
chapters	1
chapter	1
changeless	1
chambers	1
chain	1
certainty	1
ceremony	1
censure	1
celestial	1
ceased	1
cautiously	1
cautioned	1
caught	1
catechise	1
catch	1
cataract	1
catalogue	1
caste	1
casket	1
cashmere	1
carried	1
carpets	1
carpet	1
caresses	1
carcely	1
capital	1
capacity	1
cap	1
cancel	1
cam	1
callous	1
calculations	1
calculation	1
calculating	1
calculate	1
calamity	1
cages	1
c(rmlm	1
bygone	1
buy	1
buttoned	1
bustling	1
bustle	1
busied	1
bush	1
bury	1
burton	1
burnt	1
burns	1
burning	1
burn	1
buried	1
bureau	1
bunt	1
bulbous	1
built	1
brushed	1
bruised	1
browned	1
brooded	1
brokenhearted	1
brocades	1
broad	1
brink	1
brightness	1
brighten	1
briefly	1
brief	1
brides	1
brethren	1
breeze	1
breadth	1
breach	1
brandy	1
boys	1
bowls	1
bowers	1
bow	1
boundless	1
bounded	1
bought	1
borrowed	1
borders	1
border	1
bookcase	1
boo	1
bonnet	1
bond	1
bolted	1
bold	1
boisterous	1
body	1
boded	1
boardinghouse	1
boarded	1
blushes	1
blushed	1
blush	1
blunt	1
blunders	1
blown	1
blow	1
bloom	1
bliss	1
blighted	1
blight	1
blessedness	1
bless	1
bled	1
blazing	1
blamed	1
blade	1
blackened	1
bis	1
bird	1
bids	1
bid	1
bibles	1
bewildering	1
bewildered	1
bewilder	1
bewailing	1
betrayed	1
betray	1
bestow	1
bespoke	1
beset	1
beseeching	1
bers	1
bernard	1
bereft	1
bereaved	1
benevolence	1
beneficiaries	1
belonging	1
belie	1
behave	1
begone	1
begging	1
beggary	1
beg	1
befriend	1
beforehand	1
befallen	1
bee	1
bedsteads	1
bedrooms	1
beat	1
bears	1
bearers	1
bbt&hng	1
basis	1
barren	1
barely	1
bareges	1
bar	1
banks	1
bankrupt	1
bane	1
bands	1
bam	1
ball	1
bachelor	1
babes	1
b	1
awoke	1
awake	1
awaits	1
aw'j	1
avowal	1
aversion	1
availed	1
available	1
autumu	1
authority	1
aur.c	1
auditor	1
aud	1
auction	1
attributing	1
attributed	1
attracts	1
attractions	1
attending	1
attendant	1
attempts	1
attempted	1
attainments	1
attained	1
attain	1
atone	1
atmosphere	1
atlantic	1
astonishment	1
astonished	1
assuring	1
associate	1
assisted	1
assiduously	1
asserted	1
aspired	1
asleep	1
asks	1
ashy	1
arrogant	1
arrives	1
arrayed	1
array	1
arranging	1
arrange	1
aroused	1
armchair	1
aristocracy	1
arid	1
ari0tt	1
argument	1
ardour	1
ardent	1
archangels	1
arc	1
arbitrary	1
ar	1
aprons	1
april	1
appropriated	1
approaches	1
approach	1
apprehensions	1
apprehension	1
apprehend	1
appointment	1
application	1
apple	1
appetite	1
appearances	1
appealed	1
apparent	1
apartments	1
antecedents	1
annual	1
annoying	1
annoyed	1
announcement	1
announce	1
animation	1
animals	1
anil	1
anguish	1
anglo-saxon	1
anger	1
anew	1
ancient	1
anchor	1
amusing	1
amusements	1
amused	1
amuse	1
amounted	1
amiable	1
amiabilityt	1
amendment	1
ambitious	1
ambitions	1
amaze	1
alternative	1
alps	1
alow	1
ally	1
allay	1
alighted	1
algebra	1
alacrity	1
al^nterest	1
ain't	1
aims	1
aim	1
ailjust	1
ah	1
agonised	1
aggravate	1
aged	1
agafn	1
afterward	1
afterthought	1
affrighted	1
affording	1
afflict	1
aee	1
advising	1
advisable	1
advice	1
adverse	1
advancing	1
adornment	1
adorn	1
adore	1
adoration	1
adopted	1
admonition	1
admonished	1
admitted	1
admit	1
admiring	1
adjust	1
adjoining	1
adieus	1
adept	1
address	1
additions	1
addition	1
addeth	1
adamant	1
actually	1
acts	1
activity	1
active	1
actions	1
acting	1
acquiesced	1
acquaintances	1
acknowledges	1
acknowledge	1
aching	1
aches	1
ach	1
accusing	1
accusers	1
accusations	1
accuracy	1
accumulated	1
accounted	1
according	1
accordance	1
accomplishing	1
accompanying	1
accommodations	1
accommodation	1
accommodate	1
accessible	1
accepts	1
acceptance	1
acceptable	1
abyss	1
abuses	1
abundantly	1
abundance	1
absorbing	1
absolutely	1
absenting	1
abounded	1
abhor	1
abandon	1
ab	1
aa	1
^sre	1
^ome	1
\/trs	1
[	1
?''	1
?'	1
<ftngapnunt	1
<c0nsnltsti0tt	1
<8nfiti&	1
8r0ruling	1
11/taeion	1
.»	1
..:	1
..$"*	1
.-	1
-^	1
--	1
-*^	1
-*-*-	1
-*-'	1
-'-.*-	1
-'-*-	1
-'	1
*.	1
*-*	1
**	1
*&	1
*!4	1
('	1
';	1
':	1
''."'	1
''-	1
'%	1
&	1
%tr	1
$tliginns	1
$rrsnpmtnts	1
",	1
"'	1
!.-:	1
!''	1
!'"	1
!'	1
	1
